NCT_ID,Disease_Intent_Group,Human_Frozen_Adult_Scope,Study_Type,Allocation,Intervention_Model,Randomized,Comparative,Industry_Role,Device_Study,Intervention_Types,Country_Scope,Country_Count,US_Center,Registration_Timing,Overall_Status,Enrollment_Count,Withdrawn_Zero_Enrollment,Completed,Study_First_Post_Date,Study_First_Post_Year,Period,Study_Start_Date,Study_First_Submit_Date,Std_Ages,Adult_Relevant_Registry,Has_Results
NCT00596752,VLU_ACTIVE_TREATMENT,UNKNOWN,INTERVENTIONAL,RANDOMIZED,PARALLEL,YES,YES,INDUSTRY_LEAD,NO,DRUG|OTHER,MULTICOUNTRY,6,NO,RETROSPECTIVE,COMPLETED,840,NO,YES,2008-01-17,2008,2008-2016,2004-03,2007-12-21,ADULT|OLDER_ADULT,YES,YES
NCT00607646,VLU_ACTIVE_TREATMENT,UNKNOWN,INTERVENTIONAL,RANDOMIZED,CROSSOVER,YES,YES,NO_RECORDED_INDUSTRY_ROLE,NO,DRUG,SINGLE_COUNTRY,1,YES,PROSPECTIVE_OR_SAME_DAY,COMPLETED,50,NO,YES,2008-02-06,2008,2008-2016,2010-10,2008-01-16,ADULT,YES,NO
NCT00613808,VLU_ACTIVE_TREATMENT,UNKNOWN,INTERVENTIONAL,RANDOMIZED,PARALLEL,YES,YES,INDUSTRY_LEAD,NO,DRUG,SINGLE_COUNTRY,1,YES,PROSPECTIVE_OR_SAME_DAY,TERMINATED,6,NO,NO,2008-02-13,2008,2008-2016,2008-02,2008-01-30,ADULT|OLDER_ADULT,YES,NO
NCT00617825,VLU_ACTIVE_TREATMENT,ADULT_ONLY_OR_RELEVANT,INTERVENTIONAL,RANDOMIZED,PARALLEL,YES,YES,NO_RECORDED_INDUSTRY_ROLE,NO,OTHER,SINGLE_COUNTRY,1,YES,RETROSPECTIVE,COMPLETED,60,NO,YES,2008-02-18,2008,2008-2016,2007-09,2008-02-06,ADULT|OLDER_ADULT,YES,NO
NCT00623948,PI_PREVENTION,UNKNOWN,INTERVENTIONAL,RANDOMIZED,CROSSOVER,YES,YES,NO_RECORDED_INDUSTRY_ROLE,YES,DEVICE,SINGLE_COUNTRY,1,YES,PROSPECTIVE_OR_SAME_DAY,WITHDRAWN,0,YES,NO,2008-02-26,2008,2008-2016,2012-09,2008-02-11,ADULT|OLDER_ADULT,YES,NO
NCT00624806,PI_PREVENTION,UNKNOWN,INTERVENTIONAL,RANDOMIZED,PARALLEL,YES,YES,NO_RECORDED_INDUSTRY_ROLE,NO,BEHAVIORAL,SINGLE_COUNTRY,1,YES,RETROSPECTIVE,COMPLETED,18,NO,YES,2008-02-27,2008,2008-2016,2008-02,2008-02-14,CHILD|ADULT|OLDER_ADULT,YES,YES
NCT00627094,VLU_ACTIVE_TREATMENT,ADULT_ONLY_OR_RELEVANT,INTERVENTIONAL,RANDOMIZED,PARALLEL,YES,YES,INDUSTRY_LEAD,YES,DEVICE,MULTICOUNTRY,4,NO,PROSPECTIVE_OR_SAME_DAY,COMPLETED,120,NO,YES,2008-02-29,2008,2008-2016,2008-03,2008-02-20,ADULT|OLDER_ADULT,YES,YES
NCT00627107,PI_TREATMENT,UNKNOWN,INTERVENTIONAL,NA,SINGLE_GROUP,NO,NO,INDUSTRY_LEAD,YES,DEVICE,SINGLE_COUNTRY,1,NO,RETROSPECTIVE,COMPLETED,6,NO,YES,2008-02-29,2008,2008-2016,2008-02,2008-02-21,ADULT,YES,NO
NCT00628004,VLU_ACTIVE_TREATMENT,UNKNOWN,INTERVENTIONAL,NON_RANDOMIZED,SINGLE_GROUP,NO,NO,INDUSTRY_LEAD,YES,DEVICE,MULTICOUNTRY,3,NO,PROSPECTIVE_OR_SAME_DAY,COMPLETED,93,NO,YES,2008-03-04,2008,2008-2016,2008-05,2008-02-20,ADULT|OLDER_ADULT,YES,NO
NCT00628602,PI_TREATMENT,UNKNOWN,INTERVENTIONAL,RANDOMIZED,PARALLEL,YES,YES,NO_RECORDED_INDUSTRY_ROLE,YES,DEVICE,SINGLE_COUNTRY,1,YES,RETROSPECTIVE,COMPLETED,3,NO,YES,2008-03-05,2008,2008-2016,2007-11,2008-02-25,ADULT|OLDER_ADULT,YES,NO
NCT00629642,PI_TREATMENT,UNKNOWN,INTERVENTIONAL,RANDOMIZED,PARALLEL,YES,YES,INDUSTRY_LEAD,NO,DRUG,MULTICOUNTRY,11,NO,PROSPECTIVE_OR_SAME_DAY,COMPLETED,249,NO,YES,2008-03-06,2008,2008-2016,2008-03-14,2008-02-26,ADULT|OLDER_ADULT,YES,NO
NCT00646958,PI_TREATMENT,ADULT_ONLY_OR_RELEVANT,INTERVENTIONAL,RANDOMIZED,PARALLEL,YES,YES,INDUSTRY_LEAD,NO,DRUG,SINGLE_COUNTRY,1,YES,RETROSPECTIVE,COMPLETED,150,NO,YES,2008-03-31,2008,2008-2016,2007-12,2008-03-26,ADULT|OLDER_ADULT,YES,YES
NCT00648674,VLU_ACTIVE_TREATMENT,UNKNOWN,INTERVENTIONAL,NA,SINGLE_GROUP,NO,NO,INDUSTRY_LEAD,YES,DEVICE,UNKNOWN,0,UNKNOWN,PROSPECTIVE_OR_SAME_DAY,WITHDRAWN,0,YES,NO,2008-04-01,2008,2008-2016,2008-07,2008-03-28,ADULT|OLDER_ADULT,YES,NO
NCT00656383,VLU_ACTIVE_TREATMENT,ADULT_ONLY_OR_RELEVANT,INTERVENTIONAL,RANDOMIZED,PARALLEL,YES,YES,NO_RECORDED_INDUSTRY_ROLE,NO,OTHER,SINGLE_COUNTRY,1,NO,RETROSPECTIVE,COMPLETED,401,NO,YES,2008-04-11,2008,2008-2016,2000-10,2008-04-07,ADULT|OLDER_ADULT,YES,NO
NCT00660049,VLU_ACTIVE_TREATMENT,UNKNOWN,INTERVENTIONAL,NA,SINGLE_GROUP,NO,NO,INDUSTRY_COLLABORATOR,YES,DEVICE|OTHER,SINGLE_COUNTRY,1,YES,RETROSPECTIVE,COMPLETED,12,NO,YES,2008-04-17,2008,2008-2016,2008-03,2008-04-04,ADULT|OLDER_ADULT,YES,YES
NCT00660348,MIXED_WOUND_EXPLICIT_TARGET,UNKNOWN,INTERVENTIONAL,RANDOMIZED,PARALLEL,YES,YES,NO_RECORDED_INDUSTRY_ROLE,YES,DEVICE|DRUG,SINGLE_COUNTRY,1,YES,RETROSPECTIVE,TERMINATED,1,NO,NO,2008-04-17,2008,2008-2016,2008-03,2008-04-16,ADULT|OLDER_ADULT,YES,YES
NCT00663091,VLU_ACTIVE_TREATMENT,UNKNOWN,INTERVENTIONAL,RANDOMIZED,SINGLE_GROUP,YES,NO,NO_RECORDED_INDUSTRY_ROLE,NO,DRUG,SINGLE_COUNTRY,1,YES,RETROSPECTIVE,COMPLETED,64,NO,YES,2008-04-22,2008,2008-2016,2006-09,2008-04-18,ADULT|OLDER_ADULT,YES,NO
NCT00665535,PI_PREVENTION,UNKNOWN,INTERVENTIONAL,RANDOMIZED,PARALLEL,YES,YES,NO_RECORDED_INDUSTRY_ROLE,NO,PROCEDURE,MULTICOUNTRY,2,YES,RETROSPECTIVE,COMPLETED,967,NO,YES,2008-04-24,2008,2008-2016,2008-03,2008-04-22,OLDER_ADULT,YES,NO
NCT00671580,MIXED_WOUND_EXPLICIT_TARGET,ADULT_ONLY_OR_RELEVANT,INTERVENTIONAL,RANDOMIZED,PARALLEL,YES,YES,INDUSTRY_LEAD,NO,DRUG,SINGLE_COUNTRY,1,YES,PROSPECTIVE_OR_SAME_DAY,COMPLETED,99,NO,YES,2008-05-05,2008,2008-2016,2008-05,2008-05-01,ADULT|OLDER_ADULT,YES,NO
NCT00676260,VLU_ACTIVE_TREATMENT,UNKNOWN,INTERVENTIONAL,RANDOMIZED,PARALLEL,YES,YES,INDUSTRY_LEAD,NO,DRUG,SINGLE_COUNTRY,1,NO,RETROSPECTIVE,COMPLETED,29,NO,YES,2008-05-13,2008,2008-2016,2002-12,2008-05-09,ADULT|OLDER_ADULT,YES,NO
NCT00678847,VLU_ACTIVE_TREATMENT,UNKNOWN,INTERVENTIONAL,NON_RANDOMIZED,PARALLEL,NO,YES,INDUSTRY_LEAD,YES,DEVICE,SINGLE_COUNTRY,1,NO,RETROSPECTIVE,UNKNOWN,50,NO,NO,2008-05-16,2008,2008-2016,2008-03,2008-03-14,ADULT|OLDER_ADULT,YES,NO
NCT00691821,PI_TREATMENT,UNKNOWN,INTERVENTIONAL,RANDOMIZED,PARALLEL,YES,YES,NO_RECORDED_INDUSTRY_ROLE,YES,DEVICE|OTHER,SINGLE_COUNTRY,1,NO,PROSPECTIVE_OR_SAME_DAY,TERMINATED,184,NO,NO,2008-06-05,2008,2008-2016,2009-04,2008-05-27,ADULT|OLDER_ADULT,YES,NO
NCT00719810,MIXED_WOUND_EXPLICIT_TARGET,UNKNOWN,INTERVENTIONAL,RANDOMIZED,PARALLEL,YES,YES,INDUSTRY_LEAD,NO,DRUG,MULTICOUNTRY,2,YES,RETROSPECTIVE,COMPLETED,150,NO,YES,2008-07-22,2008,2008-2016,2008-06,2008-07-18,ADULT|OLDER_ADULT,YES,YES
NCT00720239,VLU_ACTIVE_TREATMENT,UNKNOWN,INTERVENTIONAL,RANDOMIZED,SINGLE_GROUP,YES,NO,NO_RECORDED_INDUSTRY_ROLE,NO,OTHER,SINGLE_COUNTRY,1,YES,RETROSPECTIVE,COMPLETED,50,NO,YES,2008-07-22,2008,2008-2016,2008-02,2008-02-07,ADULT|OLDER_ADULT,YES,NO
NCT00727701,VLU_RECURRENCE_PREVENTION,UNKNOWN,INTERVENTIONAL,RANDOMIZED,PARALLEL,YES,YES,NO_RECORDED_INDUSTRY_ROLE,NO,BEHAVIORAL,SINGLE_COUNTRY,1,YES,RETROSPECTIVE,TERMINATED,72,NO,NO,2008-08-04,2008,2008-2016,2008-07,2008-07-30,ADULT|OLDER_ADULT,YES,NO
NCT00759434,VLU_RECURRENCE_PREVENTION,UNKNOWN,INTERVENTIONAL,RANDOMIZED,PARALLEL,YES,YES,NO_RECORDED_INDUSTRY_ROLE,NO,PROCEDURE,SINGLE_COUNTRY,1,NO,RETROSPECTIVE,COMPLETED,280,NO,YES,2008-09-25,2008,2008-2016,2004-03,2008-09-23,ADULT|OLDER_ADULT,YES,NO
NCT00761839,MIXED_WOUND_EXPLICIT_TARGET,UNKNOWN,INTERVENTIONAL,RANDOMIZED,PARALLEL,YES,YES,NO_RECORDED_INDUSTRY_ROLE,NO,BEHAVIORAL,SINGLE_COUNTRY,1,YES,RETROSPECTIVE,WITHDRAWN,0,YES,NO,2008-09-30,2008,2008-2016,2008-07,2008-09-29,ADULT|OLDER_ADULT,YES,NO
NCT00762138,MIXED_WOUND_EXPLICIT_TARGET,UNKNOWN,INTERVENTIONAL,NA,SINGLE_GROUP,NO,NO,INDUSTRY_LEAD,YES,DEVICE,SINGLE_COUNTRY,1,YES,RETROSPECTIVE,TERMINATED,131,NO,NO,2008-09-30,2008,2008-2016,2008-09,2008-09-24,ADULT|OLDER_ADULT,YES,NO
NCT00762723,PI_TREATMENT,UNKNOWN,INTERVENTIONAL,RANDOMIZED,PARALLEL,YES,YES,INDUSTRY_LEAD,YES,DEVICE,SINGLE_COUNTRY,1,YES,RETROSPECTIVE,TERMINATED,19,NO,NO,2008-09-30,2008,2008-2016,2008-02,2008-09-26,CHILD|ADULT|OLDER_ADULT,YES,YES
NCT00762905,PI_TREATMENT,UNKNOWN,INTERVENTIONAL,RANDOMIZED,PARALLEL,YES,YES,INDUSTRY_LEAD,YES,DEVICE,SINGLE_COUNTRY,1,NO,RETROSPECTIVE,COMPLETED,460,NO,YES,2008-09-30,2008,2008-2016,2006-04,2008-09-26,ADULT|OLDER_ADULT,YES,NO
NCT00763282,PI_TREATMENT,UNKNOWN,INTERVENTIONAL,RANDOMIZED,PARALLEL,YES,YES,NO_RECORDED_INDUSTRY_ROLE,NO,BEHAVIORAL,SINGLE_COUNTRY,1,YES,PROSPECTIVE_OR_SAME_DAY,COMPLETED,144,NO,YES,2008-09-30,2008,2008-2016,2008-11,2008-09-26,ADULT|OLDER_ADULT,YES,YES
NCT00765544,PI_TREATMENT,UNKNOWN,INTERVENTIONAL,RANDOMIZED,PARALLEL,YES,YES,NO_RECORDED_INDUSTRY_ROLE,YES,DEVICE,SINGLE_COUNTRY,1,YES,RETROSPECTIVE,TERMINATED,10,NO,NO,2008-10-03,2008,2008-2016,2008-09,2008-10-02,ADULT|OLDER_ADULT,YES,NO
NCT00766272,PI_TREATMENT,UNKNOWN,INTERVENTIONAL,RANDOMIZED,PARALLEL,YES,YES,NO_RECORDED_INDUSTRY_ROLE,YES,DEVICE,SINGLE_COUNTRY,1,YES,RETROSPECTIVE,TERMINATED,20,NO,NO,2008-10-03,2008,2008-2016,2008-06,2008-10-02,ADULT|OLDER_ADULT,YES,NO
NCT00771238,PI_TREATMENT,UNKNOWN,INTERVENTIONAL,NON_RANDOMIZED,PARALLEL,NO,YES,INDUSTRY_LEAD,YES,DEVICE,SINGLE_COUNTRY,1,YES,PROSPECTIVE_OR_SAME_DAY,COMPLETED,52,NO,YES,2008-10-13,2008,2008-2016,2008-11,2008-10-10,ADULT|OLDER_ADULT,YES,YES
NCT00771368,PI_TREATMENT,UNKNOWN,INTERVENTIONAL,NA,SINGLE_GROUP,NO,NO,INDUSTRY_LEAD,NO,DRUG,SINGLE_COUNTRY,1,NO,PROSPECTIVE_OR_SAME_DAY,TERMINATED,20,NO,NO,2008-10-13,2008,2008-2016,2009-01,2008-10-10,ADULT|OLDER_ADULT,YES,NO
NCT00796042,PI_TREATMENT,ADULT_ONLY_OR_RELEVANT,INTERVENTIONAL,RANDOMIZED,PARALLEL,YES,YES,NO_RECORDED_INDUSTRY_ROLE,NO,OTHER,SINGLE_COUNTRY,1,NO,RETROSPECTIVE,COMPLETED,14,NO,YES,2008-11-24,2008,2008-2016,2008-01,2008-11-21,ADULT|OLDER_ADULT,YES,NO
NCT00796588,VLU_ACTIVE_TREATMENT,UNKNOWN,INTERVENTIONAL,RANDOMIZED,CROSSOVER,YES,YES,NO_RECORDED_INDUSTRY_ROLE,NO,OTHER,SINGLE_COUNTRY,1,NO,RETROSPECTIVE,UNKNOWN,48,NO,NO,2008-11-24,2008,2008-2016,2005-04,2008-11-21,ADULT|OLDER_ADULT,YES,NO
NCT00797706,VLU_ACTIVE_TREATMENT,UNKNOWN,INTERVENTIONAL,RANDOMIZED,PARALLEL,YES,YES,INDUSTRY_LEAD,NO,DRUG,MULTICOUNTRY,2,NO,RETROSPECTIVE,UNKNOWN,75,NO,NO,2008-11-25,2008,2008-2016,2008-11,2008-11-24,ADULT|OLDER_ADULT,YES,NO
NCT00807664,VLU_ACTIVE_TREATMENT,UNKNOWN,INTERVENTIONAL,RANDOMIZED,PARALLEL,YES,YES,INDUSTRY_LEAD,YES,DEVICE,UNKNOWN,0,UNKNOWN,RETROSPECTIVE,COMPLETED,182,NO,YES,2008-12-12,2008,2008-2016,2008-12,2008-12-11,ADULT|OLDER_ADULT,YES,YES
NCT00815217,MIXED_WOUND_EXPLICIT_TARGET,UNKNOWN,INTERVENTIONAL,RANDOMIZED,SINGLE_GROUP,YES,NO,NO_RECORDED_INDUSTRY_ROLE,NO,OTHER|PROCEDURE,SINGLE_COUNTRY,1,YES,PROSPECTIVE_OR_SAME_DAY,WITHDRAWN,0,YES,NO,2008-12-29,2008,2008-2016,2009-02,2008-12-24,ADULT|OLDER_ADULT,YES,NO
NCT00819949,PI_TREATMENT,UNKNOWN,INTERVENTIONAL,NA,SINGLE_GROUP,NO,NO,NO_RECORDED_INDUSTRY_ROLE,YES,DEVICE,SINGLE_COUNTRY,1,YES,RETROSPECTIVE,COMPLETED,20,NO,YES,2009-01-09,2009,2008-2016,2008-10,2009-01-07,ADULT|OLDER_ADULT,YES,NO
NCT00820196,VLU_ACTIVE_TREATMENT,ADULT_ONLY_OR_RELEVANT,INTERVENTIONAL,RANDOMIZED,PARALLEL,YES,YES,INDUSTRY_LEAD,NO,DRUG,MULTICOUNTRY,2,YES,PROSPECTIVE_OR_SAME_DAY,COMPLETED,98,NO,YES,2009-01-12,2009,2008-2016,2009-03,2009-01-08,ADULT|OLDER_ADULT,YES,NO
NCT00820274,VLU_RECURRENCE_PREVENTION,UNKNOWN,INTERVENTIONAL,NA,SINGLE_GROUP,NO,NO,NO_RECORDED_INDUSTRY_ROLE,NO,PROCEDURE,SINGLE_COUNTRY,1,NO,RETROSPECTIVE,TERMINATED,10,NO,NO,2009-01-12,2009,2008-2016,2009-01,2009-01-09,ADULT|OLDER_ADULT,YES,NO
NCT00821431,VLU_ACTIVE_TREATMENT,UNKNOWN,INTERVENTIONAL,RANDOMIZED,PARALLEL,YES,YES,INDUSTRY_LEAD,YES,DEVICE,MULTICOUNTRY,4,NO,RETROSPECTIVE,COMPLETED,90,NO,YES,2009-01-13,2009,2008-2016,2006-05,2009-01-09,ADULT|OLDER_ADULT,YES,YES
NCT00822224,PI_TREATMENT,UNKNOWN,INTERVENTIONAL,NA,SINGLE_GROUP,NO,NO,NO_RECORDED_INDUSTRY_ROLE,NO,DRUG,SINGLE_COUNTRY,1,NO,RETROSPECTIVE,COMPLETED,50,NO,YES,2009-01-14,2009,2008-2016,2009-01,2009-01-13,OLDER_ADULT,YES,NO
NCT00823446,VLU_ACTIVE_TREATMENT,UNKNOWN,INTERVENTIONAL,RANDOMIZED,PARALLEL,YES,YES,INDUSTRY_LEAD,YES,DEVICE,SINGLE_COUNTRY,1,YES,RETROSPECTIVE,COMPLETED,13,NO,YES,2009-01-15,2009,2008-2016,2008-03,2009-01-13,ADULT|OLDER_ADULT,YES,NO
NCT00828971,MIXED_WOUND_EXPLICIT_TARGET,ADULT_ONLY_OR_RELEVANT,INTERVENTIONAL,RANDOMIZED,PARALLEL,YES,YES,INDUSTRY_LEAD,NO,DRUG,SINGLE_COUNTRY,1,NO,RETROSPECTIVE,COMPLETED,16,NO,YES,2009-01-26,2009,2008-2016,2008-11,2009-01-23,ADULT|OLDER_ADULT,YES,NO
NCT00832091,VLU_ACTIVE_TREATMENT,UNKNOWN,INTERVENTIONAL,RANDOMIZED,PARALLEL,YES,YES,INDUSTRY_LEAD,NO,DRUG,MULTICOUNTRY,2,NO,RETROSPECTIVE,COMPLETED,72,NO,YES,2009-01-29,2009,2008-2016,2006-07,2009-01-28,ADULT|OLDER_ADULT,YES,YES
NCT00837096,VLU_ACTIVE_TREATMENT,UNKNOWN,INTERVENTIONAL,RANDOMIZED,PARALLEL,YES,YES,INDUSTRY_LEAD,YES,DEVICE,UNKNOWN,0,UNKNOWN,RETROSPECTIVE,TERMINATED,19,NO,NO,2009-02-05,2009,2008-2016,2007-06,2009-02-03,ADULT|OLDER_ADULT,YES,YES
NCT00838500,VLU_ACTIVE_TREATMENT,UNKNOWN,INTERVENTIONAL,RANDOMIZED,PARALLEL,YES,YES,INDUSTRY_COLLABORATOR,NO,DRUG,SINGLE_COUNTRY,1,NO,RETROSPECTIVE,COMPLETED,425,NO,YES,2009-02-06,2009,2008-2016,2008-05,2009-02-05,ADULT|OLDER_ADULT,YES,NO
NCT00839098,PI_PREVENTION,UNKNOWN,INTERVENTIONAL,RANDOMIZED,PARALLEL,YES,YES,NO_RECORDED_INDUSTRY_ROLE,NO,OTHER,SINGLE_COUNTRY,1,YES,PROSPECTIVE_OR_SAME_DAY,COMPLETED,28,NO,YES,2009-02-09,2009,2008-2016,2011-11,2009-02-06,ADULT|OLDER_ADULT,YES,YES
NCT00847002,VLU_ACTIVE_TREATMENT,UNKNOWN,INTERVENTIONAL,RANDOMIZED,PARALLEL,YES,YES,INDUSTRY_LEAD,YES,DEVICE,SINGLE_COUNTRY,1,YES,RETROSPECTIVE,TERMINATED,8,NO,NO,2009-02-19,2009,2008-2016,2007-09,2009-02-18,ADULT|OLDER_ADULT,YES,YES
NCT00847665,PI_PREVENTION,UNKNOWN,INTERVENTIONAL,RANDOMIZED,PARALLEL,YES,YES,NO_RECORDED_INDUSTRY_ROLE,NO,OTHER,SINGLE_COUNTRY,1,NO,RETROSPECTIVE,COMPLETED,330,NO,YES,2009-02-19,2009,2008-2016,2009-02,2009-02-18,ADULT|OLDER_ADULT,YES,YES
NCT00852995,VLU_ACTIVE_TREATMENT,ADULT_ONLY_OR_RELEVANT,INTERVENTIONAL,RANDOMIZED,PARALLEL,YES,YES,INDUSTRY_LEAD,NO,BIOLOGICAL,MULTICOUNTRY,2,YES,RETROSPECTIVE,COMPLETED,228,NO,YES,2009-02-27,2009,2008-2016,2009-02,2009-02-26,ADULT|OLDER_ADULT,YES,YES
NCT00858130,VLU_ACTIVE_TREATMENT,UNKNOWN,INTERVENTIONAL,NA,SINGLE_GROUP,NO,NO,NO_RECORDED_INDUSTRY_ROLE,YES,DEVICE,SINGLE_COUNTRY,1,YES,RETROSPECTIVE,COMPLETED,12,NO,YES,2009-03-09,2009,2008-2016,2009-03,2009-03-05,ADULT|OLDER_ADULT,YES,YES
NCT00872053,PI_TREATMENT,UNKNOWN,INTERVENTIONAL,RANDOMIZED,PARALLEL,YES,YES,NO_RECORDED_INDUSTRY_ROLE,YES,DEVICE,SINGLE_COUNTRY,1,YES,RETROSPECTIVE,COMPLETED,18,NO,YES,2009-03-31,2009,2008-2016,2009-02,2009-03-27,ADULT|OLDER_ADULT,YES,NO
NCT00878644,MIXED_WOUND_EXPLICIT_TARGET,MIXED_AGE_OR_ADULT_RELEVANT,INTERVENTIONAL,RANDOMIZED,PARALLEL,YES,YES,NO_RECORDED_INDUSTRY_ROLE,NO,OTHER|PROCEDURE,MULTICOUNTRY,2,YES,PROSPECTIVE_OR_SAME_DAY,COMPLETED,295,NO,YES,2009-04-09,2009,2008-2016,2009-09,2009-04-08,CHILD|ADULT,YES,YES
NCT00880087,MIXED_WOUND_EXPLICIT_TARGET,MIXED_AGE_OR_ADULT_RELEVANT,INTERVENTIONAL,RANDOMIZED,PARALLEL,YES,YES,NO_RECORDED_INDUSTRY_ROLE,NO,PROCEDURE,MULTICOUNTRY,3,YES,PROSPECTIVE_OR_SAME_DAY,COMPLETED,329,NO,YES,2009-04-13,2009,2008-2016,2009-09,2009-04-10,CHILD|ADULT,YES,YES
NCT00909870,MIXED_WOUND_EXPLICIT_TARGET,UNKNOWN,INTERVENTIONAL,RANDOMIZED,PARALLEL,YES,YES,INDUSTRY_LEAD,YES,DEVICE,MULTICOUNTRY,8,YES,PROSPECTIVE_OR_SAME_DAY,COMPLETED,537,NO,YES,2009-05-29,2009,2008-2016,2009-06,2009-05-28,ADULT|OLDER_ADULT,YES,YES
NCT00933348,VLU_ACTIVE_TREATMENT,UNKNOWN,INTERVENTIONAL,RANDOMIZED,PARALLEL,YES,YES,INDUSTRY_LEAD,NO,DRUG,SINGLE_COUNTRY,1,NO,PROSPECTIVE_OR_SAME_DAY,SUSPENDED,30,NO,NO,2009-07-07,2009,2008-2016,2010-01,2009-07-05,ADULT|OLDER_ADULT,YES,NO
NCT00945087,PI_TREATMENT,UNKNOWN,INTERVENTIONAL,UNKNOWN,UNKNOWN,UNKNOWN,UNKNOWN,NO_RECORDED_INDUSTRY_ROLE,NO,OTHER,SINGLE_COUNTRY,1,NO,RETROSPECTIVE,UNKNOWN,,NO,NO,2009-07-23,2009,2008-2016,2005-12,2009-07-21,ADULT|OLDER_ADULT,YES,NO
NCT00951080,MIXED_WOUND_EXPLICIT_TARGET,UNKNOWN,INTERVENTIONAL,RANDOMIZED,PARALLEL,YES,YES,INDUSTRY_LEAD,YES,DEVICE,SINGLE_COUNTRY,1,YES,RETROSPECTIVE,COMPLETED,132,NO,YES,2009-08-04,2009,2008-2016,2009-07,2009-07-31,ADULT|OLDER_ADULT,YES,YES
NCT00953563,VLU_ACTIVE_TREATMENT,ADULT_ONLY_OR_RELEVANT,INTERVENTIONAL,RANDOMIZED,PARALLEL,YES,YES,INDUSTRY_LEAD,YES,DEVICE,SINGLE_COUNTRY,1,YES,RETROSPECTIVE,WITHDRAWN,0,YES,NO,2009-08-06,2009,2008-2016,2009-03,2009-07-24,ADULT|OLDER_ADULT,YES,NO
NCT00953797,VLU_ACTIVE_TREATMENT,UNKNOWN,INTERVENTIONAL,NA,SINGLE_GROUP,NO,NO,NO_RECORDED_INDUSTRY_ROLE,YES,DEVICE,SINGLE_COUNTRY,1,YES,RETROSPECTIVE,WITHDRAWN,0,YES,NO,2009-08-06,2009,2008-2016,2009-05,2009-08-05,ADULT|OLDER_ADULT,YES,NO
NCT00961012,PI_PREVENTION,ADULT_ONLY_OR_RELEVANT,INTERVENTIONAL,RANDOMIZED,SINGLE_GROUP,YES,NO,NO_RECORDED_INDUSTRY_ROLE,NO,PROCEDURE,SINGLE_COUNTRY,1,NO,PROSPECTIVE_OR_SAME_DAY,COMPLETED,129,NO,YES,2009-08-18,2009,2008-2016,2009-09,2009-08-14,OLDER_ADULT,YES,NO
NCT00971048,MIXED_WOUND_EXPLICIT_TARGET,UNKNOWN,INTERVENTIONAL,RANDOMIZED,PARALLEL,YES,YES,INDUSTRY_LEAD,YES,DEVICE,SINGLE_COUNTRY,1,YES,PROSPECTIVE_OR_SAME_DAY,COMPLETED,88,NO,YES,2009-09-03,2009,2008-2016,2009-09,2009-08-27,ADULT|OLDER_ADULT,YES,YES
NCT00977041,PI_TREATMENT,UNKNOWN,INTERVENTIONAL,NA,SINGLE_GROUP,NO,NO,NO_RECORDED_INDUSTRY_ROLE,NO,BEHAVIORAL,SINGLE_COUNTRY,1,YES,PROSPECTIVE_OR_SAME_DAY,COMPLETED,13,NO,YES,2009-09-15,2009,2008-2016,2010-08,2009-07-27,ADULT|OLDER_ADULT,YES,NO
NCT00979836,VLU_ACTIVE_TREATMENT,UNKNOWN,INTERVENTIONAL,RANDOMIZED,PARALLEL,YES,YES,INDUSTRY_COLLABORATOR,NO,DRUG,SINGLE_COUNTRY,1,NO,RETROSPECTIVE,SUSPENDED,230,NO,NO,2009-09-18,2009,2008-2016,2008-04,2009-09-17,ADULT|OLDER_ADULT,YES,NO
NCT00983749,VLU_ACTIVE_TREATMENT,UNKNOWN,INTERVENTIONAL,RANDOMIZED,PARALLEL,YES,YES,NO_RECORDED_INDUSTRY_ROLE,YES,DEVICE,SINGLE_COUNTRY,1,YES,PROSPECTIVE_OR_SAME_DAY,COMPLETED,23,NO,YES,2009-09-24,2009,2008-2016,2009-12,2009-09-23,ADULT|OLDER_ADULT,YES,YES
NCT00998673,VLU_ACTIVE_TREATMENT,UNKNOWN,INTERVENTIONAL,RANDOMIZED,PARALLEL,YES,YES,INDUSTRY_LEAD,YES,DEVICE,SINGLE_COUNTRY,1,NO,RETROSPECTIVE,TERMINATED,121,NO,NO,2009-10-20,2009,2008-2016,2009-04,2009-10-02,ADULT|OLDER_ADULT,YES,NO
NCT01008254,PI_PREVENTION,UNKNOWN,INTERVENTIONAL,RANDOMIZED,CROSSOVER,YES,YES,NO_RECORDED_INDUSTRY_ROLE,NO,BEHAVIORAL|OTHER,UNKNOWN,0,UNKNOWN,RETROSPECTIVE,COMPLETED,2000,NO,YES,2009-11-05,2009,2008-2016,2009-09,2009-11-04,CHILD|ADULT|OLDER_ADULT,YES,NO
NCT01022216,PI_TREATMENT,UNKNOWN,INTERVENTIONAL,RANDOMIZED,PARALLEL,YES,YES,INDUSTRY_LEAD,YES,DEVICE,SINGLE_COUNTRY,1,YES,RETROSPECTIVE,COMPLETED,30,NO,YES,2009-12-01,2009,2008-2016,2009-08,2009-11-24,ADULT|OLDER_ADULT,YES,NO
NCT01032239,PI_TREATMENT,ADULT_ONLY_OR_RELEVANT,INTERVENTIONAL,RANDOMIZED,PARALLEL,YES,YES,INDUSTRY_LEAD,NO,DRUG,MULTICOUNTRY,9,YES,RETROSPECTIVE,COMPLETED,61,NO,YES,2009-12-15,2009,2008-2016,2009-11,2009-12-07,ADULT|OLDER_ADULT,YES,YES
NCT01035944,MIXED_WOUND_EXPLICIT_TARGET,UNKNOWN,INTERVENTIONAL,RANDOMIZED,PARALLEL,YES,YES,INDUSTRY_LEAD,YES,DEVICE,SINGLE_COUNTRY,1,YES,PROSPECTIVE_OR_SAME_DAY,TERMINATED,37,NO,NO,2009-12-21,2009,2008-2016,2010-02,2009-12-17,ADULT|OLDER_ADULT,YES,YES
NCT01036438,MIXED_WOUND_EXPLICIT_TARGET,UNKNOWN,INTERVENTIONAL,RANDOMIZED,PARALLEL,YES,YES,INDUSTRY_LEAD,YES,DEVICE,MULTICOUNTRY,4,NO,RETROSPECTIVE,COMPLETED,201,NO,YES,2009-12-21,2009,2008-2016,2009-12,2009-12-18,ADULT|OLDER_ADULT,YES,YES
NCT01045915,VLU_ACTIVE_TREATMENT,UNKNOWN,INTERVENTIONAL,NA,SINGLE_GROUP,NO,NO,INDUSTRY_LEAD,NO,BIOLOGICAL,MULTICOUNTRY,3,NO,PROSPECTIVE_OR_SAME_DAY,TERMINATED,5,NO,NO,2010-01-11,2010,2008-2016,2010-07,2010-01-08,ADULT|OLDER_ADULT,YES,NO
NCT01048307,VLU_ACTIVE_TREATMENT,UNKNOWN,INTERVENTIONAL,RANDOMIZED,PARALLEL,YES,YES,INDUSTRY_COLLABORATOR,YES,DEVICE,SINGLE_COUNTRY,1,YES,RETROSPECTIVE,COMPLETED,20,NO,YES,2010-01-13,2010,2008-2016,2009-06,2010-01-12,ADULT|OLDER_ADULT,YES,NO
NCT01050023,VLU_ACTIVE_TREATMENT,UNKNOWN,INTERVENTIONAL,RANDOMIZED,PARALLEL,YES,YES,INDUSTRY_COLLABORATOR,YES,DEVICE,SINGLE_COUNTRY,1,YES,RETROSPECTIVE,UNKNOWN,25,NO,NO,2010-01-15,2010,2008-2016,2009-11,2010-01-13,ADULT|OLDER_ADULT,YES,NO
NCT01066715,PI_TREATMENT,UNKNOWN,INTERVENTIONAL,RANDOMIZED,PARALLEL,YES,YES,INDUSTRY_LEAD,NO,DRUG,SINGLE_COUNTRY,1,YES,RETROSPECTIVE,COMPLETED,421,NO,YES,2010-02-10,2010,2008-2016,2010-01,2010-02-08,ADULT|OLDER_ADULT,YES,NO
NCT01079299,VLU_ACTIVE_TREATMENT,UNKNOWN,INTERVENTIONAL,RANDOMIZED,PARALLEL,YES,YES,NO_RECORDED_INDUSTRY_ROLE,YES,DEVICE,SINGLE_COUNTRY,1,YES,RETROSPECTIVE,COMPLETED,52,NO,YES,2010-03-03,2010,2008-2016,2007-12,2010-03-02,ADULT|OLDER_ADULT,YES,YES
NCT01084577,VLU_ACTIVE_TREATMENT,UNKNOWN,INTERVENTIONAL,RANDOMIZED,PARALLEL,YES,YES,INDUSTRY_LEAD,YES,DEVICE,MULTICOUNTRY,5,NO,RETROSPECTIVE,COMPLETED,266,NO,YES,2010-03-10,2010,2008-2016,2010-01,2010-03-09,ADULT|OLDER_ADULT,YES,NO
NCT01090076,PI_TREATMENT,UNKNOWN,INTERVENTIONAL,RANDOMIZED,PARALLEL,YES,YES,INDUSTRY_COLLABORATOR,NO,DIETARY_SUPPLEMENT,SINGLE_COUNTRY,1,NO,PROSPECTIVE_OR_SAME_DAY,COMPLETED,26,NO,YES,2010-03-19,2010,2008-2016,2010-04,2010-03-18,ADULT|OLDER_ADULT,YES,YES
NCT01094002,PI_TREATMENT,UNKNOWN,INTERVENTIONAL,RANDOMIZED,PARALLEL,YES,YES,NO_RECORDED_INDUSTRY_ROLE,NO,OTHER,SINGLE_COUNTRY,1,NO,RETROSPECTIVE,COMPLETED,400,NO,YES,2010-03-26,2010,2008-2016,2002-11,2010-03-23,OLDER_ADULT,YES,NO
NCT01107197,PI_TREATMENT,UNKNOWN,INTERVENTIONAL,RANDOMIZED,PARALLEL,YES,YES,INDUSTRY_COLLABORATOR,NO,DIETARY_SUPPLEMENT,SINGLE_COUNTRY,1,NO,RETROSPECTIVE,COMPLETED,200,NO,YES,2010-04-20,2010,2008-2016,2010-02,2010-04-15,ADULT|OLDER_ADULT,YES,YES
NCT01107821,MIXED_WOUND_EXPLICIT_TARGET,UNKNOWN,INTERVENTIONAL,NA,SINGLE_GROUP,NO,NO,INDUSTRY_COLLABORATOR,YES,DEVICE,SINGLE_COUNTRY,1,NO,RETROSPECTIVE,COMPLETED,15,NO,YES,2010-04-21,2010,2008-2016,2010-02,2010-04-08,CHILD|ADULT|OLDER_ADULT,YES,NO
NCT01113658,MIXED_WOUND_EXPLICIT_TARGET,ADULT_ONLY_OR_RELEVANT,INTERVENTIONAL,NA,SINGLE_GROUP,NO,NO,INDUSTRY_LEAD,YES,DEVICE,SINGLE_COUNTRY,1,YES,RETROSPECTIVE,WITHDRAWN,0,YES,NO,2010-04-30,2010,2008-2016,2010-03,2010-04-28,ADULT|OLDER_ADULT,YES,NO
NCT01118819,VLU_ACTIVE_TREATMENT,UNKNOWN,INTERVENTIONAL,NON_RANDOMIZED,SINGLE_GROUP,NO,NO,INDUSTRY_LEAD,NO,BIOLOGICAL,SINGLE_COUNTRY,1,YES,PROSPECTIVE_OR_SAME_DAY,TERMINATED,5,NO,NO,2010-05-07,2010,2008-2016,2011-04,2010-04-13,ADULT|OLDER_ADULT,YES,NO
NCT01129986,VLU_ACTIVE_TREATMENT,UNKNOWN,INTERVENTIONAL,NA,SINGLE_GROUP,NO,NO,INDUSTRY_LEAD,YES,DEVICE,SINGLE_COUNTRY,1,YES,RETROSPECTIVE,COMPLETED,15,NO,YES,2010-05-25,2010,2008-2016,2009-06,2010-05-10,ADULT|OLDER_ADULT,YES,NO
NCT01138436,VLU_ACTIVE_TREATMENT,UNKNOWN,INTERVENTIONAL,RANDOMIZED,PARALLEL,YES,YES,INDUSTRY_LEAD,NO,DRUG|PROCEDURE,SINGLE_COUNTRY,1,YES,PROSPECTIVE_OR_SAME_DAY,COMPLETED,5,NO,YES,2010-06-07,2010,2008-2016,2010-11,2010-06-04,ADULT|OLDER_ADULT,YES,NO
NCT01138462,PI_TREATMENT,UNKNOWN,INTERVENTIONAL,RANDOMIZED,PARALLEL,YES,YES,NO_RECORDED_INDUSTRY_ROLE,NO,OTHER,UNKNOWN,0,UNKNOWN,RETROSPECTIVE,COMPLETED,157,NO,YES,2010-06-07,2010,2008-2016,2010-06,2010-06-04,ADULT|OLDER_ADULT,YES,NO
NCT01139879,PI_TREATMENT,UNKNOWN,INTERVENTIONAL,NA,SINGLE_GROUP,NO,NO,INDUSTRY_LEAD,YES,DEVICE,SINGLE_COUNTRY,1,YES,RETROSPECTIVE,COMPLETED,10,NO,YES,2010-06-09,2010,2008-2016,2010-06,2010-06-07,ADULT|OLDER_ADULT,YES,YES
NCT01152411,PI_TREATMENT,UNKNOWN,INTERVENTIONAL,NA,SINGLE_GROUP,NO,NO,INDUSTRY_LEAD,NO,OTHER,SINGLE_COUNTRY,1,NO,RETROSPECTIVE,UNKNOWN,5,NO,NO,2010-06-29,2010,2008-2016,2010-02,2010-06-26,ADULT|OLDER_ADULT,YES,NO
NCT01153633,VLU_ACTIVE_TREATMENT,UNKNOWN,INTERVENTIONAL,RANDOMIZED,PARALLEL,YES,YES,INDUSTRY_LEAD,YES,DEVICE,SINGLE_COUNTRY,1,NO,RETROSPECTIVE,COMPLETED,34,NO,YES,2010-06-30,2010,2008-2016,2009-10,2010-06-28,ADULT|OLDER_ADULT,YES,YES
NCT01166828,PI_PREVENTION,UNKNOWN,INTERVENTIONAL,RANDOMIZED,PARALLEL,YES,YES,NO_RECORDED_INDUSTRY_ROLE,NO,BEHAVIORAL,SINGLE_COUNTRY,1,YES,PROSPECTIVE_OR_SAME_DAY,WITHDRAWN,0,YES,NO,2010-07-21,2010,2008-2016,2011-01,2010-07-19,ADULT|OLDER_ADULT,YES,NO
NCT01176110,PI_TREATMENT,UNKNOWN,INTERVENTIONAL,RANDOMIZED,PARALLEL,YES,YES,NO_RECORDED_INDUSTRY_ROLE,YES,DEVICE,SINGLE_COUNTRY,1,NO,RETROSPECTIVE,COMPLETED,40,NO,YES,2010-08-05,2010,2008-2016,2010-07,2010-07-29,ADULT|OLDER_ADULT,YES,NO
NCT01183273,VLU_ACTIVE_TREATMENT,UNKNOWN,INTERVENTIONAL,RANDOMIZED,PARALLEL,YES,YES,INDUSTRY_COLLABORATOR,NO,PROCEDURE,SINGLE_COUNTRY,1,YES,RETROSPECTIVE,COMPLETED,50,NO,YES,2010-08-17,2010,2008-2016,2010-03,2010-08-09,ADULT|OLDER_ADULT,YES,NO
NCT01184872,PI_TREATMENT,UNKNOWN,INTERVENTIONAL,RANDOMIZED,PARALLEL,YES,YES,INDUSTRY_LEAD,NO,DRUG,MULTICOUNTRY,5,NO,PROSPECTIVE_OR_SAME_DAY,COMPLETED,120,NO,YES,2010-08-19,2010,2008-2016,2010-03,2010-02-18,OLDER_ADULT,YES,YES
NCT01186679,PI_TREATMENT,UNKNOWN,INTERVENTIONAL,NON_RANDOMIZED,PARALLEL,NO,YES,INDUSTRY_LEAD,NO,PROCEDURE,SINGLE_COUNTRY,1,NO,RETROSPECTIVE,COMPLETED,12,NO,YES,2010-08-23,2010,2008-2016,2008-01,2010-08-20,ADULT,YES,NO
NCT01199588,VLU_ACTIVE_TREATMENT,UNKNOWN,INTERVENTIONAL,RANDOMIZED,PARALLEL,YES,YES,INDUSTRY_LEAD,NO,DRUG,MULTICOUNTRY,4,YES,PROSPECTIVE_OR_SAME_DAY,COMPLETED,300,NO,YES,2010-09-13,2010,2008-2016,2011-05,2010-09-09,ADULT|OLDER_ADULT,YES,NO
NCT01201759,PI_TREATMENT,UNKNOWN,INTERVENTIONAL,RANDOMIZED,CROSSOVER,YES,YES,NO_RECORDED_INDUSTRY_ROLE,NO,DRUG,SINGLE_COUNTRY,1,YES,RETROSPECTIVE,COMPLETED,18,NO,YES,2010-09-15,2010,2008-2016,2009-07,2010-09-08,ADULT|OLDER_ADULT,YES,YES
NCT01208220,PI_TREATMENT,MIXED_AGE_OR_ADULT_RELEVANT,INTERVENTIONAL,RANDOMIZED,PARALLEL,YES,YES,INDUSTRY_COLLABORATOR,YES,BIOLOGICAL|DEVICE,SINGLE_COUNTRY,1,YES,PROSPECTIVE_OR_SAME_DAY,TERMINATED,2,NO,NO,2010-09-23,2010,2008-2016,2010-06,2010-04-16,ADULT|OLDER_ADULT,YES,YES
NCT01211236,MIXED_WOUND_EXPLICIT_TARGET,ADULT_ONLY_OR_RELEVANT,INTERVENTIONAL,RANDOMIZED,PARALLEL,YES,YES,NO_RECORDED_INDUSTRY_ROLE,NO,OTHER,SINGLE_COUNTRY,1,NO,RETROSPECTIVE,COMPLETED,120,NO,YES,2010-09-29,2010,2008-2016,2006-02,2010-09-28,ADULT|OLDER_ADULT,YES,NO
NCT01214811,MIXED_WOUND_EXPLICIT_TARGET,ADULT_ONLY_OR_RELEVANT,INTERVENTIONAL,NA,SINGLE_GROUP,NO,NO,INDUSTRY_LEAD,YES,DEVICE,SINGLE_COUNTRY,1,YES,RETROSPECTIVE,COMPLETED,27,NO,YES,2010-10-05,2010,2008-2016,2010-09,2010-10-04,ADULT|OLDER_ADULT,YES,YES
NCT01214980,MIXED_WOUND_EXPLICIT_TARGET,UNKNOWN,INTERVENTIONAL,RANDOMIZED,PARALLEL,YES,YES,INDUSTRY_LEAD,YES,DEVICE|OTHER,SINGLE_COUNTRY,1,YES,PROSPECTIVE_OR_SAME_DAY,COMPLETED,32,NO,YES,2010-10-05,2010,2008-2016,2012-02,2010-10-04,ADULT|OLDER_ADULT,YES,YES
NCT01217047,PI_TREATMENT,UNKNOWN,INTERVENTIONAL,RANDOMIZED,PARALLEL,YES,YES,NO_RECORDED_INDUSTRY_ROLE,YES,BEHAVIORAL|DEVICE|PROCEDURE,SINGLE_COUNTRY,1,YES,PROSPECTIVE_OR_SAME_DAY,TERMINATED,11,NO,NO,2010-10-08,2010,2008-2016,2010-10,2010-09-02,ADULT|OLDER_ADULT,YES,YES
NCT01232764,PI_TREATMENT,UNKNOWN,INTERVENTIONAL,RANDOMIZED,UNKNOWN,YES,YES,NO_RECORDED_INDUSTRY_ROLE,NO,OTHER,SINGLE_COUNTRY,1,NO,RETROSPECTIVE,COMPLETED,137,NO,YES,2010-11-02,2010,2008-2016,2010-10,2010-10-29,ADULT|OLDER_ADULT,YES,NO
NCT01236976,PI_TREATMENT,ADULT_ONLY_OR_RELEVANT,INTERVENTIONAL,RANDOMIZED,PARALLEL,YES,YES,NO_RECORDED_INDUSTRY_ROLE,YES,DEVICE|OTHER,MULTICOUNTRY,2,NO,PROSPECTIVE_OR_SAME_DAY,COMPLETED,116,NO,YES,2010-11-09,2010,2008-2016,2010-12,2010-11-08,ADULT|OLDER_ADULT,YES,NO
NCT01238419,VLU_ACTIVE_TREATMENT,UNKNOWN,INTERVENTIONAL,RANDOMIZED,PARALLEL,YES,YES,INDUSTRY_LEAD,YES,DEVICE,MULTICOUNTRY,2,NO,RETROSPECTIVE,COMPLETED,188,NO,YES,2010-11-10,2010,2008-2016,2009-11,2010-10-27,ADULT|OLDER_ADULT,YES,NO
NCT01244594,PI_TREATMENT,UNKNOWN,INTERVENTIONAL,RANDOMIZED,PARALLEL,YES,YES,NO_RECORDED_INDUSTRY_ROLE,NO,OTHER,SINGLE_COUNTRY,1,YES,RETROSPECTIVE,COMPLETED,17,NO,YES,2010-11-19,2010,2008-2016,2010-07,2010-11-15,ADULT|OLDER_ADULT,YES,NO
NCT01246882,PI_TREATMENT,UNKNOWN,INTERVENTIONAL,RANDOMIZED,PARALLEL,YES,YES,NO_RECORDED_INDUSTRY_ROLE,NO,BEHAVIORAL,MULTICOUNTRY,12,YES,PROSPECTIVE_OR_SAME_DAY,COMPLETED,140,NO,YES,2010-11-23,2010,2008-2016,2011-01,2010-11-22,ADULT|OLDER_ADULT,YES,NO
NCT01251549,PI_TREATMENT,UNKNOWN,INTERVENTIONAL,NA,SINGLE_GROUP,NO,NO,INDUSTRY_LEAD,YES,DEVICE,MULTICOUNTRY,2,YES,RETROSPECTIVE,COMPLETED,32,NO,YES,2010-12-02,2010,2008-2016,2009-03,2010-11-28,ADULT,YES,NO
NCT01255631,VLU_ACTIVE_TREATMENT,UNKNOWN,INTERVENTIONAL,RANDOMIZED,PARALLEL,YES,YES,NO_RECORDED_INDUSTRY_ROLE,YES,DEVICE,SINGLE_COUNTRY,1,YES,RETROSPECTIVE,TERMINATED,22,NO,NO,2010-12-07,2010,2008-2016,2010-10,2010-12-01,ADULT|OLDER_ADULT,YES,YES
NCT01273428,PI_TREATMENT,UNKNOWN,INTERVENTIONAL,RANDOMIZED,PARALLEL,YES,YES,INDUSTRY_LEAD,YES,DEVICE|DRUG|OTHER,UNKNOWN,0,UNKNOWN,UNKNOWN,WITHDRAWN,0,YES,NO,2011-01-10,2011,2008-2016,,2010-12-03,CHILD|ADULT|OLDER_ADULT,YES,NO
NCT01275313,PI_PREVENTION,UNKNOWN,INTERVENTIONAL,RANDOMIZED,PARALLEL,YES,YES,NO_RECORDED_INDUSTRY_ROLE,YES,DEVICE,SINGLE_COUNTRY,1,YES,PROSPECTIVE_OR_SAME_DAY,COMPLETED,258,NO,YES,2011-01-12,2011,2008-2016,2011-04,2011-01-10,ADULT|OLDER_ADULT,YES,YES
NCT01283581,MIXED_WOUND_EXPLICIT_TARGET,UNKNOWN,INTERVENTIONAL,RANDOMIZED,PARALLEL,YES,YES,INDUSTRY_LEAD,NO,DRUG,SINGLE_COUNTRY,1,YES,RETROSPECTIVE,COMPLETED,256,NO,YES,2011-01-26,2011,2008-2016,2011-01,2011-01-24,ADULT|OLDER_ADULT,YES,YES
NCT01292811,PI_TREATMENT,UNKNOWN,INTERVENTIONAL,RANDOMIZED,PARALLEL,YES,YES,NO_RECORDED_INDUSTRY_ROLE,YES,DEVICE|OTHER,SINGLE_COUNTRY,1,NO,RETROSPECTIVE,TERMINATED,25,NO,NO,2011-02-10,2011,2008-2016,2011-01,2011-02-07,ADULT|OLDER_ADULT,YES,NO
NCT01294254,MIXED_WOUND_EXPLICIT_TARGET,UNKNOWN,INTERVENTIONAL,RANDOMIZED,PARALLEL,YES,YES,INDUSTRY_LEAD,NO,DRUG|PROCEDURE,SINGLE_COUNTRY,1,NO,RETROSPECTIVE,COMPLETED,24,NO,YES,2011-02-11,2011,2008-2016,2010-04,2010-04-14,ADULT|OLDER_ADULT,YES,NO
NCT01319097,PI_TREATMENT,UNKNOWN,INTERVENTIONAL,NA,SINGLE_GROUP,NO,NO,NO_RECORDED_INDUSTRY_ROLE,NO,OTHER,SINGLE_COUNTRY,1,YES,RETROSPECTIVE,COMPLETED,5,NO,YES,2011-03-21,2011,2008-2016,2010-04,2011-03-09,ADULT|OLDER_ADULT,YES,NO
NCT01319123,VLU_ACTIVE_TREATMENT,UNKNOWN,INTERVENTIONAL,NA,SINGLE_GROUP,NO,NO,NO_RECORDED_INDUSTRY_ROLE,YES,DEVICE,SINGLE_COUNTRY,1,YES,RETROSPECTIVE,COMPLETED,10,NO,YES,2011-03-21,2011,2008-2016,2010-10,2011-03-10,ADULT|OLDER_ADULT,YES,NO
NCT01320605,VLU_ACTIVE_TREATMENT,UNKNOWN,INTERVENTIONAL,NON_RANDOMIZED,SINGLE_GROUP,NO,NO,NO_RECORDED_INDUSTRY_ROLE,NO,BIOLOGICAL,SINGLE_COUNTRY,1,YES,RETROSPECTIVE,UNKNOWN,5,NO,NO,2011-03-22,2011,2008-2016,2011-03,2011-03-21,CHILD|ADULT|OLDER_ADULT,YES,NO
NCT01327937,VLU_ACTIVE_TREATMENT,UNKNOWN,INTERVENTIONAL,RANDOMIZED,CROSSOVER,YES,YES,INDUSTRY_LEAD,YES,DEVICE|OTHER,SINGLE_COUNTRY,1,YES,RETROSPECTIVE,COMPLETED,30,NO,YES,2011-04-04,2011,2008-2016,2011-03,2011-03-31,ADULT|OLDER_ADULT,YES,NO
NCT01333358,PI_TREATMENT,UNKNOWN,INTERVENTIONAL,NA,SINGLE_GROUP,NO,NO,INDUSTRY_COLLABORATOR,NO,DRUG,UNKNOWN,0,UNKNOWN,PROSPECTIVE_OR_SAME_DAY,UNKNOWN,30,NO,NO,2011-04-12,2011,2008-2016,2011-05,2011-04-08,CHILD|ADULT|OLDER_ADULT,YES,NO
NCT01333670,PI_TREATMENT,UNKNOWN,INTERVENTIONAL,RANDOMIZED,PARALLEL,YES,YES,INDUSTRY_COLLABORATOR,YES,DEVICE|DRUG,SINGLE_COUNTRY,1,NO,RETROSPECTIVE,COMPLETED,289,NO,YES,2011-04-12,2011,2008-2016,2011-04,2011-04-06,ADULT|OLDER_ADULT,YES,NO
NCT01339091,MIXED_WOUND_EXPLICIT_TARGET,UNKNOWN,INTERVENTIONAL,RANDOMIZED,PARALLEL,YES,YES,INDUSTRY_LEAD,NO,DRUG,MULTICOUNTRY,8,YES,RETROSPECTIVE,COMPLETED,573,NO,YES,2011-04-20,2011,2008-2016,2011-03,2011-04-18,ADULT|OLDER_ADULT,YES,YES
NCT01348581,MIXED_WOUND_EXPLICIT_TARGET,UNKNOWN,INTERVENTIONAL,NA,SINGLE_GROUP,NO,NO,INDUSTRY_LEAD,YES,DEVICE,SINGLE_COUNTRY,1,NO,RETROSPECTIVE,COMPLETED,37,NO,YES,2011-05-05,2011,2008-2016,2010-11,2011-05-04,ADULT|OLDER_ADULT,YES,NO
NCT01349478,PI_TREATMENT,UNKNOWN,INTERVENTIONAL,NA,SINGLE_GROUP,NO,NO,NO_RECORDED_INDUSTRY_ROLE,YES,DEVICE,SINGLE_COUNTRY,1,NO,RETROSPECTIVE,COMPLETED,11,NO,YES,2011-05-06,2011,2008-2016,2011-05,2011-05-05,ADULT,YES,NO
NCT01351493,PI_TREATMENT,UNKNOWN,INTERVENTIONAL,RANDOMIZED,PARALLEL,YES,YES,NO_RECORDED_INDUSTRY_ROLE,NO,DRUG,SINGLE_COUNTRY,1,NO,PROSPECTIVE_OR_SAME_DAY,UNKNOWN,40,NO,NO,2011-05-11,2011,2008-2016,2012-07,2011-05-09,ADULT|OLDER_ADULT,YES,NO
NCT01353937,MIXED_WOUND_EXPLICIT_TARGET,UNKNOWN,INTERVENTIONAL,RANDOMIZED,PARALLEL,YES,YES,INDUSTRY_COLLABORATOR,NO,DRUG,SINGLE_COUNTRY,1,YES,PROSPECTIVE_OR_SAME_DAY,WITHDRAWN,0,YES,NO,2011-05-16,2011,2008-2016,2014-04,2011-05-12,ADULT,YES,NO
NCT01355666,PI_PREVENTION,UNKNOWN,INTERVENTIONAL,RANDOMIZED,PARALLEL,YES,YES,NO_RECORDED_INDUSTRY_ROLE,YES,DEVICE,SINGLE_COUNTRY,1,YES,RETROSPECTIVE,UNKNOWN,75,NO,NO,2011-05-18,2011,2008-2016,2010-09,2011-05-13,CHILD|ADULT|OLDER_ADULT,YES,NO
NCT01356459,PI_TREATMENT,UNKNOWN,INTERVENTIONAL,RANDOMIZED,PARALLEL,YES,YES,NO_RECORDED_INDUSTRY_ROLE,YES,DEVICE,SINGLE_COUNTRY,1,NO,PROSPECTIVE_OR_SAME_DAY,COMPLETED,440,NO,YES,2011-05-19,2011,2008-2016,2011-06,2011-05-17,ADULT|OLDER_ADULT,YES,NO
NCT01372020,VLU_ACTIVE_TREATMENT,UNKNOWN,INTERVENTIONAL,NON_RANDOMIZED,PARALLEL,NO,YES,NO_RECORDED_INDUSTRY_ROLE,NO,OTHER,SINGLE_COUNTRY,1,NO,RETROSPECTIVE,COMPLETED,20,NO,YES,2011-06-13,2011,2008-2016,2011-02,2011-06-09,ADULT|OLDER_ADULT,YES,NO
NCT01376050,VLU_ACTIVE_TREATMENT,UNKNOWN,INTERVENTIONAL,RANDOMIZED,PARALLEL,YES,YES,INDUSTRY_LEAD,YES,DEVICE,MULTICOUNTRY,2,YES,RETROSPECTIVE,TERMINATED,24,NO,NO,2011-06-20,2011,2008-2016,2011-06,2011-06-16,ADULT|OLDER_ADULT,YES,YES
NCT01384500,PI_PREVENTION,UNKNOWN,INTERVENTIONAL,RANDOMIZED,PARALLEL,YES,YES,NO_RECORDED_INDUSTRY_ROLE,NO,OTHER,SINGLE_COUNTRY,1,NO,PROSPECTIVE_OR_SAME_DAY,WITHDRAWN,0,YES,NO,2011-06-29,2011,2008-2016,2011-07,2011-06-20,ADULT|OLDER_ADULT,YES,NO
NCT01396304,VLU_ACTIVE_TREATMENT,UNKNOWN,INTERVENTIONAL,RANDOMIZED,PARALLEL,YES,YES,INDUSTRY_LEAD,YES,DEVICE,SINGLE_COUNTRY,1,YES,PROSPECTIVE_OR_SAME_DAY,TERMINATED,19,NO,NO,2011-07-18,2011,2008-2016,2011-10,2011-07-14,ADULT|OLDER_ADULT,YES,NO
NCT01396837,MIXED_WOUND_EXPLICIT_TARGET,UNKNOWN,INTERVENTIONAL,NA,SINGLE_GROUP,NO,NO,INDUSTRY_LEAD,YES,DEVICE,SINGLE_COUNTRY,1,YES,PROSPECTIVE_OR_SAME_DAY,COMPLETED,20,NO,YES,2011-07-19,2011,2008-2016,2014-05,2011-07-05,ADULT|OLDER_ADULT,YES,YES
NCT01402765,PI_PREVENTION,UNKNOWN,INTERVENTIONAL,RANDOMIZED,PARALLEL,YES,YES,NO_RECORDED_INDUSTRY_ROLE,YES,DEVICE,SINGLE_COUNTRY,1,NO,PROSPECTIVE_OR_SAME_DAY,COMPLETED,31,NO,YES,2011-07-26,2011,2008-2016,2012-03,2011-07-25,ADULT|OLDER_ADULT,YES,NO
NCT01403272,PI_PREVENTION,UNKNOWN,INTERVENTIONAL,RANDOMIZED,PARALLEL,YES,YES,NO_RECORDED_INDUSTRY_ROLE,YES,DEVICE,SINGLE_COUNTRY,1,YES,RETROSPECTIVE,COMPLETED,75,NO,YES,2011-07-27,2011,2008-2016,2010-09,2011-05-11,CHILD|ADULT|OLDER_ADULT,YES,NO
NCT01415622,VLU_ACTIVE_TREATMENT,UNKNOWN,INTERVENTIONAL,RANDOMIZED,PARALLEL,YES,YES,INDUSTRY_LEAD,YES,DEVICE|PROCEDURE,SINGLE_COUNTRY,1,NO,RETROSPECTIVE,COMPLETED,30,NO,YES,2011-08-12,2011,2008-2016,2011-04,2011-08-11,ADULT|OLDER_ADULT,YES,NO
NCT01426555,PI_TREATMENT,UNKNOWN,INTERVENTIONAL,RANDOMIZED,PARALLEL,YES,YES,NO_RECORDED_INDUSTRY_ROLE,NO,DRUG|OTHER,SINGLE_COUNTRY,1,YES,RETROSPECTIVE,TERMINATED,70,NO,NO,2011-08-31,2011,2008-2016,2011-02,2011-06-08,ADULT|OLDER_ADULT,YES,YES
NCT01431339,MIXED_WOUND_EXPLICIT_TARGET,UNKNOWN,INTERVENTIONAL,RANDOMIZED,PARALLEL,YES,YES,INDUSTRY_LEAD,NO,DRUG,MULTICOUNTRY,14,YES,RETROSPECTIVE,COMPLETED,739,NO,YES,2011-09-09,2011,2008-2016,2011-07,2011-09-08,ADULT|OLDER_ADULT,YES,YES
NCT01433159,PI_TREATMENT,UNKNOWN,INTERVENTIONAL,RANDOMIZED,PARALLEL,YES,YES,INDUSTRY_LEAD,NO,DRUG,SINGLE_COUNTRY,1,YES,RETROSPECTIVE,TERMINATED,19,NO,NO,2011-09-13,2011,2008-2016,2011-09,2011-09-12,CHILD|ADULT|OLDER_ADULT,YES,YES
NCT01434914,VLU_ACTIVE_TREATMENT,UNKNOWN,INTERVENTIONAL,RANDOMIZED,PARALLEL,YES,YES,INDUSTRY_LEAD,NO,DRUG,SINGLE_COUNTRY,1,NO,PROSPECTIVE_OR_SAME_DAY,TERMINATED,9,NO,NO,2011-09-15,2011,2008-2016,2011-10,2011-09-13,ADULT|OLDER_ADULT,YES,NO
NCT01438541,PI_PREVENTION,UNKNOWN,INTERVENTIONAL,NA,SINGLE_GROUP,NO,NO,INDUSTRY_LEAD,YES,DEVICE,SINGLE_COUNTRY,1,NO,RETROSPECTIVE,COMPLETED,29,NO,YES,2011-09-22,2011,2008-2016,2011-09,2011-09-13,ADULT|OLDER_ADULT,YES,YES
NCT01439581,PI_PREVENTION,ADULT_ONLY_OR_RELEVANT,INTERVENTIONAL,RANDOMIZED,PARALLEL,YES,YES,INDUSTRY_COLLABORATOR,YES,DEVICE,SINGLE_COUNTRY,1,YES,RETROSPECTIVE,COMPLETED,428,NO,YES,2011-09-23,2011,2008-2016,2011-08,2011-09-22,ADULT|OLDER_ADULT,YES,YES
NCT01440452,PI_TREATMENT,UNKNOWN,INTERVENTIONAL,RANDOMIZED,PARALLEL,YES,YES,NO_RECORDED_INDUSTRY_ROLE,YES,BEHAVIORAL|DEVICE|PROCEDURE,SINGLE_COUNTRY,1,YES,RETROSPECTIVE,TERMINATED,25,NO,NO,2011-09-26,2011,2008-2016,2010-11,2011-09-22,ADULT|OLDER_ADULT,YES,YES
NCT01449422,VLU_ACTIVE_TREATMENT,UNKNOWN,INTERVENTIONAL,RANDOMIZED,PARALLEL,YES,YES,INDUSTRY_LEAD,YES,DEVICE,SINGLE_COUNTRY,1,NO,RETROSPECTIVE,COMPLETED,159,NO,YES,2011-10-10,2011,2008-2016,2011-05,2011-10-03,ADULT|OLDER_ADULT,YES,NO
NCT01453816,PI_TREATMENT,UNKNOWN,INTERVENTIONAL,NON_RANDOMIZED,SINGLE_GROUP,NO,NO,INDUSTRY_LEAD,NO,PROCEDURE,SINGLE_COUNTRY,1,NO,RETROSPECTIVE,WITHDRAWN,0,YES,NO,2011-10-18,2011,2008-2016,2011-05,2011-10-03,ADULT|OLDER_ADULT,YES,NO
NCT01454570,PI_TREATMENT,UNKNOWN,INTERVENTIONAL,NA,SINGLE_GROUP,NO,NO,NO_RECORDED_INDUSTRY_ROLE,YES,DEVICE,SINGLE_COUNTRY,1,YES,RETROSPECTIVE,COMPLETED,19,NO,YES,2011-10-19,2011,2008-2016,2011-02,2011-09-14,ADULT|OLDER_ADULT,YES,YES
NCT01467817,PI_PREVENTION,UNKNOWN,INTERVENTIONAL,RANDOMIZED,SINGLE_GROUP,YES,NO,NO_RECORDED_INDUSTRY_ROLE,NO,BEHAVIORAL,SINGLE_COUNTRY,1,YES,RETROSPECTIVE,COMPLETED,29,NO,YES,2011-11-09,2011,2008-2016,2010-09,2011-09-26,ADULT|OLDER_ADULT,YES,NO
NCT01484184,PI_TREATMENT,UNKNOWN,INTERVENTIONAL,RANDOMIZED,FACTORIAL,YES,YES,NO_RECORDED_INDUSTRY_ROLE,NO,DRUG,SINGLE_COUNTRY,1,NO,PROSPECTIVE_OR_SAME_DAY,COMPLETED,50,NO,YES,2011-12-02,2011,2008-2016,2013-07,2011-11-25,ADULT|OLDER_ADULT,YES,NO
NCT01491438,VLU_ACTIVE_TREATMENT,UNKNOWN,INTERVENTIONAL,RANDOMIZED,PARALLEL,YES,YES,NO_RECORDED_INDUSTRY_ROLE,NO,PROCEDURE,SINGLE_COUNTRY,1,NO,PROSPECTIVE_OR_SAME_DAY,UNKNOWN,214,NO,NO,2011-12-14,2011,2008-2016,2013-11,2011-12-07,ADULT|OLDER_ADULT,YES,NO
NCT01497210,VLU_ACTIVE_TREATMENT,UNKNOWN,INTERVENTIONAL,NA,SINGLE_GROUP,NO,NO,INDUSTRY_LEAD,YES,DEVICE,MULTICOUNTRY,2,NO,RETROSPECTIVE,COMPLETED,40,NO,YES,2011-12-22,2011,2008-2016,2011-11,2011-12-20,ADULT|OLDER_ADULT,YES,NO
NCT01499277,PI_TREATMENT,UNKNOWN,INTERVENTIONAL,RANDOMIZED,PARALLEL,YES,YES,INDUSTRY_LEAD,NO,DRUG,MULTICOUNTRY,28,YES,PROSPECTIVE_OR_SAME_DAY,COMPLETED,802,NO,YES,2011-12-26,2011,2008-2016,2012-05,2011-12-16,ADULT|OLDER_ADULT,YES,YES
NCT01499784,PI_TREATMENT,UNKNOWN,INTERVENTIONAL,NA,SINGLE_GROUP,NO,NO,NO_RECORDED_INDUSTRY_ROLE,NO,BEHAVIORAL,UNKNOWN,0,UNKNOWN,PROSPECTIVE_OR_SAME_DAY,COMPLETED,5,NO,YES,2011-12-26,2011,2008-2016,2012-01,2011-12-20,ADULT|OLDER_ADULT,YES,NO
NCT01500174,PI_TREATMENT,UNKNOWN,INTERVENTIONAL,RANDOMIZED,PARALLEL,YES,YES,NO_RECORDED_INDUSTRY_ROLE,YES,DEVICE,SINGLE_COUNTRY,1,NO,RETROSPECTIVE,COMPLETED,43,NO,YES,2011-12-28,2011,2008-2016,2007-11,2011-12-14,ADULT|OLDER_ADULT,YES,NO
NCT01509599,VLU_ACTIVE_TREATMENT,ADULT_ONLY_OR_RELEVANT,INTERVENTIONAL,RANDOMIZED,PARALLEL,YES,YES,NO_RECORDED_INDUSTRY_ROLE,NO,PROCEDURE,SINGLE_COUNTRY,1,YES,RETROSPECTIVE,COMPLETED,197,NO,YES,2012-01-13,2012,2008-2016,2011-08,2011-08-19,ADULT|OLDER_ADULT,YES,NO
NCT01528293,VLU_ACTIVE_TREATMENT,UNKNOWN,INTERVENTIONAL,RANDOMIZED,PARALLEL,YES,YES,NO_RECORDED_INDUSTRY_ROLE,YES,DEVICE|OTHER,SINGLE_COUNTRY,1,YES,PROSPECTIVE_OR_SAME_DAY,TERMINATED,2,NO,NO,2012-02-08,2012,2008-2016,2012-07,2012-01-27,ADULT|OLDER_ADULT,YES,YES
NCT01537003,VLU_ACTIVE_TREATMENT,UNKNOWN,INTERVENTIONAL,RANDOMIZED,SINGLE_GROUP,YES,NO,INDUSTRY_LEAD,YES,DEVICE,MULTICOUNTRY,4,YES,PROSPECTIVE_OR_SAME_DAY,UNKNOWN,250,NO,NO,2012-02-22,2012,2008-2016,2012-10,2012-02-16,ADULT|OLDER_ADULT,YES,NO
NCT01539980,MIXED_WOUND_EXPLICIT_TARGET,UNKNOWN,INTERVENTIONAL,NA,SINGLE_GROUP,NO,NO,NO_RECORDED_INDUSTRY_ROLE,YES,DEVICE,SINGLE_COUNTRY,1,NO,PROSPECTIVE_OR_SAME_DAY,COMPLETED,30,NO,YES,2012-02-28,2012,2008-2016,2012-08,2012-02-17,ADULT,YES,YES
NCT01540981,PI_TREATMENT,UNKNOWN,INTERVENTIONAL,RANDOMIZED,PARALLEL,YES,YES,INDUSTRY_LEAD,YES,DEVICE|OTHER,SINGLE_COUNTRY,1,YES,RETROSPECTIVE,TERMINATED,12,NO,NO,2012-02-29,2012,2008-2016,2012-02,2012-02-20,ADULT|OLDER_ADULT,YES,YES
NCT01549860,VLU_ACTIVE_TREATMENT,UNKNOWN,INTERVENTIONAL,RANDOMIZED,PARALLEL,YES,YES,INDUSTRY_LEAD,YES,DEVICE,SINGLE_COUNTRY,1,YES,PROSPECTIVE_OR_SAME_DAY,COMPLETED,156,NO,YES,2012-03-09,2012,2008-2016,2012-04,2012-03-07,ADULT|OLDER_ADULT,YES,YES
NCT01552447,VLU_ACTIVE_TREATMENT,UNKNOWN,INTERVENTIONAL,RANDOMIZED,PARALLEL,YES,YES,INDUSTRY_LEAD,NO,OTHER,SINGLE_COUNTRY,1,YES,RETROSPECTIVE,COMPLETED,98,NO,YES,2012-03-13,2012,2008-2016,2012-03,2012-03-06,ADULT|OLDER_ADULT,YES,NO
NCT01567150,VLU_ACTIVE_TREATMENT,UNKNOWN,INTERVENTIONAL,RANDOMIZED,PARALLEL,YES,YES,INDUSTRY_LEAD,YES,DEVICE,SINGLE_COUNTRY,1,YES,RETROSPECTIVE,COMPLETED,35,NO,YES,2012-03-30,2012,2008-2016,2012-02,2012-03-23,ADULT|OLDER_ADULT,YES,YES
NCT01567605,PI_TREATMENT,UNKNOWN,INTERVENTIONAL,RANDOMIZED,CROSSOVER,YES,YES,NO_RECORDED_INDUSTRY_ROLE,NO,DRUG|OTHER,SINGLE_COUNTRY,1,NO,RETROSPECTIVE,COMPLETED,13,NO,YES,2012-03-30,2012,2008-2016,2012-03,2012-03-23,ADULT|OLDER_ADULT,YES,YES
NCT01570816,PI_TREATMENT,UNKNOWN,INTERVENTIONAL,NA,SINGLE_GROUP,NO,NO,NO_RECORDED_INDUSTRY_ROLE,YES,DEVICE,SINGLE_COUNTRY,1,YES,RETROSPECTIVE,UNKNOWN,6,NO,NO,2012-04-04,2012,2008-2016,2012-04,2012-04-02,ADULT|OLDER_ADULT,YES,NO
NCT01572376,PI_TREATMENT,UNKNOWN,INTERVENTIONAL,NON_RANDOMIZED,SINGLE_GROUP,NO,NO,NO_RECORDED_INDUSTRY_ROLE,NO,PROCEDURE,SINGLE_COUNTRY,1,NO,RETROSPECTIVE,COMPLETED,30,NO,YES,2012-04-06,2012,2008-2016,2007-11,2012-03-28,ADULT|OLDER_ADULT,YES,NO
NCT01573234,PI_TREATMENT,UNKNOWN,INTERVENTIONAL,RANDOMIZED,PARALLEL,YES,YES,INDUSTRY_COLLABORATOR,YES,DEVICE,SINGLE_COUNTRY,1,NO,RETROSPECTIVE,COMPLETED,180,NO,YES,2012-04-09,2012,2008-2016,2012-04,2012-04-02,ADULT|OLDER_ADULT,YES,NO
NCT01591434,VLU_ACTIVE_TREATMENT,UNKNOWN,INTERVENTIONAL,RANDOMIZED,PARALLEL,YES,YES,INDUSTRY_LEAD,YES,DEVICE,MULTICOUNTRY,4,NO,RETROSPECTIVE,COMPLETED,65,NO,YES,2012-05-04,2012,2008-2016,2012-05,2012-05-02,ADULT|OLDER_ADULT,YES,NO
NCT01595347,PI_PREVENTION,UNKNOWN,INTERVENTIONAL,RANDOMIZED,PARALLEL,YES,YES,NO_RECORDED_INDUSTRY_ROLE,NO,DRUG|OTHER,SINGLE_COUNTRY,1,NO,RETROSPECTIVE,UNKNOWN,410,NO,NO,2012-05-10,2012,2008-2016,2012-01,2012-01-10,ADULT|OLDER_ADULT,YES,NO
NCT01608438,PI_TREATMENT,UNKNOWN,INTERVENTIONAL,NON_RANDOMIZED,PARALLEL,NO,YES,NO_RECORDED_INDUSTRY_ROLE,YES,DEVICE,SINGLE_COUNTRY,1,YES,PROSPECTIVE_OR_SAME_DAY,UNKNOWN,157,NO,NO,2012-05-31,2012,2008-2016,2013-02,2012-04-16,ADULT|OLDER_ADULT,YES,NO
NCT01612806,VLU_ACTIVE_TREATMENT,UNKNOWN,INTERVENTIONAL,RANDOMIZED,PARALLEL,YES,YES,INDUSTRY_LEAD,YES,DEVICE|PROCEDURE,SINGLE_COUNTRY,1,NO,RETROSPECTIVE,TERMINATED,31,NO,NO,2012-06-06,2012,2008-2016,2011-06,2012-06-04,ADULT|OLDER_ADULT,YES,NO
NCT01640418,PI_TREATMENT,UNKNOWN,INTERVENTIONAL,RANDOMIZED,PARALLEL,YES,YES,NO_RECORDED_INDUSTRY_ROLE,YES,DEVICE,SINGLE_COUNTRY,1,NO,PROSPECTIVE_OR_SAME_DAY,COMPLETED,253,NO,YES,2012-07-13,2012,2008-2016,2012-09,2012-07-11,ADULT|OLDER_ADULT,YES,NO
NCT01647321,PI_TREATMENT,UNKNOWN,INTERVENTIONAL,RANDOMIZED,PARALLEL,YES,YES,NO_RECORDED_INDUSTRY_ROLE,NO,BEHAVIORAL,SINGLE_COUNTRY,1,YES,RETROSPECTIVE,COMPLETED,16,NO,YES,2012-07-23,2012,2008-2016,2012-07,2012-07-19,ADULT|OLDER_ADULT,YES,NO
NCT01651260,PI_PREVENTION,UNKNOWN,INTERVENTIONAL,NA,SINGLE_GROUP,NO,NO,INDUSTRY_LEAD,NO,OTHER,SINGLE_COUNTRY,1,YES,RETROSPECTIVE,COMPLETED,65,NO,YES,2012-07-27,2012,2008-2016,2012-07,2012-07-16,ADULT|OLDER_ADULT,YES,YES
NCT01656889,VLU_ACTIVE_TREATMENT,UNKNOWN,INTERVENTIONAL,RANDOMIZED,PARALLEL,YES,YES,INDUSTRY_LEAD,NO,BIOLOGICAL,MULTICOUNTRY,2,YES,PROSPECTIVE_OR_SAME_DAY,COMPLETED,447,NO,YES,2012-08-03,2012,2008-2016,2012-08,2012-08-01,ADULT|OLDER_ADULT,YES,YES
NCT01671748,VLU_ACTIVE_TREATMENT,UNKNOWN,INTERVENTIONAL,RANDOMIZED,PARALLEL,YES,YES,INDUSTRY_COLLABORATOR,YES,DEVICE|OTHER,SINGLE_COUNTRY,1,NO,RETROSPECTIVE,COMPLETED,47,NO,YES,2012-08-24,2012,2008-2016,2012-08,2012-08-21,ADULT|OLDER_ADULT,YES,YES
NCT01672255,VLU_ACTIVE_TREATMENT,UNKNOWN,INTERVENTIONAL,RANDOMIZED,CROSSOVER,YES,YES,NO_RECORDED_INDUSTRY_ROLE,NO,DRUG,SINGLE_COUNTRY,1,YES,PROSPECTIVE_OR_SAME_DAY,COMPLETED,64,NO,YES,2012-08-24,2012,2008-2016,2012-10,2012-08-17,ADULT,YES,NO
NCT01673412,VLU_ACTIVE_TREATMENT,UNKNOWN,INTERVENTIONAL,NA,SINGLE_GROUP,NO,NO,NO_RECORDED_INDUSTRY_ROLE,NO,OTHER,SINGLE_COUNTRY,1,NO,RETROSPECTIVE,COMPLETED,104,NO,YES,2012-08-28,2012,2008-2016,2003-01,2012-07-31,ADULT|OLDER_ADULT,YES,NO
NCT01710774,VLU_ACTIVE_TREATMENT,UNKNOWN,INTERVENTIONAL,RANDOMIZED,SINGLE_GROUP,YES,NO,NO_RECORDED_INDUSTRY_ROLE,NO,PROCEDURE,SINGLE_COUNTRY,1,NO,RETROSPECTIVE,UNKNOWN,241,NO,NO,2012-10-19,2012,2008-2016,2012-04,2012-10-17,ADULT|OLDER_ADULT,YES,NO
NCT01734109,PI_TREATMENT,UNKNOWN,INTERVENTIONAL,RANDOMIZED,PARALLEL,YES,YES,INDUSTRY_LEAD,YES,DEVICE,SINGLE_COUNTRY,1,YES,PROSPECTIVE_OR_SAME_DAY,UNKNOWN,90,NO,NO,2012-11-27,2012,2008-2016,2012-12,2012-11-21,ADULT|OLDER_ADULT,YES,NO
NCT01737762,VLU_ACTIVE_TREATMENT,UNKNOWN,INTERVENTIONAL,RANDOMIZED,PARALLEL,YES,YES,INDUSTRY_LEAD,NO,BIOLOGICAL,MULTICOUNTRY,3,YES,RETROSPECTIVE,COMPLETED,155,NO,YES,2012-11-30,2012,2008-2016,2012-11,2012-11-20,ADULT|OLDER_ADULT,YES,YES
NCT01743053,VLU_ACTIVE_TREATMENT,UNKNOWN,INTERVENTIONAL,RANDOMIZED,PARALLEL,YES,YES,INDUSTRY_LEAD,YES,DEVICE|OTHER,MULTICOUNTRY,2,NO,PROSPECTIVE_OR_SAME_DAY,COMPLETED,52,NO,YES,2012-12-06,2012,2008-2016,2013-01,2012-11-29,ADULT|OLDER_ADULT,YES,NO
NCT01747993,PI_TREATMENT,UNKNOWN,INTERVENTIONAL,RANDOMIZED,PARALLEL,YES,YES,NO_RECORDED_INDUSTRY_ROLE,NO,DRUG,SINGLE_COUNTRY,1,NO,PROSPECTIVE_OR_SAME_DAY,TERMINATED,34,NO,NO,2012-12-12,2012,2008-2016,2013-01,2012-12-10,OLDER_ADULT,YES,NO
NCT01750749,VLU_ACTIVE_TREATMENT,UNKNOWN,INTERVENTIONAL,NA,SINGLE_GROUP,NO,NO,NO_RECORDED_INDUSTRY_ROLE,NO,BIOLOGICAL,SINGLE_COUNTRY,1,NO,RETROSPECTIVE,COMPLETED,4,NO,YES,2012-12-17,2012,2008-2016,2011-05,2012-12-13,ADULT|OLDER_ADULT,YES,NO
NCT01754506,VLU_ACTIVE_TREATMENT,ADULT_ONLY_OR_RELEVANT,INTERVENTIONAL,RANDOMIZED,PARALLEL,YES,YES,NO_RECORDED_INDUSTRY_ROLE,NO,DIETARY_SUPPLEMENT,SINGLE_COUNTRY,1,YES,PROSPECTIVE_OR_SAME_DAY,COMPLETED,41,NO,YES,2012-12-21,2012,2008-2016,2013-01,2012-12-13,ADULT|OLDER_ADULT,YES,NO
NCT01757574,PI_TREATMENT,UNKNOWN,INTERVENTIONAL,NA,SINGLE_GROUP,NO,NO,INDUSTRY_COLLABORATOR,NO,DRUG,SINGLE_COUNTRY,1,YES,RETROSPECTIVE,WITHDRAWN,0,YES,NO,2012-12-31,2012,2008-2016,2012-11,2012-12-06,ADULT|OLDER_ADULT,YES,NO
NCT01762423,PI_TREATMENT,UNKNOWN,INTERVENTIONAL,RANDOMIZED,PARALLEL,YES,YES,NO_RECORDED_INDUSTRY_ROLE,YES,DEVICE,SINGLE_COUNTRY,1,YES,RETROSPECTIVE,WITHDRAWN,0,YES,NO,2013-01-07,2013,2008-2016,2012-12,2013-01-03,ADULT|OLDER_ADULT,YES,NO
NCT01770509,VLU_ACTIVE_TREATMENT,UNKNOWN,INTERVENTIONAL,RANDOMIZED,PARALLEL,YES,YES,INDUSTRY_LEAD,YES,DEVICE|OTHER,SINGLE_COUNTRY,1,NO,PROSPECTIVE_OR_SAME_DAY,COMPLETED,30,NO,YES,2013-01-17,2013,2008-2016,2013-02,2013-01-13,ADULT|OLDER_ADULT,YES,YES
NCT01772303,MIXED_WOUND_EXPLICIT_TARGET,UNKNOWN,INTERVENTIONAL,NA,SINGLE_GROUP,NO,NO,INDUSTRY_LEAD,NO,DRUG,SINGLE_COUNTRY,1,NO,RETROSPECTIVE,UNKNOWN,100,NO,NO,2013-01-21,2013,2008-2016,2013-01,2013-01-17,ADULT|OLDER_ADULT,YES,NO
NCT01788033,PI_TREATMENT,UNKNOWN,INTERVENTIONAL,RANDOMIZED,PARALLEL,YES,YES,INDUSTRY_COLLABORATOR,NO,DRUG,SINGLE_COUNTRY,1,NO,RETROSPECTIVE,COMPLETED,22,NO,YES,2013-02-11,2013,2008-2016,2009-09,2013-02-01,ADULT,YES,NO
NCT01801891,VLU_RECURRENCE_PREVENTION,UNKNOWN,INTERVENTIONAL,RANDOMIZED,PARALLEL,YES,YES,NO_RECORDED_INDUSTRY_ROLE,YES,DEVICE|OTHER,SINGLE_COUNTRY,1,NO,PROSPECTIVE_OR_SAME_DAY,COMPLETED,25,NO,YES,2013-03-01,2013,2008-2016,2013-05,2013-02-25,ADULT|OLDER_ADULT,YES,NO
NCT01811732,MIXED_WOUND_EXPLICIT_TARGET,UNKNOWN,INTERVENTIONAL,RANDOMIZED,PARALLEL,YES,YES,INDUSTRY_LEAD,NO,DRUG,MULTICOUNTRY,7,YES,PROSPECTIVE_OR_SAME_DAY,COMPLETED,660,NO,YES,2013-03-15,2013,2008-2016,2013-04,2013-03-08,ADULT|OLDER_ADULT,YES,YES
NCT01817218,VLU_ACTIVE_TREATMENT,UNKNOWN,INTERVENTIONAL,RANDOMIZED,PARALLEL,YES,YES,NO_RECORDED_INDUSTRY_ROLE,YES,DEVICE|DRUG,SINGLE_COUNTRY,1,NO,PROSPECTIVE_OR_SAME_DAY,COMPLETED,40,NO,YES,2013-03-25,2013,2008-2016,2013-06,2013-02-27,ADULT|OLDER_ADULT,YES,NO
NCT01817543,VLU_ACTIVE_TREATMENT,UNKNOWN,INTERVENTIONAL,NA,SINGLE_GROUP,NO,NO,INDUSTRY_LEAD,YES,DEVICE,SINGLE_COUNTRY,1,YES,PROSPECTIVE_OR_SAME_DAY,TERMINATED,2,NO,NO,2013-03-25,2013,2008-2016,2013-10,2013-03-21,ADULT|OLDER_ADULT,YES,NO
NCT01819142,PI_TREATMENT,UNKNOWN,INTERVENTIONAL,NA,SINGLE_GROUP,NO,NO,INDUSTRY_LEAD,YES,DEVICE,SINGLE_COUNTRY,1,YES,PROSPECTIVE_OR_SAME_DAY,TERMINATED,2,NO,NO,2013-03-27,2013,2008-2016,2013-04,2013-03-21,ADULT|OLDER_ADULT,YES,NO
NCT01820663,PI_TREATMENT,UNKNOWN,INTERVENTIONAL,RANDOMIZED,PARALLEL,YES,YES,NO_RECORDED_INDUSTRY_ROLE,NO,OTHER,SINGLE_COUNTRY,1,YES,RETROSPECTIVE,COMPLETED,20,NO,YES,2013-03-29,2013,2008-2016,2012-03,2013-03-13,ADULT|OLDER_ADULT,YES,NO
NCT01834417,PI_PREVENTION,UNKNOWN,INTERVENTIONAL,NON_RANDOMIZED,SINGLE_GROUP,NO,NO,NO_RECORDED_INDUSTRY_ROLE,YES,DEVICE,SINGLE_COUNTRY,1,NO,PROSPECTIVE_OR_SAME_DAY,COMPLETED,90,NO,YES,2013-04-17,2013,2008-2016,2013-04-18,2013-04-08,ADULT|OLDER_ADULT,YES,NO
NCT01852279,PI_TREATMENT,UNKNOWN,INTERVENTIONAL,RANDOMIZED,PARALLEL,YES,YES,NO_RECORDED_INDUSTRY_ROLE,YES,DEVICE,SINGLE_COUNTRY,1,NO,PROSPECTIVE_OR_SAME_DAY,COMPLETED,15,NO,YES,2013-05-13,2013,2008-2016,2013-05-08,2013-04-30,ADULT|OLDER_ADULT,YES,NO
NCT01853384,VLU_ACTIVE_TREATMENT,UNKNOWN,INTERVENTIONAL,RANDOMIZED,PARALLEL,YES,YES,INDUSTRY_LEAD,NO,BIOLOGICAL|OTHER,MULTICOUNTRY,5,NO,PROSPECTIVE_OR_SAME_DAY,TERMINATED,252,NO,NO,2013-05-15,2013,2008-2016,2013-11,2013-05-08,ADULT|OLDER_ADULT,YES,YES
NCT01857089,PI_TREATMENT,UNKNOWN,INTERVENTIONAL,NA,SINGLE_GROUP,NO,NO,NO_RECORDED_INDUSTRY_ROLE,YES,DEVICE,SINGLE_COUNTRY,1,NO,PROSPECTIVE_OR_SAME_DAY,COMPLETED,30,NO,YES,2013-05-20,2013,2008-2016,2013-05,2013-02-01,ADULT,YES,NO
NCT01858272,VLU_ACTIVE_TREATMENT,ADULT_ONLY_OR_RELEVANT,INTERVENTIONAL,NA,SINGLE_GROUP,NO,NO,NO_RECORDED_INDUSTRY_ROLE,NO,DRUG,UNKNOWN,0,UNKNOWN,RETROSPECTIVE,COMPLETED,15,NO,YES,2013-05-21,2013,2008-2016,2004-09,2013-05-08,ADULT|OLDER_ADULT,YES,NO
NCT01858896,VLU_ACTIVE_TREATMENT,UNKNOWN,INTERVENTIONAL,RANDOMIZED,PARALLEL,YES,YES,NO_RECORDED_INDUSTRY_ROLE,NO,DRUG|OTHER,SINGLE_COUNTRY,1,YES,PROSPECTIVE_OR_SAME_DAY,ACTIVE_NOT_RECRUITING,28,NO,NO,2013-05-21,2013,2008-2016,2013-07,2013-05-13,ADULT,YES,NO
NCT01876017,PI_TREATMENT,UNKNOWN,INTERVENTIONAL,NA,SINGLE_GROUP,NO,NO,NO_RECORDED_INDUSTRY_ROLE,NO,BIOLOGICAL,SINGLE_COUNTRY,1,NO,PROSPECTIVE_OR_SAME_DAY,UNKNOWN,15,NO,NO,2013-06-12,2013,2008-2016,2014-09,2013-06-08,ADULT|OLDER_ADULT,YES,NO
NCT01877681,PI_TREATMENT,UNKNOWN,INTERVENTIONAL,RANDOMIZED,PARALLEL,YES,YES,NO_RECORDED_INDUSTRY_ROLE,NO,PROCEDURE,UNKNOWN,0,UNKNOWN,RETROSPECTIVE,COMPLETED,58,NO,YES,2013-06-14,2013,2008-2016,2012-10,2013-06-12,CHILD|ADULT|OLDER_ADULT,YES,NO
NCT01885962,PI_TREATMENT,ADULT_ONLY_OR_RELEVANT,INTERVENTIONAL,RANDOMIZED,PARALLEL,YES,YES,NO_RECORDED_INDUSTRY_ROLE,NO,BEHAVIORAL,SINGLE_COUNTRY,1,YES,RETROSPECTIVE,COMPLETED,19,NO,YES,2013-06-25,2013,2008-2016,2012-05,2013-06-18,ADULT|OLDER_ADULT,YES,NO
NCT01891565,PI_TREATMENT,UNKNOWN,INTERVENTIONAL,RANDOMIZED,PARALLEL,YES,YES,NO_RECORDED_INDUSTRY_ROLE,NO,BEHAVIORAL,SINGLE_COUNTRY,1,NO,PROSPECTIVE_OR_SAME_DAY,UNKNOWN,100,NO,NO,2013-07-03,2013,2008-2016,2013-07,2013-06-26,ADULT|OLDER_ADULT,YES,NO
NCT01891760,VLU_RECURRENCE_PREVENTION,UNKNOWN,INTERVENTIONAL,NON_RANDOMIZED,PARALLEL,NO,YES,INDUSTRY_LEAD,YES,DEVICE,MULTICOUNTRY,6,YES,RETROSPECTIVE,COMPLETED,225,NO,YES,2013-07-03,2013,2008-2016,2010-05,2013-06-28,ADULT|OLDER_ADULT,YES,NO
NCT01894802,PI_TREATMENT,UNKNOWN,INTERVENTIONAL,NA,SINGLE_GROUP,NO,NO,NO_RECORDED_INDUSTRY_ROLE,YES,DEVICE,SINGLE_COUNTRY,1,YES,PROSPECTIVE_OR_SAME_DAY,RECRUITING,30,NO,NO,2013-07-10,2013,2008-2016,2013-12-01,2013-07-03,ADULT|OLDER_ADULT,YES,NO
NCT01900067,PI_TREATMENT,UNKNOWN,INTERVENTIONAL,RANDOMIZED,PARALLEL,YES,YES,INDUSTRY_LEAD,YES,DEVICE,UNKNOWN,0,UNKNOWN,RETROSPECTIVE,COMPLETED,271,NO,YES,2013-07-16,2013,2008-2016,2012-11,2013-07-08,ADULT|OLDER_ADULT,YES,YES
NCT01904591,PI_TREATMENT,UNKNOWN,INTERVENTIONAL,NA,SINGLE_GROUP,NO,NO,NO_RECORDED_INDUSTRY_ROLE,NO,DIETARY_SUPPLEMENT,SINGLE_COUNTRY,1,NO,PROSPECTIVE_OR_SAME_DAY,COMPLETED,4,NO,YES,2013-07-22,2013,2008-2016,2013-10,2013-07-10,ADULT|OLDER_ADULT,YES,NO
NCT01906424,PI_TREATMENT,UNKNOWN,INTERVENTIONAL,RANDOMIZED,CROSSOVER,YES,YES,INDUSTRY_LEAD,YES,DEVICE,SINGLE_COUNTRY,1,YES,PROSPECTIVE_OR_SAME_DAY,COMPLETED,7,NO,YES,2013-07-24,2013,2008-2016,2016-04,2013-07-16,ADULT|OLDER_ADULT,YES,NO
NCT01909908,VLU_ACTIVE_TREATMENT,UNKNOWN,INTERVENTIONAL,RANDOMIZED,PARALLEL,YES,YES,INDUSTRY_LEAD,YES,BIOLOGICAL|DEVICE,SINGLE_COUNTRY,1,NO,RETROSPECTIVE,TERMINATED,2,NO,NO,2013-07-29,2013,2008-2016,2013-02,2013-07-25,ADULT|OLDER_ADULT,YES,NO
NCT01924806,MIXED_WOUND_EXPLICIT_TARGET,ADULT_ONLY_OR_RELEVANT,INTERVENTIONAL,RANDOMIZED,PARALLEL,YES,YES,INDUSTRY_LEAD,YES,DEVICE,MULTICOUNTRY,2,NO,PROSPECTIVE_OR_SAME_DAY,TERMINATED,11,NO,NO,2013-08-19,2013,2008-2016,2014-03-04,2013-08-13,ADULT|OLDER_ADULT,YES,YES
NCT01943669,PI_TREATMENT,UNKNOWN,INTERVENTIONAL,NA,SINGLE_GROUP,NO,NO,NO_RECORDED_INDUSTRY_ROLE,YES,DEVICE,SINGLE_COUNTRY,1,NO,RETROSPECTIVE,UNKNOWN,10,NO,NO,2013-09-17,2013,2008-2016,2013-06,2013-07-22,ADULT,YES,NO
NCT01949285,PI_TREATMENT,UNKNOWN,INTERVENTIONAL,RANDOMIZED,CROSSOVER,YES,YES,INDUSTRY_LEAD,YES,DEVICE,SINGLE_COUNTRY,1,YES,PROSPECTIVE_OR_SAME_DAY,COMPLETED,10,NO,YES,2013-09-24,2013,2008-2016,2015-06,2013-09-19,ADULT|OLDER_ADULT,YES,NO
NCT01958177,PI_TREATMENT,UNKNOWN,INTERVENTIONAL,NA,SINGLE_GROUP,NO,NO,NO_RECORDED_INDUSTRY_ROLE,NO,BIOLOGICAL,SINGLE_COUNTRY,1,NO,PROSPECTIVE_OR_SAME_DAY,UNKNOWN,20,NO,NO,2013-10-09,2013,2008-2016,2014-09,2013-07-31,ADULT|OLDER_ADULT,YES,NO
NCT01966380,MIXED_WOUND_EXPLICIT_TARGET,ADULT_ONLY_OR_RELEVANT,INTERVENTIONAL,RANDOMIZED,CROSSOVER,YES,YES,INDUSTRY_LEAD,YES,DEVICE,SINGLE_COUNTRY,1,NO,RETROSPECTIVE,TERMINATED,6,NO,NO,2013-10-21,2013,2008-2016,2013-09,2013-10-09,ADULT|OLDER_ADULT,YES,YES
NCT01970163,MIXED_WOUND_EXPLICIT_TARGET,UNKNOWN,INTERVENTIONAL,RANDOMIZED,PARALLEL,YES,YES,INDUSTRY_LEAD,NO,OTHER,SINGLE_COUNTRY,1,YES,RETROSPECTIVE,COMPLETED,202,NO,YES,2013-10-25,2013,2008-2016,2013-10,2013-10-22,ADULT|OLDER_ADULT,YES,NO
NCT01972633,VLU_ACTIVE_TREATMENT,UNKNOWN,INTERVENTIONAL,RANDOMIZED,PARALLEL,YES,YES,NO_RECORDED_INDUSTRY_ROLE,NO,PROCEDURE,SINGLE_COUNTRY,1,NO,RETROSPECTIVE,UNKNOWN,140,NO,NO,2013-10-30,2013,2008-2016,2010-06,2012-12-04,ADULT|OLDER_ADULT,YES,NO
NCT01973361,VLU_ACTIVE_TREATMENT,UNKNOWN,INTERVENTIONAL,RANDOMIZED,PARALLEL,YES,YES,NO_RECORDED_INDUSTRY_ROLE,YES,DEVICE,SINGLE_COUNTRY,1,NO,PROSPECTIVE_OR_SAME_DAY,COMPLETED,78,NO,YES,2013-10-31,2013,2008-2016,2013-12,2013-10-25,ADULT|OLDER_ADULT,YES,NO
NCT01982318,VLU_ACTIVE_TREATMENT,UNKNOWN,INTERVENTIONAL,RANDOMIZED,PARALLEL,YES,YES,INDUSTRY_LEAD,NO,DRUG,UNKNOWN,0,UNKNOWN,PROSPECTIVE_OR_SAME_DAY,WITHDRAWN,0,YES,NO,2013-11-13,2013,2008-2016,2017-01,2013-11-05,ADULT|OLDER_ADULT,YES,NO
NCT01984684,MIXED_WOUND_EXPLICIT_TARGET,UNKNOWN,INTERVENTIONAL,RANDOMIZED,PARALLEL,YES,YES,INDUSTRY_LEAD,NO,DRUG,MULTICOUNTRY,16,YES,PROSPECTIVE_OR_SAME_DAY,COMPLETED,850,NO,YES,2013-11-15,2013,2008-2016,2014-05,2013-11-08,ADULT|OLDER_ADULT,YES,YES
NCT01999816,PI_TREATMENT,ADULT_ONLY_OR_RELEVANT,INTERVENTIONAL,RANDOMIZED,PARALLEL,YES,YES,NO_RECORDED_INDUSTRY_ROLE,NO,BEHAVIORAL,SINGLE_COUNTRY,1,YES,RETROSPECTIVE,COMPLETED,170,NO,YES,2013-12-03,2013,2008-2016,2008-09,2013-11-25,ADULT|OLDER_ADULT,YES,NO
NCT02001558,PI_TREATMENT,ADULT_ONLY_OR_RELEVANT,INTERVENTIONAL,RANDOMIZED,PARALLEL,YES,YES,INDUSTRY_COLLABORATOR,NO,DRUG|OTHER,SINGLE_COUNTRY,1,YES,RETROSPECTIVE,COMPLETED,65,NO,YES,2013-12-05,2013,2008-2016,2013-03,2013-11-18,ADULT|OLDER_ADULT,YES,YES
NCT02004626,PI_TREATMENT,UNKNOWN,INTERVENTIONAL,RANDOMIZED,PARALLEL,YES,YES,INDUSTRY_LEAD,NO,DRUG,SINGLE_COUNTRY,1,NO,PROSPECTIVE_OR_SAME_DAY,WITHDRAWN,0,YES,NO,2013-12-09,2013,2008-2016,2015-01,2013-10-28,ADULT|OLDER_ADULT,YES,NO
NCT02005068,PI_TREATMENT,UNKNOWN,INTERVENTIONAL,NON_RANDOMIZED,SINGLE_GROUP,NO,NO,INDUSTRY_COLLABORATOR,NO,DRUG,SINGLE_COUNTRY,1,YES,RETROSPECTIVE,WITHDRAWN,0,YES,NO,2013-12-09,2013,2008-2016,2013-04,2013-11-21,ADULT|OLDER_ADULT,YES,NO
NCT02005692,PI_PREVENTION,UNKNOWN,INTERVENTIONAL,NA,SINGLE_GROUP,NO,NO,INDUSTRY_LEAD,YES,DEVICE,SINGLE_COUNTRY,1,YES,PROSPECTIVE_OR_SAME_DAY,COMPLETED,70,NO,YES,2013-12-09,2013,2008-2016,2013-12,2013-11-27,ADULT|OLDER_ADULT,YES,YES
NCT02007824,PI_TREATMENT,UNKNOWN,INTERVENTIONAL,RANDOMIZED,PARALLEL,YES,YES,NO_RECORDED_INDUSTRY_ROLE,YES,DEVICE,SINGLE_COUNTRY,1,NO,RETROSPECTIVE,COMPLETED,30,NO,YES,2013-12-11,2013,2008-2016,2013-08,2013-10-31,ADULT|OLDER_ADULT,YES,NO
NCT02008149,PI_PREVENTION,UNKNOWN,INTERVENTIONAL,NON_RANDOMIZED,PARALLEL,NO,YES,NO_RECORDED_INDUSTRY_ROLE,NO,OTHER,SINGLE_COUNTRY,1,YES,PROSPECTIVE_OR_SAME_DAY,COMPLETED,9,NO,YES,2013-12-11,2013,2008-2016,2014-11-01,2013-11-27,ADULT|OLDER_ADULT,YES,YES
NCT02008487,PI_TREATMENT,UNKNOWN,INTERVENTIONAL,NA,SINGLE_GROUP,NO,NO,NO_RECORDED_INDUSTRY_ROLE,NO,OTHER,SINGLE_COUNTRY,1,YES,RETROSPECTIVE,COMPLETED,50,NO,YES,2013-12-11,2013,2008-2016,2013-04,2013-12-06,ADULT|OLDER_ADULT,YES,NO
NCT02009501,VLU_ACTIVE_TREATMENT,UNKNOWN,INTERVENTIONAL,RANDOMIZED,PARALLEL,YES,YES,INDUSTRY_COLLABORATOR,YES,DEVICE,SINGLE_COUNTRY,1,YES,RETROSPECTIVE,COMPLETED,20,NO,YES,2013-12-12,2013,2008-2016,2013-11,2013-11-24,ADULT|OLDER_ADULT,YES,YES
NCT02011503,VLU_ACTIVE_TREATMENT,UNKNOWN,INTERVENTIONAL,RANDOMIZED,PARALLEL,YES,YES,INDUSTRY_LEAD,NO,OTHER|PROCEDURE,SINGLE_COUNTRY,1,YES,PROSPECTIVE_OR_SAME_DAY,COMPLETED,128,NO,YES,2013-12-13,2013,2008-2016,2014-03,2013-11-21,ADULT|OLDER_ADULT,YES,NO
NCT02011724,VLU_ACTIVE_TREATMENT,UNKNOWN,INTERVENTIONAL,NA,SINGLE_GROUP,NO,NO,INDUSTRY_LEAD,YES,DEVICE,SINGLE_COUNTRY,1,YES,RETROSPECTIVE,UNKNOWN,100,NO,NO,2013-12-13,2013,2008-2016,2013-11,2013-12-10,ADULT|OLDER_ADULT,YES,NO
NCT02014948,PI_TREATMENT,ADULT_ONLY_OR_RELEVANT,INTERVENTIONAL,NA,SINGLE_GROUP,NO,NO,NO_RECORDED_INDUSTRY_ROLE,NO,OTHER,SINGLE_COUNTRY,1,NO,RETROSPECTIVE,UNKNOWN,30,NO,NO,2013-12-19,2013,2008-2016,2013-06,2013-11-07,ADULT|OLDER_ADULT,YES,NO
NCT02015221,VLU_ACTIVE_TREATMENT,UNKNOWN,INTERVENTIONAL,RANDOMIZED,PARALLEL,YES,YES,INDUSTRY_LEAD,YES,DEVICE,SINGLE_COUNTRY,1,YES,RETROSPECTIVE,COMPLETED,81,NO,YES,2013-12-19,2013,2008-2016,2013-11,2013-12-02,ADULT|OLDER_ADULT,YES,YES
NCT02020746,VLU_ACTIVE_TREATMENT,UNKNOWN,INTERVENTIONAL,RANDOMIZED,PARALLEL,YES,YES,INDUSTRY_LEAD,NO,DRUG,SINGLE_COUNTRY,1,NO,PROSPECTIVE_OR_SAME_DAY,COMPLETED,111,NO,YES,2013-12-25,2013,2008-2016,2014-07-24,2013-12-19,ADULT|OLDER_ADULT,YES,NO
NCT02028923,MIXED_WOUND_EXPLICIT_TARGET,UNKNOWN,INTERVENTIONAL,RANDOMIZED,PARALLEL,YES,YES,NO_RECORDED_INDUSTRY_ROLE,NO,DRUG|OTHER,SINGLE_COUNTRY,1,NO,PROSPECTIVE_OR_SAME_DAY,TERMINATED,126,NO,NO,2014-01-07,2014,2008-2016,2014-04,2014-01-06,ADULT|OLDER_ADULT,YES,NO
NCT02034331,PI_TREATMENT,UNKNOWN,INTERVENTIONAL,NON_RANDOMIZED,PARALLEL,NO,YES,NO_RECORDED_INDUSTRY_ROLE,NO,DRUG|OTHER,SINGLE_COUNTRY,1,YES,RETROSPECTIVE,COMPLETED,68,NO,YES,2014-01-13,2014,2008-2016,2012-12,2014-01-08,ADULT|OLDER_ADULT,YES,NO
NCT02034396,VLU_RECURRENCE_PREVENTION,UNKNOWN,INTERVENTIONAL,NA,SINGLE_GROUP,NO,NO,NO_RECORDED_INDUSTRY_ROLE,NO,PROCEDURE,SINGLE_COUNTRY,1,YES,RETROSPECTIVE,COMPLETED,377,NO,YES,2014-01-13,2014,2008-2016,2011-05,2014-01-02,ADULT|OLDER_ADULT,YES,NO
NCT02042508,PI_TREATMENT,UNKNOWN,INTERVENTIONAL,NA,SINGLE_GROUP,NO,NO,NO_RECORDED_INDUSTRY_ROLE,NO,OTHER,SINGLE_COUNTRY,1,NO,PROSPECTIVE_OR_SAME_DAY,COMPLETED,6,NO,YES,2014-01-23,2014,2008-2016,2016-02-02,2014-01-17,ADULT,YES,NO
NCT02045797,PI_TREATMENT,ADULT_ONLY_OR_RELEVANT,INTERVENTIONAL,RANDOMIZED,PARALLEL,YES,YES,INDUSTRY_LEAD,NO,DRUG,SINGLE_COUNTRY,1,YES,PROSPECTIVE_OR_SAME_DAY,COMPLETED,126,NO,YES,2014-01-27,2014,2008-2016,2014-03-24,2014-01-23,ADULT|OLDER_ADULT,YES,YES
NCT02068027,VLU_ACTIVE_TREATMENT,UNKNOWN,INTERVENTIONAL,RANDOMIZED,PARALLEL,YES,YES,INDUSTRY_LEAD,NO,DRUG,SINGLE_COUNTRY,1,YES,PROSPECTIVE_OR_SAME_DAY,COMPLETED,260,NO,YES,2014-02-20,2014,2008-2016,2014-03,2014-02-19,ADULT|OLDER_ADULT,YES,YES
NCT02071979,MIXED_WOUND_EXPLICIT_TARGET,UNKNOWN,INTERVENTIONAL,RANDOMIZED,SINGLE_GROUP,YES,NO,INDUSTRY_LEAD,YES,DEVICE|PROCEDURE,SINGLE_COUNTRY,1,YES,PROSPECTIVE_OR_SAME_DAY,TERMINATED,1500,NO,NO,2014-02-26,2014,2008-2016,2014-04,2014-02-20,ADULT|OLDER_ADULT,YES,NO
NCT02079311,PI_TREATMENT,UNKNOWN,INTERVENTIONAL,RANDOMIZED,PARALLEL,YES,YES,INDUSTRY_LEAD,YES,DEVICE,MULTICOUNTRY,3,NO,RETROSPECTIVE,COMPLETED,55,NO,YES,2014-03-05,2014,2008-2016,2014-01,2014-02-18,ADULT|OLDER_ADULT,YES,YES
NCT02087397,PI_TREATMENT,UNKNOWN,INTERVENTIONAL,NA,SINGLE_GROUP,NO,NO,INDUSTRY_LEAD,NO,BIOLOGICAL|OTHER,SINGLE_COUNTRY,1,YES,RETROSPECTIVE,WITHDRAWN,0,YES,NO,2014-03-14,2014,2008-2016,2014-03,2014-03-12,ADULT|OLDER_ADULT,YES,NO
NCT02090387,PI_TREATMENT,UNKNOWN,INTERVENTIONAL,RANDOMIZED,PARALLEL,YES,YES,INDUSTRY_LEAD,NO,OTHER,SINGLE_COUNTRY,1,YES,RETROSPECTIVE,COMPLETED,76,NO,YES,2014-03-18,2014,2008-2016,2014-03,2014-03-17,ADULT|OLDER_ADULT,YES,NO
NCT02092870,VLU_ACTIVE_TREATMENT,UNKNOWN,INTERVENTIONAL,NA,SINGLE_GROUP,NO,NO,NO_RECORDED_INDUSTRY_ROLE,NO,DRUG,SINGLE_COUNTRY,1,YES,RETROSPECTIVE,COMPLETED,25,NO,YES,2014-03-20,2014,2008-2016,2013-09,2014-03-18,ADULT|OLDER_ADULT,YES,NO
NCT02101645,VLU_ACTIVE_TREATMENT,UNKNOWN,INTERVENTIONAL,NA,SINGLE_GROUP,NO,NO,NO_RECORDED_INDUSTRY_ROLE,NO,PROCEDURE,SINGLE_COUNTRY,1,NO,PROSPECTIVE_OR_SAME_DAY,COMPLETED,6,NO,YES,2014-04-02,2014,2008-2016,2014-03,2014-02-26,ADULT|OLDER_ADULT,YES,NO
NCT02104180,VLU_ACTIVE_TREATMENT,UNKNOWN,INTERVENTIONAL,RANDOMIZED,CROSSOVER,YES,YES,INDUSTRY_LEAD,YES,DEVICE,SINGLE_COUNTRY,1,NO,RETROSPECTIVE,COMPLETED,62,NO,YES,2014-04-04,2014,2008-2016,2014-02,2014-02-27,ADULT|OLDER_ADULT,YES,YES
NCT02116010,MIXED_WOUND_EXPLICIT_TARGET,ADULT_ONLY_OR_RELEVANT,INTERVENTIONAL,RANDOMIZED,PARALLEL,YES,YES,INDUSTRY_LEAD,NO,DRUG,MULTICOUNTRY,3,NO,PROSPECTIVE_OR_SAME_DAY,UNKNOWN,,NO,NO,2014-04-16,2014,2008-2016,2015-07,2014-04-01,ADULT|OLDER_ADULT,YES,NO
NCT02116114,VLU_ACTIVE_TREATMENT,UNKNOWN,INTERVENTIONAL,RANDOMIZED,PARALLEL,YES,YES,NO_RECORDED_INDUSTRY_ROLE,NO,OTHER,UNKNOWN,0,UNKNOWN,PROSPECTIVE_OR_SAME_DAY,UNKNOWN,24,NO,NO,2014-04-16,2014,2008-2016,2014-05,2014-04-14,ADULT|OLDER_ADULT,YES,NO
NCT02119078,PI_TREATMENT,UNKNOWN,INTERVENTIONAL,NON_RANDOMIZED,PARALLEL,NO,YES,NO_RECORDED_INDUSTRY_ROLE,NO,OTHER,SINGLE_COUNTRY,1,YES,RETROSPECTIVE,UNKNOWN,300,NO,NO,2014-04-21,2014,2008-2016,2014-01,2014-04-08,CHILD|ADULT|OLDER_ADULT,YES,NO
NCT02120820,PI_TREATMENT,UNKNOWN,INTERVENTIONAL,RANDOMIZED,PARALLEL,YES,YES,NO_RECORDED_INDUSTRY_ROLE,NO,BEHAVIORAL|OTHER,SINGLE_COUNTRY,1,NO,RETROSPECTIVE,COMPLETED,240,NO,YES,2014-04-23,2014,2008-2016,2013-04-15,2014-04-16,ADULT,YES,NO
NCT02127970,PI_TREATMENT,UNKNOWN,INTERVENTIONAL,RANDOMIZED,PARALLEL,YES,YES,INDUSTRY_LEAD,NO,DRUG,MULTICOUNTRY,12,YES,RETROSPECTIVE,COMPLETED,698,NO,YES,2014-05-01,2014,2008-2016,2014-04-18,2014-04-25,ADULT|OLDER_ADULT,YES,YES
NCT02130310,VLU_ACTIVE_TREATMENT,ADULT_ONLY_OR_RELEVANT,INTERVENTIONAL,RANDOMIZED,PARALLEL,YES,YES,INDUSTRY_LEAD,NO,BIOLOGICAL|OTHER,SINGLE_COUNTRY,1,YES,PROSPECTIVE_OR_SAME_DAY,UNKNOWN,252,NO,NO,2014-05-05,2014,2008-2016,2014-05,2014-05-01,ADULT|OLDER_ADULT,YES,NO
NCT02139436,PI_PREVENTION,UNKNOWN,INTERVENTIONAL,RANDOMIZED,PARALLEL,YES,YES,NO_RECORDED_INDUSTRY_ROLE,NO,OTHER,SINGLE_COUNTRY,1,YES,RETROSPECTIVE,COMPLETED,68,NO,YES,2014-05-15,2014,2008-2016,2013-12,2014-05-12,ADULT,YES,YES
NCT02144610,VLU_ACTIVE_TREATMENT,UNKNOWN,INTERVENTIONAL,RANDOMIZED,PARALLEL,YES,YES,INDUSTRY_LEAD,NO,BIOLOGICAL,MULTICOUNTRY,11,YES,PROSPECTIVE_OR_SAME_DAY,TERMINATED,46,NO,NO,2014-05-22,2014,2008-2016,2014-11-12,2014-05-20,ADULT|OLDER_ADULT,YES,YES
NCT02148302,MIXED_WOUND_EXPLICIT_TARGET,UNKNOWN,INTERVENTIONAL,RANDOMIZED,PARALLEL,YES,YES,INDUSTRY_COLLABORATOR,YES,DEVICE,SINGLE_COUNTRY,1,YES,PROSPECTIVE_OR_SAME_DAY,TERMINATED,123,NO,NO,2014-05-28,2014,2008-2016,2014-05,2014-01-27,ADULT|OLDER_ADULT,YES,YES
NCT02154087,VLU_ACTIVE_TREATMENT,ADULT_ONLY_OR_RELEVANT,INTERVENTIONAL,NA,SINGLE_GROUP,NO,NO,INDUSTRY_LEAD,NO,BIOLOGICAL,SINGLE_COUNTRY,1,YES,PROSPECTIVE_OR_SAME_DAY,TERMINATED,1,NO,NO,2014-06-03,2014,2008-2016,2014-07,2014-05-28,ADULT|OLDER_ADULT,YES,YES
NCT02158806,VLU_ACTIVE_TREATMENT,ADULT_ONLY_OR_RELEVANT,INTERVENTIONAL,RANDOMIZED,PARALLEL,YES,YES,NO_RECORDED_INDUSTRY_ROLE,NO,DRUG,UNKNOWN,0,UNKNOWN,PROSPECTIVE_OR_SAME_DAY,COMPLETED,251,NO,YES,2014-06-09,2014,2008-2016,2015-03,2014-06-05,ADULT|OLDER_ADULT,YES,YES
NCT02167815,VLU_ACTIVE_TREATMENT,UNKNOWN,INTERVENTIONAL,NON_RANDOMIZED,PARALLEL,NO,YES,INDUSTRY_LEAD,YES,DEVICE|OTHER,SINGLE_COUNTRY,1,NO,RETROSPECTIVE,COMPLETED,30,NO,YES,2014-06-19,2014,2008-2016,2014-05,2014-05-15,ADULT|OLDER_ADULT,YES,YES
NCT02179216,VLU_ACTIVE_TREATMENT,UNKNOWN,INTERVENTIONAL,RANDOMIZED,CROSSOVER,YES,YES,NO_RECORDED_INDUSTRY_ROLE,NO,OTHER,SINGLE_COUNTRY,1,NO,PROSPECTIVE_OR_SAME_DAY,UNKNOWN,110,NO,NO,2014-07-01,2014,2008-2016,2014-07,2014-06-24,OLDER_ADULT,YES,NO
NCT02184234,VLU_ACTIVE_TREATMENT,UNKNOWN,INTERVENTIONAL,NA,SINGLE_GROUP,NO,NO,INDUSTRY_LEAD,NO,DRUG,UNKNOWN,0,UNKNOWN,RETROSPECTIVE,COMPLETED,65,NO,YES,2014-07-09,2014,2008-2016,2001-06,2014-07-02,ADULT|OLDER_ADULT,YES,NO
NCT02184793,PI_TREATMENT,UNKNOWN,INTERVENTIONAL,RANDOMIZED,CROSSOVER,YES,YES,NO_RECORDED_INDUSTRY_ROLE,YES,DEVICE,SINGLE_COUNTRY,1,NO,RETROSPECTIVE,TERMINATED,105,NO,NO,2014-07-09,2014,2008-2016,2014-06,2014-06-25,ADULT|OLDER_ADULT,YES,NO
NCT02202135,PI_TREATMENT,UNKNOWN,INTERVENTIONAL,RANDOMIZED,PARALLEL,YES,YES,INDUSTRY_LEAD,NO,DRUG,MULTICOUNTRY,13,NO,RETROSPECTIVE,TERMINATED,4,NO,NO,2014-07-28,2014,2008-2016,2014-06,2014-07-25,ADULT|OLDER_ADULT,YES,YES
NCT02203994,PI_TREATMENT,UNKNOWN,INTERVENTIONAL,NA,SINGLE_GROUP,NO,NO,NO_RECORDED_INDUSTRY_ROLE,YES,DEVICE,SINGLE_COUNTRY,1,NO,RETROSPECTIVE,COMPLETED,20,NO,YES,2014-07-30,2014,2008-2016,2014-07,2014-07-28,ADULT|OLDER_ADULT,YES,NO
NCT02211898,VLU_ACTIVE_TREATMENT,UNKNOWN,INTERVENTIONAL,NA,SINGLE_GROUP,NO,NO,INDUSTRY_LEAD,NO,DRUG,UNKNOWN,0,UNKNOWN,RETROSPECTIVE,COMPLETED,180,NO,YES,2014-08-08,2014,2008-2016,2004-07,2014-08-07,ADULT|OLDER_ADULT,YES,NO
NCT02213952,VLU_RECURRENCE_PREVENTION,UNKNOWN,INTERVENTIONAL,RANDOMIZED,PARALLEL,YES,YES,NO_RECORDED_INDUSTRY_ROLE,NO,DRUG|OTHER,SINGLE_COUNTRY,1,NO,PROSPECTIVE_OR_SAME_DAY,WITHDRAWN,0,YES,NO,2014-08-12,2014,2008-2016,2015-01,2014-07-16,ADULT|OLDER_ADULT,YES,NO
NCT02222454,PI_TREATMENT,UNKNOWN,INTERVENTIONAL,NA,SINGLE_GROUP,NO,NO,INDUSTRY_LEAD,YES,DEVICE,SINGLE_COUNTRY,1,NO,RETROSPECTIVE,COMPLETED,3,NO,YES,2014-08-21,2014,2008-2016,2012-11,2014-08-19,ADULT|OLDER_ADULT,YES,NO
NCT02222467,VLU_ACTIVE_TREATMENT,UNKNOWN,INTERVENTIONAL,NA,SINGLE_GROUP,NO,NO,INDUSTRY_LEAD,YES,DEVICE,SINGLE_COUNTRY,1,NO,RETROSPECTIVE,COMPLETED,10,NO,YES,2014-08-21,2014,2008-2016,2012-11,2014-08-19,ADULT|OLDER_ADULT,YES,NO
NCT02222506,MIXED_WOUND_EXPLICIT_TARGET,UNKNOWN,INTERVENTIONAL,NA,SINGLE_GROUP,NO,NO,INDUSTRY_LEAD,YES,DEVICE,SINGLE_COUNTRY,1,NO,RETROSPECTIVE,COMPLETED,10,NO,YES,2014-08-21,2014,2008-2016,2013-04,2014-08-19,ADULT|OLDER_ADULT,YES,NO
NCT02224300,VLU_ACTIVE_TREATMENT,UNKNOWN,INTERVENTIONAL,NON_RANDOMIZED,PARALLEL,NO,YES,NO_RECORDED_INDUSTRY_ROLE,NO,BEHAVIORAL,SINGLE_COUNTRY,1,NO,RETROSPECTIVE,UNKNOWN,300,NO,NO,2014-08-25,2014,2008-2016,2014-08,2014-08-09,ADULT|OLDER_ADULT,YES,NO
NCT02224404,PI_TREATMENT,UNKNOWN,INTERVENTIONAL,NA,SINGLE_GROUP,NO,NO,INDUSTRY_LEAD,YES,DEVICE,MULTICOUNTRY,2,NO,PROSPECTIVE_OR_SAME_DAY,COMPLETED,21,NO,YES,2014-08-25,2014,2008-2016,2014-09,2014-08-21,ADULT|OLDER_ADULT,YES,YES
NCT02224638,PI_TREATMENT,UNKNOWN,INTERVENTIONAL,RANDOMIZED,PARALLEL,YES,YES,INDUSTRY_LEAD,YES,DEVICE,SINGLE_COUNTRY,1,YES,PROSPECTIVE_OR_SAME_DAY,COMPLETED,21,NO,YES,2014-08-25,2014,2008-2016,2014-12,2014-08-20,CHILD|ADULT|OLDER_ADULT,YES,YES
NCT02225028,PI_TREATMENT,UNKNOWN,INTERVENTIONAL,RANDOMIZED,PARALLEL,YES,YES,NO_RECORDED_INDUSTRY_ROLE,NO,BEHAVIORAL,SINGLE_COUNTRY,1,YES,PROSPECTIVE_OR_SAME_DAY,COMPLETED,15,NO,YES,2014-08-25,2014,2008-2016,2014-11,2014-08-15,ADULT|OLDER_ADULT,YES,NO
NCT02236338,VLU_RECURRENCE_PREVENTION,UNKNOWN,INTERVENTIONAL,RANDOMIZED,PARALLEL,YES,YES,NO_RECORDED_INDUSTRY_ROLE,YES,DEVICE|PROCEDURE,SINGLE_COUNTRY,1,YES,RETROSPECTIVE,COMPLETED,200,NO,YES,2014-09-10,2014,2008-2016,2008-09,2014-09-02,ADULT|OLDER_ADULT,YES,YES
NCT02237287,PI_TREATMENT,UNKNOWN,INTERVENTIONAL,RANDOMIZED,FACTORIAL,YES,YES,INDUSTRY_COLLABORATOR,NO,DRUG|OTHER|PROCEDURE,SINGLE_COUNTRY,1,NO,RETROSPECTIVE,TERMINATED,24,NO,NO,2014-09-11,2014,2008-2016,2011-02,2014-08-18,ADULT|OLDER_ADULT,YES,NO
NCT02244931,PI_TREATMENT,UNKNOWN,INTERVENTIONAL,RANDOMIZED,CROSSOVER,YES,YES,NO_RECORDED_INDUSTRY_ROLE,YES,DEVICE,SINGLE_COUNTRY,1,NO,RETROSPECTIVE,COMPLETED,106,NO,YES,2014-09-19,2014,2008-2016,2011-09,2014-09-15,ADULT|OLDER_ADULT,YES,NO
NCT02248077,MIXED_WOUND_EXPLICIT_TARGET,UNKNOWN,INTERVENTIONAL,RANDOMIZED,PARALLEL,YES,YES,INDUSTRY_LEAD,YES,DEVICE|OTHER,UNKNOWN,0,UNKNOWN,PROSPECTIVE_OR_SAME_DAY,WITHDRAWN,0,YES,NO,2014-09-25,2014,2008-2016,2014-10,2014-09-22,ADULT|OLDER_ADULT,YES,NO
NCT02248740,VLU_RECURRENCE_PREVENTION,UNKNOWN,INTERVENTIONAL,RANDOMIZED,PARALLEL,YES,YES,NO_RECORDED_INDUSTRY_ROLE,NO,PROCEDURE,SINGLE_COUNTRY,1,YES,RETROSPECTIVE,TERMINATED,36,NO,NO,2014-09-25,2014,2008-2016,2008-09,2014-09-02,ADULT|OLDER_ADULT,YES,YES
NCT02266771,MIXED_WOUND_EXPLICIT_TARGET,ADULT_ONLY_OR_RELEVANT,INTERVENTIONAL,NON_RANDOMIZED,SINGLE_GROUP,NO,NO,INDUSTRY_COLLABORATOR,YES,DEVICE,SINGLE_COUNTRY,1,YES,RETROSPECTIVE,COMPLETED,20,NO,YES,2014-10-17,2014,2008-2016,2014-09,2014-09-24,ADULT|OLDER_ADULT,YES,NO
NCT02270385,PI_PREVENTION,UNKNOWN,INTERVENTIONAL,RANDOMIZED,PARALLEL,YES,YES,NO_RECORDED_INDUSTRY_ROLE,NO,BEHAVIORAL,SINGLE_COUNTRY,1,NO,PROSPECTIVE_OR_SAME_DAY,COMPLETED,1013,NO,YES,2014-10-21,2014,2008-2016,2015-11-02,2014-09-16,ADULT|OLDER_ADULT,YES,NO
NCT02272881,PI_TREATMENT,UNKNOWN,INTERVENTIONAL,RANDOMIZED,PARALLEL,YES,YES,NO_RECORDED_INDUSTRY_ROLE,NO,PROCEDURE,UNKNOWN,0,UNKNOWN,PROSPECTIVE_OR_SAME_DAY,WITHDRAWN,0,YES,NO,2014-10-23,2014,2008-2016,2014-12,2014-10-09,ADULT|OLDER_ADULT,YES,NO
NCT02284373,VLU_ACTIVE_TREATMENT,UNKNOWN,INTERVENTIONAL,RANDOMIZED,PARALLEL,YES,YES,NO_RECORDED_INDUSTRY_ROLE,YES,DEVICE|OTHER,UNKNOWN,0,UNKNOWN,RETROSPECTIVE,TERMINATED,39,NO,NO,2014-11-06,2014,2008-2016,2011-05,2014-10-22,ADULT|OLDER_ADULT,YES,YES
NCT02295735,PI_PREVENTION,UNKNOWN,INTERVENTIONAL,RANDOMIZED,PARALLEL,YES,YES,NO_RECORDED_INDUSTRY_ROLE,YES,DEVICE,SINGLE_COUNTRY,1,NO,PROSPECTIVE_OR_SAME_DAY,COMPLETED,475,NO,YES,2014-11-20,2014,2008-2016,2015-06,2014-11-10,ADULT|OLDER_ADULT,YES,YES
NCT02296697,PI_TREATMENT,UNKNOWN,INTERVENTIONAL,RANDOMIZED,PARALLEL,YES,YES,NO_RECORDED_INDUSTRY_ROLE,YES,DEVICE|OTHER,SINGLE_COUNTRY,1,NO,PROSPECTIVE_OR_SAME_DAY,UNKNOWN,75,NO,NO,2014-11-20,2014,2008-2016,2015-01,2014-10-17,ADULT|OLDER_ADULT,YES,NO
NCT02300896,PI_PREVENTION,UNKNOWN,INTERVENTIONAL,RANDOMIZED,PARALLEL,YES,YES,NO_RECORDED_INDUSTRY_ROLE,NO,OTHER,SINGLE_COUNTRY,1,NO,PROSPECTIVE_OR_SAME_DAY,UNKNOWN,370,NO,NO,2014-11-25,2014,2008-2016,2015-03,2014-11-19,OLDER_ADULT,YES,NO
NCT02307448,MIXED_WOUND_EXPLICIT_TARGET,UNKNOWN,INTERVENTIONAL,RANDOMIZED,PARALLEL,YES,YES,INDUSTRY_LEAD,NO,PROCEDURE,SINGLE_COUNTRY,1,YES,PROSPECTIVE_OR_SAME_DAY,TERMINATED,80,NO,NO,2014-12-04,2014,2008-2016,2015-08,2014-12-02,ADULT|OLDER_ADULT,YES,NO
NCT02312518,VLU_ACTIVE_TREATMENT,UNKNOWN,INTERVENTIONAL,RANDOMIZED,PARALLEL,YES,YES,INDUSTRY_LEAD,YES,DEVICE|OTHER,SINGLE_COUNTRY,1,YES,PROSPECTIVE_OR_SAME_DAY,UNKNOWN,200,NO,NO,2014-12-09,2014,2008-2016,2021-01-01,2014-12-05,ADULT|OLDER_ADULT,YES,NO
NCT02312570,PI_TREATMENT,UNKNOWN,INTERVENTIONAL,RANDOMIZED,PARALLEL,YES,YES,INDUSTRY_LEAD,YES,DEVICE|OTHER,SINGLE_COUNTRY,1,YES,PROSPECTIVE_OR_SAME_DAY,UNKNOWN,200,NO,NO,2014-12-09,2014,2008-2016,2021-01-01,2014-12-05,ADULT|OLDER_ADULT,YES,NO
NCT02313194,PI_TREATMENT,UNKNOWN,INTERVENTIONAL,NA,SINGLE_GROUP,NO,NO,NO_RECORDED_INDUSTRY_ROLE,YES,DEVICE|DRUG,SINGLE_COUNTRY,1,YES,RETROSPECTIVE,ACTIVE_NOT_RECRUITING,12,NO,NO,2014-12-09,2014,2008-2016,2013-07,2014-12-05,ADULT|OLDER_ADULT,YES,NO
NCT02322125,PI_TREATMENT,UNKNOWN,INTERVENTIONAL,NA,SINGLE_GROUP,NO,NO,NO_RECORDED_INDUSTRY_ROLE,YES,DEVICE,SINGLE_COUNTRY,1,NO,RETROSPECTIVE,COMPLETED,12,NO,YES,2014-12-22,2014,2008-2016,2014-06,2014-12-17,ADULT|OLDER_ADULT,YES,YES
NCT02324322,PI_PREVENTION,UNKNOWN,INTERVENTIONAL,NA,SINGLE_GROUP,NO,NO,NO_RECORDED_INDUSTRY_ROLE,YES,DEVICE|OTHER,SINGLE_COUNTRY,1,YES,RETROSPECTIVE,UNKNOWN,13,NO,NO,2014-12-24,2014,2008-2016,2013-10,2014-12-03,ADULT,YES,NO
NCT02325388,PI_TREATMENT,UNKNOWN,INTERVENTIONAL,RANDOMIZED,PARALLEL,YES,YES,NO_RECORDED_INDUSTRY_ROLE,YES,DEVICE,SINGLE_COUNTRY,1,NO,RETROSPECTIVE,COMPLETED,678,NO,YES,2014-12-25,2014,2008-2016,2014-12,2014-12-17,ADULT|OLDER_ADULT,YES,NO
NCT02329652,PI_TREATMENT,UNKNOWN,INTERVENTIONAL,NA,SINGLE_GROUP,NO,NO,NO_RECORDED_INDUSTRY_ROLE,YES,DEVICE,SINGLE_COUNTRY,1,YES,RETROSPECTIVE,RECRUITING,30,NO,NO,2014-12-31,2014,2008-2016,2014-12-01,2014-12-29,CHILD|ADULT|OLDER_ADULT,YES,NO
NCT02331979,PI_TREATMENT,UNKNOWN,INTERVENTIONAL,NON_RANDOMIZED,PARALLEL,NO,YES,NO_RECORDED_INDUSTRY_ROLE,YES,DEVICE,SINGLE_COUNTRY,1,YES,PROSPECTIVE_OR_SAME_DAY,RECRUITING,24,NO,NO,2015-01-06,2015,2008-2016,2015-09,2015-01-03,ADULT,YES,NO
NCT02333123,VLU_ACTIVE_TREATMENT,UNKNOWN,INTERVENTIONAL,RANDOMIZED,PARALLEL,YES,YES,NO_RECORDED_INDUSTRY_ROLE,NO,DRUG,SINGLE_COUNTRY,1,NO,PROSPECTIVE_OR_SAME_DAY,TERMINATED,26,NO,NO,2015-01-07,2015,2008-2016,2015-07-10,2014-11-05,ADULT|OLDER_ADULT,YES,NO
NCT02339233,PI_TREATMENT,UNKNOWN,INTERVENTIONAL,NA,SINGLE_GROUP,NO,NO,NO_RECORDED_INDUSTRY_ROLE,YES,DEVICE,SINGLE_COUNTRY,1,YES,RETROSPECTIVE,COMPLETED,8,NO,YES,2015-01-15,2015,2008-2016,2010-01-01,2015-01-12,ADULT|OLDER_ADULT,YES,YES
NCT02342080,PI_TREATMENT,UNKNOWN,INTERVENTIONAL,NA,SINGLE_GROUP,NO,NO,NO_RECORDED_INDUSTRY_ROLE,YES,DEVICE|OTHER,SINGLE_COUNTRY,1,NO,RETROSPECTIVE,COMPLETED,15,NO,YES,2015-01-19,2015,2008-2016,2013-03,2015-01-14,CHILD|ADULT,YES,NO
NCT02348294,PI_PREVENTION,UNKNOWN,INTERVENTIONAL,NON_RANDOMIZED,PARALLEL,NO,YES,NO_RECORDED_INDUSTRY_ROLE,NO,OTHER,UNKNOWN,0,UNKNOWN,PROSPECTIVE_OR_SAME_DAY,UNKNOWN,40,NO,NO,2015-01-28,2015,2008-2016,2015-02,2015-01-22,ADULT|OLDER_ADULT,YES,NO
NCT02352454,VLU_ACTIVE_TREATMENT,UNKNOWN,INTERVENTIONAL,RANDOMIZED,SINGLE_GROUP,YES,NO,INDUSTRY_LEAD,YES,DEVICE,SINGLE_COUNTRY,1,YES,PROSPECTIVE_OR_SAME_DAY,UNKNOWN,640,NO,NO,2015-02-02,2015,2008-2016,2015-02,2015-01-28,ADULT|OLDER_ADULT,YES,NO
NCT02352467,PI_TREATMENT,UNKNOWN,INTERVENTIONAL,RANDOMIZED,SINGLE_GROUP,YES,NO,INDUSTRY_LEAD,YES,DEVICE,SINGLE_COUNTRY,1,YES,PROSPECTIVE_OR_SAME_DAY,UNKNOWN,800,NO,NO,2015-02-02,2015,2008-2016,2015-02,2015-01-28,ADULT|OLDER_ADULT,YES,NO
NCT02355158,VLU_ACTIVE_TREATMENT,UNKNOWN,INTERVENTIONAL,NA,SINGLE_GROUP,NO,NO,INDUSTRY_LEAD,NO,DRUG,SINGLE_COUNTRY,1,YES,RETROSPECTIVE,COMPLETED,197,NO,YES,2015-02-04,2015,2008-2016,2014-06,2014-11-21,ADULT|OLDER_ADULT,YES,YES
NCT02360358,VLU_ACTIVE_TREATMENT,UNKNOWN,INTERVENTIONAL,RANDOMIZED,PARALLEL,YES,YES,NO_RECORDED_INDUSTRY_ROLE,NO,DRUG|OTHER,SINGLE_COUNTRY,1,NO,RETROSPECTIVE,TERMINATED,8,NO,NO,2015-02-10,2015,2008-2016,2012-08,2015-01-29,ADULT|OLDER_ADULT,YES,NO
NCT02363842,PI_TREATMENT,UNKNOWN,INTERVENTIONAL,RANDOMIZED,PARALLEL,YES,YES,INDUSTRY_LEAD,YES,DEVICE|OTHER,MULTICOUNTRY,2,YES,PROSPECTIVE_OR_SAME_DAY,UNKNOWN,160,NO,NO,2015-02-16,2015,2008-2016,2015-04,2015-02-10,ADULT|OLDER_ADULT,YES,NO
NCT02364921,VLU_ACTIVE_TREATMENT,UNKNOWN,INTERVENTIONAL,RANDOMIZED,PARALLEL,YES,YES,NO_RECORDED_INDUSTRY_ROLE,YES,DEVICE,SINGLE_COUNTRY,1,NO,RETROSPECTIVE,COMPLETED,93,NO,YES,2015-02-18,2015,2008-2016,2014-06,2015-02-05,ADULT|OLDER_ADULT,YES,NO
NCT02369770,PI_TREATMENT,UNKNOWN,INTERVENTIONAL,RANDOMIZED,PARALLEL,YES,YES,NO_RECORDED_INDUSTRY_ROLE,YES,DEVICE,SINGLE_COUNTRY,1,YES,PROSPECTIVE_OR_SAME_DAY,RECRUITING,140,NO,NO,2015-02-24,2015,2008-2016,2019-04-26,2015-02-07,ADULT|OLDER_ADULT,YES,NO
NCT02371239,VLU_ACTIVE_TREATMENT,UNKNOWN,INTERVENTIONAL,RANDOMIZED,CROSSOVER,YES,YES,INDUSTRY_COLLABORATOR,NO,BEHAVIORAL,SINGLE_COUNTRY,1,NO,PROSPECTIVE_OR_SAME_DAY,COMPLETED,19,NO,YES,2015-02-25,2015,2008-2016,2015-02,2015-01-22,ADULT|OLDER_ADULT,YES,NO
NCT02373956,PI_TREATMENT,UNKNOWN,INTERVENTIONAL,RANDOMIZED,PARALLEL,YES,YES,NO_RECORDED_INDUSTRY_ROLE,YES,DEVICE|PROCEDURE,SINGLE_COUNTRY,1,NO,PROSPECTIVE_OR_SAME_DAY,TERMINATED,24,NO,NO,2015-02-27,2015,2008-2016,2015-11-20,2015-02-23,ADULT|OLDER_ADULT,YES,NO
NCT02375802,MIXED_WOUND_EXPLICIT_TARGET,ADULT_ONLY_OR_RELEVANT,INTERVENTIONAL,NA,SINGLE_GROUP,NO,NO,NO_RECORDED_INDUSTRY_ROLE,NO,BIOLOGICAL|DRUG,SINGLE_COUNTRY,1,YES,PROSPECTIVE_OR_SAME_DAY,ENROLLING_BY_INVITATION,12,NO,NO,2015-03-03,2015,2008-2016,2015-07,2015-02-18,ADULT|OLDER_ADULT,YES,NO
NCT02380820,PI_PREVENTION,UNKNOWN,INTERVENTIONAL,RANDOMIZED,CROSSOVER,YES,YES,NO_RECORDED_INDUSTRY_ROLE,YES,DEVICE,SINGLE_COUNTRY,1,NO,PROSPECTIVE_OR_SAME_DAY,COMPLETED,60,NO,YES,2015-03-05,2015,2008-2016,2015-06,2015-02-23,OLDER_ADULT,YES,NO
NCT02382302,PI_TREATMENT,UNKNOWN,INTERVENTIONAL,NA,SINGLE_GROUP,NO,NO,INDUSTRY_COLLABORATOR,YES,DEVICE,SINGLE_COUNTRY,1,NO,RETROSPECTIVE,COMPLETED,20,NO,YES,2015-03-06,2015,2008-2016,2011-07,2015-02-17,ADULT|OLDER_ADULT,YES,NO
NCT02385942,PI_TREATMENT,UNKNOWN,INTERVENTIONAL,NA,SINGLE_GROUP,NO,NO,INDUSTRY_COLLABORATOR,YES,DEVICE,SINGLE_COUNTRY,1,NO,RETROSPECTIVE,COMPLETED,60,NO,YES,2015-03-11,2015,2008-2016,2012-07,2015-03-03,ADULT|OLDER_ADULT,YES,NO
NCT02394821,PI_TREATMENT,UNKNOWN,INTERVENTIONAL,RANDOMIZED,PARALLEL,YES,YES,NO_RECORDED_INDUSTRY_ROLE,NO,DRUG,SINGLE_COUNTRY,1,NO,RETROSPECTIVE,COMPLETED,24,NO,YES,2015-03-20,2015,2008-2016,2013-09,2014-05-08,ADULT|OLDER_ADULT,YES,NO
NCT02395302,VLU_ACTIVE_TREATMENT,UNKNOWN,INTERVENTIONAL,NA,SINGLE_GROUP,NO,NO,INDUSTRY_LEAD,YES,DEVICE,SINGLE_COUNTRY,1,YES,RETROSPECTIVE,COMPLETED,28,NO,YES,2015-03-23,2015,2008-2016,2014-12,2015-03-10,ADULT|OLDER_ADULT,YES,YES
NCT02408991,MIXED_WOUND_EXPLICIT_TARGET,UNKNOWN,INTERVENTIONAL,NA,SINGLE_GROUP,NO,NO,NO_RECORDED_INDUSTRY_ROLE,YES,DEVICE|DRUG,SINGLE_COUNTRY,1,YES,RETROSPECTIVE,WITHDRAWN,0,YES,NO,2015-04-06,2015,2008-2016,2014-09,2015-03-13,ADULT|OLDER_ADULT,YES,NO
NCT02412046,PI_TREATMENT,UNKNOWN,INTERVENTIONAL,NON_RANDOMIZED,PARALLEL,NO,YES,INDUSTRY_COLLABORATOR,NO,PROCEDURE,SINGLE_COUNTRY,1,NO,PROSPECTIVE_OR_SAME_DAY,TERMINATED,21,NO,NO,2015-04-08,2015,2008-2016,2015-10-01,2015-04-03,ADULT|OLDER_ADULT,YES,NO
NCT02418676,PI_TREATMENT,UNKNOWN,INTERVENTIONAL,RANDOMIZED,PARALLEL,YES,YES,NO_RECORDED_INDUSTRY_ROLE,NO,DRUG,UNKNOWN,0,UNKNOWN,RETROSPECTIVE,COMPLETED,15,NO,YES,2015-04-16,2015,2008-2016,2013-03,2015-04-13,ADULT|OLDER_ADULT,YES,YES
NCT02419378,PI_TREATMENT,UNKNOWN,INTERVENTIONAL,NA,SINGLE_GROUP,NO,NO,INDUSTRY_COLLABORATOR,NO,DRUG,SINGLE_COUNTRY,1,NO,PROSPECTIVE_OR_SAME_DAY,COMPLETED,15,NO,YES,2015-04-17,2015,2008-2016,2015-06,2015-03-31,ADULT,YES,NO
NCT02422017,VLU_ACTIVE_TREATMENT,UNKNOWN,INTERVENTIONAL,RANDOMIZED,PARALLEL,YES,YES,NO_RECORDED_INDUSTRY_ROLE,NO,DRUG|OTHER,SINGLE_COUNTRY,1,NO,RETROSPECTIVE,COMPLETED,42,NO,YES,2015-04-21,2015,2008-2016,2015-04,2015-04-13,ADULT|OLDER_ADULT,YES,NO
NCT02441179,PI_TREATMENT,UNKNOWN,INTERVENTIONAL,RANDOMIZED,PARALLEL,YES,YES,NO_RECORDED_INDUSTRY_ROLE,NO,OTHER,SINGLE_COUNTRY,1,NO,RETROSPECTIVE,COMPLETED,35,NO,YES,2015-05-12,2015,2008-2016,2015-03,2015-05-05,ADULT|OLDER_ADULT,YES,YES
NCT02458859,MIXED_WOUND_EXPLICIT_TARGET,UNKNOWN,INTERVENTIONAL,RANDOMIZED,SINGLE_GROUP,YES,NO,INDUSTRY_LEAD,YES,DEVICE,MULTICOUNTRY,2,NO,PROSPECTIVE_OR_SAME_DAY,TERMINATED,62,NO,NO,2015-06-01,2015,2008-2016,2012-03,2011-08-18,ADULT|OLDER_ADULT,YES,NO
NCT02470806,MIXED_WOUND_EXPLICIT_TARGET,UNKNOWN,INTERVENTIONAL,RANDOMIZED,PARALLEL,YES,YES,INDUSTRY_LEAD,YES,DEVICE,MULTICOUNTRY,2,YES,PROSPECTIVE_OR_SAME_DAY,COMPLETED,164,NO,YES,2015-06-12,2015,2008-2016,2015-07-02,2015-06-10,ADULT|OLDER_ADULT,YES,YES
NCT02472743,VLU_ACTIVE_TREATMENT,UNKNOWN,INTERVENTIONAL,NA,SINGLE_GROUP,NO,NO,NO_RECORDED_INDUSTRY_ROLE,YES,DEVICE,SINGLE_COUNTRY,1,NO,RETROSPECTIVE,COMPLETED,10,NO,YES,2015-06-16,2015,2008-2016,2014-12,2015-01-23,ADULT|OLDER_ADULT,YES,NO
NCT02474979,PI_PREVENTION,UNKNOWN,INTERVENTIONAL,RANDOMIZED,PARALLEL,YES,YES,INDUSTRY_COLLABORATOR,YES,DEVICE|OTHER,SINGLE_COUNTRY,1,NO,RETROSPECTIVE,COMPLETED,190,NO,YES,2015-06-18,2015,2008-2016,2015-03,2015-05-27,ADULT|OLDER_ADULT,YES,NO
NCT02475512,PI_PREVENTION,UNKNOWN,INTERVENTIONAL,RANDOMIZED,PARALLEL,YES,YES,INDUSTRY_COLLABORATOR,NO,OTHER,SINGLE_COUNTRY,1,NO,RETROSPECTIVE,TERMINATED,385,NO,NO,2015-06-18,2015,2008-2016,2015-05,2015-05-21,OLDER_ADULT,YES,NO
NCT02479425,PI_PREVENTION,UNKNOWN,INTERVENTIONAL,RANDOMIZED,PARALLEL,YES,YES,NO_RECORDED_INDUSTRY_ROLE,NO,PROCEDURE,UNKNOWN,0,UNKNOWN,RETROSPECTIVE,COMPLETED,150,NO,YES,2015-06-24,2015,2008-2016,2011-05,2015-06-10,CHILD|ADULT|OLDER_ADULT,YES,NO
NCT02482038,VLU_ACTIVE_TREATMENT,UNKNOWN,INTERVENTIONAL,NA,SINGLE_GROUP,NO,NO,INDUSTRY_LEAD,YES,DEVICE,SINGLE_COUNTRY,1,NO,PROSPECTIVE_OR_SAME_DAY,COMPLETED,22,NO,YES,2015-06-25,2015,2008-2016,2016-09,2015-06-23,ADULT|OLDER_ADULT,YES,NO
NCT02482948,PI_PREVENTION,UNKNOWN,INTERVENTIONAL,RANDOMIZED,PARALLEL,YES,YES,INDUSTRY_LEAD,YES,DEVICE|DRUG,SINGLE_COUNTRY,1,YES,RETROSPECTIVE,TERMINATED,10,NO,NO,2015-06-26,2015,2008-2016,2015-06,2015-06-12,ADULT|OLDER_ADULT,YES,NO
NCT02483962,VLU_ACTIVE_TREATMENT,UNKNOWN,INTERVENTIONAL,RANDOMIZED,PARALLEL,YES,YES,NO_RECORDED_INDUSTRY_ROLE,NO,OTHER,SINGLE_COUNTRY,1,NO,RETROSPECTIVE,COMPLETED,40,NO,YES,2015-06-29,2015,2008-2016,2015-02,2015-06-25,ADULT,YES,NO
NCT02485860,PI_TREATMENT,UNKNOWN,INTERVENTIONAL,RANDOMIZED,PARALLEL,YES,YES,NO_RECORDED_INDUSTRY_ROLE,YES,DEVICE,SINGLE_COUNTRY,1,NO,PROSPECTIVE_OR_SAME_DAY,COMPLETED,890,NO,YES,2015-06-30,2015,2008-2016,2016-03-08,2015-06-26,ADULT|OLDER_ADULT,YES,YES
NCT02498327,VLU_ACTIVE_TREATMENT,UNKNOWN,INTERVENTIONAL,RANDOMIZED,PARALLEL,YES,YES,NO_RECORDED_INDUSTRY_ROLE,NO,OTHER,SINGLE_COUNTRY,1,NO,RETROSPECTIVE,COMPLETED,40,NO,YES,2015-07-15,2015,2008-2016,2015-01,2015-07-13,ADULT,YES,NO
NCT02510365,PI_TREATMENT,UNKNOWN,INTERVENTIONAL,NA,SINGLE_GROUP,NO,NO,NO_RECORDED_INDUSTRY_ROLE,NO,BIOLOGICAL,SINGLE_COUNTRY,1,NO,RETROSPECTIVE,UNKNOWN,20,NO,NO,2015-07-29,2015,2008-2016,2015-04,2015-07-26,ADULT|OLDER_ADULT,YES,NO
NCT02512159,VLU_ACTIVE_TREATMENT,UNKNOWN,INTERVENTIONAL,RANDOMIZED,SINGLE_GROUP,YES,NO,NO_RECORDED_INDUSTRY_ROLE,NO,PROCEDURE,UNKNOWN,0,UNKNOWN,RETROSPECTIVE,COMPLETED,144,NO,YES,2015-07-30,2015,2008-2016,2014-03,2015-03-12,ADULT|OLDER_ADULT,YES,NO
NCT02519621,MIXED_WOUND_EXPLICIT_TARGET,UNKNOWN,INTERVENTIONAL,RANDOMIZED,PARALLEL,YES,YES,NO_RECORDED_INDUSTRY_ROLE,YES,DEVICE,SINGLE_COUNTRY,1,YES,PROSPECTIVE_OR_SAME_DAY,COMPLETED,90,NO,YES,2015-08-11,2015,2008-2016,2016-04,2015-06-01,ADULT|OLDER_ADULT,YES,YES
NCT02526862,PI_PREVENTION,UNKNOWN,INTERVENTIONAL,RANDOMIZED,PARALLEL,YES,YES,INDUSTRY_LEAD,YES,DEVICE,SINGLE_COUNTRY,1,NO,RETROSPECTIVE,COMPLETED,152,NO,YES,2015-08-18,2015,2008-2016,2012-02,2015-08-06,ADULT|OLDER_ADULT,YES,NO
NCT02533726,PI_TREATMENT,UNKNOWN,INTERVENTIONAL,RANDOMIZED,PARALLEL,YES,YES,INDUSTRY_COLLABORATOR,NO,OTHER,SINGLE_COUNTRY,1,YES,RETROSPECTIVE,COMPLETED,1312,NO,YES,2015-08-27,2015,2008-2016,2015-08,2015-08-17,ADULT|OLDER_ADULT,YES,YES
NCT02533882,PI_TREATMENT,UNKNOWN,INTERVENTIONAL,RANDOMIZED,PARALLEL,YES,YES,NO_RECORDED_INDUSTRY_ROLE,NO,BEHAVIORAL,SINGLE_COUNTRY,1,YES,RETROSPECTIVE,COMPLETED,180,NO,YES,2015-08-27,2015,2008-2016,2014-12,2015-03-06,ADULT|OLDER_ADULT,YES,NO
NCT02554058,PI_TREATMENT,UNKNOWN,INTERVENTIONAL,NA,SINGLE_GROUP,NO,NO,NO_RECORDED_INDUSTRY_ROLE,YES,DEVICE,SINGLE_COUNTRY,1,NO,PROSPECTIVE_OR_SAME_DAY,COMPLETED,10,NO,YES,2015-09-18,2015,2008-2016,2015-05,2014-09-05,ADULT|OLDER_ADULT,YES,NO
NCT02559453,VLU_ACTIVE_TREATMENT,UNKNOWN,INTERVENTIONAL,RANDOMIZED,PARALLEL,YES,YES,NO_RECORDED_INDUSTRY_ROLE,NO,PROCEDURE,UNKNOWN,0,UNKNOWN,RETROSPECTIVE,UNKNOWN,250,NO,NO,2015-09-24,2015,2008-2016,2015-09,2015-09-23,ADULT|OLDER_ADULT,YES,NO
NCT02561013,VLU_ACTIVE_TREATMENT,UNKNOWN,INTERVENTIONAL,RANDOMIZED,PARALLEL,YES,YES,INDUSTRY_LEAD,YES,DEVICE,MULTICOUNTRY,2,YES,RETROSPECTIVE,WITHDRAWN,0,YES,NO,2015-09-25,2015,2008-2016,2015-09,2015-09-23,ADULT|OLDER_ADULT,YES,NO
NCT02562001,PI_TREATMENT,UNKNOWN,INTERVENTIONAL,RANDOMIZED,PARALLEL,YES,YES,NO_RECORDED_INDUSTRY_ROLE,YES,DEVICE,SINGLE_COUNTRY,1,NO,RETROSPECTIVE,COMPLETED,42,NO,YES,2015-09-29,2015,2008-2016,2015-05-06,2015-07-30,ADULT|OLDER_ADULT,YES,NO
NCT02565745,PI_PREVENTION,ADULT_ONLY_OR_RELEVANT,INTERVENTIONAL,RANDOMIZED,PARALLEL,YES,YES,NO_RECORDED_INDUSTRY_ROLE,NO,COMBINATION_PRODUCT|OTHER,SINGLE_COUNTRY,1,NO,PROSPECTIVE_OR_SAME_DAY,TERMINATED,689,NO,NO,2015-10-01,2015,2008-2016,2015-12,2015-09-29,ADULT|OLDER_ADULT,YES,NO
NCT02565797,PI_TREATMENT,UNKNOWN,INTERVENTIONAL,RANDOMIZED,SINGLE_GROUP,YES,NO,INDUSTRY_LEAD,YES,DEVICE,SINGLE_COUNTRY,1,YES,PROSPECTIVE_OR_SAME_DAY,COMPLETED,392,NO,YES,2015-10-01,2015,2008-2016,2015-11,2015-09-30,ADULT|OLDER_ADULT,YES,NO
NCT02570139,PI_TREATMENT,UNKNOWN,INTERVENTIONAL,RANDOMIZED,PARALLEL,YES,YES,INDUSTRY_LEAD,YES,DEVICE,SINGLE_COUNTRY,1,YES,RETROSPECTIVE,TERMINATED,45,NO,NO,2015-10-07,2015,2008-2016,2015-10,2015-10-06,CHILD|ADULT|OLDER_ADULT,YES,YES
NCT02577120,MIXED_WOUND_EXPLICIT_TARGET,UNKNOWN,INTERVENTIONAL,RANDOMIZED,PARALLEL,YES,YES,NO_RECORDED_INDUSTRY_ROLE,YES,BIOLOGICAL|DEVICE,SINGLE_COUNTRY,1,YES,PROSPECTIVE_OR_SAME_DAY,ACTIVE_NOT_RECRUITING,100,NO,NO,2015-10-16,2015,2008-2016,2019-01-08,2015-06-26,ADULT|OLDER_ADULT,YES,NO
NCT02577900,MIXED_WOUND_EXPLICIT_TARGET,UNKNOWN,INTERVENTIONAL,RANDOMIZED,PARALLEL,YES,YES,NO_RECORDED_INDUSTRY_ROLE,YES,DEVICE,UNKNOWN,0,UNKNOWN,RETROSPECTIVE,COMPLETED,31,NO,YES,2015-10-16,2015,2008-2016,2013-02,2015-10-11,ADULT|OLDER_ADULT,YES,YES
NCT02578823,MIXED_WOUND_EXPLICIT_TARGET,UNKNOWN,INTERVENTIONAL,RANDOMIZED,PARALLEL,YES,YES,NO_RECORDED_INDUSTRY_ROLE,YES,DEVICE|PROCEDURE,SINGLE_COUNTRY,1,NO,PROSPECTIVE_OR_SAME_DAY,UNKNOWN,60,NO,NO,2015-10-19,2015,2008-2016,2016-01,2015-10-15,ADULT|OLDER_ADULT,YES,NO
NCT02583958,VLU_ACTIVE_TREATMENT,UNKNOWN,INTERVENTIONAL,RANDOMIZED,PARALLEL,YES,YES,INDUSTRY_LEAD,YES,DEVICE,SINGLE_COUNTRY,1,NO,RETROSPECTIVE,UNKNOWN,,NO,NO,2015-10-22,2015,2008-2016,2014-10,2015-10-12,ADULT|OLDER_ADULT,YES,NO
NCT02584335,PI_TREATMENT,UNKNOWN,INTERVENTIONAL,RANDOMIZED,CROSSOVER,YES,YES,NO_RECORDED_INDUSTRY_ROLE,NO,DRUG,SINGLE_COUNTRY,1,NO,RETROSPECTIVE,TERMINATED,7,NO,NO,2015-10-22,2015,2008-2016,2015-07,2015-10-09,ADULT|OLDER_ADULT,YES,NO
NCT02584426,PI_TREATMENT,UNKNOWN,INTERVENTIONAL,RANDOMIZED,PARALLEL,YES,YES,NO_RECORDED_INDUSTRY_ROLE,YES,DEVICE,SINGLE_COUNTRY,1,YES,PROSPECTIVE_OR_SAME_DAY,COMPLETED,1,NO,YES,2015-10-22,2015,2008-2016,2017-01,2015-10-15,ADULT|OLDER_ADULT,YES,NO
NCT02585765,PI_TREATMENT,UNKNOWN,INTERVENTIONAL,RANDOMIZED,PARALLEL,YES,YES,NO_RECORDED_INDUSTRY_ROLE,NO,DRUG,SINGLE_COUNTRY,1,YES,PROSPECTIVE_OR_SAME_DAY,WITHDRAWN,0,YES,NO,2015-10-23,2015,2008-2016,2017-02-01,2015-10-22,ADULT|OLDER_ADULT,YES,NO
NCT02586142,PI_TREATMENT,UNKNOWN,INTERVENTIONAL,RANDOMIZED,PARALLEL,YES,YES,NO_RECORDED_INDUSTRY_ROLE,NO,DRUG|OTHER,SINGLE_COUNTRY,1,NO,RETROSPECTIVE,COMPLETED,30,NO,YES,2015-10-26,2015,2008-2016,2010-08,2015-10-12,CHILD|ADULT|OLDER_ADULT,YES,NO
NCT02587130,PI_TREATMENT,ADULT_ONLY_OR_RELEVANT,INTERVENTIONAL,NA,SINGLE_GROUP,NO,NO,NO_RECORDED_INDUSTRY_ROLE,NO,DRUG,SINGLE_COUNTRY,1,NO,PROSPECTIVE_OR_SAME_DAY,TERMINATED,8,NO,NO,2015-10-27,2015,2008-2016,2016-05,2015-10-13,ADULT|OLDER_ADULT,YES,NO
NCT02591537,MIXED_WOUND_EXPLICIT_TARGET,UNKNOWN,INTERVENTIONAL,RANDOMIZED,PARALLEL,YES,YES,INDUSTRY_LEAD,YES,DEVICE,SINGLE_COUNTRY,1,YES,RETROSPECTIVE,COMPLETED,8,NO,YES,2015-10-29,2015,2008-2016,2015-10,2015-10-12,ADULT|OLDER_ADULT,YES,YES
NCT02600611,MIXED_WOUND_EXPLICIT_TARGET,UNKNOWN,INTERVENTIONAL,RANDOMIZED,PARALLEL,YES,YES,INDUSTRY_LEAD,NO,DRUG,MULTICOUNTRY,10,YES,RETROSPECTIVE,COMPLETED,600,NO,YES,2015-11-09,2015,2008-2016,2015-11-01,2015-11-05,ADULT|OLDER_ADULT,YES,YES
NCT02607618,MIXED_WOUND_EXPLICIT_TARGET,UNKNOWN,INTERVENTIONAL,RANDOMIZED,PARALLEL,YES,YES,INDUSTRY_LEAD,NO,DRUG,MULTICOUNTRY,10,YES,RETROSPECTIVE,COMPLETED,613,NO,YES,2015-11-18,2015,2008-2016,2015-11,2015-11-13,ADULT|OLDER_ADULT,YES,YES
NCT02609594,VLU_ACTIVE_TREATMENT,UNKNOWN,INTERVENTIONAL,RANDOMIZED,PARALLEL,YES,YES,NO_RECORDED_INDUSTRY_ROLE,NO,OTHER,SINGLE_COUNTRY,1,YES,RETROSPECTIVE,UNKNOWN,240,NO,NO,2015-11-20,2015,2008-2016,2015-11,2015-11-16,ADULT|OLDER_ADULT,YES,NO
NCT02619409,PI_TREATMENT,UNKNOWN,INTERVENTIONAL,RANDOMIZED,PARALLEL,YES,YES,NO_RECORDED_INDUSTRY_ROLE,NO,DRUG,SINGLE_COUNTRY,1,YES,PROSPECTIVE_OR_SAME_DAY,COMPLETED,30,NO,YES,2015-12-02,2015,2008-2016,2016-02-11,2015-11-30,ADULT|OLDER_ADULT,YES,YES
NCT02621632,VLU_ACTIVE_TREATMENT,UNKNOWN,INTERVENTIONAL,NA,SINGLE_GROUP,NO,NO,NO_RECORDED_INDUSTRY_ROLE,YES,DEVICE,SINGLE_COUNTRY,1,NO,RETROSPECTIVE,COMPLETED,40,NO,YES,2015-12-03,2015,2008-2016,2013-03,2015-05-22,CHILD|ADULT|OLDER_ADULT,YES,NO
NCT02622295,PI_PREVENTION,UNKNOWN,INTERVENTIONAL,NON_RANDOMIZED,PARALLEL,NO,YES,NO_RECORDED_INDUSTRY_ROLE,NO,BEHAVIORAL,SINGLE_COUNTRY,1,YES,RETROSPECTIVE,COMPLETED,71,NO,YES,2015-12-04,2015,2008-2016,2015-05,2015-12-02,ADULT,YES,YES
NCT02626156,MIXED_WOUND_EXPLICIT_TARGET,UNKNOWN,INTERVENTIONAL,RANDOMIZED,PARALLEL,YES,YES,NO_RECORDED_INDUSTRY_ROLE,YES,DEVICE,SINGLE_COUNTRY,1,YES,RETROSPECTIVE,COMPLETED,140,NO,YES,2015-12-10,2015,2008-2016,2015-06-01,2015-12-01,ADULT|OLDER_ADULT,YES,YES
NCT02632695,VLU_ACTIVE_TREATMENT,UNKNOWN,INTERVENTIONAL,NON_RANDOMIZED,PARALLEL,NO,YES,NO_RECORDED_INDUSTRY_ROLE,YES,DEVICE,SINGLE_COUNTRY,1,YES,RETROSPECTIVE,COMPLETED,24,NO,YES,2015-12-17,2015,2008-2016,2015-04,2015-12-01,ADULT|OLDER_ADULT,YES,NO
NCT02634892,PI_TREATMENT,UNKNOWN,INTERVENTIONAL,RANDOMIZED,PARALLEL,YES,YES,NO_RECORDED_INDUSTRY_ROLE,YES,DEVICE,UNKNOWN,0,UNKNOWN,PROSPECTIVE_OR_SAME_DAY,WITHDRAWN,0,YES,NO,2015-12-18,2015,2008-2016,2019-07-01,2015-12-06,ADULT|OLDER_ADULT,YES,NO
NCT02650440,PI_PREVENTION,UNKNOWN,INTERVENTIONAL,RANDOMIZED,PARALLEL,YES,YES,NO_RECORDED_INDUSTRY_ROLE,NO,PROCEDURE,SINGLE_COUNTRY,1,NO,RETROSPECTIVE,COMPLETED,20,NO,YES,2016-01-08,2016,2008-2016,2014-11,2016-01-05,ADULT|OLDER_ADULT,YES,YES
NCT02652169,MIXED_WOUND_EXPLICIT_TARGET,UNKNOWN,INTERVENTIONAL,RANDOMIZED,PARALLEL,YES,YES,NO_RECORDED_INDUSTRY_ROLE,NO,DRUG|OTHER,SINGLE_COUNTRY,1,NO,RETROSPECTIVE,RECRUITING,120,NO,NO,2016-01-11,2016,2008-2016,2014-06,2015-07-17,ADULT|OLDER_ADULT,YES,NO
NCT02652572,VLU_ACTIVE_TREATMENT,ADULT_ONLY_OR_RELEVANT,INTERVENTIONAL,NA,SINGLE_GROUP,NO,NO,NO_RECORDED_INDUSTRY_ROLE,NO,DRUG,SINGLE_COUNTRY,1,YES,RETROSPECTIVE,COMPLETED,10,NO,YES,2016-01-12,2016,2008-2016,2015-09,2016-01-08,ADULT|OLDER_ADULT,YES,NO
NCT02658656,PI_TREATMENT,UNKNOWN,INTERVENTIONAL,RANDOMIZED,PARALLEL,YES,YES,NO_RECORDED_INDUSTRY_ROLE,YES,DEVICE,SINGLE_COUNTRY,1,YES,PROSPECTIVE_OR_SAME_DAY,COMPLETED,424,NO,YES,2016-01-20,2016,2008-2016,2016-08-01,2016-01-06,ADULT|OLDER_ADULT,YES,YES
NCT02662127,VLU_ACTIVE_TREATMENT,UNKNOWN,INTERVENTIONAL,NA,SINGLE_GROUP,NO,NO,NO_RECORDED_INDUSTRY_ROLE,YES,DEVICE,SINGLE_COUNTRY,1,NO,PROSPECTIVE_OR_SAME_DAY,UNKNOWN,31,NO,NO,2016-01-25,2016,2008-2016,2016-04,2016-01-13,ADULT|OLDER_ADULT,YES,NO
NCT02680834,VLU_ACTIVE_TREATMENT,UNKNOWN,INTERVENTIONAL,RANDOMIZED,PARALLEL,YES,YES,INDUSTRY_LEAD,YES,DEVICE,SINGLE_COUNTRY,1,YES,RETROSPECTIVE,TERMINATED,56,NO,NO,2016-02-12,2016,2008-2016,2016-02,2016-02-09,ADULT|OLDER_ADULT,YES,YES
NCT02682069,MIXED_WOUND_EXPLICIT_TARGET,UNKNOWN,INTERVENTIONAL,NA,SINGLE_GROUP,NO,NO,INDUSTRY_LEAD,YES,DEVICE,UNKNOWN,0,UNKNOWN,RETROSPECTIVE,COMPLETED,30,NO,YES,2016-02-15,2016,2008-2016,2016-02,2016-02-08,ADULT|OLDER_ADULT,YES,YES
NCT02685033,MIXED_WOUND_EXPLICIT_TARGET,UNKNOWN,INTERVENTIONAL,RANDOMIZED,PARALLEL,YES,YES,INDUSTRY_LEAD,NO,DRUG,SINGLE_COUNTRY,1,NO,PROSPECTIVE_OR_SAME_DAY,COMPLETED,80,NO,YES,2016-02-18,2016,2008-2016,2016-03-15,2016-02-12,ADULT|OLDER_ADULT,YES,YES
NCT02689310,PI_TREATMENT,ADULT_ONLY_OR_RELEVANT,INTERVENTIONAL,RANDOMIZED,PARALLEL,YES,YES,NO_RECORDED_INDUSTRY_ROLE,NO,OTHER,SINGLE_COUNTRY,1,YES,PROSPECTIVE_OR_SAME_DAY,WITHDRAWN,0,YES,NO,2016-02-23,2016,2008-2016,2018-03-01,2016-02-08,ADULT|OLDER_ADULT,YES,NO
NCT02689817,PI_TREATMENT,UNKNOWN,INTERVENTIONAL,NA,SINGLE_GROUP,NO,NO,NO_RECORDED_INDUSTRY_ROLE,YES,DEVICE,UNKNOWN,0,UNKNOWN,PROSPECTIVE_OR_SAME_DAY,WITHDRAWN,0,YES,NO,2016-02-24,2016,2008-2016,2019-10,2016-02-16,ADULT|OLDER_ADULT,YES,NO
NCT02690753,PI_PREVENTION,UNKNOWN,INTERVENTIONAL,RANDOMIZED,PARALLEL,YES,YES,INDUSTRY_COLLABORATOR,YES,DEVICE|PROCEDURE,SINGLE_COUNTRY,1,NO,PROSPECTIVE_OR_SAME_DAY,COMPLETED,227,NO,YES,2016-02-24,2016,2008-2016,2016-02,2015-12-08,ADULT|OLDER_ADULT,YES,NO
NCT02692482,PI_PREVENTION,UNKNOWN,INTERVENTIONAL,RANDOMIZED,PARALLEL,YES,YES,NO_RECORDED_INDUSTRY_ROLE,YES,DEVICE|PROCEDURE,SINGLE_COUNTRY,1,NO,PROSPECTIVE_OR_SAME_DAY,COMPLETED,359,NO,YES,2016-02-26,2016,2008-2016,2016-03,2016-02-23,OLDER_ADULT,YES,YES
NCT02694302,PI_TREATMENT,UNKNOWN,INTERVENTIONAL,RANDOMIZED,PARALLEL,YES,YES,INDUSTRY_LEAD,YES,DEVICE,SINGLE_COUNTRY,1,NO,RETROSPECTIVE,COMPLETED,91,NO,YES,2016-02-29,2016,2008-2016,2014-03,2016-02-18,ADULT|OLDER_ADULT,YES,NO
NCT02701101,PI_TREATMENT,UNKNOWN,INTERVENTIONAL,NA,SINGLE_GROUP,NO,NO,INDUSTRY_LEAD,YES,DEVICE|OTHER,SINGLE_COUNTRY,1,YES,PROSPECTIVE_OR_SAME_DAY,COMPLETED,189,NO,YES,2016-03-08,2016,2008-2016,2016-04,2016-02-11,ADULT|OLDER_ADULT,YES,YES
NCT02711839,PI_TREATMENT,UNKNOWN,INTERVENTIONAL,RANDOMIZED,PARALLEL,YES,YES,NO_RECORDED_INDUSTRY_ROLE,NO,DIETARY_SUPPLEMENT,UNKNOWN,0,UNKNOWN,RETROSPECTIVE,COMPLETED,54,NO,YES,2016-03-17,2016,2008-2016,2015-08,2015-11-17,ADULT|OLDER_ADULT,YES,YES
NCT02716519,MIXED_WOUND_EXPLICIT_TARGET,UNKNOWN,INTERVENTIONAL,RANDOMIZED,PARALLEL,YES,YES,INDUSTRY_LEAD,NO,BIOLOGICAL|OTHER,SINGLE_COUNTRY,1,YES,PROSPECTIVE_OR_SAME_DAY,WITHDRAWN,0,YES,NO,2016-03-23,2016,2008-2016,2016-08,2016-03-02,ADULT|OLDER_ADULT,YES,NO
NCT02718625,PI_TREATMENT,UNKNOWN,INTERVENTIONAL,RANDOMIZED,PARALLEL,YES,YES,INDUSTRY_LEAD,NO,BIOLOGICAL,SINGLE_COUNTRY,1,YES,PROSPECTIVE_OR_SAME_DAY,TERMINATED,3,NO,NO,2016-03-24,2016,2008-2016,2016-08,2016-03-18,ADULT|OLDER_ADULT,YES,YES
NCT02724449,PI_TREATMENT,UNKNOWN,INTERVENTIONAL,NA,SINGLE_GROUP,NO,NO,INDUSTRY_LEAD,YES,DEVICE,UNKNOWN,0,UNKNOWN,RETROSPECTIVE,COMPLETED,16,NO,YES,2016-03-31,2016,2008-2016,2014-08,2015-05-28,ADULT|OLDER_ADULT,YES,YES
NCT02728986,VLU_ACTIVE_TREATMENT,UNKNOWN,INTERVENTIONAL,RANDOMIZED,PARALLEL,YES,YES,INDUSTRY_LEAD,YES,DEVICE,SINGLE_COUNTRY,1,NO,RETROSPECTIVE,COMPLETED,176,NO,YES,2016-04-06,2016,2008-2016,2015-12-17,2016-03-29,CHILD|ADULT|OLDER_ADULT,YES,NO
NCT02729688,VLU_ACTIVE_TREATMENT,UNKNOWN,INTERVENTIONAL,RANDOMIZED,PARALLEL,YES,YES,NO_RECORDED_INDUSTRY_ROLE,YES,DEVICE,SINGLE_COUNTRY,1,NO,RETROSPECTIVE,COMPLETED,90,NO,YES,2016-04-06,2016,2008-2016,2016-03,2016-03-25,ADULT|OLDER_ADULT,YES,NO
NCT02732548,MIXED_WOUND_EXPLICIT_TARGET,UNKNOWN,INTERVENTIONAL,RANDOMIZED,PARALLEL,YES,YES,INDUSTRY_LEAD,NO,OTHER,UNKNOWN,0,UNKNOWN,RETROSPECTIVE,WITHDRAWN,0,YES,NO,2016-04-08,2016,2008-2016,2016-01,2016-03-31,ADULT|OLDER_ADULT,YES,NO
NCT02735135,PI_PREVENTION,UNKNOWN,INTERVENTIONAL,RANDOMIZED,CROSSOVER,YES,YES,NO_RECORDED_INDUSTRY_ROLE,YES,DEVICE,SINGLE_COUNTRY,1,NO,PROSPECTIVE_OR_SAME_DAY,WITHDRAWN,0,YES,NO,2016-04-12,2016,2008-2016,2019-01,2016-04-07,ADULT|OLDER_ADULT,YES,NO
NCT02735460,PI_TREATMENT,UNKNOWN,INTERVENTIONAL,NA,SINGLE_GROUP,NO,NO,NO_RECORDED_INDUSTRY_ROLE,YES,DEVICE,SINGLE_COUNTRY,1,NO,RETROSPECTIVE,COMPLETED,15,NO,YES,2016-04-12,2016,2008-2016,2016-03,2016-03-15,ADULT|OLDER_ADULT,YES,NO
NCT02742844,VLU_ACTIVE_TREATMENT,UNKNOWN,INTERVENTIONAL,NA,SINGLE_GROUP,NO,NO,INDUSTRY_LEAD,NO,BIOLOGICAL,SINGLE_COUNTRY,1,NO,PROSPECTIVE_OR_SAME_DAY,TERMINATED,13,NO,NO,2016-04-19,2016,2008-2016,2016-08,2016-04-07,ADULT|OLDER_ADULT,YES,NO
NCT02763904,PI_TREATMENT,UNKNOWN,INTERVENTIONAL,RANDOMIZED,PARALLEL,YES,YES,NO_RECORDED_INDUSTRY_ROLE,NO,DIETARY_SUPPLEMENT|OTHER,SINGLE_COUNTRY,1,NO,PROSPECTIVE_OR_SAME_DAY,COMPLETED,220,NO,YES,2016-05-05,2016,2008-2016,2016-07-30,2016-05-03,ADULT|OLDER_ADULT,YES,NO
NCT02782689,VLU_RECURRENCE_PREVENTION,UNKNOWN,INTERVENTIONAL,RANDOMIZED,PARALLEL,YES,YES,INDUSTRY_LEAD,YES,DEVICE,SINGLE_COUNTRY,1,NO,RETROSPECTIVE,TERMINATED,92,NO,NO,2016-05-25,2016,2008-2016,2014-06,2016-05-23,ADULT|OLDER_ADULT,YES,NO
NCT02790593,VLU_ACTIVE_TREATMENT,UNKNOWN,INTERVENTIONAL,RANDOMIZED,PARALLEL,YES,YES,NO_RECORDED_INDUSTRY_ROLE,YES,DEVICE,SINGLE_COUNTRY,1,NO,PROSPECTIVE_OR_SAME_DAY,COMPLETED,40,NO,YES,2016-06-06,2016,2008-2016,2017-01-12,2016-05-03,ADULT|OLDER_ADULT,YES,NO
NCT02798445,VLU_ACTIVE_TREATMENT,UNKNOWN,INTERVENTIONAL,RANDOMIZED,PARALLEL,YES,YES,NO_RECORDED_INDUSTRY_ROLE,NO,OTHER,UNKNOWN,0,UNKNOWN,PROSPECTIVE_OR_SAME_DAY,UNKNOWN,26,NO,NO,2016-06-14,2016,2008-2016,2016-06,2016-05-05,ADULT|OLDER_ADULT,YES,NO
NCT02800915,PI_TREATMENT,UNKNOWN,INTERVENTIONAL,RANDOMIZED,PARALLEL,YES,YES,NO_RECORDED_INDUSTRY_ROLE,NO,OTHER,SINGLE_COUNTRY,1,NO,RETROSPECTIVE,COMPLETED,56,NO,YES,2016-06-15,2016,2008-2016,2016-01-01,2016-05-05,ADULT|OLDER_ADULT,YES,NO
NCT02802852,MIXED_WOUND_EXPLICIT_TARGET,UNKNOWN,INTERVENTIONAL,NA,SINGLE_GROUP,NO,NO,NO_RECORDED_INDUSTRY_ROLE,YES,DEVICE|DRUG,SINGLE_COUNTRY,1,YES,PROSPECTIVE_OR_SAME_DAY,COMPLETED,9,NO,YES,2016-06-16,2016,2008-2016,2016-06,2016-04-21,ADULT|OLDER_ADULT,YES,NO
NCT02802995,VLU_ACTIVE_TREATMENT,UNKNOWN,INTERVENTIONAL,RANDOMIZED,PARALLEL,YES,YES,NO_RECORDED_INDUSTRY_ROLE,NO,DRUG,SINGLE_COUNTRY,1,NO,RETROSPECTIVE,TERMINATED,15,NO,NO,2016-06-16,2016,2008-2016,2016-05,2016-05-17,ADULT|OLDER_ADULT,YES,NO
NCT02811965,PI_PREVENTION,UNKNOWN,INTERVENTIONAL,RANDOMIZED,CROSSOVER,YES,YES,INDUSTRY_LEAD,YES,DEVICE|OTHER,SINGLE_COUNTRY,1,YES,RETROSPECTIVE,COMPLETED,21,NO,YES,2016-06-23,2016,2008-2016,2016-06,2016-06-21,ADULT|OLDER_ADULT,YES,YES
NCT02814513,PI_PREVENTION,UNKNOWN,INTERVENTIONAL,NA,SINGLE_GROUP,NO,NO,NO_RECORDED_INDUSTRY_ROLE,YES,DEVICE,SINGLE_COUNTRY,1,NO,RETROSPECTIVE,COMPLETED,60,NO,YES,2016-06-27,2016,2008-2016,2016-06,2016-06-23,CHILD|ADULT,YES,NO
NCT02838784,MIXED_WOUND_EXPLICIT_TARGET,UNKNOWN,INTERVENTIONAL,RANDOMIZED,PARALLEL,YES,YES,INDUSTRY_LEAD,NO,OTHER|PROCEDURE,SINGLE_COUNTRY,1,YES,PROSPECTIVE_OR_SAME_DAY,UNKNOWN,134,NO,NO,2016-07-20,2016,2008-2016,2016-09,2016-07-15,ADULT|OLDER_ADULT,YES,NO
NCT02839226,MIXED_WOUND_EXPLICIT_TARGET,UNKNOWN,INTERVENTIONAL,RANDOMIZED,PARALLEL,YES,YES,INDUSTRY_LEAD,NO,DRUG,SINGLE_COUNTRY,1,NO,PROSPECTIVE_OR_SAME_DAY,UNKNOWN,60,NO,NO,2016-07-20,2016,2008-2016,2016-08,2016-07-18,ADULT|OLDER_ADULT,YES,NO
NCT02840318,PI_TREATMENT,UNKNOWN,INTERVENTIONAL,NA,SINGLE_GROUP,NO,NO,NO_RECORDED_INDUSTRY_ROLE,NO,OTHER,SINGLE_COUNTRY,1,NO,RETROSPECTIVE,COMPLETED,41,NO,YES,2016-07-21,2016,2008-2016,2014-02,2016-07-19,OLDER_ADULT,YES,NO
NCT02844166,PI_PREVENTION,UNKNOWN,INTERVENTIONAL,RANDOMIZED,PARALLEL,YES,YES,NO_RECORDED_INDUSTRY_ROLE,NO,OTHER,SINGLE_COUNTRY,1,NO,RETROSPECTIVE,COMPLETED,62,NO,YES,2016-07-26,2016,2008-2016,2016-04,2016-07-18,ADULT|OLDER_ADULT,YES,NO
NCT02845466,MIXED_WOUND_EXPLICIT_TARGET,UNKNOWN,INTERVENTIONAL,RANDOMIZED,PARALLEL,YES,YES,NO_RECORDED_INDUSTRY_ROLE,YES,BIOLOGICAL|DEVICE,SINGLE_COUNTRY,1,NO,PROSPECTIVE_OR_SAME_DAY,UNKNOWN,80,NO,NO,2016-07-27,2016,2008-2016,2018-08,2016-07-14,ADULT|OLDER_ADULT,YES,NO
NCT02852148,MIXED_WOUND_EXPLICIT_TARGET,UNKNOWN,INTERVENTIONAL,NA,SINGLE_GROUP,NO,NO,INDUSTRY_LEAD,YES,DEVICE,SINGLE_COUNTRY,1,NO,PROSPECTIVE_OR_SAME_DAY,COMPLETED,25,NO,YES,2016-08-02,2016,2008-2016,2016-11,2016-06-24,ADULT|OLDER_ADULT,YES,NO
NCT02853149,PI_TREATMENT,UNKNOWN,INTERVENTIONAL,RANDOMIZED,PARALLEL,YES,YES,NO_RECORDED_INDUSTRY_ROLE,NO,BEHAVIORAL,SINGLE_COUNTRY,1,YES,RETROSPECTIVE,COMPLETED,22,NO,YES,2016-08-02,2016,2008-2016,2016-06-26,2016-07-29,ADULT|OLDER_ADULT,YES,NO
NCT02859792,PI_TREATMENT,UNKNOWN,INTERVENTIONAL,RANDOMIZED,PARALLEL,YES,YES,NO_RECORDED_INDUSTRY_ROLE,NO,BIOLOGICAL|DRUG,SINGLE_COUNTRY,1,NO,PROSPECTIVE_OR_SAME_DAY,UNKNOWN,90,NO,NO,2016-08-09,2016,2008-2016,2019-05-27,2016-08-02,ADULT|OLDER_ADULT,YES,NO
NCT02861560,PI_TREATMENT,UNKNOWN,INTERVENTIONAL,NA,SINGLE_GROUP,NO,NO,INDUSTRY_LEAD,NO,OTHER,SINGLE_COUNTRY,1,YES,RETROSPECTIVE,COMPLETED,10,NO,YES,2016-08-10,2016,2008-2016,2016-05,2016-08-05,CHILD|ADULT|OLDER_ADULT,YES,NO
NCT02862080,PI_TREATMENT,UNKNOWN,INTERVENTIONAL,RANDOMIZED,CROSSOVER,YES,YES,NO_RECORDED_INDUSTRY_ROLE,YES,DEVICE,SINGLE_COUNTRY,1,YES,PROSPECTIVE_OR_SAME_DAY,COMPLETED,4,NO,YES,2016-08-10,2016,2008-2016,2017-02-13,2016-06-10,ADULT|OLDER_ADULT,YES,YES
NCT02863263,PI_TREATMENT,ADULT_ONLY_OR_RELEVANT,INTERVENTIONAL,RANDOMIZED,PARALLEL,YES,YES,INDUSTRY_LEAD,YES,DEVICE,SINGLE_COUNTRY,1,NO,RETROSPECTIVE,TERMINATED,5,NO,NO,2016-08-11,2016,2008-2016,2016-07-29,2016-08-08,ADULT|OLDER_ADULT,YES,YES
NCT02865343,PI_TREATMENT,UNKNOWN,INTERVENTIONAL,RANDOMIZED,PARALLEL,YES,YES,NO_RECORDED_INDUSTRY_ROLE,YES,DEVICE,SINGLE_COUNTRY,1,YES,PROSPECTIVE_OR_SAME_DAY,COMPLETED,11,NO,YES,2016-08-12,2016,2008-2016,2017-02-22,2016-07-15,ADULT,YES,YES
NCT02873728,MIXED_WOUND_EXPLICIT_TARGET,UNKNOWN,INTERVENTIONAL,RANDOMIZED,PARALLEL,YES,YES,NO_RECORDED_INDUSTRY_ROLE,NO,OTHER|PROCEDURE,SINGLE_COUNTRY,1,NO,PROSPECTIVE_OR_SAME_DAY,UNKNOWN,200,NO,NO,2016-08-19,2016,2008-2016,2016-11,2016-08-17,ADULT|OLDER_ADULT,YES,NO
NCT02875665,VLU_ACTIVE_TREATMENT,UNKNOWN,INTERVENTIONAL,NA,SINGLE_GROUP,NO,NO,INDUSTRY_LEAD,YES,DEVICE,SINGLE_COUNTRY,1,NO,RETROSPECTIVE,COMPLETED,13,NO,YES,2016-08-23,2016,2008-2016,2016-04,2016-05-11,ADULT|OLDER_ADULT,YES,NO
NCT02876666,PI_PREVENTION,ADULT_ONLY_OR_RELEVANT,INTERVENTIONAL,RANDOMIZED,PARALLEL,YES,YES,NO_RECORDED_INDUSTRY_ROLE,NO,BEHAVIORAL,SINGLE_COUNTRY,1,YES,PROSPECTIVE_OR_SAME_DAY,COMPLETED,40,NO,YES,2016-08-24,2016,2008-2016,2017-01,2016-08-19,ADULT|OLDER_ADULT,YES,NO
NCT02888899,VLU_ACTIVE_TREATMENT,UNKNOWN,INTERVENTIONAL,UNKNOWN,UNKNOWN,UNKNOWN,UNKNOWN,NO_RECORDED_INDUSTRY_ROLE,NO,BEHAVIORAL|DRUG|OTHER,SINGLE_COUNTRY,1,NO,RETROSPECTIVE,UNKNOWN,,NO,NO,2016-09-05,2016,2008-2016,2016-03,2016-08-23,ADULT|OLDER_ADULT,YES,NO
NCT02889926,VLU_ACTIVE_TREATMENT,UNKNOWN,INTERVENTIONAL,RANDOMIZED,PARALLEL,YES,YES,NO_RECORDED_INDUSTRY_ROLE,NO,BIOLOGICAL,SINGLE_COUNTRY,1,NO,PROSPECTIVE_OR_SAME_DAY,UNKNOWN,100,NO,NO,2016-09-07,2016,2008-2016,2017-02-10,2016-08-23,ADULT|OLDER_ADULT,YES,NO
NCT02896725,VLU_ACTIVE_TREATMENT,UNKNOWN,INTERVENTIONAL,RANDOMIZED,PARALLEL,YES,YES,NO_RECORDED_INDUSTRY_ROLE,YES,DEVICE,SINGLE_COUNTRY,1,NO,PROSPECTIVE_OR_SAME_DAY,COMPLETED,143,NO,YES,2016-09-12,2016,2008-2016,2017-03-01,2016-08-29,ADULT|OLDER_ADULT,YES,NO
NCT02904200,MIXED_WOUND_EXPLICIT_TARGET,UNKNOWN,INTERVENTIONAL,RANDOMIZED,PARALLEL,YES,YES,INDUSTRY_LEAD,YES,DEVICE,SINGLE_COUNTRY,1,NO,PROSPECTIVE_OR_SAME_DAY,TERMINATED,2,NO,NO,2016-09-16,2016,2008-2016,2016-10,2016-09-13,ADULT|OLDER_ADULT,YES,YES
NCT02912858,VLU_ACTIVE_TREATMENT,UNKNOWN,INTERVENTIONAL,NA,SINGLE_GROUP,NO,NO,INDUSTRY_LEAD,YES,DEVICE,UNKNOWN,0,UNKNOWN,PROSPECTIVE_OR_SAME_DAY,WITHDRAWN,0,YES,NO,2016-09-23,2016,2008-2016,2017-09,2016-09-16,ADULT|OLDER_ADULT,YES,NO
NCT02921750,VLU_ACTIVE_TREATMENT,UNKNOWN,INTERVENTIONAL,RANDOMIZED,PARALLEL,YES,YES,INDUSTRY_LEAD,YES,DEVICE,MULTICOUNTRY,6,NO,PROSPECTIVE_OR_SAME_DAY,COMPLETED,248,NO,YES,2016-10-03,2016,2008-2016,2016-10,2016-09-19,ADULT|OLDER_ADULT,YES,YES
NCT02925741,PI_PREVENTION,ADULT_ONLY_OR_RELEVANT,INTERVENTIONAL,RANDOMIZED,PARALLEL,YES,YES,NO_RECORDED_INDUSTRY_ROLE,NO,OTHER,SINGLE_COUNTRY,1,YES,RETROSPECTIVE,COMPLETED,3343,NO,YES,2016-10-06,2016,2008-2016,2014-03,2016-09-30,ADULT|OLDER_ADULT,YES,YES
NCT02929056,VLU_ACTIVE_TREATMENT,UNKNOWN,INTERVENTIONAL,RANDOMIZED,PARALLEL,YES,YES,INDUSTRY_COLLABORATOR,NO,BIOLOGICAL|PROCEDURE,SINGLE_COUNTRY,1,YES,PROSPECTIVE_OR_SAME_DAY,TERMINATED,2,NO,NO,2016-10-10,2016,2008-2016,2017-02-15,2016-10-07,ADULT|OLDER_ADULT,YES,YES
NCT02930499,VLU_RECURRENCE_PREVENTION,UNKNOWN,INTERVENTIONAL,RANDOMIZED,PARALLEL,YES,YES,NO_RECORDED_INDUSTRY_ROLE,YES,DEVICE,SINGLE_COUNTRY,1,YES,RETROSPECTIVE,SUSPENDED,20,NO,NO,2016-10-12,2016,2008-2016,2016-01,2016-09-01,ADULT|OLDER_ADULT,YES,NO
NCT02930590,PI_PREVENTION,UNKNOWN,INTERVENTIONAL,RANDOMIZED,CROSSOVER,YES,YES,NO_RECORDED_INDUSTRY_ROLE,NO,OTHER,SINGLE_COUNTRY,1,NO,RETROSPECTIVE,COMPLETED,15,NO,YES,2016-10-12,2016,2008-2016,2016-09,2016-09-26,ADULT|OLDER_ADULT,YES,YES
NCT02936128,VLU_ACTIVE_TREATMENT,UNKNOWN,INTERVENTIONAL,RANDOMIZED,PARALLEL,YES,YES,INDUSTRY_LEAD,NO,OTHER,SINGLE_COUNTRY,1,YES,RETROSPECTIVE,TERMINATED,7,NO,NO,2016-10-18,2016,2008-2016,2016-07,2016-09-20,ADULT|OLDER_ADULT,YES,NO
NCT02940587,VLU_ACTIVE_TREATMENT,UNKNOWN,INTERVENTIONAL,RANDOMIZED,SINGLE_GROUP,YES,NO,INDUSTRY_LEAD,YES,DEVICE,SINGLE_COUNTRY,1,YES,RETROSPECTIVE,WITHDRAWN,0,YES,NO,2016-10-21,2016,2008-2016,2015-02,2016-10-19,ADULT|OLDER_ADULT,YES,NO
NCT02946021,MIXED_WOUND_EXPLICIT_TARGET,UNKNOWN,INTERVENTIONAL,NON_RANDOMIZED,PARALLEL,NO,YES,INDUSTRY_LEAD,YES,DEVICE|DRUG,SINGLE_COUNTRY,1,YES,RETROSPECTIVE,COMPLETED,11,NO,YES,2016-10-26,2016,2008-2016,2016-10,2016-10-20,ADULT|OLDER_ADULT,YES,YES
NCT02952573,MIXED_WOUND_EXPLICIT_TARGET,UNKNOWN,INTERVENTIONAL,NON_RANDOMIZED,PARALLEL,NO,YES,NO_RECORDED_INDUSTRY_ROLE,NO,DRUG,SINGLE_COUNTRY,1,NO,PROSPECTIVE_OR_SAME_DAY,TERMINATED,20,NO,NO,2016-11-02,2016,2008-2016,2017-06-13,2016-10-31,ADULT|OLDER_ADULT,YES,NO
NCT02952664,PI_PREVENTION,UNKNOWN,INTERVENTIONAL,NA,SINGLE_GROUP,NO,NO,NO_RECORDED_INDUSTRY_ROLE,NO,BEHAVIORAL,SINGLE_COUNTRY,1,YES,PROSPECTIVE_OR_SAME_DAY,COMPLETED,12,NO,YES,2016-11-02,2016,2008-2016,2017-01,2016-10-26,ADULT|OLDER_ADULT,YES,NO
NCT02958072,VLU_ACTIVE_TREATMENT,UNKNOWN,INTERVENTIONAL,RANDOMIZED,PARALLEL,YES,YES,NO_RECORDED_INDUSTRY_ROLE,NO,OTHER,MULTICOUNTRY,2,NO,PROSPECTIVE_OR_SAME_DAY,COMPLETED,20,NO,YES,2016-11-08,2016,2008-2016,2016-11,2016-10-27,ADULT|OLDER_ADULT,YES,NO
NCT02960178,PI_PREVENTION,UNKNOWN,INTERVENTIONAL,RANDOMIZED,PARALLEL,YES,YES,NO_RECORDED_INDUSTRY_ROLE,NO,BEHAVIORAL,SINGLE_COUNTRY,1,NO,PROSPECTIVE_OR_SAME_DAY,COMPLETED,22,NO,YES,2016-11-09,2016,2008-2016,2017-01,2016-11-03,ADULT|OLDER_ADULT,YES,NO
NCT02961699,VLU_ACTIVE_TREATMENT,UNKNOWN,INTERVENTIONAL,RANDOMIZED,PARALLEL,YES,YES,INDUSTRY_LEAD,YES,DEVICE|OTHER,SINGLE_COUNTRY,1,YES,PROSPECTIVE_OR_SAME_DAY,UNKNOWN,36,NO,NO,2016-11-11,2016,2008-2016,2017-06-01,2016-11-09,ADULT|OLDER_ADULT,YES,NO
NCT02962882,PI_TREATMENT,UNKNOWN,INTERVENTIONAL,NON_RANDOMIZED,PARALLEL,NO,YES,INDUSTRY_LEAD,YES,DEVICE,SINGLE_COUNTRY,1,YES,PROSPECTIVE_OR_SAME_DAY,COMPLETED,50,NO,YES,2016-11-15,2016,2008-2016,2016-09-09,2016-08-23,ADULT|OLDER_ADULT,YES,YES
NCT02963649,PI_TREATMENT,UNKNOWN,INTERVENTIONAL,RANDOMIZED,PARALLEL,YES,YES,INDUSTRY_LEAD,YES,DEVICE,MULTICOUNTRY,5,NO,PROSPECTIVE_OR_SAME_DAY,COMPLETED,50,NO,YES,2016-11-15,2016,2008-2016,2017-03-02,2016-11-09,ADULT|OLDER_ADULT,YES,YES
NCT02969343,PI_TREATMENT,UNKNOWN,INTERVENTIONAL,RANDOMIZED,PARALLEL,YES,YES,NO_RECORDED_INDUSTRY_ROLE,NO,BEHAVIORAL,SINGLE_COUNTRY,1,YES,RETROSPECTIVE,COMPLETED,21000,NO,YES,2016-11-21,2016,2008-2016,2015-04,2016-10-24,ADULT|OLDER_ADULT,YES,NO
NCT02973893,VLU_ACTIVE_TREATMENT,UNKNOWN,INTERVENTIONAL,RANDOMIZED,PARALLEL,YES,YES,INDUSTRY_LEAD,NO,BIOLOGICAL,SINGLE_COUNTRY,1,YES,RETROSPECTIVE,UNKNOWN,156,NO,NO,2016-11-25,2016,2008-2016,2016-11,2016-11-07,ADULT|OLDER_ADULT,YES,NO
NCT02978638,PI_TREATMENT,UNKNOWN,INTERVENTIONAL,NA,SINGLE_GROUP,NO,NO,NO_RECORDED_INDUSTRY_ROLE,YES,DEVICE,SINGLE_COUNTRY,1,YES,RETROSPECTIVE,ACTIVE_NOT_RECRUITING,10,NO,NO,2016-12-01,2016,2008-2016,2014-09,2016-11-22,ADULT|OLDER_ADULT,YES,NO
NCT02983955,PI_TREATMENT,UNKNOWN,INTERVENTIONAL,NA,SINGLE_GROUP,NO,NO,INDUSTRY_LEAD,YES,DEVICE,SINGLE_COUNTRY,1,NO,RETROSPECTIVE,UNKNOWN,15,NO,NO,2016-12-06,2016,2008-2016,2016-11,2016-11-22,ADULT|OLDER_ADULT,YES,NO
NCT02988063,VLU_ACTIVE_TREATMENT,ADULT_ONLY_OR_RELEVANT,INTERVENTIONAL,NA,SINGLE_GROUP,NO,NO,NO_RECORDED_INDUSTRY_ROLE,NO,DRUG,SINGLE_COUNTRY,1,YES,PROSPECTIVE_OR_SAME_DAY,WITHDRAWN,0,YES,NO,2016-12-09,2016,2008-2016,2017-04-10,2016-12-06,ADULT|OLDER_ADULT,YES,NO
NCT02991833,PI_PREVENTION,UNKNOWN,INTERVENTIONAL,RANDOMIZED,CROSSOVER,YES,YES,NO_RECORDED_INDUSTRY_ROLE,NO,OTHER,SINGLE_COUNTRY,1,NO,RETROSPECTIVE,COMPLETED,12,NO,YES,2016-12-14,2016,2008-2016,2014-11,2016-12-06,ADULT|OLDER_ADULT,YES,NO
NCT02996331,PI_PREVENTION,UNKNOWN,INTERVENTIONAL,RANDOMIZED,PARALLEL,YES,YES,NO_RECORDED_INDUSTRY_ROLE,NO,OTHER,SINGLE_COUNTRY,1,YES,PROSPECTIVE_OR_SAME_DAY,COMPLETED,2113,NO,YES,2016-12-19,2016,2008-2016,2017-05-16,2016-10-06,CHILD|ADULT|OLDER_ADULT,YES,NO
NCT03004144,PI_TREATMENT,UNKNOWN,INTERVENTIONAL,NA,SINGLE_GROUP,NO,NO,NO_RECORDED_INDUSTRY_ROLE,NO,OTHER,SINGLE_COUNTRY,1,NO,PROSPECTIVE_OR_SAME_DAY,COMPLETED,65,NO,YES,2016-12-28,2016,2008-2016,2016-10,2016-09-19,ADULT|OLDER_ADULT,YES,NO
NCT03011099,PI_TREATMENT,UNKNOWN,INTERVENTIONAL,RANDOMIZED,PARALLEL,YES,YES,NO_RECORDED_INDUSTRY_ROLE,YES,DEVICE|OTHER,SINGLE_COUNTRY,1,YES,RETROSPECTIVE,COMPLETED,12,NO,YES,2017-01-05,2017,2017-2018,2014-01,2017-01-03,ADULT|OLDER_ADULT,YES,YES
NCT03020446,VLU_ACTIVE_TREATMENT,UNKNOWN,INTERVENTIONAL,NA,SINGLE_GROUP,NO,NO,NO_RECORDED_INDUSTRY_ROLE,YES,DEVICE,SINGLE_COUNTRY,1,YES,RETROSPECTIVE,TERMINATED,3,NO,NO,2017-01-13,2017,2017-2018,2014-07,2015-10-07,ADULT|OLDER_ADULT,YES,YES
NCT03021811,MIXED_WOUND_EXPLICIT_TARGET,ADULT_ONLY_OR_RELEVANT,INTERVENTIONAL,NA,SINGLE_GROUP,NO,NO,INDUSTRY_LEAD,YES,DEVICE,UNKNOWN,0,UNKNOWN,RETROSPECTIVE,COMPLETED,100,NO,YES,2017-01-16,2017,2017-2018,2015-10,2017-01-11,ADULT|OLDER_ADULT,YES,NO
NCT03026816,PI_PREVENTION,UNKNOWN,INTERVENTIONAL,NA,SINGLE_GROUP,NO,NO,NO_RECORDED_INDUSTRY_ROLE,YES,DEVICE,SINGLE_COUNTRY,1,YES,PROSPECTIVE_OR_SAME_DAY,RECRUITING,100,NO,NO,2017-01-20,2017,2017-2018,2017-08-07,2017-01-01,ADULT|OLDER_ADULT,YES,NO
NCT03036527,PI_TREATMENT,UNKNOWN,INTERVENTIONAL,NON_RANDOMIZED,PARALLEL,NO,YES,NO_RECORDED_INDUSTRY_ROLE,NO,PROCEDURE,SINGLE_COUNTRY,1,YES,RETROSPECTIVE,COMPLETED,40,NO,YES,2017-01-30,2017,2017-2018,2014-09,2017-01-09,ADULT|OLDER_ADULT,YES,YES
NCT03038490,PI_TREATMENT,UNKNOWN,INTERVENTIONAL,RANDOMIZED,PARALLEL,YES,YES,NO_RECORDED_INDUSTRY_ROLE,NO,DIETARY_SUPPLEMENT,SINGLE_COUNTRY,1,NO,RETROSPECTIVE,UNKNOWN,90,NO,NO,2017-01-31,2017,2017-2018,2016-12-01,2017-01-28,ADULT|OLDER_ADULT,YES,NO
NCT03041844,MIXED_WOUND_EXPLICIT_TARGET,UNKNOWN,INTERVENTIONAL,RANDOMIZED,PARALLEL,YES,YES,NO_RECORDED_INDUSTRY_ROLE,YES,DEVICE,SINGLE_COUNTRY,1,YES,RETROSPECTIVE,UNKNOWN,72,NO,NO,2017-02-03,2017,2017-2018,2017-01,2017-01-25,ADULT|OLDER_ADULT,YES,NO
NCT03046810,PI_TREATMENT,UNKNOWN,INTERVENTIONAL,NA,SINGLE_GROUP,NO,NO,NO_RECORDED_INDUSTRY_ROLE,YES,DEVICE,SINGLE_COUNTRY,1,YES,PROSPECTIVE_OR_SAME_DAY,UNKNOWN,40,NO,NO,2017-02-08,2017,2017-2018,2017-04-01,2017-02-06,ADULT|OLDER_ADULT,YES,NO
NCT03048357,PI_PREVENTION,UNKNOWN,INTERVENTIONAL,RANDOMIZED,PARALLEL,YES,YES,NO_RECORDED_INDUSTRY_ROLE,YES,DEVICE|OTHER,UNKNOWN,0,UNKNOWN,RETROSPECTIVE,UNKNOWN,8,NO,NO,2017-02-09,2017,2017-2018,2016-09-01,2017-02-07,CHILD|ADULT|OLDER_ADULT,YES,NO
NCT03057652,PI_TREATMENT,UNKNOWN,INTERVENTIONAL,RANDOMIZED,CROSSOVER,YES,YES,NO_RECORDED_INDUSTRY_ROLE,YES,DEVICE,SINGLE_COUNTRY,1,YES,RETROSPECTIVE,UNKNOWN,75,NO,NO,2017-02-20,2017,2017-2018,2016-03,2017-02-15,ADULT|OLDER_ADULT,YES,NO
NCT03077165,VLU_ACTIVE_TREATMENT,UNKNOWN,INTERVENTIONAL,RANDOMIZED,PARALLEL,YES,YES,INDUSTRY_LEAD,NO,DRUG,MULTICOUNTRY,11,YES,PROSPECTIVE_OR_SAME_DAY,COMPLETED,121,NO,YES,2017-03-10,2017,2017-2018,2017-09-12,2017-03-01,ADULT|OLDER_ADULT,YES,YES
NCT03091439,MIXED_WOUND_EXPLICIT_TARGET,UNKNOWN,INTERVENTIONAL,RANDOMIZED,PARALLEL,YES,YES,INDUSTRY_LEAD,NO,DRUG,SINGLE_COUNTRY,1,YES,PROSPECTIVE_OR_SAME_DAY,TERMINATED,1,NO,NO,2017-03-27,2017,2017-2018,2017-05-15,2017-03-21,ADULT|OLDER_ADULT,YES,YES
NCT03107143,PI_TREATMENT,UNKNOWN,INTERVENTIONAL,RANDOMIZED,PARALLEL,YES,YES,INDUSTRY_LEAD,YES,DEVICE,UNKNOWN,0,UNKNOWN,RETROSPECTIVE,UNKNOWN,431,NO,NO,2017-04-11,2017,2017-2018,2016-06-15,2017-03-30,ADULT|OLDER_ADULT,YES,NO
NCT03108950,PI_TREATMENT,UNKNOWN,INTERVENTIONAL,NA,SINGLE_GROUP,NO,NO,NO_RECORDED_INDUSTRY_ROLE,NO,BEHAVIORAL,SINGLE_COUNTRY,1,YES,RETROSPECTIVE,COMPLETED,27,NO,YES,2017-04-11,2017,2017-2018,2017-02-01,2017-04-05,ADULT|OLDER_ADULT,YES,NO
NCT03112395,MIXED_WOUND_EXPLICIT_TARGET,UNKNOWN,INTERVENTIONAL,NA,SINGLE_GROUP,NO,NO,INDUSTRY_LEAD,YES,DEVICE,SINGLE_COUNTRY,1,NO,PROSPECTIVE_OR_SAME_DAY,COMPLETED,36,NO,YES,2017-04-13,2017,2017-2018,2017-04-25,2017-04-03,ADULT|OLDER_ADULT,YES,NO
NCT03114345,PI_TREATMENT,UNKNOWN,INTERVENTIONAL,NA,SINGLE_GROUP,NO,NO,INDUSTRY_COLLABORATOR,NO,OTHER,SINGLE_COUNTRY,1,NO,PROSPECTIVE_OR_SAME_DAY,TERMINATED,4,NO,NO,2017-04-14,2017,2017-2018,2017-11-22,2017-03-30,ADULT|OLDER_ADULT,YES,NO
NCT03114800,PI_PREVENTION,UNKNOWN,INTERVENTIONAL,NA,SINGLE_GROUP,NO,NO,NO_RECORDED_INDUSTRY_ROLE,YES,DEVICE,SINGLE_COUNTRY,1,YES,PROSPECTIVE_OR_SAME_DAY,COMPLETED,10,NO,YES,2017-04-14,2017,2017-2018,2017-08-09,2017-04-10,ADULT|OLDER_ADULT,YES,NO
NCT03117881,PI_TREATMENT,UNKNOWN,INTERVENTIONAL,RANDOMIZED,PARALLEL,YES,YES,NO_RECORDED_INDUSTRY_ROLE,NO,BEHAVIORAL,SINGLE_COUNTRY,1,YES,PROSPECTIVE_OR_SAME_DAY,COMPLETED,911,NO,YES,2017-04-18,2017,2017-2018,2018-01-08,2017-04-05,ADULT|OLDER_ADULT,YES,YES
NCT03118960,PI_TREATMENT,UNKNOWN,INTERVENTIONAL,NON_RANDOMIZED,PARALLEL,NO,YES,NO_RECORDED_INDUSTRY_ROLE,YES,DEVICE,SINGLE_COUNTRY,1,YES,RETROSPECTIVE,UNKNOWN,9,NO,NO,2017-04-18,2017,2017-2018,2016-09,2016-11-17,CHILD|ADULT|OLDER_ADULT,YES,NO
NCT03121144,PI_TREATMENT,UNKNOWN,INTERVENTIONAL,NA,SINGLE_GROUP,NO,NO,INDUSTRY_LEAD,YES,DEVICE,SINGLE_COUNTRY,1,YES,RETROSPECTIVE,COMPLETED,34,NO,YES,2017-04-19,2017,2017-2018,2017-03-01,2017-03-27,ADULT|OLDER_ADULT,YES,YES
NCT03125421,PI_PREVENTION,UNKNOWN,INTERVENTIONAL,RANDOMIZED,SEQUENTIAL,YES,YES,NO_RECORDED_INDUSTRY_ROLE,NO,PROCEDURE,SINGLE_COUNTRY,1,NO,PROSPECTIVE_OR_SAME_DAY,COMPLETED,160,NO,YES,2017-04-24,2017,2017-2018,2018-04-16,2017-04-19,ADULT|OLDER_ADULT,YES,NO
NCT03127904,VLU_ACTIVE_TREATMENT,UNKNOWN,INTERVENTIONAL,RANDOMIZED,PARALLEL,YES,YES,NO_RECORDED_INDUSTRY_ROLE,NO,PROCEDURE,SINGLE_COUNTRY,1,NO,PROSPECTIVE_OR_SAME_DAY,UNKNOWN,120,NO,NO,2017-04-25,2017,2017-2018,2018-07-24,2017-03-24,ADULT|OLDER_ADULT,YES,NO
NCT03135964,MIXED_WOUND_EXPLICIT_TARGET,UNKNOWN,INTERVENTIONAL,RANDOMIZED,PARALLEL,YES,YES,NO_RECORDED_INDUSTRY_ROLE,YES,DEVICE,SINGLE_COUNTRY,1,NO,RETROSPECTIVE,COMPLETED,57,NO,YES,2017-05-02,2017,2017-2018,2011-02,2015-11-04,CHILD|ADULT|OLDER_ADULT,YES,NO
NCT03146845,MIXED_WOUND_EXPLICIT_TARGET,UNKNOWN,INTERVENTIONAL,RANDOMIZED,PARALLEL,YES,YES,INDUSTRY_LEAD,YES,DEVICE,SINGLE_COUNTRY,1,YES,PROSPECTIVE_OR_SAME_DAY,COMPLETED,40,NO,YES,2017-05-10,2017,2017-2018,2017-06-15,2017-05-08,ADULT|OLDER_ADULT,YES,YES
NCT03154619,VLU_ACTIVE_TREATMENT,UNKNOWN,INTERVENTIONAL,RANDOMIZED,PARALLEL,YES,YES,INDUSTRY_COLLABORATOR,NO,DRUG,SINGLE_COUNTRY,1,YES,RETROSPECTIVE,ACTIVE_NOT_RECRUITING,80,NO,NO,2017-05-16,2017,2017-2018,2016-11,2017-05-12,ADULT|OLDER_ADULT,YES,NO
NCT03171207,PI_TREATMENT,UNKNOWN,INTERVENTIONAL,RANDOMIZED,CROSSOVER,YES,YES,INDUSTRY_LEAD,YES,DEVICE,UNKNOWN,0,UNKNOWN,PROSPECTIVE_OR_SAME_DAY,UNKNOWN,10,NO,NO,2017-05-31,2017,2017-2018,2017-06,2017-05-24,ADULT|OLDER_ADULT,YES,NO
NCT03175055,PI_TREATMENT,UNKNOWN,INTERVENTIONAL,NA,SINGLE_GROUP,NO,NO,INDUSTRY_LEAD,YES,DEVICE,MULTICOUNTRY,2,YES,PROSPECTIVE_OR_SAME_DAY,COMPLETED,40,NO,YES,2017-06-05,2017,2017-2018,2017-06-01,2017-05-31,ADULT|OLDER_ADULT,YES,NO
NCT03184792,PI_TREATMENT,UNKNOWN,INTERVENTIONAL,RANDOMIZED,CROSSOVER,YES,YES,NO_RECORDED_INDUSTRY_ROLE,YES,DEVICE|OTHER,SINGLE_COUNTRY,1,YES,PROSPECTIVE_OR_SAME_DAY,COMPLETED,15,NO,YES,2017-06-14,2017,2017-2018,2017-12-01,2017-06-07,ADULT|OLDER_ADULT,YES,YES
NCT03204851,MIXED_WOUND_EXPLICIT_TARGET,UNKNOWN,INTERVENTIONAL,NON_RANDOMIZED,SINGLE_GROUP,NO,NO,INDUSTRY_COLLABORATOR,YES,DEVICE,SINGLE_COUNTRY,1,YES,RETROSPECTIVE,UNKNOWN,100,NO,NO,2017-07-02,2017,2017-2018,2016-10-20,2017-06-28,ADULT|OLDER_ADULT,YES,NO
NCT03207737,PI_TREATMENT,UNKNOWN,INTERVENTIONAL,NON_RANDOMIZED,PARALLEL,NO,YES,NO_RECORDED_INDUSTRY_ROLE,NO,BEHAVIORAL,SINGLE_COUNTRY,1,YES,PROSPECTIVE_OR_SAME_DAY,COMPLETED,23,NO,YES,2017-07-05,2017,2017-2018,2017-09-01,2017-06-28,ADULT,YES,NO
NCT03211910,PI_TREATMENT,UNKNOWN,INTERVENTIONAL,RANDOMIZED,PARALLEL,YES,YES,NO_RECORDED_INDUSTRY_ROLE,YES,DEVICE|OTHER,SINGLE_COUNTRY,1,YES,PROSPECTIVE_OR_SAME_DAY,WITHDRAWN,0,YES,NO,2017-07-07,2017,2017-2018,2023-01-01,2017-06-01,ADULT|OLDER_ADULT,YES,NO
NCT03215953,PI_PREVENTION,UNKNOWN,INTERVENTIONAL,RANDOMIZED,PARALLEL,YES,YES,NO_RECORDED_INDUSTRY_ROLE,YES,DEVICE,SINGLE_COUNTRY,1,NO,PROSPECTIVE_OR_SAME_DAY,UNKNOWN,68,NO,NO,2017-07-12,2017,2017-2018,2019-02-01,2017-07-09,ADULT|OLDER_ADULT,YES,NO
NCT03217838,PI_TREATMENT,ADULT_ONLY_OR_RELEVANT,INTERVENTIONAL,NON_RANDOMIZED,PARALLEL,NO,YES,INDUSTRY_LEAD,NO,DRUG,MULTICOUNTRY,2,YES,PROSPECTIVE_OR_SAME_DAY,TERMINATED,50,NO,NO,2017-07-14,2017,2017-2018,2017-07-31,2017-07-13,ADULT|OLDER_ADULT,YES,NO
NCT03220451,PI_TREATMENT,UNKNOWN,INTERVENTIONAL,NA,SINGLE_GROUP,NO,NO,NO_RECORDED_INDUSTRY_ROLE,NO,PROCEDURE,SINGLE_COUNTRY,1,NO,PROSPECTIVE_OR_SAME_DAY,COMPLETED,24,NO,YES,2017-07-18,2017,2017-2018,2017-09-25,2017-07-11,ADULT|OLDER_ADULT,YES,NO
NCT03228732,VLU_ACTIVE_TREATMENT,UNKNOWN,INTERVENTIONAL,RANDOMIZED,PARALLEL,YES,YES,NO_RECORDED_INDUSTRY_ROLE,NO,DRUG,SINGLE_COUNTRY,1,YES,PROSPECTIVE_OR_SAME_DAY,RECRUITING,60,NO,NO,2017-07-25,2017,2017-2018,2017-12-19,2017-07-20,ADULT,YES,NO
NCT03229330,VLU_ACTIVE_TREATMENT,UNKNOWN,INTERVENTIONAL,RANDOMIZED,PARALLEL,YES,YES,NO_RECORDED_INDUSTRY_ROLE,NO,COMBINATION_PRODUCT|PROCEDURE,SINGLE_COUNTRY,1,NO,RETROSPECTIVE,COMPLETED,40,NO,YES,2017-07-25,2017,2017-2018,2016-04,2017-07-21,ADULT|OLDER_ADULT,YES,NO
NCT03231150,VLU_ACTIVE_TREATMENT,UNKNOWN,INTERVENTIONAL,RANDOMIZED,SINGLE_GROUP,YES,NO,NO_RECORDED_INDUSTRY_ROLE,NO,PROCEDURE,SINGLE_COUNTRY,1,YES,RETROSPECTIVE,RECRUITING,62,NO,NO,2017-07-27,2017,2017-2018,2017-03-28,2017-07-21,ADULT|OLDER_ADULT,YES,NO
NCT03240042,PI_TREATMENT,UNKNOWN,INTERVENTIONAL,RANDOMIZED,PARALLEL,YES,YES,NO_RECORDED_INDUSTRY_ROLE,NO,PROCEDURE,SINGLE_COUNTRY,1,NO,PROSPECTIVE_OR_SAME_DAY,COMPLETED,118,NO,YES,2017-08-04,2017,2017-2018,2017-10-17,2017-08-02,ADULT|OLDER_ADULT,YES,NO
NCT03249909,MIXED_WOUND_EXPLICIT_TARGET,UNKNOWN,INTERVENTIONAL,NON_RANDOMIZED,SINGLE_GROUP,NO,NO,INDUSTRY_LEAD,YES,DEVICE,SINGLE_COUNTRY,1,YES,PROSPECTIVE_OR_SAME_DAY,COMPLETED,109,NO,YES,2017-08-15,2017,2017-2018,2017-08-11,2017-08-06,ADULT|OLDER_ADULT,YES,YES
NCT03250247,VLU_ACTIVE_TREATMENT,UNKNOWN,INTERVENTIONAL,RANDOMIZED,PARALLEL,YES,YES,NO_RECORDED_INDUSTRY_ROLE,YES,DEVICE,SINGLE_COUNTRY,1,YES,PROSPECTIVE_OR_SAME_DAY,ACTIVE_NOT_RECRUITING,225,NO,NO,2017-08-15,2017,2017-2018,2018-07-02,2017-07-05,ADULT|OLDER_ADULT,YES,NO
NCT03257098,VLU_ACTIVE_TREATMENT,UNKNOWN,INTERVENTIONAL,NA,SINGLE_GROUP,NO,NO,INDUSTRY_LEAD,NO,BIOLOGICAL,SINGLE_COUNTRY,1,NO,PROSPECTIVE_OR_SAME_DAY,COMPLETED,31,NO,YES,2017-08-22,2017,2017-2018,2017-11-16,2017-08-17,ADULT|OLDER_ADULT,YES,NO
NCT03267212,PI_TREATMENT,UNKNOWN,INTERVENTIONAL,RANDOMIZED,CROSSOVER,YES,YES,NO_RECORDED_INDUSTRY_ROLE,YES,DEVICE|OTHER,SINGLE_COUNTRY,1,YES,RETROSPECTIVE,COMPLETED,15,NO,YES,2017-08-30,2017,2017-2018,2017-07-14,2017-08-22,ADULT|OLDER_ADULT,YES,YES
NCT03275831,MIXED_WOUND_EXPLICIT_TARGET,UNKNOWN,INTERVENTIONAL,RANDOMIZED,PARALLEL,YES,YES,INDUSTRY_LEAD,YES,DEVICE,SINGLE_COUNTRY,1,NO,PROSPECTIVE_OR_SAME_DAY,TERMINATED,16,NO,NO,2017-09-08,2017,2017-2018,2018-01-08,2017-08-29,ADULT|OLDER_ADULT,YES,NO
NCT03277131,VLU_ACTIVE_TREATMENT,UNKNOWN,INTERVENTIONAL,NA,SINGLE_GROUP,NO,NO,INDUSTRY_LEAD,YES,DEVICE,SINGLE_COUNTRY,1,NO,PROSPECTIVE_OR_SAME_DAY,COMPLETED,20,NO,YES,2017-09-08,2017,2017-2018,2017-12-12,2017-09-07,ADULT|OLDER_ADULT,YES,NO
NCT03283787,PI_TREATMENT,UNKNOWN,INTERVENTIONAL,RANDOMIZED,PARALLEL,YES,YES,INDUSTRY_LEAD,YES,DEVICE,SINGLE_COUNTRY,1,YES,RETROSPECTIVE,COMPLETED,60,NO,YES,2017-09-14,2017,2017-2018,2017-04-01,2017-09-13,ADULT|OLDER_ADULT,YES,YES
NCT03286140,VLU_RECURRENCE_PREVENTION,UNKNOWN,INTERVENTIONAL,RANDOMIZED,PARALLEL,YES,YES,NO_RECORDED_INDUSTRY_ROLE,NO,PROCEDURE,SINGLE_COUNTRY,1,NO,RETROSPECTIVE,COMPLETED,450,NO,YES,2017-09-18,2017,2017-2018,2013-09-01,2017-09-04,ADULT|OLDER_ADULT,YES,YES
NCT03293836,VLU_ACTIVE_TREATMENT,UNKNOWN,INTERVENTIONAL,RANDOMIZED,PARALLEL,YES,YES,NO_RECORDED_INDUSTRY_ROLE,NO,PROCEDURE,SINGLE_COUNTRY,1,NO,RETROSPECTIVE,UNKNOWN,84,NO,NO,2017-09-26,2017,2017-2018,2015-01-01,2017-03-20,ADULT|OLDER_ADULT,YES,NO
NCT03298113,PI_TREATMENT,UNKNOWN,INTERVENTIONAL,RANDOMIZED,PARALLEL,YES,YES,INDUSTRY_LEAD,YES,DEVICE,MULTICOUNTRY,3,NO,PROSPECTIVE_OR_SAME_DAY,TERMINATED,20,NO,NO,2017-10-02,2017,2017-2018,2017-11-17,2017-08-21,ADULT|OLDER_ADULT,YES,YES
NCT03304834,VLU_RECURRENCE_PREVENTION,UNKNOWN,INTERVENTIONAL,NA,SINGLE_GROUP,NO,NO,INDUSTRY_LEAD,YES,DEVICE,SINGLE_COUNTRY,1,NO,RETROSPECTIVE,COMPLETED,50,NO,YES,2017-10-09,2017,2017-2018,2017-08-21,2017-10-03,ADULT|OLDER_ADULT,YES,NO
NCT03317288,PI_PREVENTION,UNKNOWN,INTERVENTIONAL,NA,SINGLE_GROUP,NO,NO,INDUSTRY_COLLABORATOR,YES,DEVICE,SINGLE_COUNTRY,1,YES,RETROSPECTIVE,COMPLETED,15,NO,YES,2017-10-23,2017,2017-2018,2017-05-12,2017-10-10,ADULT|OLDER_ADULT,YES,YES
NCT03332160,VLU_ACTIVE_TREATMENT,UNKNOWN,INTERVENTIONAL,RANDOMIZED,PARALLEL,YES,YES,INDUSTRY_LEAD,YES,DEVICE|OTHER,SINGLE_COUNTRY,1,YES,PROSPECTIVE_OR_SAME_DAY,COMPLETED,49,NO,YES,2017-11-06,2017,2017-2018,2018-01-02,2017-10-24,ADULT|OLDER_ADULT,YES,YES
NCT03345576,PI_TREATMENT,UNKNOWN,INTERVENTIONAL,RANDOMIZED,PARALLEL,YES,YES,NO_RECORDED_INDUSTRY_ROLE,YES,DEVICE|DRUG,SINGLE_COUNTRY,1,YES,PROSPECTIVE_OR_SAME_DAY,COMPLETED,12,NO,YES,2017-11-17,2017,2017-2018,2018-07-01,2017-11-13,ADULT|OLDER_ADULT,YES,YES
NCT03348098,VLU_ACTIVE_TREATMENT,UNKNOWN,INTERVENTIONAL,NA,SINGLE_GROUP,NO,NO,NO_RECORDED_INDUSTRY_ROLE,NO,DRUG,SINGLE_COUNTRY,1,NO,RETROSPECTIVE,UNKNOWN,20,NO,NO,2017-11-20,2017,2017-2018,2017-09-06,2017-11-09,ADULT|OLDER_ADULT,YES,NO
NCT03351049,PI_PREVENTION,UNKNOWN,INTERVENTIONAL,RANDOMIZED,PARALLEL,YES,YES,NO_RECORDED_INDUSTRY_ROLE,YES,DEVICE,SINGLE_COUNTRY,1,YES,PROSPECTIVE_OR_SAME_DAY,COMPLETED,457,NO,YES,2017-11-22,2017,2017-2018,2018-09-04,2017-11-15,ADULT|OLDER_ADULT,YES,YES
NCT03363633,VLU_ACTIVE_TREATMENT,UNKNOWN,INTERVENTIONAL,RANDOMIZED,PARALLEL,YES,YES,NO_RECORDED_INDUSTRY_ROLE,YES,DEVICE|DRUG,SINGLE_COUNTRY,1,YES,RETROSPECTIVE,TERMINATED,12,NO,NO,2017-12-06,2017,2017-2018,2010-03,2017-06-04,ADULT|OLDER_ADULT,YES,YES
NCT03369756,PI_TREATMENT,ADULT_ONLY_OR_RELEVANT,INTERVENTIONAL,NA,SINGLE_GROUP,NO,NO,INDUSTRY_LEAD,YES,DEVICE,SINGLE_COUNTRY,1,YES,PROSPECTIVE_OR_SAME_DAY,TERMINATED,43,NO,NO,2017-12-12,2017,2017-2018,2018-02-20,2017-12-06,ADULT|OLDER_ADULT,YES,YES
NCT03372941,MIXED_WOUND_EXPLICIT_TARGET,ADULT_ONLY_OR_RELEVANT,INTERVENTIONAL,RANDOMIZED,PARALLEL,YES,YES,INDUSTRY_COLLABORATOR,NO,DRUG,SINGLE_COUNTRY,1,YES,PROSPECTIVE_OR_SAME_DAY,TERMINATED,11,NO,NO,2017-12-14,2017,2017-2018,2019-03-04,2017-12-04,ADULT|OLDER_ADULT,YES,YES
NCT03385005,PI_TREATMENT,UNKNOWN,INTERVENTIONAL,NON_RANDOMIZED,SEQUENTIAL,NO,YES,NO_RECORDED_INDUSTRY_ROLE,YES,DEVICE,SINGLE_COUNTRY,1,YES,RETROSPECTIVE,COMPLETED,9,NO,YES,2017-12-28,2017,2017-2018,2017-09-15,2017-09-26,ADULT|OLDER_ADULT,YES,NO
NCT03390504,MIXED_WOUND_EXPLICIT_TARGET,UNKNOWN,INTERVENTIONAL,RANDOMIZED,PARALLEL,YES,YES,INDUSTRY_LEAD,YES,DEVICE|DRUG,MULTICOUNTRY,27,YES,PROSPECTIVE_OR_SAME_DAY,ACTIVE_NOT_RECRUITING,629,NO,NO,2018-01-04,2018,2017-2018,2018-03-23,2017-12-20,ADULT|OLDER_ADULT,YES,YES
NCT03395236,MIXED_WOUND_EXPLICIT_TARGET,UNKNOWN,INTERVENTIONAL,NA,SINGLE_GROUP,NO,NO,INDUSTRY_LEAD,NO,COMBINATION_PRODUCT,MULTICOUNTRY,3,NO,PROSPECTIVE_OR_SAME_DAY,COMPLETED,49,NO,YES,2018-01-10,2018,2017-2018,2018-04-20,2017-12-01,ADULT|OLDER_ADULT,YES,NO
NCT03396731,VLU_ACTIVE_TREATMENT,UNKNOWN,INTERVENTIONAL,RANDOMIZED,PARALLEL,YES,YES,INDUSTRY_LEAD,YES,DEVICE,SINGLE_COUNTRY,1,NO,PROSPECTIVE_OR_SAME_DAY,COMPLETED,171,NO,YES,2018-01-11,2018,2017-2018,2018-04-24,2017-09-12,ADULT|OLDER_ADULT,YES,NO
NCT03404297,VLU_ACTIVE_TREATMENT,UNKNOWN,INTERVENTIONAL,RANDOMIZED,PARALLEL,YES,YES,NO_RECORDED_INDUSTRY_ROLE,NO,OTHER,SINGLE_COUNTRY,1,NO,PROSPECTIVE_OR_SAME_DAY,COMPLETED,30,NO,YES,2018-01-19,2018,2017-2018,2018-03-01,2018-01-12,ADULT|OLDER_ADULT,YES,NO
NCT03408639,PI_TREATMENT,UNKNOWN,INTERVENTIONAL,RANDOMIZED,PARALLEL,YES,YES,INDUSTRY_LEAD,NO,DRUG,SINGLE_COUNTRY,1,NO,RETROSPECTIVE,COMPLETED,156,NO,YES,2018-01-24,2018,2017-2018,2016-06-22,2017-12-12,ADULT|OLDER_ADULT,YES,YES
NCT03411720,PI_TREATMENT,UNKNOWN,INTERVENTIONAL,RANDOMIZED,PARALLEL,YES,YES,NO_RECORDED_INDUSTRY_ROLE,NO,OTHER,SINGLE_COUNTRY,1,YES,PROSPECTIVE_OR_SAME_DAY,COMPLETED,26,NO,YES,2018-01-26,2018,2017-2018,2018-02-28,2018-01-05,ADULT|OLDER_ADULT,YES,NO
NCT03412929,MIXED_WOUND_EXPLICIT_TARGET,UNKNOWN,INTERVENTIONAL,NA,SINGLE_GROUP,NO,NO,INDUSTRY_LEAD,YES,DEVICE,SINGLE_COUNTRY,1,YES,RETROSPECTIVE,TERMINATED,8,NO,NO,2018-01-29,2018,2017-2018,2018-01-10,2018-01-11,ADULT|OLDER_ADULT,YES,YES
NCT03424551,PI_TREATMENT,UNKNOWN,INTERVENTIONAL,NA,SINGLE_GROUP,NO,NO,NO_RECORDED_INDUSTRY_ROLE,YES,DEVICE,SINGLE_COUNTRY,1,NO,RETROSPECTIVE,COMPLETED,40,NO,YES,2018-02-07,2018,2017-2018,2018-01-23,2018-01-24,ADULT,YES,NO
NCT03428711,VLU_ACTIVE_TREATMENT,UNKNOWN,INTERVENTIONAL,RANDOMIZED,PARALLEL,YES,YES,INDUSTRY_COLLABORATOR,NO,DRUG,SINGLE_COUNTRY,1,NO,PROSPECTIVE_OR_SAME_DAY,COMPLETED,560,NO,YES,2018-02-12,2018,2017-2018,2018-03-26,2018-01-30,ADULT|OLDER_ADULT,YES,NO
NCT03442777,PI_PREVENTION,UNKNOWN,INTERVENTIONAL,RANDOMIZED,PARALLEL,YES,YES,NO_RECORDED_INDUSTRY_ROLE,YES,DEVICE,SINGLE_COUNTRY,1,NO,RETROSPECTIVE,COMPLETED,1634,NO,YES,2018-02-22,2018,2017-2018,2018-02-08,2018-02-16,ADULT|OLDER_ADULT,YES,YES
NCT03445975,PI_PREVENTION,UNKNOWN,INTERVENTIONAL,NON_RANDOMIZED,CROSSOVER,NO,YES,NO_RECORDED_INDUSTRY_ROLE,NO,PROCEDURE,SINGLE_COUNTRY,1,NO,RETROSPECTIVE,COMPLETED,240,NO,YES,2018-02-26,2018,2017-2018,2017-02-01,2018-02-15,ADULT|OLDER_ADULT,YES,NO
NCT03450616,VLU_ACTIVE_TREATMENT,UNKNOWN,INTERVENTIONAL,RANDOMIZED,PARALLEL,YES,YES,NO_RECORDED_INDUSTRY_ROLE,YES,DEVICE|PROCEDURE,SINGLE_COUNTRY,1,YES,PROSPECTIVE_OR_SAME_DAY,WITHDRAWN,0,YES,NO,2018-03-01,2018,2017-2018,2019-06,2018-02-23,ADULT|OLDER_ADULT,YES,NO
NCT03454230,PI_PREVENTION,UNKNOWN,INTERVENTIONAL,NON_RANDOMIZED,SEQUENTIAL,NO,YES,NO_RECORDED_INDUSTRY_ROLE,NO,PROCEDURE,SINGLE_COUNTRY,1,NO,PROSPECTIVE_OR_SAME_DAY,COMPLETED,36,NO,YES,2018-03-05,2018,2017-2018,2018-03-05,2018-02-26,ADULT|OLDER_ADULT,YES,NO
NCT03454698,VLU_RECURRENCE_PREVENTION,UNKNOWN,INTERVENTIONAL,NA,SINGLE_GROUP,NO,NO,NO_RECORDED_INDUSTRY_ROLE,NO,OTHER,SINGLE_COUNTRY,1,NO,PROSPECTIVE_OR_SAME_DAY,COMPLETED,13,NO,YES,2018-03-06,2018,2017-2018,2018-05-01,2018-02-07,ADULT|OLDER_ADULT,YES,NO
NCT03463434,PI_TREATMENT,UNKNOWN,INTERVENTIONAL,RANDOMIZED,PARALLEL,YES,YES,INDUSTRY_LEAD,YES,DEVICE,SINGLE_COUNTRY,1,YES,PROSPECTIVE_OR_SAME_DAY,COMPLETED,5,NO,YES,2018-03-13,2018,2017-2018,2018-05-10,2018-02-26,ADULT|OLDER_ADULT,YES,NO
NCT03469141,PI_PREVENTION,UNKNOWN,INTERVENTIONAL,RANDOMIZED,PARALLEL,YES,YES,NO_RECORDED_INDUSTRY_ROLE,YES,DEVICE,SINGLE_COUNTRY,1,YES,PROSPECTIVE_OR_SAME_DAY,UNKNOWN,100,NO,NO,2018-03-19,2018,2017-2018,2018-05-01,2018-03-12,ADULT|OLDER_ADULT,YES,NO
NCT03475641,VLU_ACTIVE_TREATMENT,ADULT_ONLY_OR_RELEVANT,INTERVENTIONAL,RANDOMIZED,PARALLEL,YES,YES,NO_RECORDED_INDUSTRY_ROLE,NO,DRUG|PROCEDURE,SINGLE_COUNTRY,1,NO,RETROSPECTIVE,COMPLETED,80,NO,YES,2018-03-23,2018,2017-2018,2017-03-13,2017-10-13,ADULT|OLDER_ADULT,YES,NO
NCT03495986,PI_TREATMENT,UNKNOWN,INTERVENTIONAL,RANDOMIZED,PARALLEL,YES,YES,NO_RECORDED_INDUSTRY_ROLE,YES,BEHAVIORAL|DEVICE,SINGLE_COUNTRY,1,YES,PROSPECTIVE_OR_SAME_DAY,COMPLETED,26,NO,YES,2018-04-12,2018,2017-2018,2021-06-10,2018-03-02,ADULT|OLDER_ADULT,YES,YES
NCT03502824,MIXED_WOUND_EXPLICIT_TARGET,UNKNOWN,INTERVENTIONAL,RANDOMIZED,PARALLEL,YES,YES,INDUSTRY_LEAD,YES,DEVICE|OTHER,SINGLE_COUNTRY,1,YES,PROSPECTIVE_OR_SAME_DAY,TERMINATED,40,NO,NO,2018-04-19,2018,2017-2018,2018-05-01,2018-04-09,ADULT|OLDER_ADULT,YES,NO
NCT03509558,PI_TREATMENT,UNKNOWN,INTERVENTIONAL,RANDOMIZED,CROSSOVER,YES,YES,NO_RECORDED_INDUSTRY_ROLE,YES,DEVICE|OTHER,SINGLE_COUNTRY,1,YES,RETROSPECTIVE,RECRUITING,20,NO,NO,2018-04-26,2018,2017-2018,2018-02-28,2018-03-24,ADULT|OLDER_ADULT,YES,NO
NCT03513822,PI_TREATMENT,UNKNOWN,INTERVENTIONAL,RANDOMIZED,PARALLEL,YES,YES,NO_RECORDED_INDUSTRY_ROLE,NO,DRUG,SINGLE_COUNTRY,1,NO,RETROSPECTIVE,UNKNOWN,48,NO,NO,2018-05-02,2018,2017-2018,2018-02-16,2018-03-23,ADULT|OLDER_ADULT,YES,NO
NCT03522714,PI_TREATMENT,UNKNOWN,INTERVENTIONAL,RANDOMIZED,PARALLEL,YES,YES,NO_RECORDED_INDUSTRY_ROLE,YES,DEVICE,SINGLE_COUNTRY,1,YES,RETROSPECTIVE,COMPLETED,80,NO,YES,2018-05-11,2018,2017-2018,2015-08-08,2018-02-13,ADULT|OLDER_ADULT,YES,YES
NCT03526068,PI_TREATMENT,UNKNOWN,INTERVENTIONAL,NA,SINGLE_GROUP,NO,NO,NO_RECORDED_INDUSTRY_ROLE,YES,DEVICE,SINGLE_COUNTRY,1,NO,RETROSPECTIVE,COMPLETED,16,NO,YES,2018-05-16,2018,2017-2018,2016-12,2018-04-17,ADULT|OLDER_ADULT,YES,NO
NCT03526913,VLU_ACTIVE_TREATMENT,UNKNOWN,INTERVENTIONAL,RANDOMIZED,FACTORIAL,YES,YES,NO_RECORDED_INDUSTRY_ROLE,NO,PROCEDURE,UNKNOWN,0,UNKNOWN,RETROSPECTIVE,COMPLETED,20,NO,YES,2018-05-16,2018,2017-2018,2016-02-01,2018-05-04,CHILD|ADULT|OLDER_ADULT,YES,NO
NCT03529578,PI_TREATMENT,UNKNOWN,INTERVENTIONAL,NA,SINGLE_GROUP,NO,NO,INDUSTRY_LEAD,NO,PROCEDURE,SINGLE_COUNTRY,1,YES,RETROSPECTIVE,COMPLETED,20,NO,YES,2018-05-18,2018,2017-2018,2017-06-06,2018-03-20,ADULT|OLDER_ADULT,YES,NO
NCT03534518,PI_TREATMENT,UNKNOWN,INTERVENTIONAL,RANDOMIZED,PARALLEL,YES,YES,NO_RECORDED_INDUSTRY_ROLE,NO,OTHER,SINGLE_COUNTRY,1,NO,PROSPECTIVE_OR_SAME_DAY,COMPLETED,14,NO,YES,2018-05-23,2018,2017-2018,2019-03-01,2018-05-07,ADULT|OLDER_ADULT,YES,NO
NCT03544788,VLU_ACTIVE_TREATMENT,UNKNOWN,INTERVENTIONAL,NA,SINGLE_GROUP,NO,NO,INDUSTRY_LEAD,YES,DEVICE,SINGLE_COUNTRY,1,YES,PROSPECTIVE_OR_SAME_DAY,WITHDRAWN,0,YES,NO,2018-06-04,2018,2017-2018,2019-06-30,2018-05-21,ADULT|OLDER_ADULT,YES,NO
NCT03545867,PI_PREVENTION,UNKNOWN,INTERVENTIONAL,RANDOMIZED,FACTORIAL,YES,YES,NO_RECORDED_INDUSTRY_ROLE,NO,BEHAVIORAL|OTHER,SINGLE_COUNTRY,1,YES,RETROSPECTIVE,COMPLETED,10,NO,YES,2018-06-04,2018,2017-2018,2018-02-28,2018-05-22,ADULT|OLDER_ADULT,YES,NO
NCT03548649,PI_TREATMENT,UNKNOWN,INTERVENTIONAL,NA,SINGLE_GROUP,NO,NO,NO_RECORDED_INDUSTRY_ROLE,YES,DEVICE,SINGLE_COUNTRY,1,NO,PROSPECTIVE_OR_SAME_DAY,UNKNOWN,60,NO,NO,2018-06-07,2018,2017-2018,2017-08-30,2017-08-05,ADULT|OLDER_ADULT,YES,NO
NCT03554642,PI_TREATMENT,UNKNOWN,INTERVENTIONAL,RANDOMIZED,PARALLEL,YES,YES,INDUSTRY_COLLABORATOR,YES,BEHAVIORAL|DEVICE,SINGLE_COUNTRY,1,YES,RETROSPECTIVE,COMPLETED,30,NO,YES,2018-06-13,2018,2017-2018,2016-09,2018-05-15,ADULT|OLDER_ADULT,YES,NO
NCT03557489,PI_PREVENTION,UNKNOWN,INTERVENTIONAL,RANDOMIZED,PARALLEL,YES,YES,NO_RECORDED_INDUSTRY_ROLE,YES,DEVICE,UNKNOWN,0,UNKNOWN,PROSPECTIVE_OR_SAME_DAY,UNKNOWN,210,NO,NO,2018-06-15,2018,2017-2018,2018-06-16,2018-06-05,ADULT|OLDER_ADULT,YES,NO
NCT03565640,PI_TREATMENT,UNKNOWN,INTERVENTIONAL,RANDOMIZED,PARALLEL,YES,YES,NO_RECORDED_INDUSTRY_ROLE,YES,DEVICE,SINGLE_COUNTRY,1,YES,PROSPECTIVE_OR_SAME_DAY,COMPLETED,48,NO,YES,2018-06-21,2018,2017-2018,2018-10-29,2018-06-11,ADULT|OLDER_ADULT,YES,YES
NCT03576989,VLU_ACTIVE_TREATMENT,ADULT_ONLY_OR_RELEVANT,INTERVENTIONAL,RANDOMIZED,PARALLEL,YES,YES,NO_RECORDED_INDUSTRY_ROLE,NO,DIETARY_SUPPLEMENT|OTHER,SINGLE_COUNTRY,1,YES,PROSPECTIVE_OR_SAME_DAY,COMPLETED,96,NO,YES,2018-07-05,2018,2017-2018,2019-04-15,2018-06-13,ADULT|OLDER_ADULT,YES,YES
NCT03588130,VLU_ACTIVE_TREATMENT,UNKNOWN,INTERVENTIONAL,RANDOMIZED,PARALLEL,YES,YES,INDUSTRY_LEAD,NO,DRUG,MULTICOUNTRY,2,YES,PROSPECTIVE_OR_SAME_DAY,COMPLETED,120,NO,YES,2018-07-17,2018,2017-2018,2019-12-02,2018-06-20,ADULT|OLDER_ADULT,YES,NO
NCT03589586,VLU_ACTIVE_TREATMENT,UNKNOWN,INTERVENTIONAL,RANDOMIZED,PARALLEL,YES,YES,INDUSTRY_LEAD,NO,OTHER,SINGLE_COUNTRY,1,YES,RETROSPECTIVE,COMPLETED,100,NO,YES,2018-07-18,2018,2017-2018,2018-06-25,2018-07-05,ADULT|OLDER_ADULT,YES,NO
NCT03593369,VLU_ACTIVE_TREATMENT,UNKNOWN,INTERVENTIONAL,RANDOMIZED,PARALLEL,YES,YES,INDUSTRY_LEAD,YES,DEVICE|OTHER,SINGLE_COUNTRY,1,NO,RETROSPECTIVE,UNKNOWN,25,NO,NO,2018-07-20,2018,2017-2018,2018-07-09,2018-07-10,ADULT|OLDER_ADULT,YES,NO
NCT03597750,PI_PREVENTION,UNKNOWN,INTERVENTIONAL,RANDOMIZED,PARALLEL,YES,YES,NO_RECORDED_INDUSTRY_ROLE,YES,DEVICE,SINGLE_COUNTRY,1,NO,RETROSPECTIVE,COMPLETED,308,NO,YES,2018-07-24,2018,2017-2018,2017-04-19,2017-10-23,OLDER_ADULT,YES,NO
NCT03621592,VLU_ACTIVE_TREATMENT,ADULT_ONLY_OR_RELEVANT,INTERVENTIONAL,RANDOMIZED,PARALLEL,YES,YES,INDUSTRY_COLLABORATOR,YES,DEVICE,SINGLE_COUNTRY,1,YES,PROSPECTIVE_OR_SAME_DAY,COMPLETED,31,NO,YES,2018-08-08,2018,2017-2018,2018-08-22,2018-07-20,ADULT|OLDER_ADULT,YES,YES
NCT03627910,PI_TREATMENT,UNKNOWN,INTERVENTIONAL,RANDOMIZED,PARALLEL,YES,YES,NO_RECORDED_INDUSTRY_ROLE,NO,DIETARY_SUPPLEMENT,SINGLE_COUNTRY,1,NO,RETROSPECTIVE,UNKNOWN,30,NO,NO,2018-08-14,2018,2017-2018,2017-06-11,2018-08-01,ADULT|OLDER_ADULT,YES,NO
NCT03628469,PI_TREATMENT,UNKNOWN,INTERVENTIONAL,RANDOMIZED,PARALLEL,YES,YES,NO_RECORDED_INDUSTRY_ROLE,NO,BEHAVIORAL,SINGLE_COUNTRY,1,NO,RETROSPECTIVE,COMPLETED,5454,NO,YES,2018-08-14,2018,2017-2018,2018-04-09,2018-08-01,ADULT|OLDER_ADULT,YES,NO
NCT03629236,VLU_ACTIVE_TREATMENT,UNKNOWN,INTERVENTIONAL,RANDOMIZED,PARALLEL,YES,YES,INDUSTRY_LEAD,NO,OTHER,SINGLE_COUNTRY,1,YES,PROSPECTIVE_OR_SAME_DAY,COMPLETED,200,NO,YES,2018-08-14,2018,2017-2018,2018-06-27,2018-05-18,ADULT|OLDER_ADULT,YES,NO
NCT03630185,VLU_ACTIVE_TREATMENT,UNKNOWN,INTERVENTIONAL,RANDOMIZED,PARALLEL,YES,YES,NO_RECORDED_INDUSTRY_ROLE,YES,DEVICE,SINGLE_COUNTRY,1,YES,RETROSPECTIVE,TERMINATED,8,NO,NO,2018-08-14,2018,2017-2018,2017-04-25,2018-08-09,ADULT|OLDER_ADULT,YES,YES
NCT03640689,VLU_RECURRENCE_PREVENTION,UNKNOWN,INTERVENTIONAL,RANDOMIZED,PARALLEL,YES,YES,NO_RECORDED_INDUSTRY_ROLE,YES,DEVICE,SINGLE_COUNTRY,1,NO,PROSPECTIVE_OR_SAME_DAY,UNKNOWN,60,NO,NO,2018-08-21,2018,2017-2018,2019-07-15,2018-08-14,ADULT|OLDER_ADULT,YES,NO
NCT03640871,MIXED_WOUND_EXPLICIT_TARGET,UNKNOWN,INTERVENTIONAL,NA,SINGLE_GROUP,NO,NO,INDUSTRY_LEAD,YES,DEVICE,UNKNOWN,0,UNKNOWN,PROSPECTIVE_OR_SAME_DAY,UNKNOWN,80,NO,NO,2018-08-21,2018,2017-2018,2018-10,2018-08-03,ADULT|OLDER_ADULT,YES,NO
NCT03658278,PI_TREATMENT,UNKNOWN,INTERVENTIONAL,RANDOMIZED,PARALLEL,YES,YES,NO_RECORDED_INDUSTRY_ROLE,NO,DIETARY_SUPPLEMENT,SINGLE_COUNTRY,1,YES,RETROSPECTIVE,COMPLETED,400,NO,YES,2018-09-05,2018,2017-2018,2018-03-15,2018-08-31,ADULT|OLDER_ADULT,YES,NO
NCT03658798,PI_PREVENTION,UNKNOWN,INTERVENTIONAL,NA,SINGLE_GROUP,NO,NO,NO_RECORDED_INDUSTRY_ROLE,NO,PROCEDURE,SINGLE_COUNTRY,1,NO,RETROSPECTIVE,TERMINATED,8,NO,NO,2018-09-05,2018,2017-2018,2017-10-02,2018-06-12,ADULT|OLDER_ADULT,YES,NO
NCT03661294,PI_PREVENTION,UNKNOWN,INTERVENTIONAL,NA,SINGLE_GROUP,NO,NO,INDUSTRY_COLLABORATOR,NO,DIAGNOSTIC_TEST,SINGLE_COUNTRY,1,NO,RETROSPECTIVE,COMPLETED,30,NO,YES,2018-09-07,2018,2017-2018,2015-08-10,2017-07-13,ADULT|OLDER_ADULT,YES,NO
NCT03662997,MIXED_WOUND_EXPLICIT_TARGET,UNKNOWN,INTERVENTIONAL,RANDOMIZED,CROSSOVER,YES,YES,INDUSTRY_LEAD,YES,DEVICE,SINGLE_COUNTRY,1,YES,PROSPECTIVE_OR_SAME_DAY,COMPLETED,40,NO,YES,2018-09-10,2018,2017-2018,2019-03-19,2018-05-04,ADULT|OLDER_ADULT,YES,YES
NCT03666754,VLU_RECURRENCE_PREVENTION,UNKNOWN,INTERVENTIONAL,RANDOMIZED,PARALLEL,YES,YES,NO_RECORDED_INDUSTRY_ROLE,NO,PROCEDURE,SINGLE_COUNTRY,1,NO,PROSPECTIVE_OR_SAME_DAY,UNKNOWN,80,NO,NO,2018-09-12,2018,2017-2018,2018-09-26,2018-09-10,ADULT|OLDER_ADULT,YES,NO
NCT03667937,VLU_ACTIVE_TREATMENT,UNKNOWN,INTERVENTIONAL,RANDOMIZED,PARALLEL,YES,YES,INDUSTRY_COLLABORATOR,NO,COMBINATION_PRODUCT|OTHER,SINGLE_COUNTRY,1,NO,PROSPECTIVE_OR_SAME_DAY,UNKNOWN,204,NO,NO,2018-09-12,2018,2017-2018,2019-05-15,2018-05-24,ADULT|OLDER_ADULT,YES,NO
NCT03669302,PI_TREATMENT,UNKNOWN,INTERVENTIONAL,RANDOMIZED,PARALLEL,YES,YES,NO_RECORDED_INDUSTRY_ROLE,YES,DEVICE|OTHER,SINGLE_COUNTRY,1,YES,RETROSPECTIVE,TERMINATED,10,NO,NO,2018-09-13,2018,2017-2018,2018-08-01,2018-09-11,ADULT|OLDER_ADULT,YES,NO
NCT03670199,PI_TREATMENT,UNKNOWN,INTERVENTIONAL,RANDOMIZED,PARALLEL,YES,YES,NO_RECORDED_INDUSTRY_ROLE,NO,OTHER,SINGLE_COUNTRY,1,NO,PROSPECTIVE_OR_SAME_DAY,UNKNOWN,200,NO,NO,2018-09-13,2018,2017-2018,2019-01-29,2018-07-11,ADULT|OLDER_ADULT,YES,NO
NCT03670225,MIXED_WOUND_EXPLICIT_TARGET,UNKNOWN,INTERVENTIONAL,NA,SINGLE_GROUP,NO,NO,INDUSTRY_LEAD,YES,DEVICE,SINGLE_COUNTRY,1,YES,PROSPECTIVE_OR_SAME_DAY,COMPLETED,10,NO,YES,2018-09-13,2018,2017-2018,2018-10-16,2018-09-07,ADULT|OLDER_ADULT,YES,NO
NCT03670329,MIXED_WOUND_EXPLICIT_TARGET,ADULT_ONLY_OR_RELEVANT,INTERVENTIONAL,NA,SINGLE_GROUP,NO,NO,INDUSTRY_LEAD,YES,DEVICE,UNKNOWN,0,UNKNOWN,PROSPECTIVE_OR_SAME_DAY,UNKNOWN,50,NO,NO,2018-09-13,2018,2017-2018,2018-10,2018-09-12,ADULT|OLDER_ADULT,YES,NO
NCT03673241,PI_TREATMENT,UNKNOWN,INTERVENTIONAL,RANDOMIZED,PARALLEL,YES,YES,INDUSTRY_LEAD,YES,DEVICE,SINGLE_COUNTRY,1,YES,PROSPECTIVE_OR_SAME_DAY,UNKNOWN,120,NO,NO,2018-09-17,2018,2017-2018,2018-10-30,2018-09-13,ADULT|OLDER_ADULT,YES,NO
NCT03676556,PI_TREATMENT,UNKNOWN,INTERVENTIONAL,RANDOMIZED,PARALLEL,YES,YES,NO_RECORDED_INDUSTRY_ROLE,NO,DRUG,SINGLE_COUNTRY,1,NO,PROSPECTIVE_OR_SAME_DAY,UNKNOWN,46,NO,NO,2018-09-18,2018,2017-2018,2021-06-16,2018-03-26,ADULT|OLDER_ADULT,YES,NO
NCT03678636,MIXED_WOUND_EXPLICIT_TARGET,UNKNOWN,INTERVENTIONAL,RANDOMIZED,PARALLEL,YES,YES,INDUSTRY_LEAD,YES,DEVICE,SINGLE_COUNTRY,1,NO,RETROSPECTIVE,COMPLETED,144,NO,YES,2018-09-19,2018,2017-2018,2018-07-30,2018-09-11,ADULT|OLDER_ADULT,YES,NO
NCT03680872,PI_TREATMENT,UNKNOWN,INTERVENTIONAL,NA,SINGLE_GROUP,NO,NO,NO_RECORDED_INDUSTRY_ROLE,YES,DEVICE,SINGLE_COUNTRY,1,YES,PROSPECTIVE_OR_SAME_DAY,RECRUITING,7,NO,NO,2018-09-21,2018,2017-2018,2019-09-30,2018-08-27,ADULT|OLDER_ADULT,YES,NO
NCT03688841,VLU_ACTIVE_TREATMENT,ADULT_ONLY_OR_RELEVANT,INTERVENTIONAL,RANDOMIZED,PARALLEL,YES,YES,NO_RECORDED_INDUSTRY_ROLE,YES,DEVICE,SINGLE_COUNTRY,1,NO,RETROSPECTIVE,COMPLETED,50,NO,YES,2018-09-28,2018,2017-2018,2016-01-19,2018-09-26,ADULT|OLDER_ADULT,YES,NO
NCT03691532,PI_PREVENTION,UNKNOWN,INTERVENTIONAL,RANDOMIZED,CROSSOVER,YES,YES,NO_RECORDED_INDUSTRY_ROLE,NO,BEHAVIORAL,SINGLE_COUNTRY,1,YES,RETROSPECTIVE,COMPLETED,18,NO,YES,2018-10-01,2018,2017-2018,2018-05-30,2018-06-25,ADULT,YES,NO
NCT03698968,PI_TREATMENT,UNKNOWN,INTERVENTIONAL,NA,SINGLE_GROUP,NO,NO,INDUSTRY_LEAD,YES,DEVICE,MULTICOUNTRY,2,NO,PROSPECTIVE_OR_SAME_DAY,COMPLETED,50,NO,YES,2018-10-09,2018,2017-2018,2018-11-06,2018-05-17,ADULT|OLDER_ADULT,YES,NO
NCT03699072,VLU_ACTIVE_TREATMENT,UNKNOWN,INTERVENTIONAL,NA,SINGLE_GROUP,NO,NO,INDUSTRY_LEAD,YES,DEVICE,SINGLE_COUNTRY,1,NO,PROSPECTIVE_OR_SAME_DAY,COMPLETED,39,NO,YES,2018-10-09,2018,2017-2018,2018-11-05,2018-10-03,ADULT|OLDER_ADULT,YES,NO
NCT03708835,PI_TREATMENT,UNKNOWN,INTERVENTIONAL,RANDOMIZED,PARALLEL,YES,YES,NO_RECORDED_INDUSTRY_ROLE,NO,OTHER,SINGLE_COUNTRY,1,NO,RETROSPECTIVE,COMPLETED,126,NO,YES,2018-10-17,2018,2017-2018,2018-03-01,2018-05-24,ADULT|OLDER_ADULT,YES,NO
NCT03716167,VLU_ACTIVE_TREATMENT,PEDIATRIC_ONLY,INTERVENTIONAL,RANDOMIZED,PARALLEL,YES,YES,NO_RECORDED_INDUSTRY_ROLE,YES,DEVICE,SINGLE_COUNTRY,1,YES,RETROSPECTIVE,RECRUITING,20,NO,NO,2018-10-23,2018,2017-2018,2018-07-27,2018-10-19,ADULT|OLDER_ADULT,YES,NO
NCT03723577,MIXED_WOUND_EXPLICIT_TARGET,UNKNOWN,INTERVENTIONAL,NA,SINGLE_GROUP,NO,NO,INDUSTRY_LEAD,YES,DEVICE,SINGLE_COUNTRY,1,YES,PROSPECTIVE_OR_SAME_DAY,WITHDRAWN,0,YES,NO,2018-10-29,2018,2017-2018,2018-11-15,2018-10-25,ADULT|OLDER_ADULT,YES,NO
NCT03723603,MIXED_WOUND_EXPLICIT_TARGET,UNKNOWN,INTERVENTIONAL,NA,SINGLE_GROUP,NO,NO,INDUSTRY_LEAD,YES,DEVICE,SINGLE_COUNTRY,1,YES,PROSPECTIVE_OR_SAME_DAY,TERMINATED,8,NO,NO,2018-10-29,2018,2017-2018,2018-11-09,2018-10-25,ADULT|OLDER_ADULT,YES,YES
NCT03725111,VLU_ACTIVE_TREATMENT,UNKNOWN,INTERVENTIONAL,NA,SINGLE_GROUP,NO,NO,NO_RECORDED_INDUSTRY_ROLE,YES,DEVICE,SINGLE_COUNTRY,1,NO,PROSPECTIVE_OR_SAME_DAY,COMPLETED,38,NO,YES,2018-10-30,2018,2017-2018,2018-12-30,2018-10-19,CHILD|ADULT|OLDER_ADULT,YES,NO
NCT03725787,PI_PREVENTION,UNKNOWN,INTERVENTIONAL,NA,SINGLE_GROUP,NO,NO,NO_RECORDED_INDUSTRY_ROLE,YES,DEVICE,SINGLE_COUNTRY,1,NO,RETROSPECTIVE,COMPLETED,180,NO,YES,2018-10-31,2018,2017-2018,2018-03-04,2018-10-25,OLDER_ADULT,YES,NO
NCT03725917,MIXED_WOUND_EXPLICIT_TARGET,UNKNOWN,INTERVENTIONAL,RANDOMIZED,PARALLEL,YES,YES,NO_RECORDED_INDUSTRY_ROLE,NO,OTHER,SINGLE_COUNTRY,1,NO,PROSPECTIVE_OR_SAME_DAY,UNKNOWN,143,NO,NO,2018-10-31,2018,2017-2018,2019-03-25,2018-10-24,ADULT|OLDER_ADULT,YES,NO
NCT03732365,PI_TREATMENT,UNKNOWN,INTERVENTIONAL,RANDOMIZED,PARALLEL,YES,YES,INDUSTRY_LEAD,NO,COMBINATION_PRODUCT|DRUG,UNKNOWN,0,UNKNOWN,PROSPECTIVE_OR_SAME_DAY,UNKNOWN,30,NO,NO,2018-11-06,2018,2017-2018,2019-02-01,2018-10-25,ADULT|OLDER_ADULT,YES,NO
NCT03736941,VLU_ACTIVE_TREATMENT,ADULT_ONLY_OR_RELEVANT,INTERVENTIONAL,NA,SINGLE_GROUP,NO,NO,NO_RECORDED_INDUSTRY_ROLE,NO,OTHER,SINGLE_COUNTRY,1,NO,PROSPECTIVE_OR_SAME_DAY,UNKNOWN,129,NO,NO,2018-11-09,2018,2017-2018,2019-04-16,2018-11-05,ADULT|OLDER_ADULT,YES,NO
NCT03752749,PI_TREATMENT,UNKNOWN,INTERVENTIONAL,RANDOMIZED,CROSSOVER,YES,YES,NO_RECORDED_INDUSTRY_ROLE,NO,OTHER,UNKNOWN,0,UNKNOWN,RETROSPECTIVE,COMPLETED,14,NO,YES,2018-11-26,2018,2017-2018,2014-12-01,2018-11-21,ADULT|OLDER_ADULT,YES,NO
NCT03753581,PI_TREATMENT,ADULT_ONLY_OR_RELEVANT,INTERVENTIONAL,RANDOMIZED,PARALLEL,YES,YES,NO_RECORDED_INDUSTRY_ROLE,YES,DEVICE,SINGLE_COUNTRY,1,NO,PROSPECTIVE_OR_SAME_DAY,COMPLETED,30,NO,YES,2018-11-27,2018,2017-2018,2018-10-31,2018-10-04,ADULT|OLDER_ADULT,YES,NO
NCT03761446,PI_TREATMENT,UNKNOWN,INTERVENTIONAL,NON_RANDOMIZED,PARALLEL,NO,YES,NO_RECORDED_INDUSTRY_ROLE,NO,BEHAVIORAL,SINGLE_COUNTRY,1,YES,PROSPECTIVE_OR_SAME_DAY,RECRUITING,50,NO,NO,2018-12-03,2018,2017-2018,2019-03-18,2018-10-30,ADULT|OLDER_ADULT,YES,NO
NCT03781609,PI_TREATMENT,UNKNOWN,INTERVENTIONAL,RANDOMIZED,PARALLEL,YES,YES,NO_RECORDED_INDUSTRY_ROLE,NO,BEHAVIORAL,SINGLE_COUNTRY,1,YES,RETROSPECTIVE,COMPLETED,14,NO,YES,2018-12-20,2018,2017-2018,2018-11-05,2018-11-21,ADULT,YES,NO
NCT03783819,MIXED_WOUND_EXPLICIT_TARGET,UNKNOWN,INTERVENTIONAL,RANDOMIZED,PARALLEL,YES,YES,NO_RECORDED_INDUSTRY_ROLE,NO,OTHER|PROCEDURE,SINGLE_COUNTRY,1,NO,PROSPECTIVE_OR_SAME_DAY,COMPLETED,28,NO,YES,2018-12-21,2018,2017-2018,2019-02-04,2018-12-17,ADULT,YES,NO
NCT03795064,VLU_ACTIVE_TREATMENT,UNKNOWN,INTERVENTIONAL,RANDOMIZED,PARALLEL,YES,YES,NO_RECORDED_INDUSTRY_ROLE,NO,PROCEDURE,SINGLE_COUNTRY,1,NO,RETROSPECTIVE,COMPLETED,23,NO,YES,2019-01-07,2019,2019-2025,2018-12-05,2019-01-04,ADULT|OLDER_ADULT,YES,NO
NCT03796793,VLU_ACTIVE_TREATMENT,UNKNOWN,INTERVENTIONAL,RANDOMIZED,PARALLEL,YES,YES,NO_RECORDED_INDUSTRY_ROLE,NO,OTHER|PROCEDURE,SINGLE_COUNTRY,1,YES,PROSPECTIVE_OR_SAME_DAY,COMPLETED,41,NO,YES,2019-01-08,2019,2019-2025,2019-03-18,2019-01-03,ADULT|OLDER_ADULT,YES,YES
NCT03797378,PI_TREATMENT,UNKNOWN,INTERVENTIONAL,RANDOMIZED,PARALLEL,YES,YES,NO_RECORDED_INDUSTRY_ROLE,NO,OTHER,SINGLE_COUNTRY,1,YES,PROSPECTIVE_OR_SAME_DAY,COMPLETED,108,NO,YES,2019-01-09,2019,2019-2025,2019-08-09,2018-11-13,ADULT|OLDER_ADULT,YES,NO
NCT03812991,PI_PREVENTION,UNKNOWN,INTERVENTIONAL,RANDOMIZED,PARALLEL,YES,YES,NO_RECORDED_INDUSTRY_ROLE,NO,DRUG,SINGLE_COUNTRY,1,YES,PROSPECTIVE_OR_SAME_DAY,COMPLETED,21,NO,YES,2019-01-23,2019,2019-2025,2019-07-01,2019-01-11,OLDER_ADULT,YES,YES
NCT03815240,PI_TREATMENT,UNKNOWN,INTERVENTIONAL,RANDOMIZED,CROSSOVER,YES,YES,NO_RECORDED_INDUSTRY_ROLE,NO,OTHER,SINGLE_COUNTRY,1,NO,PROSPECTIVE_OR_SAME_DAY,COMPLETED,12,NO,YES,2019-01-24,2019,2019-2025,2019-02-08,2019-01-16,OLDER_ADULT,YES,YES
NCT03818828,VLU_ACTIVE_TREATMENT,UNKNOWN,INTERVENTIONAL,NA,SINGLE_GROUP,NO,NO,INDUSTRY_LEAD,NO,BIOLOGICAL|OTHER,SINGLE_COUNTRY,1,YES,PROSPECTIVE_OR_SAME_DAY,COMPLETED,31,NO,YES,2019-01-28,2019,2019-2025,2019-02-14,2019-01-24,ADULT|OLDER_ADULT,YES,NO
NCT03820947,VLU_ACTIVE_TREATMENT,UNKNOWN,INTERVENTIONAL,RANDOMIZED,PARALLEL,YES,YES,INDUSTRY_LEAD,YES,DEVICE|PROCEDURE,MULTICOUNTRY,10,YES,PROSPECTIVE_OR_SAME_DAY,TERMINATED,506,NO,NO,2019-01-29,2019,2019-2025,2020-02-05,2019-01-08,ADULT|OLDER_ADULT,YES,YES
NCT03823963,PI_PREVENTION,UNKNOWN,INTERVENTIONAL,RANDOMIZED,PARALLEL,YES,YES,INDUSTRY_COLLABORATOR,NO,COMBINATION_PRODUCT|OTHER,SINGLE_COUNTRY,1,NO,RETROSPECTIVE,UNKNOWN,478,NO,NO,2019-01-31,2019,2019-2025,2018-12-10,2019-01-11,ADULT|OLDER_ADULT,YES,NO
NCT03824886,PI_TREATMENT,UNKNOWN,INTERVENTIONAL,RANDOMIZED,PARALLEL,YES,YES,NO_RECORDED_INDUSTRY_ROLE,NO,OTHER,SINGLE_COUNTRY,1,NO,RETROSPECTIVE,COMPLETED,405,NO,YES,2019-01-31,2019,2019-2025,2018-10-01,2019-01-21,OLDER_ADULT,YES,NO
NCT03827850,MIXED_WOUND_EXPLICIT_TARGET,UNKNOWN,INTERVENTIONAL,NON_RANDOMIZED,PARALLEL,NO,YES,NO_RECORDED_INDUSTRY_ROLE,NO,DRUG,SINGLE_COUNTRY,1,NO,PROSPECTIVE_OR_SAME_DAY,TERMINATED,22,NO,NO,2019-02-04,2019,2019-2025,2019-03-25,2019-01-22,ADULT|OLDER_ADULT,YES,NO
NCT03837691,VLU_ACTIVE_TREATMENT,UNKNOWN,INTERVENTIONAL,RANDOMIZED,SINGLE_GROUP,YES,NO,INDUSTRY_LEAD,YES,BEHAVIORAL|DEVICE,SINGLE_COUNTRY,1,YES,PROSPECTIVE_OR_SAME_DAY,UNKNOWN,40,NO,NO,2019-02-12,2019,2019-2025,2019-10-10,2019-02-08,ADULT,YES,NO
NCT03840759,PI_TREATMENT,UNKNOWN,INTERVENTIONAL,NA,SINGLE_GROUP,NO,NO,NO_RECORDED_INDUSTRY_ROLE,NO,OTHER,UNKNOWN,0,UNKNOWN,RETROSPECTIVE,COMPLETED,59,NO,YES,2019-02-15,2019,2019-2025,2017-01-01,2019-01-30,OLDER_ADULT,YES,NO
NCT03841695,PI_TREATMENT,UNKNOWN,INTERVENTIONAL,RANDOMIZED,PARALLEL,YES,YES,NO_RECORDED_INDUSTRY_ROLE,YES,DEVICE|OTHER,SINGLE_COUNTRY,1,NO,PROSPECTIVE_OR_SAME_DAY,COMPLETED,60,NO,YES,2019-02-15,2019,2019-2025,2018-12-21,2018-12-20,ADULT|OLDER_ADULT,YES,NO
NCT03857022,VLU_ACTIVE_TREATMENT,UNKNOWN,INTERVENTIONAL,RANDOMIZED,PARALLEL,YES,YES,NO_RECORDED_INDUSTRY_ROLE,YES,DEVICE,SINGLE_COUNTRY,1,NO,PROSPECTIVE_OR_SAME_DAY,UNKNOWN,40,NO,NO,2019-02-27,2019,2019-2025,2018-11-22,2018-11-22,ADULT|OLDER_ADULT,YES,NO
NCT03864770,MIXED_WOUND_EXPLICIT_TARGET,UNKNOWN,INTERVENTIONAL,RANDOMIZED,PARALLEL,YES,YES,NO_RECORDED_INDUSTRY_ROLE,YES,DEVICE|PROCEDURE,SINGLE_COUNTRY,1,NO,PROSPECTIVE_OR_SAME_DAY,UNKNOWN,30,NO,NO,2019-03-06,2019,2019-2025,2019-03-05,2019-03-05,ADULT|OLDER_ADULT,YES,NO
NCT03869138,PI_TREATMENT,UNKNOWN,INTERVENTIONAL,NA,SINGLE_GROUP,NO,NO,NO_RECORDED_INDUSTRY_ROLE,NO,BEHAVIORAL,SINGLE_COUNTRY,1,YES,PROSPECTIVE_OR_SAME_DAY,RECRUITING,120,NO,NO,2019-03-11,2019,2019-2025,2019-09-09,2019-03-01,ADULT|OLDER_ADULT,YES,NO
NCT03874988,PI_TREATMENT,UNKNOWN,INTERVENTIONAL,NON_RANDOMIZED,SEQUENTIAL,NO,YES,NO_RECORDED_INDUSTRY_ROLE,NO,BEHAVIORAL,SINGLE_COUNTRY,1,YES,PROSPECTIVE_OR_SAME_DAY,COMPLETED,110,NO,YES,2019-03-14,2019,2019-2025,2019-06-01,2019-02-07,ADULT|OLDER_ADULT,YES,NO
NCT03877653,VLU_ACTIVE_TREATMENT,UNKNOWN,INTERVENTIONAL,RANDOMIZED,PARALLEL,YES,YES,INDUSTRY_LEAD,YES,DEVICE,SINGLE_COUNTRY,1,YES,PROSPECTIVE_OR_SAME_DAY,RECRUITING,100,NO,NO,2019-03-18,2019,2019-2025,2021-09-01,2019-02-11,ADULT|OLDER_ADULT,YES,NO
NCT03881267,VLU_ACTIVE_TREATMENT,UNKNOWN,INTERVENTIONAL,RANDOMIZED,PARALLEL,YES,YES,INDUSTRY_LEAD,NO,OTHER,SINGLE_COUNTRY,1,YES,PROSPECTIVE_OR_SAME_DAY,COMPLETED,29,NO,YES,2019-03-19,2019,2019-2025,2019-03-29,2019-03-17,ADULT|OLDER_ADULT,YES,NO
NCT03892746,PI_PREVENTION,UNKNOWN,INTERVENTIONAL,RANDOMIZED,PARALLEL,YES,YES,NO_RECORDED_INDUSTRY_ROLE,YES,DEVICE,SINGLE_COUNTRY,1,YES,PROSPECTIVE_OR_SAME_DAY,COMPLETED,47,NO,YES,2019-03-27,2019,2019-2025,2019-07-12,2019-01-17,ADULT|OLDER_ADULT,YES,YES
NCT03894267,PI_TREATMENT,UNKNOWN,INTERVENTIONAL,RANDOMIZED,SINGLE_GROUP,YES,NO,NO_RECORDED_INDUSTRY_ROLE,YES,DEVICE,SINGLE_COUNTRY,1,NO,PROSPECTIVE_OR_SAME_DAY,UNKNOWN,50,NO,NO,2019-03-28,2019,2019-2025,2019-03-12,2018-06-20,ADULT|OLDER_ADULT,YES,NO
NCT03900455,PI_PREVENTION,UNKNOWN,INTERVENTIONAL,RANDOMIZED,PARALLEL,YES,YES,NO_RECORDED_INDUSTRY_ROLE,YES,DEVICE|PROCEDURE,SINGLE_COUNTRY,1,NO,PROSPECTIVE_OR_SAME_DAY,COMPLETED,711,NO,YES,2019-04-03,2019,2019-2025,2019-10-21,2019-04-01,ADULT|OLDER_ADULT,YES,NO
NCT03903692,VLU_ACTIVE_TREATMENT,UNKNOWN,INTERVENTIONAL,RANDOMIZED,PARALLEL,YES,YES,INDUSTRY_LEAD,YES,DEVICE,SINGLE_COUNTRY,1,YES,PROSPECTIVE_OR_SAME_DAY,TERMINATED,62,NO,NO,2019-04-04,2019,2019-2025,2019-09-30,2019-04-02,ADULT|OLDER_ADULT,YES,YES
NCT03904602,VLU_ACTIVE_TREATMENT,ADULT_ONLY_OR_RELEVANT,INTERVENTIONAL,NA,SINGLE_GROUP,NO,NO,NO_RECORDED_INDUSTRY_ROLE,YES,DEVICE,SINGLE_COUNTRY,1,YES,PROSPECTIVE_OR_SAME_DAY,TERMINATED,3,NO,NO,2019-04-05,2019,2019-2025,2019-08-19,2019-04-03,ADULT|OLDER_ADULT,YES,NO
NCT03906864,PI_TREATMENT,UNKNOWN,INTERVENTIONAL,RANDOMIZED,PARALLEL,YES,YES,NO_RECORDED_INDUSTRY_ROLE,NO,OTHER,SINGLE_COUNTRY,1,NO,RETROSPECTIVE,COMPLETED,162,NO,YES,2019-04-08,2019,2019-2025,2004-09-08,2018-09-16,CHILD|ADULT|OLDER_ADULT,YES,NO
NCT03909503,MIXED_WOUND_EXPLICIT_TARGET,UNKNOWN,INTERVENTIONAL,NA,SINGLE_GROUP,NO,NO,INDUSTRY_LEAD,YES,DEVICE,UNKNOWN,0,UNKNOWN,PROSPECTIVE_OR_SAME_DAY,WITHDRAWN,0,YES,NO,2019-04-10,2019,2019-2025,2021-09-01,2019-04-08,ADULT|OLDER_ADULT,YES,NO
NCT03922802,PI_TREATMENT,UNKNOWN,INTERVENTIONAL,RANDOMIZED,CROSSOVER,YES,YES,NO_RECORDED_INDUSTRY_ROLE,YES,DEVICE|OTHER,SINGLE_COUNTRY,1,YES,PROSPECTIVE_OR_SAME_DAY,COMPLETED,14,NO,YES,2019-04-22,2019,2019-2025,2020-12-01,2019-04-17,ADULT|OLDER_ADULT,YES,YES
NCT03924388,PI_TREATMENT,UNKNOWN,INTERVENTIONAL,RANDOMIZED,PARALLEL,YES,YES,NO_RECORDED_INDUSTRY_ROLE,YES,DEVICE,SINGLE_COUNTRY,1,NO,PROSPECTIVE_OR_SAME_DAY,UNKNOWN,46,NO,NO,2019-04-23,2019,2019-2025,2020-02-01,2019-03-21,ADULT|OLDER_ADULT,YES,NO
NCT03924622,PI_PREVENTION,UNKNOWN,INTERVENTIONAL,RANDOMIZED,PARALLEL,YES,YES,NO_RECORDED_INDUSTRY_ROLE,YES,DEVICE,SINGLE_COUNTRY,1,YES,PROSPECTIVE_OR_SAME_DAY,TERMINATED,72,NO,NO,2019-04-23,2019,2019-2025,2019-07-20,2019-04-10,ADULT,YES,YES
NCT03934671,MIXED_WOUND_EXPLICIT_TARGET,UNKNOWN,INTERVENTIONAL,RANDOMIZED,PARALLEL,YES,YES,INDUSTRY_COLLABORATOR,YES,DEVICE,SINGLE_COUNTRY,1,NO,PROSPECTIVE_OR_SAME_DAY,COMPLETED,54,NO,YES,2019-05-02,2019,2019-2025,2019-09-02,2019-04-24,ADULT|OLDER_ADULT,YES,NO
NCT03935386,VLU_ACTIVE_TREATMENT,ADULT_ONLY_OR_RELEVANT,INTERVENTIONAL,RANDOMIZED,PARALLEL,YES,YES,INDUSTRY_LEAD,NO,PROCEDURE,SINGLE_COUNTRY,1,YES,RETROSPECTIVE,UNKNOWN,100,NO,NO,2019-05-02,2019,2019-2025,2015-11,2016-11-04,ADULT|OLDER_ADULT,YES,NO
NCT03940274,PI_PREVENTION,UNKNOWN,INTERVENTIONAL,NA,SINGLE_GROUP,NO,NO,NO_RECORDED_INDUSTRY_ROLE,NO,BEHAVIORAL,SINGLE_COUNTRY,1,YES,RETROSPECTIVE,COMPLETED,15,NO,YES,2019-05-07,2019,2019-2025,2018-12-04,2019-04-04,ADULT,YES,NO
NCT03948308,PI_TREATMENT,UNKNOWN,INTERVENTIONAL,NA,SINGLE_GROUP,NO,NO,NO_RECORDED_INDUSTRY_ROLE,NO,BIOLOGICAL,SINGLE_COUNTRY,1,NO,PROSPECTIVE_OR_SAME_DAY,UNKNOWN,15,NO,NO,2019-05-13,2019,2019-2025,2019-05-01,2019-04-15,ADULT|OLDER_ADULT,YES,NO
NCT03954496,PI_TREATMENT,UNKNOWN,INTERVENTIONAL,RANDOMIZED,PARALLEL,YES,YES,NO_RECORDED_INDUSTRY_ROLE,YES,BEHAVIORAL|DEVICE,SINGLE_COUNTRY,1,YES,PROSPECTIVE_OR_SAME_DAY,TERMINATED,6,NO,NO,2019-05-17,2019,2019-2025,2019-07-01,2019-05-14,ADULT|OLDER_ADULT,YES,NO
NCT03965169,PI_PREVENTION,ADULT_ONLY_OR_RELEVANT,INTERVENTIONAL,NA,SINGLE_GROUP,NO,NO,NO_RECORDED_INDUSTRY_ROLE,NO,PROCEDURE,SINGLE_COUNTRY,1,NO,PROSPECTIVE_OR_SAME_DAY,UNKNOWN,299,NO,NO,2019-05-28,2019,2019-2025,2019-06-01,2019-04-25,ADULT|OLDER_ADULT,YES,NO
NCT03987243,PI_PREVENTION,UNKNOWN,INTERVENTIONAL,NA,SINGLE_GROUP,NO,NO,NO_RECORDED_INDUSTRY_ROLE,NO,BEHAVIORAL|OTHER,SINGLE_COUNTRY,1,YES,RETROSPECTIVE,COMPLETED,19,NO,YES,2019-06-14,2019,2019-2025,2017-02-14,2019-06-11,ADULT|OLDER_ADULT,YES,NO
NCT03991273,PI_TREATMENT,UNKNOWN,INTERVENTIONAL,RANDOMIZED,PARALLEL,YES,YES,NO_RECORDED_INDUSTRY_ROLE,NO,OTHER,UNKNOWN,0,UNKNOWN,PROSPECTIVE_OR_SAME_DAY,WITHDRAWN,0,YES,NO,2019-06-19,2019,2019-2025,2021-04-20,2019-06-13,ADULT|OLDER_ADULT,YES,NO
NCT03992690,PI_TREATMENT,UNKNOWN,INTERVENTIONAL,RANDOMIZED,PARALLEL,YES,YES,NO_RECORDED_INDUSTRY_ROLE,YES,DEVICE,SINGLE_COUNTRY,1,NO,PROSPECTIVE_OR_SAME_DAY,UNKNOWN,40,NO,NO,2019-06-20,2019,2019-2025,2019-08-01,2019-06-18,ADULT,YES,NO
NCT03995407,PI_TREATMENT,UNKNOWN,INTERVENTIONAL,RANDOMIZED,PARALLEL,YES,YES,NO_RECORDED_INDUSTRY_ROLE,NO,DIETARY_SUPPLEMENT|OTHER,SINGLE_COUNTRY,1,NO,RETROSPECTIVE,TERMINATED,10,NO,NO,2019-06-24,2019,2019-2025,2019-06-20,2019-06-21,CHILD|ADULT|OLDER_ADULT,YES,NO
NCT03999515,MIXED_WOUND_EXPLICIT_TARGET,UNKNOWN,INTERVENTIONAL,NA,SINGLE_GROUP,NO,NO,INDUSTRY_COLLABORATOR,NO,DRUG,SINGLE_COUNTRY,1,YES,PROSPECTIVE_OR_SAME_DAY,TERMINATED,3,NO,NO,2019-06-26,2019,2019-2025,2020-04-27,2019-06-21,ADULT|OLDER_ADULT,YES,YES
NCT04011137,PI_TREATMENT,UNKNOWN,INTERVENTIONAL,RANDOMIZED,CROSSOVER,YES,YES,NO_RECORDED_INDUSTRY_ROLE,NO,OTHER,SINGLE_COUNTRY,1,NO,RETROSPECTIVE,COMPLETED,10,NO,YES,2019-07-08,2019,2019-2025,2018-04-01,2019-07-03,ADULT|OLDER_ADULT,YES,NO
NCT04011371,VLU_ACTIVE_TREATMENT,UNKNOWN,INTERVENTIONAL,NA,SINGLE_GROUP,NO,NO,INDUSTRY_COLLABORATOR,NO,PROCEDURE,SINGLE_COUNTRY,1,NO,PROSPECTIVE_OR_SAME_DAY,COMPLETED,21,NO,YES,2019-07-08,2019,2019-2025,2019-09-01,2019-07-05,ADULT|OLDER_ADULT,YES,NO
NCT04018924,PI_TREATMENT,UNKNOWN,INTERVENTIONAL,NA,SINGLE_GROUP,NO,NO,INDUSTRY_LEAD,YES,DEVICE,SINGLE_COUNTRY,1,NO,RETROSPECTIVE,COMPLETED,90,NO,YES,2019-07-15,2019,2019-2025,2018-04-04,2019-07-10,ADULT|OLDER_ADULT,YES,YES
NCT04019340,VLU_RECURRENCE_PREVENTION,UNKNOWN,INTERVENTIONAL,RANDOMIZED,SINGLE_GROUP,YES,NO,NO_RECORDED_INDUSTRY_ROLE,NO,OTHER,SINGLE_COUNTRY,1,NO,PROSPECTIVE_OR_SAME_DAY,COMPLETED,87,NO,YES,2019-07-15,2019,2019-2025,2020-02-01,2019-07-10,ADULT|OLDER_ADULT,YES,NO
NCT04021316,VLU_ACTIVE_TREATMENT,UNKNOWN,INTERVENTIONAL,RANDOMIZED,PARALLEL,YES,YES,NO_RECORDED_INDUSTRY_ROLE,NO,OTHER,SINGLE_COUNTRY,1,NO,PROSPECTIVE_OR_SAME_DAY,TERMINATED,71,NO,NO,2019-07-16,2019,2019-2025,2019-10-01,2019-07-09,ADULT|OLDER_ADULT,YES,NO
NCT04023981,PI_TREATMENT,UNKNOWN,INTERVENTIONAL,RANDOMIZED,PARALLEL,YES,YES,NO_RECORDED_INDUSTRY_ROLE,YES,DEVICE,SINGLE_COUNTRY,1,NO,RETROSPECTIVE,TERMINATED,31,NO,NO,2019-07-18,2019,2019-2025,2017-10-26,2019-07-16,ADULT|OLDER_ADULT,YES,NO
NCT04033900,MIXED_WOUND_EXPLICIT_TARGET,UNKNOWN,INTERVENTIONAL,RANDOMIZED,PARALLEL,YES,YES,NO_RECORDED_INDUSTRY_ROLE,YES,DEVICE,SINGLE_COUNTRY,1,NO,RETROSPECTIVE,COMPLETED,197,NO,YES,2019-07-26,2019,2019-2025,2018-12-01,2019-06-19,ADULT|OLDER_ADULT,YES,NO
NCT04039789,VLU_ACTIVE_TREATMENT,UNKNOWN,INTERVENTIONAL,RANDOMIZED,PARALLEL,YES,YES,NO_RECORDED_INDUSTRY_ROLE,NO,BEHAVIORAL|PROCEDURE,SINGLE_COUNTRY,1,NO,PROSPECTIVE_OR_SAME_DAY,COMPLETED,44,NO,YES,2019-07-31,2019,2019-2025,2021-05-17,2019-07-11,ADULT|OLDER_ADULT,YES,NO
NCT04043715,PI_TREATMENT,UNKNOWN,INTERVENTIONAL,NA,SINGLE_GROUP,NO,NO,NO_RECORDED_INDUSTRY_ROLE,YES,DEVICE,SINGLE_COUNTRY,1,YES,PROSPECTIVE_OR_SAME_DAY,WITHDRAWN,0,YES,NO,2019-08-02,2019,2019-2025,2019-08-01,2019-07-31,ADULT|OLDER_ADULT,YES,NO
NCT04046120,VLU_ACTIVE_TREATMENT,UNKNOWN,INTERVENTIONAL,RANDOMIZED,PARALLEL,YES,YES,NO_RECORDED_INDUSTRY_ROLE,NO,OTHER,SINGLE_COUNTRY,1,NO,PROSPECTIVE_OR_SAME_DAY,COMPLETED,102,NO,YES,2019-08-06,2019,2019-2025,2019-10-11,2019-08-02,ADULT|OLDER_ADULT,YES,YES
NCT04047992,PI_TREATMENT,UNKNOWN,INTERVENTIONAL,NA,SINGLE_GROUP,NO,NO,NO_RECORDED_INDUSTRY_ROLE,YES,DEVICE,SINGLE_COUNTRY,1,YES,RETROSPECTIVE,RECRUITING,20,NO,NO,2019-08-07,2019,2019-2025,2018-02-01,2018-05-15,ADULT|OLDER_ADULT,YES,NO
NCT04057677,PI_TREATMENT,UNKNOWN,INTERVENTIONAL,RANDOMIZED,PARALLEL,YES,YES,NO_RECORDED_INDUSTRY_ROLE,NO,BEHAVIORAL,SINGLE_COUNTRY,1,YES,PROSPECTIVE_OR_SAME_DAY,TERMINATED,12,NO,NO,2019-08-15,2019,2019-2025,2019-12-20,2019-08-06,ADULT|OLDER_ADULT,YES,NO
NCT04071782,PI_TREATMENT,UNKNOWN,INTERVENTIONAL,NA,SINGLE_GROUP,NO,NO,NO_RECORDED_INDUSTRY_ROLE,YES,DEVICE,SINGLE_COUNTRY,1,NO,PROSPECTIVE_OR_SAME_DAY,COMPLETED,25,NO,YES,2019-08-28,2019,2019-2025,2019-10-08,2019-08-26,ADULT|OLDER_ADULT,YES,NO
NCT04078477,PI_PREVENTION,ADULT_ONLY_OR_RELEVANT,INTERVENTIONAL,RANDOMIZED,PARALLEL,YES,YES,NO_RECORDED_INDUSTRY_ROLE,NO,OTHER,SINGLE_COUNTRY,1,NO,PROSPECTIVE_OR_SAME_DAY,TERMINATED,300,NO,NO,2019-09-06,2019,2019-2025,2020-01-08,2019-08-28,ADULT|OLDER_ADULT,YES,NO
NCT04078555,VLU_ACTIVE_TREATMENT,UNKNOWN,INTERVENTIONAL,RANDOMIZED,PARALLEL,YES,YES,INDUSTRY_LEAD,NO,DRUG,SINGLE_COUNTRY,1,NO,PROSPECTIVE_OR_SAME_DAY,UNKNOWN,80,NO,NO,2019-09-06,2019,2019-2025,2022-07-26,2019-08-28,ADULT|OLDER_ADULT,YES,NO
NCT04094571,PI_TREATMENT,MIXED_AGE_OR_ADULT_RELEVANT,INTERVENTIONAL,NA,SINGLE_GROUP,NO,NO,NO_RECORDED_INDUSTRY_ROLE,YES,DEVICE,SINGLE_COUNTRY,1,YES,PROSPECTIVE_OR_SAME_DAY,COMPLETED,13,NO,YES,2019-09-19,2019,2019-2025,2019-10-01,2019-09-17,ADULT|OLDER_ADULT,YES,NO
NCT04101916,PI_TREATMENT,UNKNOWN,INTERVENTIONAL,RANDOMIZED,PARALLEL,YES,YES,NO_RECORDED_INDUSTRY_ROLE,YES,DEVICE,SINGLE_COUNTRY,1,NO,PROSPECTIVE_OR_SAME_DAY,COMPLETED,18,NO,YES,2019-09-24,2019,2019-2025,2019-10-10,2019-09-18,ADULT|OLDER_ADULT,YES,NO
NCT04102735,PI_PREVENTION,UNKNOWN,INTERVENTIONAL,RANDOMIZED,PARALLEL,YES,YES,NO_RECORDED_INDUSTRY_ROLE,YES,DEVICE,SINGLE_COUNTRY,1,NO,RETROSPECTIVE,COMPLETED,108,NO,YES,2019-09-25,2019,2019-2025,2018-11-21,2019-05-17,ADULT|OLDER_ADULT,YES,NO
NCT04105322,MIXED_WOUND_EXPLICIT_TARGET,UNKNOWN,INTERVENTIONAL,RANDOMIZED,PARALLEL,YES,YES,NO_RECORDED_INDUSTRY_ROLE,NO,OTHER,UNKNOWN,0,UNKNOWN,RETROSPECTIVE,UNKNOWN,63,NO,NO,2019-09-26,2019,2019-2025,2019-09,2019-09-23,ADULT|OLDER_ADULT,YES,NO
NCT04116671,PI_PREVENTION,UNKNOWN,INTERVENTIONAL,NA,SINGLE_GROUP,NO,NO,NO_RECORDED_INDUSTRY_ROLE,YES,DEVICE,SINGLE_COUNTRY,1,YES,PROSPECTIVE_OR_SAME_DAY,ACTIVE_NOT_RECRUITING,5,NO,NO,2019-10-04,2019,2019-2025,2020-04-01,2019-10-02,ADULT|OLDER_ADULT,YES,NO
NCT04132596,PI_TREATMENT,UNKNOWN,INTERVENTIONAL,NON_RANDOMIZED,SINGLE_GROUP,NO,NO,NO_RECORDED_INDUSTRY_ROLE,YES,DEVICE|OTHER,SINGLE_COUNTRY,1,NO,PROSPECTIVE_OR_SAME_DAY,COMPLETED,12,NO,YES,2019-10-21,2019,2019-2025,2019-11-11,2019-10-17,ADULT|OLDER_ADULT,YES,NO
NCT04136951,PI_PREVENTION,UNKNOWN,INTERVENTIONAL,NA,SINGLE_GROUP,NO,NO,NO_RECORDED_INDUSTRY_ROLE,NO,OTHER,SINGLE_COUNTRY,1,YES,PROSPECTIVE_OR_SAME_DAY,COMPLETED,1915,NO,YES,2019-10-23,2019,2019-2025,2023-08-01,2019-10-18,ADULT|OLDER_ADULT,YES,YES
NCT04137159,PI_TREATMENT,UNKNOWN,INTERVENTIONAL,RANDOMIZED,CROSSOVER,YES,YES,NO_RECORDED_INDUSTRY_ROLE,NO,OTHER,SINGLE_COUNTRY,1,YES,PROSPECTIVE_OR_SAME_DAY,TERMINATED,13,NO,NO,2019-10-23,2019,2019-2025,2020-02-20,2019-10-18,ADULT,YES,NO
NCT04161274,PI_TREATMENT,UNKNOWN,INTERVENTIONAL,RANDOMIZED,PARALLEL,YES,YES,NO_RECORDED_INDUSTRY_ROLE,NO,PROCEDURE,SINGLE_COUNTRY,1,NO,RETROSPECTIVE,COMPLETED,275,NO,YES,2019-11-13,2019,2019-2025,2019-01-01,2019-09-26,ADULT|OLDER_ADULT,YES,NO
NCT04163796,PI_PREVENTION,UNKNOWN,INTERVENTIONAL,NA,SINGLE_GROUP,NO,NO,NO_RECORDED_INDUSTRY_ROLE,YES,DEVICE,SINGLE_COUNTRY,1,YES,PROSPECTIVE_OR_SAME_DAY,COMPLETED,5,NO,YES,2019-11-15,2019,2019-2025,2018-08-01,2018-06-18,ADULT|OLDER_ADULT,YES,NO
NCT04165395,PI_PREVENTION,UNKNOWN,INTERVENTIONAL,RANDOMIZED,PARALLEL,YES,YES,INDUSTRY_COLLABORATOR,YES,DEVICE,SINGLE_COUNTRY,1,NO,RETROSPECTIVE,UNKNOWN,165,NO,NO,2019-11-18,2019,2019-2025,2019-08-19,2019-09-06,ADULT|OLDER_ADULT,YES,NO
NCT04168450,PI_PREVENTION,UNKNOWN,INTERVENTIONAL,NON_RANDOMIZED,SEQUENTIAL,NO,YES,NO_RECORDED_INDUSTRY_ROLE,NO,OTHER,SINGLE_COUNTRY,1,YES,PROSPECTIVE_OR_SAME_DAY,COMPLETED,34,NO,YES,2019-11-19,2019,2019-2025,2020-01-13,2019-11-15,ADULT|OLDER_ADULT,YES,NO
NCT04171375,PI_TREATMENT,UNKNOWN,INTERVENTIONAL,NA,SINGLE_GROUP,NO,NO,NO_RECORDED_INDUSTRY_ROLE,YES,DEVICE,SINGLE_COUNTRY,1,NO,RETROSPECTIVE,COMPLETED,2,NO,YES,2019-11-20,2019,2019-2025,2019-04-01,2019-11-17,ADULT,YES,NO
NCT04176445,PI_TREATMENT,UNKNOWN,INTERVENTIONAL,RANDOMIZED,CROSSOVER,YES,YES,NO_RECORDED_INDUSTRY_ROLE,YES,DEVICE|OTHER,SINGLE_COUNTRY,1,NO,PROSPECTIVE_OR_SAME_DAY,TERMINATED,19,NO,NO,2019-11-25,2019,2019-2025,2019-12-03,2019-10-19,ADULT|OLDER_ADULT,YES,YES
NCT04179123,PI_TREATMENT,UNKNOWN,INTERVENTIONAL,NON_RANDOMIZED,SEQUENTIAL,NO,YES,NO_RECORDED_INDUSTRY_ROLE,YES,DEVICE,SINGLE_COUNTRY,1,NO,PROSPECTIVE_OR_SAME_DAY,COMPLETED,20,NO,YES,2019-11-27,2019,2019-2025,2020-03-15,2019-11-15,ADULT|OLDER_ADULT,YES,NO
NCT04181320,VLU_ACTIVE_TREATMENT,UNKNOWN,INTERVENTIONAL,RANDOMIZED,PARALLEL,YES,YES,INDUSTRY_LEAD,YES,DEVICE,MULTICOUNTRY,7,NO,PROSPECTIVE_OR_SAME_DAY,TERMINATED,128,NO,NO,2019-11-29,2019,2019-2025,2020-06-08,2019-11-22,ADULT|OLDER_ADULT,YES,YES
NCT04183998,PI_TREATMENT,UNKNOWN,INTERVENTIONAL,NA,SINGLE_GROUP,NO,NO,NO_RECORDED_INDUSTRY_ROLE,NO,OTHER,SINGLE_COUNTRY,1,NO,RETROSPECTIVE,COMPLETED,2,NO,YES,2019-12-03,2019,2019-2025,2019-05-01,2019-11-17,ADULT|OLDER_ADULT,YES,NO
NCT04185558,PI_TREATMENT,UNKNOWN,INTERVENTIONAL,RANDOMIZED,PARALLEL,YES,YES,INDUSTRY_LEAD,YES,DEVICE,MULTICOUNTRY,3,YES,PROSPECTIVE_OR_SAME_DAY,COMPLETED,119,NO,YES,2019-12-04,2019,2019-2025,2019-12-20,2019-11-12,ADULT|OLDER_ADULT,YES,NO
NCT04186325,PI_PREVENTION,UNKNOWN,INTERVENTIONAL,RANDOMIZED,PARALLEL,YES,YES,NO_RECORDED_INDUSTRY_ROLE,NO,PROCEDURE,SINGLE_COUNTRY,1,NO,PROSPECTIVE_OR_SAME_DAY,UNKNOWN,70,NO,NO,2019-12-04,2019,2019-2025,2019-12-28,2019-12-02,ADULT|OLDER_ADULT,YES,NO
NCT04198441,MIXED_WOUND_EXPLICIT_TARGET,UNKNOWN,INTERVENTIONAL,RANDOMIZED,PARALLEL,YES,YES,INDUSTRY_LEAD,YES,DEVICE,SINGLE_COUNTRY,1,YES,PROSPECTIVE_OR_SAME_DAY,UNKNOWN,78,NO,NO,2019-12-13,2019,2019-2025,2020-06-02,2019-12-10,ADULT|OLDER_ADULT,YES,NO
NCT04202900,PI_TREATMENT,UNKNOWN,INTERVENTIONAL,NA,SINGLE_GROUP,NO,NO,NO_RECORDED_INDUSTRY_ROLE,NO,OTHER,SINGLE_COUNTRY,1,NO,RETROSPECTIVE,COMPLETED,120,NO,YES,2019-12-18,2019,2019-2025,2019-09-11,2019-12-16,OLDER_ADULT,YES,NO
NCT04203576,VLU_ACTIVE_TREATMENT,UNKNOWN,INTERVENTIONAL,NA,SINGLE_GROUP,NO,NO,INDUSTRY_LEAD,YES,DEVICE,MULTICOUNTRY,5,NO,RETROSPECTIVE,ACTIVE_NOT_RECRUITING,50,NO,NO,2019-12-18,2019,2019-2025,2019-11-22,2019-12-12,ADULT|OLDER_ADULT,YES,NO
NCT04211311,PI_TREATMENT,UNKNOWN,INTERVENTIONAL,NA,SINGLE_GROUP,NO,NO,NO_RECORDED_INDUSTRY_ROLE,NO,OTHER,SINGLE_COUNTRY,1,NO,RETROSPECTIVE,COMPLETED,8,NO,YES,2019-12-26,2019,2019-2025,2018-01-30,2019-10-10,ADULT|OLDER_ADULT,YES,NO
NCT04219696,PI_PREVENTION,UNKNOWN,INTERVENTIONAL,RANDOMIZED,PARALLEL,YES,YES,NO_RECORDED_INDUSTRY_ROLE,NO,OTHER,SINGLE_COUNTRY,1,NO,PROSPECTIVE_OR_SAME_DAY,ACTIVE_NOT_RECRUITING,36,NO,NO,2020-01-07,2020,2019-2025,2020-08-20,2019-12-17,ADULT|OLDER_ADULT,YES,NO
NCT04240574,MIXED_WOUND_EXPLICIT_TARGET,UNKNOWN,INTERVENTIONAL,NA,SINGLE_GROUP,NO,NO,NO_RECORDED_INDUSTRY_ROLE,YES,DEVICE,SINGLE_COUNTRY,1,YES,PROSPECTIVE_OR_SAME_DAY,TERMINATED,2,NO,NO,2020-01-27,2020,2019-2025,2020-01-24,2020-01-06,ADULT|OLDER_ADULT,YES,YES
NCT04241250,PI_PREVENTION,UNKNOWN,INTERVENTIONAL,RANDOMIZED,PARALLEL,YES,YES,NO_RECORDED_INDUSTRY_ROLE,YES,DEVICE,SINGLE_COUNTRY,1,YES,PROSPECTIVE_OR_SAME_DAY,COMPLETED,4,NO,YES,2020-01-27,2020,2019-2025,2020-06-01,2020-01-10,ADULT|OLDER_ADULT,YES,YES
NCT04243161,PI_TREATMENT,UNKNOWN,INTERVENTIONAL,RANDOMIZED,PARALLEL,YES,YES,NO_RECORDED_INDUSTRY_ROLE,NO,OTHER,SINGLE_COUNTRY,1,NO,RETROSPECTIVE,WITHDRAWN,0,YES,NO,2020-01-28,2020,2019-2025,2020-01-01,2020-01-20,ADULT|OLDER_ADULT,YES,NO
NCT04244201,PI_TREATMENT,UNKNOWN,INTERVENTIONAL,NA,SINGLE_GROUP,NO,NO,INDUSTRY_LEAD,YES,DEVICE,UNKNOWN,0,UNKNOWN,RETROSPECTIVE,COMPLETED,31,NO,YES,2020-01-28,2020,2019-2025,2005-06-06,2020-01-23,ADULT|OLDER_ADULT,YES,NO
NCT04250025,VLU_ACTIVE_TREATMENT,UNKNOWN,INTERVENTIONAL,RANDOMIZED,PARALLEL,YES,YES,NO_RECORDED_INDUSTRY_ROLE,NO,PROCEDURE,SINGLE_COUNTRY,1,NO,RETROSPECTIVE,UNKNOWN,120,NO,NO,2020-01-31,2020,2019-2025,2019-09-01,2020-01-27,ADULT|OLDER_ADULT,YES,NO
NCT04251091,PI_TREATMENT,UNKNOWN,INTERVENTIONAL,NA,SINGLE_GROUP,NO,NO,NO_RECORDED_INDUSTRY_ROLE,NO,OTHER,SINGLE_COUNTRY,1,YES,RETROSPECTIVE,ACTIVE_NOT_RECRUITING,10,NO,NO,2020-01-31,2020,2019-2025,2020-01-10,2020-01-29,ADULT|OLDER_ADULT,YES,NO
NCT04251897,PI_TREATMENT,UNKNOWN,INTERVENTIONAL,RANDOMIZED,CROSSOVER,YES,YES,NO_RECORDED_INDUSTRY_ROLE,YES,DEVICE,SINGLE_COUNTRY,1,NO,PROSPECTIVE_OR_SAME_DAY,COMPLETED,10,NO,YES,2020-02-05,2020,2019-2025,2020-09-02,2020-01-29,ADULT|OLDER_ADULT,YES,NO
NCT04262414,PI_PREVENTION,UNKNOWN,INTERVENTIONAL,NA,SINGLE_GROUP,NO,NO,NO_RECORDED_INDUSTRY_ROLE,YES,DEVICE,SINGLE_COUNTRY,1,NO,RETROSPECTIVE,COMPLETED,5,NO,YES,2020-02-10,2020,2019-2025,2017-04-30,2020-02-04,ADULT|OLDER_ADULT,YES,NO
NCT04265170,PI_TREATMENT,ADULT_ONLY_OR_RELEVANT,INTERVENTIONAL,NA,SINGLE_GROUP,NO,NO,INDUSTRY_COLLABORATOR,YES,DEVICE,SINGLE_COUNTRY,1,YES,RETROSPECTIVE,COMPLETED,20,NO,YES,2020-02-11,2020,2019-2025,2019-10-24,2020-01-28,ADULT|OLDER_ADULT,YES,NO
NCT04266808,PI_PREVENTION,UNKNOWN,INTERVENTIONAL,RANDOMIZED,PARALLEL,YES,YES,INDUSTRY_COLLABORATOR,YES,BEHAVIORAL|DEVICE,SINGLE_COUNTRY,1,YES,PROSPECTIVE_OR_SAME_DAY,UNKNOWN,50,NO,NO,2020-02-12,2020,2019-2025,2020-03,2020-02-07,ADULT|OLDER_ADULT,YES,NO
NCT04278105,PI_TREATMENT,UNKNOWN,INTERVENTIONAL,RANDOMIZED,PARALLEL,YES,YES,NO_RECORDED_INDUSTRY_ROLE,YES,DEVICE|OTHER,SINGLE_COUNTRY,1,NO,PROSPECTIVE_OR_SAME_DAY,COMPLETED,24,NO,YES,2020-02-20,2020,2019-2025,2020-03-01,2020-02-18,ADULT|OLDER_ADULT,YES,NO
NCT04280679,VLU_ACTIVE_TREATMENT,UNKNOWN,INTERVENTIONAL,NA,SINGLE_GROUP,NO,NO,INDUSTRY_LEAD,YES,DEVICE,SINGLE_COUNTRY,1,NO,PROSPECTIVE_OR_SAME_DAY,COMPLETED,22,NO,YES,2020-02-21,2020,2019-2025,2020-03-03,2020-02-11,ADULT|OLDER_ADULT,YES,NO
NCT04281992,MIXED_WOUND_EXPLICIT_TARGET,UNKNOWN,INTERVENTIONAL,NA,SEQUENTIAL,NO,NO,INDUSTRY_LEAD,NO,BIOLOGICAL,MULTICOUNTRY,2,NO,RETROSPECTIVE,COMPLETED,26,NO,YES,2020-02-24,2020,2019-2025,2020-01-28,2020-02-14,ADULT|OLDER_ADULT,YES,NO
NCT04300205,MIXED_WOUND_EXPLICIT_TARGET,UNKNOWN,INTERVENTIONAL,RANDOMIZED,PARALLEL,YES,YES,INDUSTRY_LEAD,YES,DEVICE,SINGLE_COUNTRY,1,NO,RETROSPECTIVE,COMPLETED,33,NO,YES,2020-03-09,2020,2019-2025,2020-02-25,2020-03-04,ADULT|OLDER_ADULT,YES,NO
NCT04309864,PI_PREVENTION,UNKNOWN,INTERVENTIONAL,NON_RANDOMIZED,SEQUENTIAL,NO,YES,NO_RECORDED_INDUSTRY_ROLE,YES,DEVICE,SINGLE_COUNTRY,1,YES,PROSPECTIVE_OR_SAME_DAY,COMPLETED,26,NO,YES,2020-03-16,2020,2019-2025,2020-06-01,2020-03-13,ADULT|OLDER_ADULT,YES,NO
NCT04310280,VLU_ACTIVE_TREATMENT,UNKNOWN,INTERVENTIONAL,RANDOMIZED,PARALLEL,YES,YES,NO_RECORDED_INDUSTRY_ROLE,NO,DRUG,SINGLE_COUNTRY,1,NO,RETROSPECTIVE,COMPLETED,13,NO,YES,2020-03-17,2020,2019-2025,2019-06-01,2020-03-11,ADULT|OLDER_ADULT,YES,NO
NCT04311229,PI_TREATMENT,UNKNOWN,INTERVENTIONAL,RANDOMIZED,CROSSOVER,YES,YES,NO_RECORDED_INDUSTRY_ROLE,YES,DEVICE|OTHER,UNKNOWN,0,UNKNOWN,RETROSPECTIVE,COMPLETED,30,NO,YES,2020-03-17,2020,2019-2025,2016-10-13,2020-02-28,ADULT|OLDER_ADULT,YES,NO
NCT04312555,VLU_ACTIVE_TREATMENT,UNKNOWN,INTERVENTIONAL,NA,SINGLE_GROUP,NO,NO,NO_RECORDED_INDUSTRY_ROLE,NO,DRUG,UNKNOWN,0,UNKNOWN,PROSPECTIVE_OR_SAME_DAY,UNKNOWN,30,NO,NO,2020-03-18,2020,2019-2025,2020-04-01,2020-03-16,ADULT|OLDER_ADULT,YES,NO
NCT04328246,PI_TREATMENT,UNKNOWN,INTERVENTIONAL,RANDOMIZED,PARALLEL,YES,YES,NO_RECORDED_INDUSTRY_ROLE,YES,DEVICE|OTHER,SINGLE_COUNTRY,1,NO,PROSPECTIVE_OR_SAME_DAY,TERMINATED,4,NO,NO,2020-03-31,2020,2019-2025,2021-02-26,2020-03-26,CHILD|ADULT|OLDER_ADULT,YES,NO
NCT04335942,PI_PREVENTION,UNKNOWN,INTERVENTIONAL,RANDOMIZED,PARALLEL,YES,YES,NO_RECORDED_INDUSTRY_ROLE,NO,OTHER,SINGLE_COUNTRY,1,NO,PROSPECTIVE_OR_SAME_DAY,COMPLETED,36,NO,YES,2020-04-07,2020,2019-2025,2021-09-30,2019-11-22,ADULT|OLDER_ADULT,YES,NO
NCT04355832,VLU_ACTIVE_TREATMENT,UNKNOWN,INTERVENTIONAL,RANDOMIZED,PARALLEL,YES,YES,NO_RECORDED_INDUSTRY_ROLE,NO,DRUG,SINGLE_COUNTRY,1,YES,PROSPECTIVE_OR_SAME_DAY,WITHDRAWN,0,YES,NO,2020-04-21,2020,2019-2025,2020-06-24,2020-04-17,ADULT,YES,NO
NCT04359095,PI_TREATMENT,ADULT_ONLY_OR_RELEVANT,INTERVENTIONAL,RANDOMIZED,PARALLEL,YES,YES,NO_RECORDED_INDUSTRY_ROLE,NO,DRUG|OTHER,SINGLE_COUNTRY,1,NO,PROSPECTIVE_OR_SAME_DAY,COMPLETED,650,NO,YES,2020-04-24,2020,2019-2025,2020-08-18,2020-04-15,ADULT|OLDER_ADULT,YES,NO
NCT04369235,PI_TREATMENT,UNKNOWN,INTERVENTIONAL,RANDOMIZED,PARALLEL,YES,YES,NO_RECORDED_INDUSTRY_ROLE,YES,DEVICE,SINGLE_COUNTRY,1,NO,RETROSPECTIVE,COMPLETED,24,NO,YES,2020-04-30,2020,2019-2025,2017-03-02,2020-04-27,ADULT|OLDER_ADULT,YES,NO
NCT04370106,VLU_RECURRENCE_PREVENTION,UNKNOWN,INTERVENTIONAL,RANDOMIZED,PARALLEL,YES,YES,NO_RECORDED_INDUSTRY_ROLE,NO,OTHER,SINGLE_COUNTRY,1,NO,PROSPECTIVE_OR_SAME_DAY,UNKNOWN,268,NO,NO,2020-04-30,2020,2019-2025,2023-12-01,2020-04-28,ADULT|OLDER_ADULT,YES,NO
NCT04383873,PI_TREATMENT,UNKNOWN,INTERVENTIONAL,RANDOMIZED,PARALLEL,YES,YES,NO_RECORDED_INDUSTRY_ROLE,YES,DEVICE|OTHER,SINGLE_COUNTRY,1,NO,RETROSPECTIVE,COMPLETED,34,NO,YES,2020-05-12,2020,2019-2025,2016-06-18,2020-04-20,CHILD|ADULT|OLDER_ADULT,YES,NO
NCT04386174,PI_TREATMENT,UNKNOWN,INTERVENTIONAL,RANDOMIZED,PARALLEL,YES,YES,NO_RECORDED_INDUSTRY_ROLE,NO,OTHER,SINGLE_COUNTRY,1,YES,PROSPECTIVE_OR_SAME_DAY,UNKNOWN,30,NO,NO,2020-05-13,2020,2019-2025,2020-08-01,2020-05-08,ADULT|OLDER_ADULT,YES,NO
NCT04390087,PI_TREATMENT,UNKNOWN,INTERVENTIONAL,RANDOMIZED,PARALLEL,YES,YES,NO_RECORDED_INDUSTRY_ROLE,NO,OTHER,SINGLE_COUNTRY,1,NO,PROSPECTIVE_OR_SAME_DAY,COMPLETED,18,NO,YES,2020-05-15,2020,2019-2025,2021-01-11,2020-05-06,ADULT|OLDER_ADULT,YES,NO
NCT04391257,VLU_ACTIVE_TREATMENT,UNKNOWN,INTERVENTIONAL,NA,SEQUENTIAL,NO,NO,INDUSTRY_LEAD,YES,DEVICE,SINGLE_COUNTRY,1,NO,PROSPECTIVE_OR_SAME_DAY,COMPLETED,28,NO,YES,2020-05-18,2020,2019-2025,2020-12-04,2020-04-30,ADULT|OLDER_ADULT,YES,NO
NCT04397250,PI_TREATMENT,UNKNOWN,INTERVENTIONAL,RANDOMIZED,PARALLEL,YES,YES,NO_RECORDED_INDUSTRY_ROLE,NO,BEHAVIORAL,SINGLE_COUNTRY,1,NO,PROSPECTIVE_OR_SAME_DAY,UNKNOWN,32,NO,NO,2020-05-21,2020,2019-2025,2020-10-01,2020-05-17,ADULT|OLDER_ADULT,YES,NO
NCT04411264,PI_TREATMENT,UNKNOWN,INTERVENTIONAL,RANDOMIZED,PARALLEL,YES,YES,NO_RECORDED_INDUSTRY_ROLE,YES,DEVICE,SINGLE_COUNTRY,1,NO,PROSPECTIVE_OR_SAME_DAY,UNKNOWN,124,NO,NO,2020-06-02,2020,2019-2025,2020-09-01,2020-05-22,ADULT|OLDER_ADULT,YES,NO
NCT04453943,PI_TREATMENT,UNKNOWN,INTERVENTIONAL,NON_RANDOMIZED,PARALLEL,NO,YES,NO_RECORDED_INDUSTRY_ROLE,YES,DEVICE,SINGLE_COUNTRY,1,YES,PROSPECTIVE_OR_SAME_DAY,UNKNOWN,30,NO,NO,2020-07-01,2020,2019-2025,2020-07-01,2020-05-18,ADULT,YES,NO
NCT04458324,PI_PREVENTION,UNKNOWN,INTERVENTIONAL,RANDOMIZED,FACTORIAL,YES,YES,NO_RECORDED_INDUSTRY_ROLE,YES,DEVICE|DRUG|OTHER,SINGLE_COUNTRY,1,YES,PROSPECTIVE_OR_SAME_DAY,ACTIVE_NOT_RECRUITING,70,NO,NO,2020-07-07,2020,2019-2025,2020-12-22,2020-06-25,ADULT,YES,NO
NCT04461132,VLU_ACTIVE_TREATMENT,UNKNOWN,INTERVENTIONAL,RANDOMIZED,PARALLEL,YES,YES,NO_RECORDED_INDUSTRY_ROLE,NO,OTHER,SINGLE_COUNTRY,1,NO,RETROSPECTIVE,COMPLETED,10,NO,YES,2020-07-08,2020,2019-2025,2018-09-11,2020-07-02,ADULT|OLDER_ADULT,YES,NO
NCT04465825,PI_TREATMENT,UNKNOWN,INTERVENTIONAL,RANDOMIZED,CROSSOVER,YES,YES,NO_RECORDED_INDUSTRY_ROLE,NO,BEHAVIORAL,UNKNOWN,0,UNKNOWN,PROSPECTIVE_OR_SAME_DAY,UNKNOWN,16,NO,NO,2020-07-10,2020,2019-2025,2021-06,2020-07-07,ADULT|OLDER_ADULT,YES,NO
NCT04467749,PI_TREATMENT,UNKNOWN,INTERVENTIONAL,NA,SINGLE_GROUP,NO,NO,NO_RECORDED_INDUSTRY_ROLE,NO,OTHER,SINGLE_COUNTRY,1,YES,PROSPECTIVE_OR_SAME_DAY,COMPLETED,26,NO,YES,2020-07-13,2020,2019-2025,2022-07-14,2020-07-08,ADULT|OLDER_ADULT,YES,NO
NCT04472260,PI_TREATMENT,UNKNOWN,INTERVENTIONAL,RANDOMIZED,CROSSOVER,YES,YES,NO_RECORDED_INDUSTRY_ROLE,NO,PROCEDURE,SINGLE_COUNTRY,1,NO,PROSPECTIVE_OR_SAME_DAY,RECRUITING,32,NO,NO,2020-07-15,2020,2019-2025,2021-10-15,2020-06-25,ADULT|OLDER_ADULT,YES,NO
NCT04484168,VLU_RECURRENCE_PREVENTION,UNKNOWN,INTERVENTIONAL,RANDOMIZED,PARALLEL,YES,YES,NO_RECORDED_INDUSTRY_ROLE,NO,PROCEDURE,SINGLE_COUNTRY,1,NO,PROSPECTIVE_OR_SAME_DAY,UNKNOWN,308,NO,NO,2020-07-23,2020,2019-2025,2020-07-21,2020-07-20,CHILD|ADULT|OLDER_ADULT,YES,NO
NCT04496609,PI_TREATMENT,UNKNOWN,INTERVENTIONAL,RANDOMIZED,CROSSOVER,YES,YES,NO_RECORDED_INDUSTRY_ROLE,YES,DEVICE,SINGLE_COUNTRY,1,NO,PROSPECTIVE_OR_SAME_DAY,RECRUITING,14,NO,NO,2020-08-03,2020,2019-2025,2021-07-12,2020-07-20,ADULT|OLDER_ADULT,YES,NO
NCT04534192,PI_TREATMENT,UNKNOWN,INTERVENTIONAL,NA,SINGLE_GROUP,NO,NO,NO_RECORDED_INDUSTRY_ROLE,YES,DEVICE,SINGLE_COUNTRY,1,NO,RETROSPECTIVE,UNKNOWN,50,NO,NO,2020-09-01,2020,2019-2025,2020-08-01,2020-08-26,ADULT|OLDER_ADULT,YES,NO
NCT04534244,VLU_ACTIVE_TREATMENT,UNKNOWN,INTERVENTIONAL,RANDOMIZED,PARALLEL,YES,YES,NO_RECORDED_INDUSTRY_ROLE,YES,DEVICE,UNKNOWN,0,UNKNOWN,PROSPECTIVE_OR_SAME_DAY,WITHDRAWN,0,YES,NO,2020-09-01,2020,2019-2025,2021-06,2020-08-04,ADULT|OLDER_ADULT,YES,NO
NCT04534257,PI_TREATMENT,UNKNOWN,INTERVENTIONAL,NA,SINGLE_GROUP,NO,NO,NO_RECORDED_INDUSTRY_ROLE,YES,DEVICE,SINGLE_COUNTRY,1,NO,PROSPECTIVE_OR_SAME_DAY,UNKNOWN,75,NO,NO,2020-09-01,2020,2019-2025,2020-09-09,2020-08-26,ADULT|OLDER_ADULT,YES,NO
NCT04550182,MIXED_WOUND_EXPLICIT_TARGET,UNKNOWN,INTERVENTIONAL,RANDOMIZED,PARALLEL,YES,YES,NO_RECORDED_INDUSTRY_ROLE,NO,PROCEDURE,SINGLE_COUNTRY,1,NO,PROSPECTIVE_OR_SAME_DAY,COMPLETED,1232,NO,YES,2020-09-16,2020,2019-2025,2021-04-22,2020-01-06,ADULT|OLDER_ADULT,YES,NO
NCT04559165,PI_TREATMENT,UNKNOWN,INTERVENTIONAL,RANDOMIZED,PARALLEL,YES,YES,NO_RECORDED_INDUSTRY_ROLE,NO,OTHER,SINGLE_COUNTRY,1,NO,PROSPECTIVE_OR_SAME_DAY,UNKNOWN,20,NO,NO,2020-09-22,2020,2019-2025,2020-09-15,2020-09-15,ADULT|OLDER_ADULT,YES,NO
NCT04577183,MIXED_WOUND_EXPLICIT_TARGET,UNKNOWN,INTERVENTIONAL,NA,SINGLE_GROUP,NO,NO,INDUSTRY_LEAD,YES,DEVICE,SINGLE_COUNTRY,1,YES,RETROSPECTIVE,TERMINATED,13,NO,NO,2020-10-06,2020,2019-2025,2018-07-11,2019-03-20,ADULT|OLDER_ADULT,YES,YES
NCT04578665,PI_TREATMENT,UNKNOWN,INTERVENTIONAL,RANDOMIZED,PARALLEL,YES,YES,NO_RECORDED_INDUSTRY_ROLE,YES,BEHAVIORAL|DEVICE,SINGLE_COUNTRY,1,YES,PROSPECTIVE_OR_SAME_DAY,SUSPENDED,764,NO,NO,2020-10-08,2020,2019-2025,2021-07-13,2020-08-12,ADULT|OLDER_ADULT,YES,NO
NCT04586777,PI_TREATMENT,UNKNOWN,INTERVENTIONAL,RANDOMIZED,CROSSOVER,YES,YES,NO_RECORDED_INDUSTRY_ROLE,YES,DEVICE,SINGLE_COUNTRY,1,YES,RETROSPECTIVE,TERMINATED,27,NO,NO,2020-10-14,2020,2019-2025,2014-01-15,2020-09-29,ADULT|OLDER_ADULT,YES,NO
NCT04593693,MIXED_WOUND_EXPLICIT_TARGET,UNKNOWN,INTERVENTIONAL,NA,SINGLE_GROUP,NO,NO,INDUSTRY_LEAD,YES,DEVICE,SINGLE_COUNTRY,1,YES,PROSPECTIVE_OR_SAME_DAY,COMPLETED,25,NO,YES,2020-10-20,2020,2019-2025,2020-12-10,2020-09-17,ADULT|OLDER_ADULT,YES,NO
NCT04600453,PI_PREVENTION,UNKNOWN,INTERVENTIONAL,RANDOMIZED,PARALLEL,YES,YES,NO_RECORDED_INDUSTRY_ROLE,NO,OTHER,SINGLE_COUNTRY,1,NO,RETROSPECTIVE,COMPLETED,200,NO,YES,2020-10-23,2020,2019-2025,2018-05-10,2020-10-19,OLDER_ADULT,YES,NO
NCT04604665,PI_PREVENTION,ADULT_ONLY_OR_RELEVANT,INTERVENTIONAL,RANDOMIZED,PARALLEL,YES,YES,NO_RECORDED_INDUSTRY_ROLE,NO,OTHER,SINGLE_COUNTRY,1,NO,PROSPECTIVE_OR_SAME_DAY,COMPLETED,3300,NO,YES,2020-10-27,2020,2019-2025,2021-04-10,2020-10-14,ADULT|OLDER_ADULT,YES,NO
NCT04604951,PI_TREATMENT,UNKNOWN,INTERVENTIONAL,RANDOMIZED,PARALLEL,YES,YES,NO_RECORDED_INDUSTRY_ROLE,YES,DEVICE,SINGLE_COUNTRY,1,NO,PROSPECTIVE_OR_SAME_DAY,UNKNOWN,40,NO,NO,2020-10-27,2020,2019-2025,2022-05-02,2020-09-28,ADULT|OLDER_ADULT,YES,NO
NCT04613687,VLU_ACTIVE_TREATMENT,UNKNOWN,INTERVENTIONAL,NA,SINGLE_GROUP,NO,NO,INDUSTRY_LEAD,YES,DEVICE,UNKNOWN,0,UNKNOWN,PROSPECTIVE_OR_SAME_DAY,UNKNOWN,52,NO,NO,2020-11-03,2020,2019-2025,2020-10-30,2020-10-20,ADULT|OLDER_ADULT,YES,NO
NCT04621825,MIXED_WOUND_EXPLICIT_TARGET,ADULT_ONLY_OR_RELEVANT,INTERVENTIONAL,NA,SINGLE_GROUP,NO,NO,INDUSTRY_LEAD,YES,DEVICE,SINGLE_COUNTRY,1,NO,PROSPECTIVE_OR_SAME_DAY,COMPLETED,187,NO,YES,2020-11-09,2020,2019-2025,2020-11-02,2020-10-13,ADULT|OLDER_ADULT,YES,NO
NCT04622683,PI_TREATMENT,UNKNOWN,INTERVENTIONAL,NON_RANDOMIZED,PARALLEL,NO,YES,INDUSTRY_COLLABORATOR,NO,PROCEDURE,SINGLE_COUNTRY,1,YES,PROSPECTIVE_OR_SAME_DAY,COMPLETED,37,NO,YES,2020-11-10,2020,2019-2025,2021-01-01,2020-11-02,ADULT,YES,NO
NCT04624607,PI_TREATMENT,UNKNOWN,INTERVENTIONAL,RANDOMIZED,CROSSOVER,YES,YES,NO_RECORDED_INDUSTRY_ROLE,YES,DEVICE,SINGLE_COUNTRY,1,YES,RETROSPECTIVE,COMPLETED,14,NO,YES,2020-11-12,2020,2019-2025,2018-01-05,2020-11-05,ADULT|OLDER_ADULT,YES,NO
NCT04625348,PI_PREVENTION,UNKNOWN,INTERVENTIONAL,NA,SINGLE_GROUP,NO,NO,NO_RECORDED_INDUSTRY_ROLE,YES,DEVICE|OTHER,SINGLE_COUNTRY,1,NO,RETROSPECTIVE,COMPLETED,40,NO,YES,2020-11-12,2020,2019-2025,2020-02-15,2020-11-05,OLDER_ADULT,YES,NO
NCT04634838,MIXED_WOUND_EXPLICIT_TARGET,UNKNOWN,INTERVENTIONAL,NA,SEQUENTIAL,NO,NO,INDUSTRY_LEAD,YES,DEVICE,SINGLE_COUNTRY,1,NO,PROSPECTIVE_OR_SAME_DAY,TERMINATED,20,NO,NO,2020-11-18,2020,2019-2025,2021-02-02,2020-11-12,ADULT|OLDER_ADULT,YES,NO
NCT04641793,PI_TREATMENT,UNKNOWN,INTERVENTIONAL,RANDOMIZED,PARALLEL,YES,YES,NO_RECORDED_INDUSTRY_ROLE,YES,DEVICE,SINGLE_COUNTRY,1,YES,RETROSPECTIVE,UNKNOWN,60,NO,NO,2020-11-24,2020,2019-2025,2020-01-20,2020-08-21,CHILD|ADULT|OLDER_ADULT,YES,NO
NCT04647240,VLU_ACTIVE_TREATMENT,UNKNOWN,INTERVENTIONAL,RANDOMIZED,PARALLEL,YES,YES,INDUSTRY_LEAD,NO,BIOLOGICAL,SINGLE_COUNTRY,1,YES,PROSPECTIVE_OR_SAME_DAY,RECRUITING,80,NO,NO,2020-11-30,2020,2019-2025,2022-02-26,2020-11-22,ADULT|OLDER_ADULT,YES,NO
NCT04652531,VLU_ACTIVE_TREATMENT,UNKNOWN,INTERVENTIONAL,NON_RANDOMIZED,PARALLEL,NO,YES,NO_RECORDED_INDUSTRY_ROLE,NO,OTHER,SINGLE_COUNTRY,1,NO,RETROSPECTIVE,UNKNOWN,10,NO,NO,2020-12-03,2020,2019-2025,2020-09-18,2020-11-23,ADULT|OLDER_ADULT,YES,NO
NCT04653896,PI_TREATMENT,UNKNOWN,INTERVENTIONAL,NA,SINGLE_GROUP,NO,NO,NO_RECORDED_INDUSTRY_ROLE,YES,DEVICE,SINGLE_COUNTRY,1,YES,PROSPECTIVE_OR_SAME_DAY,COMPLETED,32,NO,YES,2020-12-04,2020,2019-2025,2021-06-01,2020-11-12,ADULT|OLDER_ADULT,YES,NO
NCT04667416,VLU_ACTIVE_TREATMENT,UNKNOWN,INTERVENTIONAL,RANDOMIZED,PARALLEL,YES,YES,INDUSTRY_LEAD,NO,BIOLOGICAL,SINGLE_COUNTRY,1,YES,PROSPECTIVE_OR_SAME_DAY,UNKNOWN,82,NO,NO,2020-12-14,2020,2019-2025,2021-01-19,2020-12-08,ADULT|OLDER_ADULT,YES,NO
NCT04668326,PI_TREATMENT,UNKNOWN,INTERVENTIONAL,RANDOMIZED,PARALLEL,YES,YES,NO_RECORDED_INDUSTRY_ROLE,YES,DEVICE,SINGLE_COUNTRY,1,YES,PROSPECTIVE_OR_SAME_DAY,COMPLETED,25,NO,YES,2020-12-16,2020,2019-2025,2023-05-01,2020-11-27,ADULT|OLDER_ADULT,YES,NO
NCT04682925,PI_TREATMENT,UNKNOWN,INTERVENTIONAL,RANDOMIZED,PARALLEL,YES,YES,NO_RECORDED_INDUSTRY_ROLE,YES,DEVICE|OTHER,SINGLE_COUNTRY,1,NO,PROSPECTIVE_OR_SAME_DAY,COMPLETED,102,NO,YES,2020-12-24,2020,2019-2025,2021-01-15,2020-12-09,ADULT|OLDER_ADULT,YES,NO
NCT04689009,VLU_ACTIVE_TREATMENT,UNKNOWN,INTERVENTIONAL,RANDOMIZED,PARALLEL,YES,YES,INDUSTRY_LEAD,YES,DEVICE|PROCEDURE,SINGLE_COUNTRY,1,NO,RETROSPECTIVE,COMPLETED,83,NO,YES,2020-12-30,2020,2019-2025,2019-05-14,2020-11-18,ADULT|OLDER_ADULT,YES,YES
NCT04689620,VLU_ACTIVE_TREATMENT,UNKNOWN,INTERVENTIONAL,RANDOMIZED,PARALLEL,YES,YES,NO_RECORDED_INDUSTRY_ROLE,YES,DEVICE,UNKNOWN,0,UNKNOWN,PROSPECTIVE_OR_SAME_DAY,UNKNOWN,60,NO,NO,2020-12-30,2020,2019-2025,2020-12-26,2020-12-22,ADULT,YES,NO
NCT04690803,VLU_ACTIVE_TREATMENT,UNKNOWN,INTERVENTIONAL,RANDOMIZED,PARALLEL,YES,YES,NO_RECORDED_INDUSTRY_ROLE,NO,DRUG,SINGLE_COUNTRY,1,YES,RETROSPECTIVE,UNKNOWN,20,NO,NO,2020-12-31,2020,2019-2025,2020-01-06,2020-12-28,ADULT|OLDER_ADULT,YES,NO
NCT04694001,PI_TREATMENT,UNKNOWN,INTERVENTIONAL,NA,SINGLE_GROUP,NO,NO,INDUSTRY_LEAD,YES,DEVICE,MULTICOUNTRY,3,NO,PROSPECTIVE_OR_SAME_DAY,COMPLETED,40,NO,YES,2021-01-05,2021,2019-2025,2021-04-12,2020-12-28,ADULT|OLDER_ADULT,YES,NO
NCT04694417,VLU_ACTIVE_TREATMENT,UNKNOWN,INTERVENTIONAL,RANDOMIZED,PARALLEL,YES,YES,NO_RECORDED_INDUSTRY_ROLE,NO,DIETARY_SUPPLEMENT|OTHER,UNKNOWN,0,UNKNOWN,PROSPECTIVE_OR_SAME_DAY,UNKNOWN,225,NO,NO,2021-01-05,2021,2019-2025,2021-02-01,2020-12-30,ADULT|OLDER_ADULT,YES,NO
NCT04696354,VLU_ACTIVE_TREATMENT,UNKNOWN,INTERVENTIONAL,RANDOMIZED,PARALLEL,YES,YES,INDUSTRY_LEAD,NO,DIAGNOSTIC_TEST|OTHER,MULTICOUNTRY,5,YES,PROSPECTIVE_OR_SAME_DAY,TERMINATED,12,NO,NO,2021-01-06,2021,2019-2025,2021-10-12,2020-12-14,ADULT|OLDER_ADULT,YES,YES
NCT04703569,VLU_ACTIVE_TREATMENT,UNKNOWN,INTERVENTIONAL,RANDOMIZED,PARALLEL,YES,YES,NO_RECORDED_INDUSTRY_ROLE,NO,PROCEDURE,SINGLE_COUNTRY,1,NO,RETROSPECTIVE,COMPLETED,61,NO,YES,2021-01-11,2021,2019-2025,2020-12-02,2020-12-17,ADULT|OLDER_ADULT,YES,NO
NCT04714749,VLU_RECURRENCE_PREVENTION,UNKNOWN,INTERVENTIONAL,NA,SINGLE_GROUP,NO,NO,NO_RECORDED_INDUSTRY_ROLE,YES,DEVICE|PROCEDURE,SINGLE_COUNTRY,1,NO,PROSPECTIVE_OR_SAME_DAY,COMPLETED,38,NO,YES,2021-01-19,2021,2019-2025,2021-01-21,2021-01-13,ADULT|OLDER_ADULT,YES,NO
NCT04717141,PI_TREATMENT,UNKNOWN,INTERVENTIONAL,NA,SINGLE_GROUP,NO,NO,NO_RECORDED_INDUSTRY_ROLE,NO,OTHER,SINGLE_COUNTRY,1,NO,PROSPECTIVE_OR_SAME_DAY,COMPLETED,27,NO,YES,2021-01-20,2021,2019-2025,2021-02-03,2021-01-15,ADULT|OLDER_ADULT,YES,NO
NCT04726059,PI_TREATMENT,UNKNOWN,INTERVENTIONAL,RANDOMIZED,PARALLEL,YES,YES,NO_RECORDED_INDUSTRY_ROLE,YES,DEVICE,SINGLE_COUNTRY,1,NO,PROSPECTIVE_OR_SAME_DAY,UNKNOWN,12,NO,NO,2021-01-27,2021,2019-2025,2022-07-22,2021-01-19,ADULT,YES,NO
NCT04726891,PI_TREATMENT,UNKNOWN,INTERVENTIONAL,RANDOMIZED,FACTORIAL,YES,YES,NO_RECORDED_INDUSTRY_ROLE,NO,BEHAVIORAL,SINGLE_COUNTRY,1,YES,PROSPECTIVE_OR_SAME_DAY,COMPLETED,36,NO,YES,2021-01-27,2021,2019-2025,2022-06-26,2021-01-21,ADULT|OLDER_ADULT,YES,NO
NCT04729556,PI_TREATMENT,UNKNOWN,INTERVENTIONAL,RANDOMIZED,PARALLEL,YES,YES,NO_RECORDED_INDUSTRY_ROLE,YES,DEVICE,SINGLE_COUNTRY,1,NO,RETROSPECTIVE,COMPLETED,112,NO,YES,2021-01-28,2021,2019-2025,2020-02-15,2021-01-25,ADULT|OLDER_ADULT,YES,NO
NCT04737941,VLU_ACTIVE_TREATMENT,UNKNOWN,INTERVENTIONAL,RANDOMIZED,PARALLEL,YES,YES,NO_RECORDED_INDUSTRY_ROLE,NO,PROCEDURE,SINGLE_COUNTRY,1,NO,PROSPECTIVE_OR_SAME_DAY,RECRUITING,248,NO,NO,2021-02-04,2021,2019-2025,2021-02-26,2021-01-30,ADULT|OLDER_ADULT,YES,NO
NCT04745806,VLU_ACTIVE_TREATMENT,UNKNOWN,INTERVENTIONAL,NA,SINGLE_GROUP,NO,NO,INDUSTRY_LEAD,YES,DEVICE,SINGLE_COUNTRY,1,NO,PROSPECTIVE_OR_SAME_DAY,TERMINATED,6,NO,NO,2021-02-09,2021,2019-2025,2021-03-01,2021-02-04,ADULT|OLDER_ADULT,YES,NO
NCT04753294,MIXED_WOUND_EXPLICIT_TARGET,UNKNOWN,INTERVENTIONAL,NON_RANDOMIZED,SINGLE_GROUP,NO,NO,INDUSTRY_LEAD,YES,DEVICE,MULTICOUNTRY,7,NO,PROSPECTIVE_OR_SAME_DAY,COMPLETED,136,NO,YES,2021-02-15,2021,2019-2025,2021-06-14,2021-02-09,ADULT|OLDER_ADULT,YES,NO
NCT04754425,MIXED_WOUND_EXPLICIT_TARGET,UNKNOWN,INTERVENTIONAL,NA,SINGLE_GROUP,NO,NO,NO_RECORDED_INDUSTRY_ROLE,NO,DRUG|PROCEDURE,SINGLE_COUNTRY,1,YES,PROSPECTIVE_OR_SAME_DAY,TERMINATED,11,NO,NO,2021-02-15,2021,2019-2025,2021-07-15,2021-02-10,ADULT|OLDER_ADULT,YES,NO
NCT04755699,PI_TREATMENT,UNKNOWN,INTERVENTIONAL,NON_RANDOMIZED,PARALLEL,NO,YES,NO_RECORDED_INDUSTRY_ROLE,YES,DEVICE,SINGLE_COUNTRY,1,YES,RETROSPECTIVE,RECRUITING,64,NO,NO,2021-02-16,2021,2019-2025,2020-12-02,2021-01-13,ADULT|OLDER_ADULT,YES,NO
NCT04761679,PI_PREVENTION,UNKNOWN,INTERVENTIONAL,RANDOMIZED,PARALLEL,YES,YES,NO_RECORDED_INDUSTRY_ROLE,NO,BEHAVIORAL,SINGLE_COUNTRY,1,YES,PROSPECTIVE_OR_SAME_DAY,TERMINATED,12,NO,NO,2021-02-21,2021,2019-2025,2021-03-23,2021-02-16,ADULT,YES,NO
NCT04772300,PI_TREATMENT,UNKNOWN,INTERVENTIONAL,RANDOMIZED,PARALLEL,YES,YES,INDUSTRY_COLLABORATOR,YES,COMBINATION_PRODUCT|DEVICE,MULTICOUNTRY,2,NO,PROSPECTIVE_OR_SAME_DAY,ACTIVE_NOT_RECRUITING,230,NO,NO,2021-02-26,2021,2019-2025,2022-02-10,2021-02-23,ADULT|OLDER_ADULT,YES,NO
NCT04775693,PI_TREATMENT,UNKNOWN,INTERVENTIONAL,RANDOMIZED,PARALLEL,YES,YES,NO_RECORDED_INDUSTRY_ROLE,YES,DEVICE|OTHER,SINGLE_COUNTRY,1,YES,RETROSPECTIVE,UNKNOWN,96,NO,NO,2021-03-01,2021,2019-2025,2017-05-12,2021-02-03,ADULT|OLDER_ADULT,YES,NO
NCT04776967,PI_TREATMENT,UNKNOWN,INTERVENTIONAL,RANDOMIZED,CROSSOVER,YES,YES,NO_RECORDED_INDUSTRY_ROLE,NO,PROCEDURE,SINGLE_COUNTRY,1,YES,RETROSPECTIVE,COMPLETED,300,NO,YES,2021-03-02,2021,2019-2025,2014-09-08,2021-02-10,CHILD|ADULT|OLDER_ADULT,YES,NO
NCT04782947,PI_PREVENTION,UNKNOWN,INTERVENTIONAL,RANDOMIZED,PARALLEL,YES,YES,NO_RECORDED_INDUSTRY_ROLE,YES,DEVICE|PROCEDURE,SINGLE_COUNTRY,1,YES,RETROSPECTIVE,RECRUITING,20,NO,NO,2021-03-04,2021,2019-2025,2021-02-03,2021-02-26,ADULT,YES,NO
NCT04793074,VLU_ACTIVE_TREATMENT,UNKNOWN,INTERVENTIONAL,RANDOMIZED,PARALLEL,YES,YES,NO_RECORDED_INDUSTRY_ROLE,NO,COMBINATION_PRODUCT,SINGLE_COUNTRY,1,NO,RETROSPECTIVE,COMPLETED,60,NO,YES,2021-03-11,2021,2019-2025,2019-07-01,2021-03-08,ADULT|OLDER_ADULT,YES,NO
NCT04804098,PI_TREATMENT,UNKNOWN,INTERVENTIONAL,RANDOMIZED,CROSSOVER,YES,YES,NO_RECORDED_INDUSTRY_ROLE,NO,PROCEDURE,SINGLE_COUNTRY,1,YES,PROSPECTIVE_OR_SAME_DAY,COMPLETED,1553,NO,YES,2021-03-18,2021,2019-2025,2021-10-01,2021-02-10,CHILD|ADULT|OLDER_ADULT,YES,NO
NCT04807764,PI_PREVENTION,UNKNOWN,INTERVENTIONAL,RANDOMIZED,PARALLEL,YES,YES,NO_RECORDED_INDUSTRY_ROLE,NO,COMBINATION_PRODUCT|OTHER,SINGLE_COUNTRY,1,YES,PROSPECTIVE_OR_SAME_DAY,COMPLETED,14,NO,YES,2021-03-19,2021,2019-2025,2021-08-01,2021-03-11,ADULT|OLDER_ADULT,YES,NO
NCT04815798,PI_TREATMENT,UNKNOWN,INTERVENTIONAL,RANDOMIZED,PARALLEL,YES,YES,INDUSTRY_LEAD,NO,COMBINATION_PRODUCT|PROCEDURE,UNKNOWN,0,UNKNOWN,PROSPECTIVE_OR_SAME_DAY,UNKNOWN,69,NO,NO,2021-03-25,2021,2019-2025,2022-01,2021-03-19,ADULT|OLDER_ADULT,YES,NO
NCT04816968,PI_TREATMENT,UNKNOWN,INTERVENTIONAL,NON_RANDOMIZED,PARALLEL,NO,YES,NO_RECORDED_INDUSTRY_ROLE,NO,DRUG,SINGLE_COUNTRY,1,NO,PROSPECTIVE_OR_SAME_DAY,UNKNOWN,50,NO,NO,2021-03-25,2021,2019-2025,2021-09,2021-03-22,ADULT|OLDER_ADULT,YES,NO
NCT04817228,MIXED_WOUND_EXPLICIT_TARGET,UNKNOWN,INTERVENTIONAL,NA,SINGLE_GROUP,NO,NO,INDUSTRY_LEAD,NO,DRUG,SINGLE_COUNTRY,1,YES,PROSPECTIVE_OR_SAME_DAY,COMPLETED,12,NO,YES,2021-03-26,2021,2019-2025,2021-04-21,2021-03-16,ADULT|OLDER_ADULT,YES,NO
NCT04819425,PI_PREVENTION,UNKNOWN,INTERVENTIONAL,RANDOMIZED,CROSSOVER,YES,YES,NO_RECORDED_INDUSTRY_ROLE,YES,DEVICE,SINGLE_COUNTRY,1,NO,PROSPECTIVE_OR_SAME_DAY,COMPLETED,768,NO,YES,2021-03-29,2021,2019-2025,2021-06-28,2021-03-19,ADULT|OLDER_ADULT,YES,NO
NCT04819529,PI_PREVENTION,ADULT_ONLY_OR_RELEVANT,INTERVENTIONAL,RANDOMIZED,PARALLEL,YES,YES,NO_RECORDED_INDUSTRY_ROLE,NO,BEHAVIORAL,SINGLE_COUNTRY,1,NO,RETROSPECTIVE,UNKNOWN,226,NO,NO,2021-03-29,2021,2019-2025,2021-01-20,2021-03-03,ADULT|OLDER_ADULT,YES,NO
NCT04823078,PI_TREATMENT,UNKNOWN,INTERVENTIONAL,RANDOMIZED,PARALLEL,YES,YES,NO_RECORDED_INDUSTRY_ROLE,NO,OTHER,SINGLE_COUNTRY,1,NO,RETROSPECTIVE,COMPLETED,16,NO,YES,2021-03-30,2021,2019-2025,2019-06-15,2021-03-26,ADULT,YES,NO
NCT04823962,VLU_ACTIVE_TREATMENT,ADULT_ONLY_OR_RELEVANT,INTERVENTIONAL,RANDOMIZED,PARALLEL,YES,YES,INDUSTRY_LEAD,NO,DRUG|OTHER,SINGLE_COUNTRY,1,NO,PROSPECTIVE_OR_SAME_DAY,UNKNOWN,6,NO,NO,2021-04-01,2021,2019-2025,2021-03-11,2021-03-06,ADULT|OLDER_ADULT,YES,NO
NCT04825132,PI_PREVENTION,UNKNOWN,INTERVENTIONAL,NON_RANDOMIZED,PARALLEL,NO,YES,NO_RECORDED_INDUSTRY_ROLE,NO,OTHER,MULTICOUNTRY,3,NO,PROSPECTIVE_OR_SAME_DAY,COMPLETED,521,NO,YES,2021-04-01,2021,2019-2025,2021-04-01,2021-02-09,OLDER_ADULT,YES,NO
NCT04828304,MIXED_WOUND_EXPLICIT_TARGET,UNKNOWN,INTERVENTIONAL,RANDOMIZED,PARALLEL,YES,YES,INDUSTRY_LEAD,YES,DEVICE,SINGLE_COUNTRY,1,NO,PROSPECTIVE_OR_SAME_DAY,COMPLETED,101,NO,YES,2021-04-02,2021,2019-2025,2021-05-26,2021-03-24,ADULT|OLDER_ADULT,YES,NO
NCT04831606,PI_TREATMENT,UNKNOWN,INTERVENTIONAL,RANDOMIZED,PARALLEL,YES,YES,INDUSTRY_LEAD,YES,DEVICE|PROCEDURE,SINGLE_COUNTRY,1,NO,PROSPECTIVE_OR_SAME_DAY,TERMINATED,21,NO,NO,2021-04-05,2021,2019-2025,2021-07-31,2021-04-02,ADULT|OLDER_ADULT,YES,NO
NCT04847115,PI_TREATMENT,UNKNOWN,INTERVENTIONAL,RANDOMIZED,PARALLEL,YES,YES,NO_RECORDED_INDUSTRY_ROLE,NO,OTHER|PROCEDURE,SINGLE_COUNTRY,1,NO,PROSPECTIVE_OR_SAME_DAY,RECRUITING,100,NO,NO,2021-04-19,2021,2019-2025,2021-04-10,2021-04-09,ADULT|OLDER_ADULT,YES,NO
NCT04854057,PI_TREATMENT,UNKNOWN,INTERVENTIONAL,RANDOMIZED,CROSSOVER,YES,YES,NO_RECORDED_INDUSTRY_ROLE,YES,DEVICE|OTHER,SINGLE_COUNTRY,1,YES,RETROSPECTIVE,TERMINATED,3,NO,NO,2021-04-22,2021,2019-2025,2021-03-03,2021-04-14,ADULT|OLDER_ADULT,YES,YES
NCT04855825,PI_TREATMENT,UNKNOWN,INTERVENTIONAL,RANDOMIZED,PARALLEL,YES,YES,INDUSTRY_COLLABORATOR,YES,DEVICE|OTHER,SINGLE_COUNTRY,1,YES,RETROSPECTIVE,RECRUITING,10,NO,NO,2021-04-22,2021,2019-2025,2017-10-05,2018-06-18,ADULT|OLDER_ADULT,YES,NO
NCT04860973,PI_TREATMENT,UNKNOWN,INTERVENTIONAL,RANDOMIZED,PARALLEL,YES,YES,NO_RECORDED_INDUSTRY_ROLE,YES,DEVICE,SINGLE_COUNTRY,1,NO,PROSPECTIVE_OR_SAME_DAY,TERMINATED,10,NO,NO,2021-04-27,2021,2019-2025,2021-02-11,2020-09-08,ADULT|OLDER_ADULT,YES,NO
NCT04881565,PI_PREVENTION,UNKNOWN,INTERVENTIONAL,RANDOMIZED,PARALLEL,YES,YES,NO_RECORDED_INDUSTRY_ROLE,NO,OTHER,SINGLE_COUNTRY,1,NO,PROSPECTIVE_OR_SAME_DAY,COMPLETED,21,NO,YES,2021-05-11,2021,2019-2025,2021-09-27,2021-05-05,ADULT|OLDER_ADULT,YES,NO
NCT04883463,PI_TREATMENT,UNKNOWN,INTERVENTIONAL,NA,SINGLE_GROUP,NO,NO,NO_RECORDED_INDUSTRY_ROLE,YES,DEVICE,SINGLE_COUNTRY,1,YES,PROSPECTIVE_OR_SAME_DAY,RECRUITING,12,NO,NO,2021-05-12,2021,2019-2025,2021-09-27,2020-11-24,ADULT|OLDER_ADULT,YES,NO
NCT04884737,PI_PREVENTION,UNKNOWN,INTERVENTIONAL,NON_RANDOMIZED,SEQUENTIAL,NO,YES,NO_RECORDED_INDUSTRY_ROLE,NO,OTHER,SINGLE_COUNTRY,1,YES,PROSPECTIVE_OR_SAME_DAY,COMPLETED,107,NO,YES,2021-05-13,2021,2019-2025,2021-07-02,2021-05-07,ADULT|OLDER_ADULT,YES,YES
NCT04890678,PI_TREATMENT,UNKNOWN,INTERVENTIONAL,NON_RANDOMIZED,SINGLE_GROUP,NO,NO,NO_RECORDED_INDUSTRY_ROLE,YES,DEVICE,SINGLE_COUNTRY,1,NO,RETROSPECTIVE,COMPLETED,40,NO,YES,2021-05-18,2021,2019-2025,2019-02-20,2021-05-05,OLDER_ADULT,YES,NO
NCT04901013,VLU_ACTIVE_TREATMENT,UNKNOWN,INTERVENTIONAL,RANDOMIZED,PARALLEL,YES,YES,INDUSTRY_LEAD,NO,OTHER,SINGLE_COUNTRY,1,YES,PROSPECTIVE_OR_SAME_DAY,UNKNOWN,200,NO,NO,2021-05-25,2021,2019-2025,2021-06-14,2021-05-20,ADULT|OLDER_ADULT,YES,NO
NCT04902612,VLU_ACTIVE_TREATMENT,UNKNOWN,INTERVENTIONAL,RANDOMIZED,PARALLEL,YES,YES,INDUSTRY_LEAD,YES,DEVICE,SINGLE_COUNTRY,1,NO,PROSPECTIVE_OR_SAME_DAY,UNKNOWN,142,NO,NO,2021-05-26,2021,2019-2025,2021-05-25,2021-05-21,ADULT|OLDER_ADULT,YES,NO
NCT04902651,VLU_ACTIVE_TREATMENT,UNKNOWN,INTERVENTIONAL,RANDOMIZED,PARALLEL,YES,YES,INDUSTRY_LEAD,YES,DEVICE,MULTICOUNTRY,2,NO,PROSPECTIVE_OR_SAME_DAY,TERMINATED,73,NO,NO,2021-05-26,2021,2019-2025,2021-05-21,2021-05-21,ADULT|OLDER_ADULT,YES,NO
NCT04904497,PI_PREVENTION,ADULT_ONLY_OR_RELEVANT,INTERVENTIONAL,RANDOMIZED,PARALLEL,YES,YES,NO_RECORDED_INDUSTRY_ROLE,NO,BEHAVIORAL,SINGLE_COUNTRY,1,NO,RETROSPECTIVE,UNKNOWN,60,NO,NO,2021-05-27,2021,2019-2025,2021-04-01,2021-04-30,ADULT|OLDER_ADULT,YES,NO
NCT04920253,MIXED_WOUND_EXPLICIT_TARGET,UNKNOWN,INTERVENTIONAL,RANDOMIZED,PARALLEL,YES,YES,INDUSTRY_LEAD,YES,DEVICE,SINGLE_COUNTRY,1,YES,PROSPECTIVE_OR_SAME_DAY,RECRUITING,180,NO,NO,2021-06-09,2021,2019-2025,2021-11-29,2021-06-03,ADULT|OLDER_ADULT,YES,NO
NCT04922463,VLU_ACTIVE_TREATMENT,UNKNOWN,INTERVENTIONAL,RANDOMIZED,PARALLEL,YES,YES,INDUSTRY_LEAD,YES,DEVICE,SINGLE_COUNTRY,1,NO,PROSPECTIVE_OR_SAME_DAY,TERMINATED,46,NO,NO,2021-06-10,2021,2019-2025,2021-06-01,2021-05-27,ADULT|OLDER_ADULT,YES,NO
NCT04927702,MIXED_WOUND_EXPLICIT_TARGET,UNKNOWN,INTERVENTIONAL,RANDOMIZED,PARALLEL,YES,YES,INDUSTRY_LEAD,YES,DEVICE,SINGLE_COUNTRY,1,YES,PROSPECTIVE_OR_SAME_DAY,TERMINATED,48,NO,NO,2021-06-16,2021,2019-2025,2021-07-19,2021-06-03,ADULT|OLDER_ADULT,YES,YES
NCT04934137,PI_PREVENTION,UNKNOWN,INTERVENTIONAL,NON_RANDOMIZED,CROSSOVER,NO,YES,NO_RECORDED_INDUSTRY_ROLE,NO,BEHAVIORAL,SINGLE_COUNTRY,1,YES,PROSPECTIVE_OR_SAME_DAY,COMPLETED,46,NO,YES,2021-06-22,2021,2019-2025,2022-03-17,2021-06-14,ADULT|OLDER_ADULT,YES,YES
NCT04936087,PI_PREVENTION,UNKNOWN,INTERVENTIONAL,NA,SINGLE_GROUP,NO,NO,INDUSTRY_COLLABORATOR,NO,OTHER,SINGLE_COUNTRY,1,NO,RETROSPECTIVE,COMPLETED,264,NO,YES,2021-06-23,2021,2019-2025,2019-01-08,2021-06-02,ADULT|OLDER_ADULT,YES,NO
NCT04942470,PI_TREATMENT,UNKNOWN,INTERVENTIONAL,RANDOMIZED,PARALLEL,YES,YES,NO_RECORDED_INDUSTRY_ROLE,NO,OTHER,SINGLE_COUNTRY,1,NO,RETROSPECTIVE,COMPLETED,66,NO,YES,2021-06-28,2021,2019-2025,2021-03-11,2021-04-21,ADULT|OLDER_ADULT,YES,NO
NCT04944186,PI_TREATMENT,UNKNOWN,INTERVENTIONAL,NON_RANDOMIZED,PARALLEL,NO,YES,NO_RECORDED_INDUSTRY_ROLE,NO,OTHER,SINGLE_COUNTRY,1,NO,PROSPECTIVE_OR_SAME_DAY,COMPLETED,116,NO,YES,2021-06-29,2021,2019-2025,2021-07-08,2021-06-16,ADULT|OLDER_ADULT,YES,NO
NCT04955106,PI_PREVENTION,UNKNOWN,INTERVENTIONAL,NA,SINGLE_GROUP,NO,NO,INDUSTRY_LEAD,NO,DIAGNOSTIC_TEST,SINGLE_COUNTRY,1,NO,RETROSPECTIVE,UNKNOWN,52,NO,NO,2021-07-08,2021,2019-2025,2021-06-22,2021-06-24,ADULT|OLDER_ADULT,YES,NO
NCT04956900,VLU_ACTIVE_TREATMENT,ADULT_ONLY_OR_RELEVANT,INTERVENTIONAL,NON_RANDOMIZED,SEQUENTIAL,NO,YES,INDUSTRY_LEAD,NO,DRUG,MULTICOUNTRY,3,YES,PROSPECTIVE_OR_SAME_DAY,COMPLETED,43,NO,YES,2021-07-09,2021,2019-2025,2021-08-09,2021-06-25,ADULT|OLDER_ADULT,YES,NO
NCT04956952,VLU_ACTIVE_TREATMENT,UNKNOWN,INTERVENTIONAL,NA,SINGLE_GROUP,NO,NO,NO_RECORDED_INDUSTRY_ROLE,YES,DEVICE,SINGLE_COUNTRY,1,YES,PROSPECTIVE_OR_SAME_DAY,COMPLETED,23,NO,YES,2021-07-09,2021,2019-2025,2022-03-31,2021-06-01,ADULT|OLDER_ADULT,YES,NO
NCT04960553,MIXED_WOUND_EXPLICIT_TARGET,UNKNOWN,INTERVENTIONAL,NA,SINGLE_GROUP,NO,NO,INDUSTRY_LEAD,YES,DEVICE,MULTICOUNTRY,3,NO,PROSPECTIVE_OR_SAME_DAY,TERMINATED,34,NO,NO,2021-07-14,2021,2019-2025,2021-12-07,2021-06-21,ADULT|OLDER_ADULT,YES,NO
NCT04971161,VLU_ACTIVE_TREATMENT,UNKNOWN,INTERVENTIONAL,RANDOMIZED,PARALLEL,YES,YES,INDUSTRY_LEAD,NO,BIOLOGICAL|DRUG,SINGLE_COUNTRY,1,NO,PROSPECTIVE_OR_SAME_DAY,COMPLETED,159,NO,YES,2021-07-21,2021,2019-2025,2021-08-18,2021-06-07,ADULT|OLDER_ADULT,YES,NO
NCT04973852,PI_TREATMENT,UNKNOWN,INTERVENTIONAL,NA,SINGLE_GROUP,NO,NO,NO_RECORDED_INDUSTRY_ROLE,YES,DEVICE,SINGLE_COUNTRY,1,YES,PROSPECTIVE_OR_SAME_DAY,COMPLETED,11,NO,YES,2021-07-22,2021,2019-2025,2021-10-06,2021-07-13,ADULT|OLDER_ADULT,YES,YES
NCT04977284,PI_TREATMENT,UNKNOWN,INTERVENTIONAL,NA,SINGLE_GROUP,NO,NO,NO_RECORDED_INDUSTRY_ROLE,YES,DEVICE,UNKNOWN,0,UNKNOWN,PROSPECTIVE_OR_SAME_DAY,UNKNOWN,5,NO,NO,2021-07-26,2021,2019-2025,2021-09-01,2021-07-15,ADULT|OLDER_ADULT,YES,NO
NCT04980898,VLU_ACTIVE_TREATMENT,UNKNOWN,INTERVENTIONAL,RANDOMIZED,PARALLEL,YES,YES,INDUSTRY_LEAD,YES,DEVICE|OTHER,SINGLE_COUNTRY,1,NO,RETROSPECTIVE,TERMINATED,22,NO,NO,2021-07-28,2021,2019-2025,2021-03-16,2021-07-21,ADULT|OLDER_ADULT,YES,NO
NCT04994886,PI_PREVENTION,UNKNOWN,INTERVENTIONAL,NA,SINGLE_GROUP,NO,NO,NO_RECORDED_INDUSTRY_ROLE,NO,PROCEDURE,SINGLE_COUNTRY,1,NO,PROSPECTIVE_OR_SAME_DAY,TERMINATED,4,NO,NO,2021-08-06,2021,2019-2025,2021-06-08,2021-06-03,ADULT|OLDER_ADULT,YES,NO
NCT04996537,PI_PREVENTION,UNKNOWN,INTERVENTIONAL,NON_RANDOMIZED,PARALLEL,NO,YES,NO_RECORDED_INDUSTRY_ROLE,NO,OTHER,UNKNOWN,0,UNKNOWN,PROSPECTIVE_OR_SAME_DAY,UNKNOWN,500,NO,NO,2021-08-09,2021,2019-2025,2022-03-16,2021-07-22,CHILD|ADULT|OLDER_ADULT,YES,NO
NCT05005052,MIXED_WOUND_EXPLICIT_TARGET,UNKNOWN,INTERVENTIONAL,RANDOMIZED,PARALLEL,YES,YES,INDUSTRY_COLLABORATOR,NO,DRUG,SINGLE_COUNTRY,1,NO,PROSPECTIVE_OR_SAME_DAY,UNKNOWN,290,NO,NO,2021-08-13,2021,2019-2025,2021-11-25,2021-08-06,ADULT|OLDER_ADULT,YES,NO
NCT05011110,VLU_ACTIVE_TREATMENT,ADULT_ONLY_OR_RELEVANT,INTERVENTIONAL,RANDOMIZED,PARALLEL,YES,YES,NO_RECORDED_INDUSTRY_ROLE,YES,DEVICE,SINGLE_COUNTRY,1,NO,RETROSPECTIVE,UNKNOWN,40,NO,NO,2021-08-18,2021,2019-2025,2021-08,2021-08-11,ADULT|OLDER_ADULT,YES,NO
NCT05011591,PI_TREATMENT,UNKNOWN,INTERVENTIONAL,NA,SINGLE_GROUP,NO,NO,NO_RECORDED_INDUSTRY_ROLE,NO,OTHER,SINGLE_COUNTRY,1,NO,PROSPECTIVE_OR_SAME_DAY,UNKNOWN,58,NO,NO,2021-08-18,2021,2019-2025,2021-09-01,2021-07-22,CHILD|ADULT,YES,NO
NCT05030935,PI_PREVENTION,UNKNOWN,INTERVENTIONAL,NON_RANDOMIZED,PARALLEL,NO,YES,NO_RECORDED_INDUSTRY_ROLE,YES,DEVICE,SINGLE_COUNTRY,1,NO,PROSPECTIVE_OR_SAME_DAY,COMPLETED,45,NO,YES,2021-09-01,2021,2019-2025,2022-01-01,2021-08-22,ADULT|OLDER_ADULT,YES,NO
NCT05033470,PI_TREATMENT,UNKNOWN,INTERVENTIONAL,NA,SINGLE_GROUP,NO,NO,INDUSTRY_COLLABORATOR,YES,DEVICE,SINGLE_COUNTRY,1,YES,PROSPECTIVE_OR_SAME_DAY,UNKNOWN,30,NO,NO,2021-09-02,2021,2019-2025,2021-10-04,2021-08-13,ADULT|OLDER_ADULT,YES,NO
NCT05041322,PI_TREATMENT,UNKNOWN,INTERVENTIONAL,RANDOMIZED,CROSSOVER,YES,YES,NO_RECORDED_INDUSTRY_ROLE,NO,DRUG,SINGLE_COUNTRY,1,YES,RETROSPECTIVE,COMPLETED,13,NO,YES,2021-09-13,2021,2019-2025,2020-11-29,2021-08-06,ADULT,YES,YES
NCT05044923,PI_PREVENTION,UNKNOWN,INTERVENTIONAL,NA,SINGLE_GROUP,NO,NO,NO_RECORDED_INDUSTRY_ROLE,YES,DEVICE,SINGLE_COUNTRY,1,NO,PROSPECTIVE_OR_SAME_DAY,UNKNOWN,8,NO,NO,2021-09-16,2021,2019-2025,2021-12,2021-08-27,ADULT|OLDER_ADULT,YES,NO
NCT05045430,MIXED_WOUND_EXPLICIT_TARGET,UNKNOWN,INTERVENTIONAL,NA,SINGLE_GROUP,NO,NO,INDUSTRY_LEAD,YES,DEVICE,MULTICOUNTRY,2,NO,PROSPECTIVE_OR_SAME_DAY,COMPLETED,240,NO,YES,2021-09-16,2021,2019-2025,2022-07-13,2021-09-07,ADULT|OLDER_ADULT,YES,NO
NCT05057793,VLU_ACTIVE_TREATMENT,UNKNOWN,INTERVENTIONAL,RANDOMIZED,PARALLEL,YES,YES,INDUSTRY_LEAD,YES,DEVICE,SINGLE_COUNTRY,1,NO,PROSPECTIVE_OR_SAME_DAY,TERMINATED,2,NO,NO,2021-09-27,2021,2019-2025,2022-08-22,2021-09-16,ADULT|OLDER_ADULT,YES,NO
NCT05068258,VLU_ACTIVE_TREATMENT,UNKNOWN,INTERVENTIONAL,NA,SINGLE_GROUP,NO,NO,NO_RECORDED_INDUSTRY_ROLE,NO,PROCEDURE,SINGLE_COUNTRY,1,NO,PROSPECTIVE_OR_SAME_DAY,COMPLETED,31,NO,YES,2021-10-05,2021,2019-2025,2021-11-02,2021-09-06,ADULT|OLDER_ADULT,YES,NO
NCT05071235,MIXED_WOUND_EXPLICIT_TARGET,UNKNOWN,INTERVENTIONAL,RANDOMIZED,PARALLEL,YES,YES,NO_RECORDED_INDUSTRY_ROLE,YES,DEVICE|PROCEDURE,SINGLE_COUNTRY,1,NO,RETROSPECTIVE,COMPLETED,80,NO,YES,2021-10-08,2021,2019-2025,2019-08-27,2021-09-13,ADULT|OLDER_ADULT,YES,NO
NCT05076578,MIXED_WOUND_EXPLICIT_TARGET,UNKNOWN,INTERVENTIONAL,NA,SINGLE_GROUP,NO,NO,INDUSTRY_COLLABORATOR,YES,DEVICE,SINGLE_COUNTRY,1,YES,PROSPECTIVE_OR_SAME_DAY,COMPLETED,20,NO,YES,2021-10-13,2021,2019-2025,2021-09-13,2021-08-27,ADULT|OLDER_ADULT,YES,NO
NCT05085288,PI_TREATMENT,UNKNOWN,INTERVENTIONAL,RANDOMIZED,PARALLEL,YES,YES,NO_RECORDED_INDUSTRY_ROLE,YES,DEVICE|OTHER,MULTICOUNTRY,2,YES,PROSPECTIVE_OR_SAME_DAY,SUSPENDED,1100,NO,NO,2021-10-20,2021,2019-2025,2022-02-08,2021-10-07,ADULT|OLDER_ADULT,YES,NO
NCT05089890,MIXED_WOUND_EXPLICIT_TARGET,UNKNOWN,INTERVENTIONAL,NON_RANDOMIZED,PARALLEL,NO,YES,INDUSTRY_LEAD,YES,DEVICE,UNKNOWN,0,UNKNOWN,PROSPECTIVE_OR_SAME_DAY,UNKNOWN,30,NO,NO,2021-10-22,2021,2019-2025,2021-10,2021-09-30,ADULT|OLDER_ADULT,YES,NO
NCT05107050,VLU_ACTIVE_TREATMENT,UNKNOWN,INTERVENTIONAL,RANDOMIZED,PARALLEL,YES,YES,NO_RECORDED_INDUSTRY_ROLE,YES,DEVICE,SINGLE_COUNTRY,1,YES,PROSPECTIVE_OR_SAME_DAY,UNKNOWN,60,NO,NO,2021-11-04,2021,2019-2025,2021-12-01,2021-10-27,ADULT|OLDER_ADULT,YES,NO
NCT05111093,PI_TREATMENT,UNKNOWN,INTERVENTIONAL,NA,SINGLE_GROUP,NO,NO,NO_RECORDED_INDUSTRY_ROLE,YES,DEVICE,SINGLE_COUNTRY,1,NO,PROSPECTIVE_OR_SAME_DAY,RECRUITING,20,NO,NO,2021-11-08,2021,2019-2025,2021-11-29,2021-11-01,ADULT|OLDER_ADULT,YES,NO
NCT05122325,PI_TREATMENT,UNKNOWN,INTERVENTIONAL,RANDOMIZED,PARALLEL,YES,YES,NO_RECORDED_INDUSTRY_ROLE,YES,DEVICE,SINGLE_COUNTRY,1,NO,PROSPECTIVE_OR_SAME_DAY,ENROLLING_BY_INVITATION,54,NO,NO,2021-11-16,2021,2019-2025,2026-06,2021-11-02,ADULT,YES,NO
NCT05123417,PI_PREVENTION,UNKNOWN,INTERVENTIONAL,RANDOMIZED,PARALLEL,YES,YES,NO_RECORDED_INDUSTRY_ROLE,NO,DIAGNOSTIC_TEST,SINGLE_COUNTRY,1,NO,PROSPECTIVE_OR_SAME_DAY,COMPLETED,100,NO,YES,2021-11-17,2021,2019-2025,2022-05-01,2021-10-15,ADULT|OLDER_ADULT,YES,NO
NCT05130658,PI_TREATMENT,UNKNOWN,INTERVENTIONAL,RANDOMIZED,PARALLEL,YES,YES,NO_RECORDED_INDUSTRY_ROLE,YES,DEVICE|OTHER,SINGLE_COUNTRY,1,YES,RETROSPECTIVE,UNKNOWN,30,NO,NO,2021-11-23,2021,2019-2025,2020-09-30,2021-09-16,CHILD|ADULT,YES,NO
NCT05130814,PI_TREATMENT,UNKNOWN,INTERVENTIONAL,RANDOMIZED,PARALLEL,YES,YES,INDUSTRY_LEAD,YES,COMBINATION_PRODUCT|DEVICE|DRUG|PROCEDURE,SINGLE_COUNTRY,1,NO,PROSPECTIVE_OR_SAME_DAY,COMPLETED,48,NO,YES,2021-11-23,2021,2019-2025,2021-12-01,2021-11-11,ADULT|OLDER_ADULT,YES,YES
NCT05132634,PI_PREVENTION,UNKNOWN,INTERVENTIONAL,NA,SINGLE_GROUP,NO,NO,NO_RECORDED_INDUSTRY_ROLE,NO,OTHER,SINGLE_COUNTRY,1,NO,RETROSPECTIVE,COMPLETED,60,NO,YES,2021-11-24,2021,2019-2025,2021-03-01,2021-10-27,ADULT|OLDER_ADULT,YES,NO
NCT05142579,PI_TREATMENT,UNKNOWN,INTERVENTIONAL,RANDOMIZED,PARALLEL,YES,YES,NO_RECORDED_INDUSTRY_ROLE,NO,OTHER,SINGLE_COUNTRY,1,NO,RETROSPECTIVE,COMPLETED,60,NO,YES,2021-12-02,2021,2019-2025,2020-07-01,2021-03-30,ADULT|OLDER_ADULT,YES,NO
NCT05142878,PI_PREVENTION,UNKNOWN,INTERVENTIONAL,NA,SINGLE_GROUP,NO,NO,NO_RECORDED_INDUSTRY_ROLE,YES,DEVICE,SINGLE_COUNTRY,1,NO,RETROSPECTIVE,COMPLETED,29,NO,YES,2021-12-03,2021,2019-2025,2020-07-15,2021-11-19,OLDER_ADULT,YES,NO
NCT05144646,PI_TREATMENT,UNKNOWN,INTERVENTIONAL,RANDOMIZED,PARALLEL,YES,YES,NO_RECORDED_INDUSTRY_ROLE,NO,OTHER,UNKNOWN,0,UNKNOWN,PROSPECTIVE_OR_SAME_DAY,UNKNOWN,46,NO,NO,2021-12-03,2021,2019-2025,2022-01-04,2021-11-07,ADULT|OLDER_ADULT,YES,NO
NCT05149989,PI_PREVENTION,UNKNOWN,INTERVENTIONAL,NA,SINGLE_GROUP,NO,NO,NO_RECORDED_INDUSTRY_ROLE,YES,DEVICE,SINGLE_COUNTRY,1,NO,PROSPECTIVE_OR_SAME_DAY,COMPLETED,50,NO,YES,2021-12-08,2021,2019-2025,2022-02-21,2021-11-23,ADULT|OLDER_ADULT,YES,YES
NCT05158764,VLU_ACTIVE_TREATMENT,UNKNOWN,INTERVENTIONAL,RANDOMIZED,PARALLEL,YES,YES,INDUSTRY_LEAD,YES,DEVICE,SINGLE_COUNTRY,1,NO,PROSPECTIVE_OR_SAME_DAY,COMPLETED,178,NO,YES,2021-12-15,2021,2019-2025,2021-12-03,2021-10-29,CHILD|ADULT|OLDER_ADULT,YES,NO
NCT05165459,VLU_ACTIVE_TREATMENT,UNKNOWN,INTERVENTIONAL,NA,SINGLE_GROUP,NO,NO,NO_RECORDED_INDUSTRY_ROLE,YES,DEVICE,SINGLE_COUNTRY,1,NO,RETROSPECTIVE,UNKNOWN,10,NO,NO,2021-12-21,2021,2019-2025,2021-11-29,2021-12-07,ADULT|OLDER_ADULT,YES,NO
NCT05169814,MIXED_WOUND_EXPLICIT_TARGET,UNKNOWN,INTERVENTIONAL,RANDOMIZED,PARALLEL,YES,YES,NO_RECORDED_INDUSTRY_ROLE,NO,DRUG|OTHER,SINGLE_COUNTRY,1,YES,RETROSPECTIVE,RECRUITING,40,NO,NO,2021-12-27,2021,2019-2025,2021-10-09,2021-11-04,ADULT|OLDER_ADULT,YES,NO
NCT05170984,MIXED_WOUND_EXPLICIT_TARGET,ADULT_ONLY_OR_RELEVANT,INTERVENTIONAL,NA,SINGLE_GROUP,NO,NO,INDUSTRY_LEAD,YES,DEVICE,SINGLE_COUNTRY,1,NO,PROSPECTIVE_OR_SAME_DAY,COMPLETED,191,NO,YES,2021-12-28,2021,2019-2025,2022-02-10,2021-11-23,ADULT|OLDER_ADULT,YES,NO
NCT05176327,PI_TREATMENT,UNKNOWN,INTERVENTIONAL,RANDOMIZED,PARALLEL,YES,YES,NO_RECORDED_INDUSTRY_ROLE,YES,DEVICE,SINGLE_COUNTRY,1,NO,PROSPECTIVE_OR_SAME_DAY,COMPLETED,10,NO,YES,2022-01-04,2022,2019-2025,2022-01-01,2021-12-14,ADULT|OLDER_ADULT,YES,NO
NCT05194969,PI_TREATMENT,UNKNOWN,INTERVENTIONAL,RANDOMIZED,PARALLEL,YES,YES,NO_RECORDED_INDUSTRY_ROLE,YES,DEVICE,SINGLE_COUNTRY,1,YES,PROSPECTIVE_OR_SAME_DAY,COMPLETED,74,NO,YES,2022-01-18,2022,2019-2025,2022-04-25,2022-01-05,CHILD|ADULT|OLDER_ADULT,YES,YES
NCT05198167,PI_TREATMENT,UNKNOWN,INTERVENTIONAL,RANDOMIZED,PARALLEL,YES,YES,NO_RECORDED_INDUSTRY_ROLE,NO,OTHER,SINGLE_COUNTRY,1,NO,RETROSPECTIVE,RECRUITING,262,NO,NO,2022-01-20,2022,2019-2025,2021-06-12,2021-12-15,ADULT|OLDER_ADULT,YES,NO
NCT05199077,PI_TREATMENT,UNKNOWN,INTERVENTIONAL,RANDOMIZED,PARALLEL,YES,YES,INDUSTRY_LEAD,NO,DRUG,SINGLE_COUNTRY,1,NO,PROSPECTIVE_OR_SAME_DAY,NOT_YET_RECRUITING,58,NO,NO,2022-01-20,2022,2019-2025,2026-09-01,2021-12-27,ADULT|OLDER_ADULT,YES,NO
NCT05207891,PI_PREVENTION,UNKNOWN,INTERVENTIONAL,RANDOMIZED,CROSSOVER,YES,YES,NO_RECORDED_INDUSTRY_ROLE,YES,DEVICE,SINGLE_COUNTRY,1,NO,RETROSPECTIVE,COMPLETED,10,NO,YES,2022-01-26,2022,2019-2025,2021-09-14,2021-09-27,ADULT|OLDER_ADULT,YES,NO
NCT05223270,PI_TREATMENT,UNKNOWN,INTERVENTIONAL,NON_RANDOMIZED,PARALLEL,NO,YES,NO_RECORDED_INDUSTRY_ROLE,NO,OTHER,SINGLE_COUNTRY,1,NO,RETROSPECTIVE,COMPLETED,102,NO,YES,2022-02-03,2022,2019-2025,2019-10-01,2021-08-16,ADULT|OLDER_ADULT,YES,NO
NCT05239416,VLU_RECURRENCE_PREVENTION,ADULT_ONLY_OR_RELEVANT,INTERVENTIONAL,RANDOMIZED,PARALLEL,YES,YES,NO_RECORDED_INDUSTRY_ROLE,NO,PROCEDURE,SINGLE_COUNTRY,1,NO,PROSPECTIVE_OR_SAME_DAY,UNKNOWN,20,NO,NO,2022-02-14,2022,2019-2025,2022-02,2022-01-24,ADULT|OLDER_ADULT,YES,NO
NCT05241704,VLU_RECURRENCE_PREVENTION,ADULT_ONLY_OR_RELEVANT,INTERVENTIONAL,RANDOMIZED,PARALLEL,YES,YES,NO_RECORDED_INDUSTRY_ROLE,NO,PROCEDURE,SINGLE_COUNTRY,1,NO,PROSPECTIVE_OR_SAME_DAY,UNKNOWN,20,NO,NO,2022-02-16,2022,2019-2025,2022-02,2022-01-24,ADULT|OLDER_ADULT,YES,NO
NCT05247541,PI_TREATMENT,UNKNOWN,INTERVENTIONAL,NON_RANDOMIZED,PARALLEL,NO,YES,INDUSTRY_COLLABORATOR,NO,DRUG,SINGLE_COUNTRY,1,YES,RETROSPECTIVE,COMPLETED,15,NO,YES,2022-02-21,2022,2019-2025,2020-07-01,2022-01-27,ADULT|OLDER_ADULT,YES,NO
NCT05255627,PI_TREATMENT,UNKNOWN,INTERVENTIONAL,RANDOMIZED,PARALLEL,YES,YES,NO_RECORDED_INDUSTRY_ROLE,NO,OTHER,SINGLE_COUNTRY,1,NO,RETROSPECTIVE,COMPLETED,58,NO,YES,2022-02-24,2022,2019-2025,2021-03-15,2022-02-15,ADULT,YES,NO
NCT05255679,PI_PREVENTION,UNKNOWN,INTERVENTIONAL,NON_RANDOMIZED,PARALLEL,NO,YES,NO_RECORDED_INDUSTRY_ROLE,YES,DEVICE,SINGLE_COUNTRY,1,NO,PROSPECTIVE_OR_SAME_DAY,COMPLETED,35,NO,YES,2022-02-24,2022,2019-2025,2021-04-21,2021-01-20,ADULT|OLDER_ADULT,YES,NO
NCT05267951,PI_PREVENTION,UNKNOWN,INTERVENTIONAL,RANDOMIZED,CROSSOVER,YES,YES,NO_RECORDED_INDUSTRY_ROLE,YES,DEVICE|OTHER,SINGLE_COUNTRY,1,YES,PROSPECTIVE_OR_SAME_DAY,RECRUITING,9,NO,NO,2022-03-07,2022,2019-2025,2022-10-12,2021-10-15,ADULT|OLDER_ADULT,YES,NO
NCT05284708,PI_TREATMENT,UNKNOWN,INTERVENTIONAL,NA,SINGLE_GROUP,NO,NO,INDUSTRY_LEAD,YES,DEVICE,SINGLE_COUNTRY,1,YES,PROSPECTIVE_OR_SAME_DAY,COMPLETED,20,NO,YES,2022-03-17,2022,2019-2025,2021-11-29,2021-11-23,ADULT|OLDER_ADULT,YES,NO
NCT05285930,MIXED_WOUND_EXPLICIT_TARGET,UNKNOWN,INTERVENTIONAL,RANDOMIZED,PARALLEL,YES,YES,NO_RECORDED_INDUSTRY_ROLE,YES,COMBINATION_PRODUCT|DEVICE,SINGLE_COUNTRY,1,NO,RETROSPECTIVE,COMPLETED,45,NO,YES,2022-03-18,2022,2019-2025,2021-08-01,2022-02-28,ADULT,YES,NO
NCT05291169,VLU_ACTIVE_TREATMENT,UNKNOWN,INTERVENTIONAL,RANDOMIZED,PARALLEL,YES,YES,INDUSTRY_LEAD,YES,DEVICE,SINGLE_COUNTRY,1,YES,PROSPECTIVE_OR_SAME_DAY,COMPLETED,54,NO,YES,2022-03-22,2022,2019-2025,2022-04-11,2022-03-02,ADULT|OLDER_ADULT,YES,NO
NCT05292326,PI_TREATMENT,UNKNOWN,INTERVENTIONAL,RANDOMIZED,PARALLEL,YES,YES,INDUSTRY_LEAD,YES,DEVICE,SINGLE_COUNTRY,1,NO,RETROSPECTIVE,TERMINATED,122,NO,NO,2022-03-23,2022,2019-2025,2021-05-25,2021-09-30,ADULT|OLDER_ADULT,YES,NO
NCT05303805,VLU_ACTIVE_TREATMENT,UNKNOWN,INTERVENTIONAL,RANDOMIZED,PARALLEL,YES,YES,NO_RECORDED_INDUSTRY_ROLE,NO,COMBINATION_PRODUCT|DRUG,SINGLE_COUNTRY,1,NO,PROSPECTIVE_OR_SAME_DAY,RECRUITING,50,NO,NO,2022-03-31,2022,2019-2025,2022-05-02,2022-02-27,ADULT|OLDER_ADULT,YES,NO
NCT05308862,PI_PREVENTION,UNKNOWN,INTERVENTIONAL,RANDOMIZED,PARALLEL,YES,YES,NO_RECORDED_INDUSTRY_ROLE,NO,BEHAVIORAL,SINGLE_COUNTRY,1,NO,RETROSPECTIVE,RECRUITING,330,NO,NO,2022-04-04,2022,2019-2025,2022-01-19,2022-02-23,CHILD|ADULT|OLDER_ADULT,YES,NO
NCT05311124,MIXED_WOUND_EXPLICIT_TARGET,UNKNOWN,INTERVENTIONAL,NA,SINGLE_GROUP,NO,NO,INDUSTRY_COLLABORATOR,YES,DEVICE,SINGLE_COUNTRY,1,YES,PROSPECTIVE_OR_SAME_DAY,UNKNOWN,10,NO,NO,2022-04-05,2022,2019-2025,2022-08-01,2022-03-11,ADULT|OLDER_ADULT,YES,NO
NCT05312762,MIXED_WOUND_EXPLICIT_TARGET,UNKNOWN,INTERVENTIONAL,RANDOMIZED,PARALLEL,YES,YES,NO_RECORDED_INDUSTRY_ROLE,YES,DEVICE,SINGLE_COUNTRY,1,NO,PROSPECTIVE_OR_SAME_DAY,UNKNOWN,118,NO,NO,2022-04-05,2022,2019-2025,2022-04-27,2022-03-18,ADULT|OLDER_ADULT,YES,NO
NCT05317442,PI_TREATMENT,UNKNOWN,INTERVENTIONAL,NA,SINGLE_GROUP,NO,NO,INDUSTRY_COLLABORATOR,NO,DRUG,SINGLE_COUNTRY,1,NO,PROSPECTIVE_OR_SAME_DAY,TERMINATED,10,NO,NO,2022-04-07,2022,2019-2025,2022-04-06,2022-03-30,ADULT|OLDER_ADULT,YES,NO
NCT05319106,VLU_ACTIVE_TREATMENT,ADULT_ONLY_OR_RELEVANT,INTERVENTIONAL,RANDOMIZED,PARALLEL,YES,YES,NO_RECORDED_INDUSTRY_ROLE,NO,OTHER|PROCEDURE,SINGLE_COUNTRY,1,NO,PROSPECTIVE_OR_SAME_DAY,RECRUITING,76,NO,NO,2022-04-08,2022,2019-2025,2022-12-15,2022-03-18,ADULT|OLDER_ADULT,YES,NO
NCT05322525,VLU_ACTIVE_TREATMENT,UNKNOWN,INTERVENTIONAL,NA,SINGLE_GROUP,NO,NO,INDUSTRY_LEAD,NO,DRUG,SINGLE_COUNTRY,1,NO,PROSPECTIVE_OR_SAME_DAY,TERMINATED,9,NO,NO,2022-04-12,2022,2019-2025,2021-06-23,2021-03-22,ADULT|OLDER_ADULT,YES,NO
NCT05332080,PI_TREATMENT,UNKNOWN,INTERVENTIONAL,RANDOMIZED,PARALLEL,YES,YES,NO_RECORDED_INDUSTRY_ROLE,NO,PROCEDURE,SINGLE_COUNTRY,1,NO,RETROSPECTIVE,COMPLETED,88,NO,YES,2022-04-18,2022,2019-2025,2020-11-01,2022-04-05,CHILD|ADULT|OLDER_ADULT,YES,NO
NCT05334030,PI_TREATMENT,UNKNOWN,INTERVENTIONAL,RANDOMIZED,CROSSOVER,YES,YES,NO_RECORDED_INDUSTRY_ROLE,YES,DEVICE,UNKNOWN,0,UNKNOWN,PROSPECTIVE_OR_SAME_DAY,UNKNOWN,24,NO,NO,2022-04-19,2022,2019-2025,2022-04-25,2022-03-30,ADULT|OLDER_ADULT,YES,NO
NCT05339802,PI_TREATMENT,UNKNOWN,INTERVENTIONAL,RANDOMIZED,PARALLEL,YES,YES,INDUSTRY_LEAD,NO,COMBINATION_PRODUCT,SINGLE_COUNTRY,1,NO,PROSPECTIVE_OR_SAME_DAY,UNKNOWN,90,NO,NO,2022-04-21,2022,2019-2025,2022-02-16,2021-11-16,ADULT|OLDER_ADULT,YES,NO
NCT05351827,PI_TREATMENT,UNKNOWN,INTERVENTIONAL,RANDOMIZED,PARALLEL,YES,YES,NO_RECORDED_INDUSTRY_ROLE,NO,OTHER,SINGLE_COUNTRY,1,YES,PROSPECTIVE_OR_SAME_DAY,RECRUITING,24,NO,NO,2022-04-28,2022,2019-2025,2022-10-01,2022-04-18,ADULT,YES,NO
NCT05354206,PI_TREATMENT,UNKNOWN,INTERVENTIONAL,NON_RANDOMIZED,PARALLEL,NO,YES,NO_RECORDED_INDUSTRY_ROLE,NO,OTHER,SINGLE_COUNTRY,1,YES,PROSPECTIVE_OR_SAME_DAY,TERMINATED,20,NO,NO,2022-04-29,2022,2019-2025,2022-06-23,2022-04-25,CHILD|ADULT|OLDER_ADULT,YES,YES
NCT05354687,PI_TREATMENT,UNKNOWN,INTERVENTIONAL,RANDOMIZED,PARALLEL,YES,YES,NO_RECORDED_INDUSTRY_ROLE,NO,OTHER,SINGLE_COUNTRY,1,NO,PROSPECTIVE_OR_SAME_DAY,COMPLETED,93,NO,YES,2022-04-29,2022,2019-2025,2022-05-09,2022-04-26,ADULT|OLDER_ADULT,YES,NO
NCT05357391,PI_TREATMENT,UNKNOWN,INTERVENTIONAL,RANDOMIZED,PARALLEL,YES,YES,NO_RECORDED_INDUSTRY_ROLE,YES,DEVICE,SINGLE_COUNTRY,1,NO,PROSPECTIVE_OR_SAME_DAY,UNKNOWN,160,NO,NO,2022-05-02,2022,2019-2025,2022-03-01,2022-01-05,ADULT|OLDER_ADULT,YES,NO
NCT05362422,PI_TREATMENT,UNKNOWN,INTERVENTIONAL,RANDOMIZED,CROSSOVER,YES,YES,NO_RECORDED_INDUSTRY_ROLE,YES,DEVICE,SINGLE_COUNTRY,1,NO,PROSPECTIVE_OR_SAME_DAY,COMPLETED,5,NO,YES,2022-05-05,2022,2019-2025,2022-04-22,2022-04-22,ADULT|OLDER_ADULT,YES,NO
NCT05363475,MIXED_WOUND_EXPLICIT_TARGET,UNKNOWN,INTERVENTIONAL,NA,SINGLE_GROUP,NO,NO,NO_RECORDED_INDUSTRY_ROLE,YES,DEVICE,UNKNOWN,0,UNKNOWN,PROSPECTIVE_OR_SAME_DAY,UNKNOWN,100,NO,NO,2022-05-06,2022,2019-2025,2022-06-01,2022-05-02,ADULT|OLDER_ADULT,YES,NO
NCT05364112,VLU_ACTIVE_TREATMENT,UNKNOWN,INTERVENTIONAL,NA,SINGLE_GROUP,NO,NO,NO_RECORDED_INDUSTRY_ROLE,YES,DEVICE,SINGLE_COUNTRY,1,NO,RETROSPECTIVE,UNKNOWN,100,NO,NO,2022-05-06,2022,2019-2025,2021-09-01,2022-05-01,ADULT|OLDER_ADULT,YES,NO
NCT05369520,PI_TREATMENT,UNKNOWN,INTERVENTIONAL,RANDOMIZED,PARALLEL,YES,YES,NO_RECORDED_INDUSTRY_ROLE,YES,DEVICE,SINGLE_COUNTRY,1,NO,PROSPECTIVE_OR_SAME_DAY,RECRUITING,30,NO,NO,2022-05-11,2022,2019-2025,2023-10-03,2022-03-21,ADULT,YES,NO
NCT05378997,VLU_ACTIVE_TREATMENT,UNKNOWN,INTERVENTIONAL,RANDOMIZED,SEQUENTIAL,YES,YES,INDUSTRY_LEAD,NO,DRUG,SINGLE_COUNTRY,1,NO,RETROSPECTIVE,COMPLETED,35,NO,YES,2022-05-18,2022,2019-2025,2022-04-07,2022-04-25,CHILD|ADULT|OLDER_ADULT,YES,NO
NCT05403606,PI_TREATMENT,UNKNOWN,INTERVENTIONAL,RANDOMIZED,PARALLEL,YES,YES,NO_RECORDED_INDUSTRY_ROLE,YES,DEVICE,SINGLE_COUNTRY,1,NO,PROSPECTIVE_OR_SAME_DAY,TERMINATED,134,NO,NO,2022-06-03,2022,2019-2025,2023-01-01,2022-05-19,ADULT|OLDER_ADULT,YES,NO
NCT05403762,PI_TREATMENT,UNKNOWN,INTERVENTIONAL,RANDOMIZED,PARALLEL,YES,YES,NO_RECORDED_INDUSTRY_ROLE,NO,OTHER,SINGLE_COUNTRY,1,NO,PROSPECTIVE_OR_SAME_DAY,COMPLETED,220,NO,YES,2022-06-03,2022,2019-2025,2022-08-19,2022-05-23,OLDER_ADULT,YES,YES
NCT05409976,VLU_ACTIVE_TREATMENT,ADULT_ONLY_OR_RELEVANT,INTERVENTIONAL,NA,SINGLE_GROUP,NO,NO,INDUSTRY_LEAD,YES,DEVICE,MULTICOUNTRY,7,YES,PROSPECTIVE_OR_SAME_DAY,ACTIVE_NOT_RECRUITING,136,NO,NO,2022-06-08,2022,2019-2025,2022-10-25,2022-05-17,ADULT|OLDER_ADULT,YES,YES
NCT05410613,VLU_ACTIVE_TREATMENT,UNKNOWN,INTERVENTIONAL,RANDOMIZED,PARALLEL,YES,YES,NO_RECORDED_INDUSTRY_ROLE,YES,COMBINATION_PRODUCT|DEVICE|OTHER,SINGLE_COUNTRY,1,NO,RETROSPECTIVE,UNKNOWN,60,NO,NO,2022-06-08,2022,2019-2025,2022-01-20,2022-03-14,ADULT,YES,NO
NCT05422716,PI_TREATMENT,UNKNOWN,INTERVENTIONAL,RANDOMIZED,PARALLEL,YES,YES,NO_RECORDED_INDUSTRY_ROLE,YES,DEVICE,UNKNOWN,0,UNKNOWN,PROSPECTIVE_OR_SAME_DAY,UNKNOWN,20,NO,NO,2022-06-16,2022,2019-2025,2022-07-14,2022-05-05,ADULT|OLDER_ADULT,YES,NO
NCT05422846,MIXED_WOUND_EXPLICIT_TARGET,UNKNOWN,INTERVENTIONAL,RANDOMIZED,PARALLEL,YES,YES,NO_RECORDED_INDUSTRY_ROLE,NO,OTHER,SINGLE_COUNTRY,1,NO,PROSPECTIVE_OR_SAME_DAY,COMPLETED,51,NO,YES,2022-06-21,2022,2019-2025,2022-08-01,2022-06-06,ADULT|OLDER_ADULT,YES,NO
NCT05423600,PI_TREATMENT,UNKNOWN,INTERVENTIONAL,RANDOMIZED,PARALLEL,YES,YES,NO_RECORDED_INDUSTRY_ROLE,NO,PROCEDURE,SINGLE_COUNTRY,1,YES,PROSPECTIVE_OR_SAME_DAY,RECRUITING,44,NO,NO,2022-06-21,2022,2019-2025,2022-06-15,2022-06-08,ADULT|OLDER_ADULT,YES,NO
NCT05423626,PI_TREATMENT,UNKNOWN,INTERVENTIONAL,RANDOMIZED,PARALLEL,YES,YES,NO_RECORDED_INDUSTRY_ROLE,YES,DEVICE,SINGLE_COUNTRY,1,NO,RETROSPECTIVE,UNKNOWN,120,NO,NO,2022-06-21,2022,2019-2025,2022-03-18,2022-06-10,ADULT|OLDER_ADULT,YES,NO
NCT05433064,PI_PREVENTION,UNKNOWN,INTERVENTIONAL,NA,SINGLE_GROUP,NO,NO,NO_RECORDED_INDUSTRY_ROLE,YES,DEVICE,SINGLE_COUNTRY,1,NO,RETROSPECTIVE,COMPLETED,12,NO,YES,2022-06-27,2022,2019-2025,2020-05-01,2022-04-17,ADULT|OLDER_ADULT,YES,NO
NCT05436340,PI_PREVENTION,UNKNOWN,INTERVENTIONAL,RANDOMIZED,PARALLEL,YES,YES,NO_RECORDED_INDUSTRY_ROLE,YES,DEVICE,SINGLE_COUNTRY,1,NO,RETROSPECTIVE,UNKNOWN,84,NO,NO,2022-06-29,2022,2019-2025,2022-02-01,2022-06-23,ADULT|OLDER_ADULT,YES,NO
NCT05447754,PI_TREATMENT,UNKNOWN,INTERVENTIONAL,RANDOMIZED,PARALLEL,YES,YES,NO_RECORDED_INDUSTRY_ROLE,NO,OTHER,SINGLE_COUNTRY,1,NO,RETROSPECTIVE,UNKNOWN,42,NO,NO,2022-07-07,2022,2019-2025,2022-05-13,2022-07-01,ADULT|OLDER_ADULT,YES,NO
NCT05449743,VLU_ACTIVE_TREATMENT,UNKNOWN,INTERVENTIONAL,NA,SINGLE_GROUP,NO,NO,INDUSTRY_COLLABORATOR,NO,OTHER,SINGLE_COUNTRY,1,NO,PROSPECTIVE_OR_SAME_DAY,COMPLETED,100,NO,YES,2022-07-08,2022,2019-2025,2022-07-11,2022-06-23,ADULT|OLDER_ADULT,YES,NO
NCT05456594,PI_TREATMENT,ADULT_ONLY_OR_RELEVANT,INTERVENTIONAL,NON_RANDOMIZED,CROSSOVER,NO,YES,NO_RECORDED_INDUSTRY_ROLE,NO,OTHER,SINGLE_COUNTRY,1,YES,RETROSPECTIVE,COMPLETED,33,NO,YES,2022-07-13,2022,2019-2025,2022-06-20,2022-06-29,ADULT,YES,NO
NCT05457907,PI_TREATMENT,UNKNOWN,INTERVENTIONAL,NON_RANDOMIZED,SEQUENTIAL,NO,YES,NO_RECORDED_INDUSTRY_ROLE,YES,DEVICE,SINGLE_COUNTRY,1,YES,PROSPECTIVE_OR_SAME_DAY,COMPLETED,19,NO,YES,2022-07-14,2022,2019-2025,2023-01-01,2022-07-08,ADULT|OLDER_ADULT,YES,NO
NCT05458947,MIXED_WOUND_EXPLICIT_TARGET,UNKNOWN,INTERVENTIONAL,RANDOMIZED,PARALLEL,YES,YES,NO_RECORDED_INDUSTRY_ROLE,NO,PROCEDURE,SINGLE_COUNTRY,1,YES,PROSPECTIVE_OR_SAME_DAY,RECRUITING,40,NO,NO,2022-07-14,2022,2019-2025,2022-10-11,2022-07-06,ADULT|OLDER_ADULT,YES,NO
NCT05459207,PI_TREATMENT,UNKNOWN,INTERVENTIONAL,RANDOMIZED,CROSSOVER,YES,YES,NO_RECORDED_INDUSTRY_ROLE,NO,OTHER,SINGLE_COUNTRY,1,YES,PROSPECTIVE_OR_SAME_DAY,RECRUITING,40,NO,NO,2022-07-14,2022,2019-2025,2023-02-20,2022-07-11,ADULT|OLDER_ADULT,YES,NO
NCT05462912,MIXED_WOUND_EXPLICIT_TARGET,UNKNOWN,INTERVENTIONAL,NA,SINGLE_GROUP,NO,NO,NO_RECORDED_INDUSTRY_ROLE,YES,DEVICE,SINGLE_COUNTRY,1,YES,PROSPECTIVE_OR_SAME_DAY,TERMINATED,60,NO,NO,2022-07-18,2022,2019-2025,2022-10-01,2022-04-27,ADULT|OLDER_ADULT,YES,YES
NCT05467215,PI_TREATMENT,UNKNOWN,INTERVENTIONAL,RANDOMIZED,CROSSOVER,YES,YES,NO_RECORDED_INDUSTRY_ROLE,NO,DRUG,SINGLE_COUNTRY,1,NO,PROSPECTIVE_OR_SAME_DAY,RECRUITING,25,NO,NO,2022-07-20,2022,2019-2025,2022-07-11,2022-07-06,ADULT|OLDER_ADULT,YES,NO
NCT05471180,PI_TREATMENT,ADULT_ONLY_OR_RELEVANT,INTERVENTIONAL,RANDOMIZED,PARALLEL,YES,YES,NO_RECORDED_INDUSTRY_ROLE,YES,DEVICE|OTHER,SINGLE_COUNTRY,1,NO,PROSPECTIVE_OR_SAME_DAY,WITHDRAWN,0,YES,NO,2022-07-22,2022,2019-2025,2022-08-20,2022-07-16,ADULT|OLDER_ADULT,YES,NO
NCT05472584,PI_TREATMENT,UNKNOWN,INTERVENTIONAL,RANDOMIZED,CROSSOVER,YES,YES,NO_RECORDED_INDUSTRY_ROLE,NO,OTHER,SINGLE_COUNTRY,1,YES,PROSPECTIVE_OR_SAME_DAY,RECRUITING,120,NO,NO,2022-07-25,2022,2019-2025,2023-07-21,2022-07-08,CHILD|ADULT|OLDER_ADULT,YES,NO
NCT05485051,PI_PREVENTION,UNKNOWN,INTERVENTIONAL,RANDOMIZED,CROSSOVER,YES,YES,NO_RECORDED_INDUSTRY_ROLE,NO,OTHER,SINGLE_COUNTRY,1,NO,PROSPECTIVE_OR_SAME_DAY,COMPLETED,15730,NO,YES,2022-08-02,2022,2019-2025,2022-08-03,2022-07-28,ADULT|OLDER_ADULT,YES,NO
NCT05487482,PI_TREATMENT,UNKNOWN,INTERVENTIONAL,NON_RANDOMIZED,PARALLEL,NO,YES,NO_RECORDED_INDUSTRY_ROLE,NO,OTHER,SINGLE_COUNTRY,1,NO,RETROSPECTIVE,UNKNOWN,136,NO,NO,2022-08-04,2022,2019-2025,2021-07-20,2022-07-10,ADULT|OLDER_ADULT,YES,NO
NCT05487898,PI_TREATMENT,UNKNOWN,INTERVENTIONAL,NA,SINGLE_GROUP,NO,NO,NO_RECORDED_INDUSTRY_ROLE,YES,DEVICE,SINGLE_COUNTRY,1,NO,RETROSPECTIVE,COMPLETED,41,NO,YES,2022-08-04,2022,2019-2025,2021-10-01,2022-06-19,OLDER_ADULT,YES,NO
NCT05489588,VLU_ACTIVE_TREATMENT,UNKNOWN,INTERVENTIONAL,NA,SINGLE_GROUP,NO,NO,INDUSTRY_LEAD,YES,DEVICE,SINGLE_COUNTRY,1,YES,PROSPECTIVE_OR_SAME_DAY,RECRUITING,165,NO,NO,2022-08-05,2022,2019-2025,2023-03-02,2022-08-02,ADULT|OLDER_ADULT,YES,NO
NCT05491837,PI_TREATMENT,UNKNOWN,INTERVENTIONAL,RANDOMIZED,PARALLEL,YES,YES,NO_RECORDED_INDUSTRY_ROLE,NO,OTHER,SINGLE_COUNTRY,1,NO,PROSPECTIVE_OR_SAME_DAY,COMPLETED,68,NO,YES,2022-08-08,2022,2019-2025,2023-03-06,2022-07-24,ADULT|OLDER_ADULT,YES,NO
NCT05492097,PI_TREATMENT,UNKNOWN,INTERVENTIONAL,NON_RANDOMIZED,PARALLEL,NO,YES,NO_RECORDED_INDUSTRY_ROLE,NO,BEHAVIORAL,SINGLE_COUNTRY,1,NO,RETROSPECTIVE,COMPLETED,40,NO,YES,2022-08-08,2022,2019-2025,2022-02-14,2022-08-04,ADULT|OLDER_ADULT,YES,NO
NCT05493943,VLU_ACTIVE_TREATMENT,UNKNOWN,INTERVENTIONAL,RANDOMIZED,PARALLEL,YES,YES,INDUSTRY_LEAD,YES,DEVICE|OTHER,UNKNOWN,0,UNKNOWN,PROSPECTIVE_OR_SAME_DAY,UNKNOWN,120,NO,NO,2022-08-09,2022,2019-2025,2024-05-01,2022-07-13,ADULT|OLDER_ADULT,YES,NO
NCT05494450,MIXED_WOUND_EXPLICIT_TARGET,UNKNOWN,INTERVENTIONAL,NA,SINGLE_GROUP,NO,NO,INDUSTRY_LEAD,YES,DEVICE,SINGLE_COUNTRY,1,YES,RETROSPECTIVE,TERMINATED,46,NO,NO,2022-08-10,2022,2019-2025,2022-01-01,2022-08-08,ADULT|OLDER_ADULT,YES,NO
NCT05496296,PI_TREATMENT,UNKNOWN,INTERVENTIONAL,RANDOMIZED,FACTORIAL,YES,YES,INDUSTRY_LEAD,YES,DEVICE,SINGLE_COUNTRY,1,YES,PROSPECTIVE_OR_SAME_DAY,RECRUITING,300,NO,NO,2022-08-11,2022,2019-2025,2023-04-30,2022-08-08,ADULT|OLDER_ADULT,YES,NO
NCT05504980,PI_PREVENTION,ADULT_ONLY_OR_RELEVANT,INTERVENTIONAL,RANDOMIZED,PARALLEL,YES,YES,NO_RECORDED_INDUSTRY_ROLE,NO,PROCEDURE,SINGLE_COUNTRY,1,NO,RETROSPECTIVE,COMPLETED,71,NO,YES,2022-08-17,2022,2019-2025,2022-07-01,2022-08-03,ADULT|OLDER_ADULT,YES,NO
NCT05513508,PI_TREATMENT,UNKNOWN,INTERVENTIONAL,RANDOMIZED,PARALLEL,YES,YES,NO_RECORDED_INDUSTRY_ROLE,NO,PROCEDURE,SINGLE_COUNTRY,1,NO,PROSPECTIVE_OR_SAME_DAY,RECRUITING,478,NO,NO,2022-08-24,2022,2019-2025,2022-12-08,2022-08-22,ADULT|OLDER_ADULT,YES,NO
NCT05515484,PI_TREATMENT,UNKNOWN,INTERVENTIONAL,RANDOMIZED,PARALLEL,YES,YES,NO_RECORDED_INDUSTRY_ROLE,NO,OTHER,SINGLE_COUNTRY,1,NO,PROSPECTIVE_OR_SAME_DAY,RECRUITING,30,NO,NO,2022-08-25,2022,2019-2025,2022-08-23,2022-08-23,ADULT|OLDER_ADULT,YES,NO
NCT05522920,PI_TREATMENT,UNKNOWN,INTERVENTIONAL,NA,SINGLE_GROUP,NO,NO,NO_RECORDED_INDUSTRY_ROLE,NO,OTHER,UNKNOWN,0,UNKNOWN,RETROSPECTIVE,UNKNOWN,12,NO,NO,2022-08-31,2022,2019-2025,2022-08,2022-08-25,ADULT|OLDER_ADULT,YES,NO
NCT05541198,PI_TREATMENT,UNKNOWN,INTERVENTIONAL,NON_RANDOMIZED,PARALLEL,NO,YES,NO_RECORDED_INDUSTRY_ROLE,NO,OTHER,SINGLE_COUNTRY,1,NO,RETROSPECTIVE,COMPLETED,98,NO,YES,2022-09-15,2022,2019-2025,2021-07-01,2022-08-25,ADULT|OLDER_ADULT,YES,NO
NCT05542589,PI_TREATMENT,UNKNOWN,INTERVENTIONAL,RANDOMIZED,PARALLEL,YES,YES,NO_RECORDED_INDUSTRY_ROLE,NO,OTHER,SINGLE_COUNTRY,1,NO,RETROSPECTIVE,COMPLETED,40,NO,YES,2022-09-15,2022,2019-2025,2022-03-01,2022-09-12,ADULT,YES,NO
NCT05546684,PI_PREVENTION,UNKNOWN,INTERVENTIONAL,RANDOMIZED,PARALLEL,YES,YES,NO_RECORDED_INDUSTRY_ROLE,NO,OTHER,SINGLE_COUNTRY,1,NO,PROSPECTIVE_OR_SAME_DAY,UNKNOWN,82,NO,NO,2022-09-21,2022,2019-2025,2022-09-26,2022-09-13,ADULT|OLDER_ADULT,YES,NO
NCT05547191,PI_TREATMENT,UNKNOWN,INTERVENTIONAL,NA,SINGLE_GROUP,NO,NO,INDUSTRY_LEAD,YES,DEVICE,MULTICOUNTRY,3,NO,PROSPECTIVE_OR_SAME_DAY,TERMINATED,5,NO,NO,2022-09-21,2022,2019-2025,2023-09-01,2022-09-16,ADULT|OLDER_ADULT,YES,NO
NCT05547295,PI_PREVENTION,UNKNOWN,INTERVENTIONAL,RANDOMIZED,PARALLEL,YES,YES,NO_RECORDED_INDUSTRY_ROLE,NO,OTHER,SINGLE_COUNTRY,1,NO,PROSPECTIVE_OR_SAME_DAY,COMPLETED,100,NO,YES,2022-09-21,2022,2019-2025,2022-10-27,2022-07-07,ADULT|OLDER_ADULT,YES,NO
NCT05549609,VLU_ACTIVE_TREATMENT,UNKNOWN,INTERVENTIONAL,RANDOMIZED,PARALLEL,YES,YES,INDUSTRY_LEAD,NO,BIOLOGICAL|OTHER,SINGLE_COUNTRY,1,NO,PROSPECTIVE_OR_SAME_DAY,COMPLETED,6,NO,YES,2022-09-22,2022,2019-2025,2022-10-26,2022-09-06,ADULT|OLDER_ADULT,YES,NO
NCT05549830,PI_PREVENTION,UNKNOWN,INTERVENTIONAL,RANDOMIZED,PARALLEL,YES,YES,NO_RECORDED_INDUSTRY_ROLE,NO,OTHER,SINGLE_COUNTRY,1,NO,PROSPECTIVE_OR_SAME_DAY,UNKNOWN,100,NO,NO,2022-09-22,2022,2019-2025,2022-10,2022-09-07,ADULT|OLDER_ADULT,YES,NO
NCT05550311,PI_TREATMENT,UNKNOWN,INTERVENTIONAL,RANDOMIZED,PARALLEL,YES,YES,NO_RECORDED_INDUSTRY_ROLE,NO,OTHER,SINGLE_COUNTRY,1,NO,PROSPECTIVE_OR_SAME_DAY,COMPLETED,34,NO,YES,2022-09-22,2022,2019-2025,2022-11-15,2022-09-15,ADULT|OLDER_ADULT,YES,NO
NCT05550987,PI_TREATMENT,UNKNOWN,INTERVENTIONAL,RANDOMIZED,PARALLEL,YES,YES,NO_RECORDED_INDUSTRY_ROLE,NO,OTHER,UNKNOWN,0,UNKNOWN,PROSPECTIVE_OR_SAME_DAY,UNKNOWN,120,NO,NO,2022-09-22,2022,2019-2025,2022-11-01,2022-09-14,ADULT|OLDER_ADULT,YES,NO
NCT05552599,PI_TREATMENT,UNKNOWN,INTERVENTIONAL,RANDOMIZED,PARALLEL,YES,YES,NO_RECORDED_INDUSTRY_ROLE,NO,PROCEDURE,SINGLE_COUNTRY,1,NO,RETROSPECTIVE,COMPLETED,122,NO,YES,2022-09-23,2022,2019-2025,2018-03-03,2022-07-04,ADULT|OLDER_ADULT,YES,NO
NCT05563402,PI_TREATMENT,UNKNOWN,INTERVENTIONAL,NA,SINGLE_GROUP,NO,NO,NO_RECORDED_INDUSTRY_ROLE,YES,DEVICE,SINGLE_COUNTRY,1,NO,PROSPECTIVE_OR_SAME_DAY,COMPLETED,15,NO,YES,2022-10-03,2022,2019-2025,2022-09-20,2022-09-19,CHILD|ADULT|OLDER_ADULT,YES,NO
NCT05570877,MIXED_WOUND_EXPLICIT_TARGET,UNKNOWN,INTERVENTIONAL,RANDOMIZED,PARALLEL,YES,YES,INDUSTRY_LEAD,YES,DEVICE,MULTICOUNTRY,2,NO,RETROSPECTIVE,COMPLETED,92,NO,YES,2022-10-07,2022,2019-2025,2022-01-11,2022-10-04,ADULT|OLDER_ADULT,YES,NO
NCT05575869,PI_PREVENTION,UNKNOWN,INTERVENTIONAL,RANDOMIZED,PARALLEL,YES,YES,NO_RECORDED_INDUSTRY_ROLE,NO,OTHER,SINGLE_COUNTRY,1,NO,RETROSPECTIVE,COMPLETED,80,NO,YES,2022-10-12,2022,2019-2025,2022-09-27,2022-10-06,ADULT|OLDER_ADULT,YES,NO
NCT05578638,PI_TREATMENT,UNKNOWN,INTERVENTIONAL,RANDOMIZED,PARALLEL,YES,YES,NO_RECORDED_INDUSTRY_ROLE,NO,COMBINATION_PRODUCT,SINGLE_COUNTRY,1,NO,PROSPECTIVE_OR_SAME_DAY,RECRUITING,128,NO,NO,2022-10-13,2022,2019-2025,2022-11-01,2022-10-03,ADULT,YES,NO
NCT05586646,PI_TREATMENT,PEDIATRIC_ONLY,INTERVENTIONAL,RANDOMIZED,PARALLEL,YES,YES,NO_RECORDED_INDUSTRY_ROLE,NO,DIETARY_SUPPLEMENT,SINGLE_COUNTRY,1,NO,RETROSPECTIVE,UNKNOWN,200,NO,NO,2022-10-19,2022,2019-2025,2022-04-01,2022-10-15,ADULT|OLDER_ADULT,YES,NO
NCT05588583,MIXED_WOUND_EXPLICIT_TARGET,ADULT_ONLY_OR_RELEVANT,INTERVENTIONAL,NA,SINGLE_GROUP,NO,NO,INDUSTRY_LEAD,YES,DEVICE,SINGLE_COUNTRY,1,YES,PROSPECTIVE_OR_SAME_DAY,RECRUITING,68,NO,NO,2022-10-20,2022,2019-2025,2022-10-31,2022-10-14,ADULT|OLDER_ADULT,YES,NO
NCT05589402,PI_TREATMENT,UNKNOWN,INTERVENTIONAL,NON_RANDOMIZED,PARALLEL,NO,YES,NO_RECORDED_INDUSTRY_ROLE,NO,DRUG|OTHER,SINGLE_COUNTRY,1,YES,RETROSPECTIVE,ACTIVE_NOT_RECRUITING,30,NO,NO,2022-10-21,2022,2019-2025,2019-06-04,2022-06-23,ADULT|OLDER_ADULT,YES,NO
NCT05589415,PI_TREATMENT,UNKNOWN,INTERVENTIONAL,RANDOMIZED,PARALLEL,YES,YES,NO_RECORDED_INDUSTRY_ROLE,YES,DEVICE,SINGLE_COUNTRY,1,YES,RETROSPECTIVE,ACTIVE_NOT_RECRUITING,24,NO,NO,2022-10-21,2022,2019-2025,2020-11-23,2022-06-23,ADULT|OLDER_ADULT,YES,NO
NCT05590065,PI_TREATMENT,UNKNOWN,INTERVENTIONAL,NA,SINGLE_GROUP,NO,NO,INDUSTRY_LEAD,YES,DEVICE,SINGLE_COUNTRY,1,NO,PROSPECTIVE_OR_SAME_DAY,COMPLETED,5,NO,YES,2022-10-21,2022,2019-2025,2022-10-19,2022-10-18,ADULT|OLDER_ADULT,YES,NO
NCT05597176,PI_TREATMENT,UNKNOWN,INTERVENTIONAL,NA,SINGLE_GROUP,NO,NO,NO_RECORDED_INDUSTRY_ROLE,NO,OTHER,SINGLE_COUNTRY,1,YES,PROSPECTIVE_OR_SAME_DAY,COMPLETED,4,NO,YES,2022-10-27,2022,2019-2025,2023-01-13,2022-10-24,ADULT|OLDER_ADULT,YES,NO
NCT05598398,PI_TREATMENT,UNKNOWN,INTERVENTIONAL,RANDOMIZED,PARALLEL,YES,YES,INDUSTRY_COLLABORATOR,YES,DEVICE|OTHER,SINGLE_COUNTRY,1,YES,RETROSPECTIVE,RECRUITING,62,NO,NO,2022-10-28,2022,2019-2025,2022-09-26,2022-10-20,ADULT|OLDER_ADULT,YES,NO
NCT05604352,MIXED_WOUND_EXPLICIT_TARGET,UNKNOWN,INTERVENTIONAL,NA,SINGLE_GROUP,NO,NO,INDUSTRY_LEAD,YES,DEVICE,UNKNOWN,0,UNKNOWN,PROSPECTIVE_OR_SAME_DAY,UNKNOWN,30,NO,NO,2022-11-03,2022,2019-2025,2023-01-01,2022-10-28,ADULT|OLDER_ADULT,YES,NO
NCT05607979,PI_TREATMENT,UNKNOWN,INTERVENTIONAL,RANDOMIZED,PARALLEL,YES,YES,INDUSTRY_LEAD,NO,DRUG,SINGLE_COUNTRY,1,YES,PROSPECTIVE_OR_SAME_DAY,COMPLETED,75,NO,YES,2022-11-07,2022,2019-2025,2022-12-15,2022-10-29,ADULT|OLDER_ADULT,YES,NO
NCT05608317,VLU_ACTIVE_TREATMENT,ADULT_ONLY_OR_RELEVANT,INTERVENTIONAL,NA,SINGLE_GROUP,NO,NO,INDUSTRY_LEAD,YES,DEVICE,SINGLE_COUNTRY,1,YES,PROSPECTIVE_OR_SAME_DAY,RECRUITING,20,NO,NO,2022-11-08,2022,2019-2025,2022-11-08,2022-11-01,ADULT|OLDER_ADULT,YES,NO
NCT05610241,VLU_ACTIVE_TREATMENT,UNKNOWN,INTERVENTIONAL,RANDOMIZED,PARALLEL,YES,YES,INDUSTRY_LEAD,YES,DEVICE,SINGLE_COUNTRY,1,NO,PROSPECTIVE_OR_SAME_DAY,COMPLETED,11,NO,YES,2022-11-09,2022,2019-2025,2023-03-04,2022-11-02,ADULT|OLDER_ADULT,YES,NO
NCT05618509,MIXED_WOUND_EXPLICIT_TARGET,UNKNOWN,INTERVENTIONAL,RANDOMIZED,PARALLEL,YES,YES,NO_RECORDED_INDUSTRY_ROLE,YES,DEVICE|OTHER,SINGLE_COUNTRY,1,NO,PROSPECTIVE_OR_SAME_DAY,COMPLETED,32,NO,YES,2022-11-16,2022,2019-2025,2023-01-04,2022-11-08,ADULT|OLDER_ADULT,YES,NO
NCT05619003,PI_PREVENTION,UNKNOWN,INTERVENTIONAL,NA,SINGLE_GROUP,NO,NO,INDUSTRY_LEAD,YES,DEVICE,SINGLE_COUNTRY,1,NO,RETROSPECTIVE,COMPLETED,67,NO,YES,2022-11-16,2022,2019-2025,2022-08-15,2022-11-04,ADULT|OLDER_ADULT,YES,YES
NCT05619237,MIXED_WOUND_EXPLICIT_TARGET,UNKNOWN,INTERVENTIONAL,NON_RANDOMIZED,CROSSOVER,NO,YES,NO_RECORDED_INDUSTRY_ROLE,YES,DEVICE,SINGLE_COUNTRY,1,NO,PROSPECTIVE_OR_SAME_DAY,COMPLETED,44,NO,YES,2022-11-16,2022,2019-2025,2022-12-06,2022-11-02,ADULT|OLDER_ADULT,YES,NO
NCT05632250,MIXED_WOUND_EXPLICIT_TARGET,UNKNOWN,INTERVENTIONAL,NA,SINGLE_GROUP,NO,NO,INDUSTRY_LEAD,YES,DEVICE,SINGLE_COUNTRY,1,YES,PROSPECTIVE_OR_SAME_DAY,COMPLETED,95,NO,YES,2022-11-30,2022,2019-2025,2023-04-10,2022-11-09,ADULT|OLDER_ADULT,YES,NO
NCT05633277,VLU_ACTIVE_TREATMENT,UNKNOWN,INTERVENTIONAL,RANDOMIZED,CROSSOVER,YES,YES,NO_RECORDED_INDUSTRY_ROLE,NO,PROCEDURE,SINGLE_COUNTRY,1,YES,RETROSPECTIVE,UNKNOWN,30,NO,NO,2022-12-01,2022,2019-2025,2020-09-30,2022-07-14,ADULT|OLDER_ADULT,YES,NO
NCT05635851,PI_PREVENTION,UNKNOWN,INTERVENTIONAL,RANDOMIZED,CROSSOVER,YES,YES,NO_RECORDED_INDUSTRY_ROLE,NO,DRUG|OTHER,UNKNOWN,0,UNKNOWN,PROSPECTIVE_OR_SAME_DAY,NOT_YET_RECRUITING,26,NO,NO,2022-12-02,2022,2019-2025,2026-12,2022-10-04,ADULT|OLDER_ADULT,YES,NO
NCT05643313,PI_TREATMENT,UNKNOWN,INTERVENTIONAL,NA,SINGLE_GROUP,NO,NO,INDUSTRY_LEAD,YES,DEVICE,MULTICOUNTRY,2,NO,PROSPECTIVE_OR_SAME_DAY,COMPLETED,10,NO,YES,2022-12-08,2022,2019-2025,2022-11-25,2022-11-25,ADULT|OLDER_ADULT,YES,NO
NCT05649332,MIXED_WOUND_EXPLICIT_TARGET,UNKNOWN,INTERVENTIONAL,NON_RANDOMIZED,SINGLE_GROUP,NO,NO,INDUSTRY_LEAD,YES,DEVICE,SINGLE_COUNTRY,1,NO,PROSPECTIVE_OR_SAME_DAY,COMPLETED,58,NO,YES,2022-12-14,2022,2019-2025,2023-04-21,2022-11-16,ADULT|OLDER_ADULT,YES,NO
NCT05653089,PI_PREVENTION,UNKNOWN,INTERVENTIONAL,NA,SINGLE_GROUP,NO,NO,NO_RECORDED_INDUSTRY_ROLE,NO,PROCEDURE,SINGLE_COUNTRY,1,NO,PROSPECTIVE_OR_SAME_DAY,UNKNOWN,30,NO,NO,2022-12-16,2022,2019-2025,2023-10-01,2022-11-10,ADULT|OLDER_ADULT,YES,NO
NCT05659394,VLU_ACTIVE_TREATMENT,UNKNOWN,INTERVENTIONAL,RANDOMIZED,PARALLEL,YES,YES,INDUSTRY_LEAD,YES,DEVICE|OTHER,SINGLE_COUNTRY,1,YES,PROSPECTIVE_OR_SAME_DAY,COMPLETED,136,NO,YES,2022-12-21,2022,2019-2025,2023-01-25,2022-12-05,CHILD|ADULT|OLDER_ADULT,YES,NO
NCT05661214,PI_TREATMENT,UNKNOWN,INTERVENTIONAL,RANDOMIZED,PARALLEL,YES,YES,NO_RECORDED_INDUSTRY_ROLE,NO,OTHER,UNKNOWN,0,UNKNOWN,PROSPECTIVE_OR_SAME_DAY,UNKNOWN,48,NO,NO,2022-12-22,2022,2019-2025,2023-10-02,2022-12-05,ADULT|OLDER_ADULT,YES,NO
NCT05667831,PI_TREATMENT,UNKNOWN,INTERVENTIONAL,RANDOMIZED,PARALLEL,YES,YES,NO_RECORDED_INDUSTRY_ROLE,NO,OTHER,SINGLE_COUNTRY,1,NO,RETROSPECTIVE,COMPLETED,160,NO,YES,2022-12-29,2022,2019-2025,2021-08-13,2022-06-03,ADULT|OLDER_ADULT,YES,NO
NCT05685628,PI_TREATMENT,UNKNOWN,INTERVENTIONAL,RANDOMIZED,PARALLEL,YES,YES,NO_RECORDED_INDUSTRY_ROLE,NO,OTHER,SINGLE_COUNTRY,1,NO,PROSPECTIVE_OR_SAME_DAY,RECRUITING,98,NO,NO,2023-01-17,2023,2019-2025,2023-10-04,2022-12-07,ADULT|OLDER_ADULT,YES,NO
NCT05690685,MIXED_WOUND_EXPLICIT_TARGET,UNKNOWN,INTERVENTIONAL,NA,SINGLE_GROUP,NO,NO,INDUSTRY_LEAD,YES,DEVICE,SINGLE_COUNTRY,1,NO,PROSPECTIVE_OR_SAME_DAY,COMPLETED,56,NO,YES,2023-01-19,2023,2019-2025,2023-05-16,2022-12-21,ADULT|OLDER_ADULT,YES,NO
NCT05699122,PI_TREATMENT,UNKNOWN,INTERVENTIONAL,RANDOMIZED,PARALLEL,YES,YES,NO_RECORDED_INDUSTRY_ROLE,NO,OTHER,SINGLE_COUNTRY,1,NO,PROSPECTIVE_OR_SAME_DAY,COMPLETED,16,NO,YES,2023-01-26,2023,2019-2025,2023-02-01,2023-01-02,ADULT|OLDER_ADULT,YES,NO
NCT05705908,PI_TREATMENT,UNKNOWN,INTERVENTIONAL,RANDOMIZED,PARALLEL,YES,YES,NO_RECORDED_INDUSTRY_ROLE,NO,OTHER,SINGLE_COUNTRY,1,NO,RETROSPECTIVE,COMPLETED,130,NO,YES,2023-01-31,2023,2019-2025,2021-05-15,2022-05-25,ADULT|OLDER_ADULT,YES,NO
NCT05707169,VLU_ACTIVE_TREATMENT,UNKNOWN,INTERVENTIONAL,RANDOMIZED,PARALLEL,YES,YES,NO_RECORDED_INDUSTRY_ROLE,YES,DEVICE|DRUG|PROCEDURE,SINGLE_COUNTRY,1,NO,PROSPECTIVE_OR_SAME_DAY,UNKNOWN,800,NO,NO,2023-01-31,2023,2019-2025,2023-01-04,2022-09-11,ADULT|OLDER_ADULT,YES,NO
NCT05708274,PI_TREATMENT,UNKNOWN,INTERVENTIONAL,RANDOMIZED,CROSSOVER,YES,YES,NO_RECORDED_INDUSTRY_ROLE,NO,DRUG,SINGLE_COUNTRY,1,YES,PROSPECTIVE_OR_SAME_DAY,COMPLETED,25,NO,YES,2023-02-01,2023,2019-2025,2023-01-20,2022-12-27,ADULT|OLDER_ADULT,YES,NO
NCT05710094,VLU_ACTIVE_TREATMENT,UNKNOWN,INTERVENTIONAL,RANDOMIZED,PARALLEL,YES,YES,INDUSTRY_LEAD,YES,DEVICE|DRUG,SINGLE_COUNTRY,1,NO,PROSPECTIVE_OR_SAME_DAY,COMPLETED,28,NO,YES,2023-02-02,2023,2019-2025,2021-10-19,2021-10-18,ADULT|OLDER_ADULT,YES,NO
NCT05710653,VLU_ACTIVE_TREATMENT,UNKNOWN,INTERVENTIONAL,RANDOMIZED,PARALLEL,YES,YES,NO_RECORDED_INDUSTRY_ROLE,NO,BEHAVIORAL,SINGLE_COUNTRY,1,NO,RETROSPECTIVE,COMPLETED,75,NO,YES,2023-02-02,2023,2019-2025,2022-06-28,2023-01-20,ADULT|OLDER_ADULT,YES,NO
NCT05739149,MIXED_WOUND_EXPLICIT_TARGET,UNKNOWN,INTERVENTIONAL,NA,SINGLE_GROUP,NO,NO,NO_RECORDED_INDUSTRY_ROLE,NO,DIAGNOSTIC_TEST|PROCEDURE,SINGLE_COUNTRY,1,YES,PROSPECTIVE_OR_SAME_DAY,RECRUITING,10,NO,NO,2023-02-22,2023,2019-2025,2023-12-01,2023-02-13,ADULT|OLDER_ADULT,YES,NO
NCT05743283,MIXED_WOUND_EXPLICIT_TARGET,UNKNOWN,INTERVENTIONAL,RANDOMIZED,PARALLEL,YES,YES,INDUSTRY_LEAD,YES,DEVICE|OTHER,SINGLE_COUNTRY,1,YES,PROSPECTIVE_OR_SAME_DAY,RECRUITING,100,NO,NO,2023-02-24,2023,2019-2025,2023-04-12,2023-02-14,ADULT|OLDER_ADULT,YES,NO
NCT05745155,PI_TREATMENT,UNKNOWN,INTERVENTIONAL,NA,SINGLE_GROUP,NO,NO,INDUSTRY_LEAD,YES,DEVICE,SINGLE_COUNTRY,1,NO,PROSPECTIVE_OR_SAME_DAY,COMPLETED,200,NO,YES,2023-02-27,2023,2019-2025,2023-05-20,2023-02-07,ADULT|OLDER_ADULT,YES,NO
NCT05762341,PI_PREVENTION,MIXED_AGE_OR_ADULT_RELEVANT,INTERVENTIONAL,RANDOMIZED,CROSSOVER,YES,YES,NO_RECORDED_INDUSTRY_ROLE,NO,OTHER,SINGLE_COUNTRY,1,NO,PROSPECTIVE_OR_SAME_DAY,COMPLETED,60,NO,YES,2023-03-09,2023,2019-2025,2023-03-01,2023-02-28,CHILD|ADULT|OLDER_ADULT,YES,NO
NCT05772507,MIXED_WOUND_EXPLICIT_TARGET,UNKNOWN,INTERVENTIONAL,NA,SINGLE_GROUP,NO,NO,INDUSTRY_LEAD,YES,DEVICE,SINGLE_COUNTRY,1,NO,PROSPECTIVE_OR_SAME_DAY,UNKNOWN,85,NO,NO,2023-03-16,2023,2019-2025,2023-08-22,2023-03-02,ADULT|OLDER_ADULT,YES,NO
NCT05779852,PI_TREATMENT,ADULT_ONLY_OR_RELEVANT,INTERVENTIONAL,RANDOMIZED,PARALLEL,YES,YES,NO_RECORDED_INDUSTRY_ROLE,NO,OTHER,SINGLE_COUNTRY,1,NO,PROSPECTIVE_OR_SAME_DAY,RECRUITING,44,NO,NO,2023-03-22,2023,2019-2025,2023-06-29,2023-03-10,ADULT|OLDER_ADULT,YES,NO
NCT05782855,PI_PREVENTION,UNKNOWN,INTERVENTIONAL,RANDOMIZED,PARALLEL,YES,YES,NO_RECORDED_INDUSTRY_ROLE,NO,OTHER,SINGLE_COUNTRY,1,NO,PROSPECTIVE_OR_SAME_DAY,ACTIVE_NOT_RECRUITING,488,NO,NO,2023-03-24,2023,2019-2025,2023-01-05,2022-12-27,OLDER_ADULT,YES,NO
NCT05786612,MIXED_WOUND_EXPLICIT_TARGET,UNKNOWN,INTERVENTIONAL,RANDOMIZED,PARALLEL,YES,YES,INDUSTRY_LEAD,YES,DEVICE,SINGLE_COUNTRY,1,NO,PROSPECTIVE_OR_SAME_DAY,COMPLETED,102,NO,YES,2023-03-27,2023,2019-2025,2023-01-30,2023-01-18,ADULT|OLDER_ADULT,YES,YES
NCT05797688,MIXED_WOUND_EXPLICIT_TARGET,UNKNOWN,INTERVENTIONAL,NA,SINGLE_GROUP,NO,NO,INDUSTRY_COLLABORATOR,YES,DEVICE,SINGLE_COUNTRY,1,YES,RETROSPECTIVE,WITHDRAWN,0,YES,NO,2023-04-04,2023,2019-2025,2016-12,2016-12-23,ADULT|OLDER_ADULT,YES,NO
NCT05798169,PI_PREVENTION,UNKNOWN,INTERVENTIONAL,RANDOMIZED,PARALLEL,YES,YES,NO_RECORDED_INDUSTRY_ROLE,NO,OTHER,SINGLE_COUNTRY,1,NO,PROSPECTIVE_OR_SAME_DAY,COMPLETED,274,NO,YES,2023-04-04,2023,2019-2025,2023-01-05,2022-11-07,OLDER_ADULT,YES,NO
NCT05801536,PI_TREATMENT,UNKNOWN,INTERVENTIONAL,NA,SINGLE_GROUP,NO,NO,NO_RECORDED_INDUSTRY_ROLE,YES,DEVICE,SINGLE_COUNTRY,1,NO,RETROSPECTIVE,COMPLETED,5,NO,YES,2023-04-06,2023,2019-2025,2022-06-13,2023-03-16,ADULT|OLDER_ADULT,YES,NO
NCT05805137,VLU_ACTIVE_TREATMENT,UNKNOWN,INTERVENTIONAL,NA,SINGLE_GROUP,NO,NO,INDUSTRY_LEAD,YES,DEVICE,MULTICOUNTRY,2,NO,PROSPECTIVE_OR_SAME_DAY,RECRUITING,20,NO,NO,2023-04-07,2023,2019-2025,2023-04-20,2023-03-28,ADULT|OLDER_ADULT,YES,NO
NCT05822297,PI_TREATMENT,UNKNOWN,INTERVENTIONAL,NA,SINGLE_GROUP,NO,NO,NO_RECORDED_INDUSTRY_ROLE,YES,DEVICE,SINGLE_COUNTRY,1,NO,PROSPECTIVE_OR_SAME_DAY,COMPLETED,19,NO,YES,2023-04-20,2023,2019-2025,2024-01-24,2023-04-07,ADULT|OLDER_ADULT,YES,NO
NCT05852236,PI_PREVENTION,UNKNOWN,INTERVENTIONAL,RANDOMIZED,FACTORIAL,YES,YES,NO_RECORDED_INDUSTRY_ROLE,NO,OTHER,SINGLE_COUNTRY,1,NO,RETROSPECTIVE,COMPLETED,190,NO,YES,2023-05-10,2023,2019-2025,2021-07-01,2023-04-04,ADULT|OLDER_ADULT,YES,NO
NCT05863754,PI_TREATMENT,UNKNOWN,INTERVENTIONAL,NA,SINGLE_GROUP,NO,NO,NO_RECORDED_INDUSTRY_ROLE,YES,DEVICE,SINGLE_COUNTRY,1,YES,RETROSPECTIVE,RECRUITING,13,NO,NO,2023-05-18,2023,2019-2025,2022-01-23,2023-04-28,CHILD|ADULT|OLDER_ADULT,YES,NO
NCT05873257,VLU_ACTIVE_TREATMENT,UNKNOWN,INTERVENTIONAL,NA,SINGLE_GROUP,NO,NO,INDUSTRY_LEAD,YES,DEVICE,SINGLE_COUNTRY,1,NO,PROSPECTIVE_OR_SAME_DAY,COMPLETED,50,NO,YES,2023-05-24,2023,2019-2025,2023-07-31,2023-05-01,ADULT|OLDER_ADULT,YES,YES
NCT05874284,PI_TREATMENT,UNKNOWN,INTERVENTIONAL,RANDOMIZED,CROSSOVER,YES,YES,NO_RECORDED_INDUSTRY_ROLE,NO,DRUG,SINGLE_COUNTRY,1,NO,PROSPECTIVE_OR_SAME_DAY,COMPLETED,20,NO,YES,2023-05-24,2023,2019-2025,2023-06-10,2023-05-13,ADULT|OLDER_ADULT,YES,NO
NCT05877378,MIXED_WOUND_EXPLICIT_TARGET,ADULT_ONLY_OR_RELEVANT,INTERVENTIONAL,NON_RANDOMIZED,PARALLEL,NO,YES,NO_RECORDED_INDUSTRY_ROLE,YES,DEVICE,SINGLE_COUNTRY,1,NO,PROSPECTIVE_OR_SAME_DAY,UNKNOWN,42,NO,NO,2023-05-26,2023,2019-2025,2023-09-15,2023-05-11,ADULT|OLDER_ADULT,YES,NO
NCT05887752,PI_TREATMENT,UNKNOWN,INTERVENTIONAL,RANDOMIZED,PARALLEL,YES,YES,NO_RECORDED_INDUSTRY_ROLE,YES,DEVICE|OTHER,SINGLE_COUNTRY,1,NO,PROSPECTIVE_OR_SAME_DAY,RECRUITING,78,NO,NO,2023-06-05,2023,2019-2025,2023-06-05,2023-05-24,ADULT|OLDER_ADULT,YES,NO
NCT05892341,VLU_ACTIVE_TREATMENT,UNKNOWN,INTERVENTIONAL,RANDOMIZED,PARALLEL,YES,YES,INDUSTRY_LEAD,YES,DEVICE,MULTICOUNTRY,3,NO,RETROSPECTIVE,COMPLETED,203,NO,YES,2023-06-07,2023,2019-2025,2022-12-05,2023-05-10,ADULT|OLDER_ADULT,YES,YES
NCT05894096,VLU_ACTIVE_TREATMENT,UNKNOWN,INTERVENTIONAL,RANDOMIZED,PARALLEL,YES,YES,NO_RECORDED_INDUSTRY_ROLE,YES,DEVICE,SINGLE_COUNTRY,1,NO,RETROSPECTIVE,ACTIVE_NOT_RECRUITING,68,NO,NO,2023-06-08,2023,2019-2025,2023-03-24,2023-05-29,ADULT|OLDER_ADULT,YES,NO
NCT05894291,PI_TREATMENT,UNKNOWN,INTERVENTIONAL,RANDOMIZED,PARALLEL,YES,YES,NO_RECORDED_INDUSTRY_ROLE,NO,OTHER,SINGLE_COUNTRY,1,NO,PROSPECTIVE_OR_SAME_DAY,COMPLETED,334,NO,YES,2023-06-08,2023,2019-2025,2023-11-24,2023-05-30,ADULT|OLDER_ADULT,YES,NO
NCT05899140,MIXED_WOUND_EXPLICIT_TARGET,ADULT_ONLY_OR_RELEVANT,INTERVENTIONAL,RANDOMIZED,PARALLEL,YES,YES,NO_RECORDED_INDUSTRY_ROLE,NO,DRUG|OTHER,SINGLE_COUNTRY,1,NO,PROSPECTIVE_OR_SAME_DAY,RECRUITING,100,NO,NO,2023-06-12,2023,2019-2025,2024-03-15,2023-05-22,ADULT|OLDER_ADULT,YES,NO
NCT05902182,PI_TREATMENT,UNKNOWN,INTERVENTIONAL,NA,SINGLE_GROUP,NO,NO,INDUSTRY_LEAD,YES,DEVICE,UNKNOWN,0,UNKNOWN,PROSPECTIVE_OR_SAME_DAY,UNKNOWN,130,NO,NO,2023-06-13,2023,2019-2025,2024-07,2023-04-28,ADULT|OLDER_ADULT,YES,NO
NCT05912712,MIXED_WOUND_EXPLICIT_TARGET,UNKNOWN,INTERVENTIONAL,RANDOMIZED,PARALLEL,YES,YES,NO_RECORDED_INDUSTRY_ROLE,NO,BIOLOGICAL|DRUG|OTHER,SINGLE_COUNTRY,1,NO,PROSPECTIVE_OR_SAME_DAY,UNKNOWN,60,NO,NO,2023-06-22,2023,2019-2025,2023-07-01,2023-05-15,ADULT|OLDER_ADULT,YES,NO
NCT05915169,PI_TREATMENT,UNKNOWN,INTERVENTIONAL,RANDOMIZED,PARALLEL,YES,YES,NO_RECORDED_INDUSTRY_ROLE,NO,OTHER,SINGLE_COUNTRY,1,NO,PROSPECTIVE_OR_SAME_DAY,COMPLETED,20,NO,YES,2023-06-22,2023,2019-2025,2024-01-01,2023-06-13,ADULT|OLDER_ADULT,YES,NO
NCT05921292,VLU_ACTIVE_TREATMENT,UNKNOWN,INTERVENTIONAL,NA,SINGLE_GROUP,NO,NO,INDUSTRY_LEAD,NO,COMBINATION_PRODUCT,SINGLE_COUNTRY,1,YES,RETROSPECTIVE,COMPLETED,111,NO,YES,2023-06-27,2023,2019-2025,2022-07-11,2023-06-19,ADULT|OLDER_ADULT,YES,NO
NCT05923749,VLU_ACTIVE_TREATMENT,UNKNOWN,INTERVENTIONAL,RANDOMIZED,PARALLEL,YES,YES,INDUSTRY_LEAD,YES,DEVICE,MULTICOUNTRY,4,YES,PROSPECTIVE_OR_SAME_DAY,COMPLETED,180,NO,YES,2023-06-28,2023,2019-2025,2023-06-29,2023-06-14,ADULT|OLDER_ADULT,YES,NO
NCT05926843,PI_TREATMENT,UNKNOWN,INTERVENTIONAL,NA,SINGLE_GROUP,NO,NO,NO_RECORDED_INDUSTRY_ROLE,NO,PROCEDURE,SINGLE_COUNTRY,1,NO,RETROSPECTIVE,UNKNOWN,10,NO,NO,2023-07-03,2023,2019-2025,2023-04-19,2023-06-01,ADULT|OLDER_ADULT,YES,NO
NCT05939973,VLU_ACTIVE_TREATMENT,UNKNOWN,INTERVENTIONAL,NA,SINGLE_GROUP,NO,NO,INDUSTRY_LEAD,YES,DEVICE,SINGLE_COUNTRY,1,YES,RETROSPECTIVE,COMPLETED,3,NO,YES,2023-07-11,2023,2019-2025,2023-01-19,2023-06-23,ADULT,YES,NO
NCT05940636,PI_PREVENTION,UNKNOWN,INTERVENTIONAL,RANDOMIZED,PARALLEL,YES,YES,NO_RECORDED_INDUSTRY_ROLE,NO,OTHER,SINGLE_COUNTRY,1,NO,PROSPECTIVE_OR_SAME_DAY,COMPLETED,17,NO,YES,2023-07-11,2023,2019-2025,2023-11-05,2023-07-04,ADULT|OLDER_ADULT,YES,NO
NCT05941819,PI_TREATMENT,UNKNOWN,INTERVENTIONAL,NA,SINGLE_GROUP,NO,NO,INDUSTRY_LEAD,YES,DEVICE,SINGLE_COUNTRY,1,NO,PROSPECTIVE_OR_SAME_DAY,UNKNOWN,16,NO,NO,2023-07-12,2023,2019-2025,2023-09-05,2023-07-04,ADULT|OLDER_ADULT,YES,NO
NCT05948306,PI_PREVENTION,UNKNOWN,INTERVENTIONAL,RANDOMIZED,PARALLEL,YES,YES,NO_RECORDED_INDUSTRY_ROLE,NO,OTHER,SINGLE_COUNTRY,1,NO,PROSPECTIVE_OR_SAME_DAY,COMPLETED,43,NO,YES,2023-07-17,2023,2019-2025,2023-09-27,2023-03-27,ADULT|OLDER_ADULT,YES,NO
NCT05957588,PI_TREATMENT,UNKNOWN,INTERVENTIONAL,RANDOMIZED,PARALLEL,YES,YES,NO_RECORDED_INDUSTRY_ROLE,NO,OTHER,SINGLE_COUNTRY,1,YES,RETROSPECTIVE,COMPLETED,216,NO,YES,2023-07-24,2023,2019-2025,2021-10-01,2023-07-07,ADULT|OLDER_ADULT,YES,NO
NCT05957757,MIXED_WOUND_EXPLICIT_TARGET,UNKNOWN,INTERVENTIONAL,NA,SINGLE_GROUP,NO,NO,INDUSTRY_COLLABORATOR,NO,DRUG,SINGLE_COUNTRY,1,NO,PROSPECTIVE_OR_SAME_DAY,UNKNOWN,20,NO,NO,2023-07-24,2023,2019-2025,2023-08-05,2023-05-12,ADULT|OLDER_ADULT,YES,NO
NCT05960578,MIXED_WOUND_EXPLICIT_TARGET,UNKNOWN,INTERVENTIONAL,NA,SINGLE_GROUP,NO,NO,INDUSTRY_COLLABORATOR,NO,DRUG|PROCEDURE,SINGLE_COUNTRY,1,YES,PROSPECTIVE_OR_SAME_DAY,ACTIVE_NOT_RECRUITING,8,NO,NO,2023-07-27,2023,2019-2025,2024-05-23,2023-07-10,ADULT|OLDER_ADULT,YES,NO
NCT05962931,VLU_RECURRENCE_PREVENTION,ADULT_ONLY_OR_RELEVANT,INTERVENTIONAL,RANDOMIZED,PARALLEL,YES,YES,NO_RECORDED_INDUSTRY_ROLE,NO,BIOLOGICAL|PROCEDURE,SINGLE_COUNTRY,1,NO,PROSPECTIVE_OR_SAME_DAY,UNKNOWN,20,NO,NO,2023-07-27,2023,2019-2025,2023-07-12,2023-07-06,ADULT|OLDER_ADULT,YES,NO
NCT05966896,PI_TREATMENT,UNKNOWN,INTERVENTIONAL,NA,SINGLE_GROUP,NO,NO,NO_RECORDED_INDUSTRY_ROLE,YES,DEVICE,SINGLE_COUNTRY,1,YES,PROSPECTIVE_OR_SAME_DAY,ENROLLING_BY_INVITATION,2,NO,NO,2023-08-01,2023,2019-2025,2026-04-22,2023-07-06,ADULT|OLDER_ADULT,YES,NO
NCT05974982,VLU_ACTIVE_TREATMENT,UNKNOWN,INTERVENTIONAL,RANDOMIZED,PARALLEL,YES,YES,NO_RECORDED_INDUSTRY_ROLE,NO,BIOLOGICAL|OTHER,SINGLE_COUNTRY,1,NO,RETROSPECTIVE,COMPLETED,48,NO,YES,2023-08-03,2023,2019-2025,2022-09-01,2023-07-11,ADULT|OLDER_ADULT,YES,NO
NCT05979402,PI_PREVENTION,UNKNOWN,INTERVENTIONAL,RANDOMIZED,PARALLEL,YES,YES,NO_RECORDED_INDUSTRY_ROLE,NO,OTHER,SINGLE_COUNTRY,1,NO,RETROSPECTIVE,COMPLETED,70,NO,YES,2023-08-07,2023,2019-2025,2023-06-15,2023-07-30,ADULT|OLDER_ADULT,YES,NO
NCT06003686,PI_TREATMENT,UNKNOWN,INTERVENTIONAL,RANDOMIZED,PARALLEL,YES,YES,NO_RECORDED_INDUSTRY_ROLE,NO,BEHAVIORAL,SINGLE_COUNTRY,1,YES,PROSPECTIVE_OR_SAME_DAY,RECRUITING,250,NO,NO,2023-08-22,2023,2019-2025,2024-03-05,2023-08-16,ADULT|OLDER_ADULT,YES,NO
NCT06003712,PI_TREATMENT,UNKNOWN,INTERVENTIONAL,NA,SINGLE_GROUP,NO,NO,NO_RECORDED_INDUSTRY_ROLE,NO,BEHAVIORAL,UNKNOWN,0,UNKNOWN,PROSPECTIVE_OR_SAME_DAY,WITHDRAWN,0,YES,NO,2023-08-22,2023,2019-2025,2026-08-01,2023-08-16,ADULT|OLDER_ADULT,YES,NO
NCT06007235,MIXED_WOUND_EXPLICIT_TARGET,UNKNOWN,INTERVENTIONAL,RANDOMIZED,CROSSOVER,YES,YES,INDUSTRY_LEAD,YES,DEVICE|DRUG,SINGLE_COUNTRY,1,NO,PROSPECTIVE_OR_SAME_DAY,UNKNOWN,16,NO,NO,2023-08-23,2023,2019-2025,2024-01-29,2023-08-07,CHILD|ADULT,YES,NO
NCT06011876,PI_TREATMENT,UNKNOWN,INTERVENTIONAL,RANDOMIZED,CROSSOVER,YES,YES,NO_RECORDED_INDUSTRY_ROLE,NO,OTHER,SINGLE_COUNTRY,1,YES,PROSPECTIVE_OR_SAME_DAY,RECRUITING,62,NO,NO,2023-08-25,2023,2019-2025,2023-12-21,2023-08-01,ADULT|OLDER_ADULT,YES,NO
NCT06013046,PI_TREATMENT,UNKNOWN,INTERVENTIONAL,RANDOMIZED,PARALLEL,YES,YES,NO_RECORDED_INDUSTRY_ROLE,NO,BEHAVIORAL,SINGLE_COUNTRY,1,YES,PROSPECTIVE_OR_SAME_DAY,RECRUITING,108,NO,NO,2023-08-28,2023,2019-2025,2023-08-10,2023-06-02,ADULT|OLDER_ADULT,YES,NO
NCT06015139,PI_PREVENTION,UNKNOWN,INTERVENTIONAL,RANDOMIZED,PARALLEL,YES,YES,NO_RECORDED_INDUSTRY_ROLE,YES,DEVICE,SINGLE_COUNTRY,1,NO,PROSPECTIVE_OR_SAME_DAY,COMPLETED,50,NO,YES,2023-08-29,2023,2019-2025,2023-08-01,2023-07-03,ADULT|OLDER_ADULT,YES,NO
NCT06019949,PI_TREATMENT,UNKNOWN,INTERVENTIONAL,RANDOMIZED,PARALLEL,YES,YES,NO_RECORDED_INDUSTRY_ROLE,YES,DEVICE,SINGLE_COUNTRY,1,YES,PROSPECTIVE_OR_SAME_DAY,RECRUITING,36,NO,NO,2023-08-31,2023,2019-2025,2023-09-10,2023-08-22,ADULT|OLDER_ADULT,YES,NO
NCT06025370,PI_PREVENTION,UNKNOWN,INTERVENTIONAL,NON_RANDOMIZED,CROSSOVER,NO,YES,NO_RECORDED_INDUSTRY_ROLE,NO,OTHER,SINGLE_COUNTRY,1,NO,PROSPECTIVE_OR_SAME_DAY,COMPLETED,30,NO,YES,2023-09-06,2023,2019-2025,2023-10-04,2023-08-29,ADULT|OLDER_ADULT,YES,NO
NCT06027502,PI_TREATMENT,UNKNOWN,INTERVENTIONAL,NA,SINGLE_GROUP,NO,NO,NO_RECORDED_INDUSTRY_ROLE,NO,BEHAVIORAL,SINGLE_COUNTRY,1,NO,PROSPECTIVE_OR_SAME_DAY,UNKNOWN,18,NO,NO,2023-09-07,2023,2019-2025,2023-09-15,2023-07-30,ADULT|OLDER_ADULT,YES,NO
NCT06031714,MIXED_WOUND_EXPLICIT_TARGET,UNKNOWN,INTERVENTIONAL,NON_RANDOMIZED,PARALLEL,NO,YES,NO_RECORDED_INDUSTRY_ROLE,NO,OTHER,SINGLE_COUNTRY,1,NO,PROSPECTIVE_OR_SAME_DAY,RECRUITING,160,NO,NO,2023-09-11,2023,2019-2025,2024-02-06,2023-09-04,CHILD|ADULT|OLDER_ADULT,YES,NO
NCT06040749,PI_TREATMENT,UNKNOWN,INTERVENTIONAL,NA,SINGLE_GROUP,NO,NO,NO_RECORDED_INDUSTRY_ROLE,NO,OTHER,SINGLE_COUNTRY,1,NO,RETROSPECTIVE,COMPLETED,5,NO,YES,2023-09-18,2023,2019-2025,2023-05-05,2023-05-29,ADULT|OLDER_ADULT,YES,NO
NCT06060470,PI_TREATMENT,UNKNOWN,INTERVENTIONAL,RANDOMIZED,PARALLEL,YES,YES,NO_RECORDED_INDUSTRY_ROLE,NO,BEHAVIORAL,SINGLE_COUNTRY,1,YES,PROSPECTIVE_OR_SAME_DAY,NOT_YET_RECRUITING,120,NO,NO,2023-09-29,2023,2019-2025,2024-10-01,2023-09-22,ADULT|OLDER_ADULT,YES,NO
NCT06061796,PI_PREVENTION,UNKNOWN,INTERVENTIONAL,NA,SINGLE_GROUP,NO,NO,NO_RECORDED_INDUSTRY_ROLE,NO,PROCEDURE,SINGLE_COUNTRY,1,NO,PROSPECTIVE_OR_SAME_DAY,UNKNOWN,15,NO,NO,2023-09-29,2023,2019-2025,2024-11-18,2023-09-19,ADULT|OLDER_ADULT,YES,NO
NCT06071039,PI_PREVENTION,UNKNOWN,INTERVENTIONAL,RANDOMIZED,PARALLEL,YES,YES,NO_RECORDED_INDUSTRY_ROLE,NO,COMBINATION_PRODUCT,SINGLE_COUNTRY,1,NO,RETROSPECTIVE,COMPLETED,60,NO,YES,2023-10-06,2023,2019-2025,2023-02-01,2023-09-23,ADULT|OLDER_ADULT,YES,NO
NCT06078488,PI_TREATMENT,ADULT_ONLY_OR_RELEVANT,INTERVENTIONAL,RANDOMIZED,PARALLEL,YES,YES,NO_RECORDED_INDUSTRY_ROLE,NO,OTHER,SINGLE_COUNTRY,1,NO,PROSPECTIVE_OR_SAME_DAY,UNKNOWN,380,NO,NO,2023-10-11,2023,2019-2025,2023-10-23,2023-07-31,ADULT|OLDER_ADULT,YES,NO
NCT06083935,VLU_ACTIVE_TREATMENT,UNKNOWN,INTERVENTIONAL,RANDOMIZED,PARALLEL,YES,YES,NO_RECORDED_INDUSTRY_ROLE,NO,DRUG,UNKNOWN,0,UNKNOWN,PROSPECTIVE_OR_SAME_DAY,UNKNOWN,120,NO,NO,2023-10-16,2023,2019-2025,2023-11-01,2023-09-21,ADULT,YES,NO
NCT06089408,PI_TREATMENT,UNKNOWN,INTERVENTIONAL,RANDOMIZED,PARALLEL,YES,YES,NO_RECORDED_INDUSTRY_ROLE,NO,OTHER,SINGLE_COUNTRY,1,YES,RETROSPECTIVE,RECRUITING,114,NO,NO,2023-10-18,2023,2019-2025,2023-08-01,2023-09-27,ADULT|OLDER_ADULT,YES,NO
NCT06101199,PI_TREATMENT,UNKNOWN,INTERVENTIONAL,RANDOMIZED,CROSSOVER,YES,YES,NO_RECORDED_INDUSTRY_ROLE,NO,OTHER,SINGLE_COUNTRY,1,YES,PROSPECTIVE_OR_SAME_DAY,TERMINATED,4,NO,NO,2023-10-26,2023,2019-2025,2023-10-16,2023-10-02,ADULT|OLDER_ADULT,YES,NO
NCT06107010,PI_TREATMENT,UNKNOWN,INTERVENTIONAL,RANDOMIZED,PARALLEL,YES,YES,INDUSTRY_LEAD,YES,DEVICE,MULTICOUNTRY,3,NO,RETROSPECTIVE,RECRUITING,66,NO,NO,2023-10-30,2023,2019-2025,2023-06-12,2023-10-24,ADULT|OLDER_ADULT,YES,NO
NCT06108999,MIXED_WOUND_EXPLICIT_TARGET,UNKNOWN,INTERVENTIONAL,NON_RANDOMIZED,PARALLEL,NO,YES,INDUSTRY_LEAD,YES,DEVICE,SINGLE_COUNTRY,1,NO,RETROSPECTIVE,UNKNOWN,170,NO,NO,2023-10-31,2023,2019-2025,2022-07-29,2023-10-16,ADULT|OLDER_ADULT,YES,NO
NCT06111183,MIXED_WOUND_EXPLICIT_TARGET,UNKNOWN,INTERVENTIONAL,RANDOMIZED,PARALLEL,YES,YES,INDUSTRY_LEAD,NO,BIOLOGICAL|OTHER,MULTICOUNTRY,3,NO,RETROSPECTIVE,COMPLETED,64,NO,YES,2023-11-01,2023,2019-2025,2023-07-21,2023-10-09,ADULT|OLDER_ADULT,YES,NO
NCT06116123,PI_PREVENTION,UNKNOWN,INTERVENTIONAL,RANDOMIZED,PARALLEL,YES,YES,NO_RECORDED_INDUSTRY_ROLE,YES,DEVICE,SINGLE_COUNTRY,1,NO,RETROSPECTIVE,COMPLETED,60,NO,YES,2023-11-03,2023,2019-2025,2021-03-02,2023-10-25,ADULT|OLDER_ADULT,YES,NO
NCT06127524,PI_PREVENTION,UNKNOWN,INTERVENTIONAL,NON_RANDOMIZED,SINGLE_GROUP,NO,NO,NO_RECORDED_INDUSTRY_ROLE,YES,DEVICE,SINGLE_COUNTRY,1,YES,RETROSPECTIVE,ACTIVE_NOT_RECRUITING,4733,NO,NO,2023-11-13,2023,2019-2025,2022-12-04,2023-10-19,ADULT|OLDER_ADULT,YES,YES
NCT06128005,PI_TREATMENT,UNKNOWN,INTERVENTIONAL,RANDOMIZED,PARALLEL,YES,YES,NO_RECORDED_INDUSTRY_ROLE,NO,BEHAVIORAL,SINGLE_COUNTRY,1,NO,RETROSPECTIVE,UNKNOWN,70,NO,NO,2023-11-13,2023,2019-2025,2020-10-01,2022-04-11,CHILD|ADULT|OLDER_ADULT,YES,NO
NCT06135246,VLU_ACTIVE_TREATMENT,ADULT_ONLY_OR_RELEVANT,INTERVENTIONAL,RANDOMIZED,PARALLEL,YES,YES,NO_RECORDED_INDUSTRY_ROLE,YES,DEVICE|OTHER,SINGLE_COUNTRY,1,NO,PROSPECTIVE_OR_SAME_DAY,UNKNOWN,70,NO,NO,2023-11-18,2023,2019-2025,2023-11-16,2023-11-13,ADULT|OLDER_ADULT,YES,NO
NCT06140355,PI_TREATMENT,ADULT_ONLY_OR_RELEVANT,INTERVENTIONAL,RANDOMIZED,PARALLEL,YES,YES,NO_RECORDED_INDUSTRY_ROLE,NO,BEHAVIORAL,SINGLE_COUNTRY,1,YES,PROSPECTIVE_OR_SAME_DAY,RECRUITING,40,NO,NO,2023-11-20,2023,2019-2025,2024-08-20,2023-11-07,ADULT|OLDER_ADULT,YES,NO
NCT06140706,PI_TREATMENT,UNKNOWN,INTERVENTIONAL,NA,SINGLE_GROUP,NO,NO,INDUSTRY_COLLABORATOR,NO,BEHAVIORAL,SINGLE_COUNTRY,1,YES,PROSPECTIVE_OR_SAME_DAY,NOT_YET_RECRUITING,10,NO,NO,2023-11-20,2023,2019-2025,2025-09-01,2023-11-08,ADULT|OLDER_ADULT,YES,NO
NCT06142123,VLU_ACTIVE_TREATMENT,UNKNOWN,INTERVENTIONAL,RANDOMIZED,PARALLEL,YES,YES,NO_RECORDED_INDUSTRY_ROLE,NO,OTHER,SINGLE_COUNTRY,1,NO,RETROSPECTIVE,UNKNOWN,26,NO,NO,2023-11-21,2023,2019-2025,2023-09-01,2023-11-15,ADULT,YES,NO
NCT06150326,PI_TREATMENT,UNKNOWN,INTERVENTIONAL,RANDOMIZED,PARALLEL,YES,YES,NO_RECORDED_INDUSTRY_ROLE,YES,DEVICE,SINGLE_COUNTRY,1,NO,PROSPECTIVE_OR_SAME_DAY,RECRUITING,60,NO,NO,2023-11-29,2023,2019-2025,2024-06-11,2023-10-18,ADULT|OLDER_ADULT,YES,NO
NCT06151769,PI_PREVENTION,UNKNOWN,INTERVENTIONAL,RANDOMIZED,PARALLEL,YES,YES,NO_RECORDED_INDUSTRY_ROLE,NO,OTHER,SINGLE_COUNTRY,1,NO,PROSPECTIVE_OR_SAME_DAY,UNKNOWN,90,NO,NO,2023-11-30,2023,2019-2025,2024-02-18,2023-11-14,ADULT|OLDER_ADULT,YES,NO
NCT06153589,MIXED_WOUND_EXPLICIT_TARGET,ADULT_ONLY_OR_RELEVANT,INTERVENTIONAL,RANDOMIZED,PARALLEL,YES,YES,NO_RECORDED_INDUSTRY_ROLE,NO,OTHER,SINGLE_COUNTRY,1,NO,PROSPECTIVE_OR_SAME_DAY,RECRUITING,180,NO,NO,2023-12-01,2023,2019-2025,2025-01-08,2023-11-13,ADULT|OLDER_ADULT,YES,NO
NCT06161480,MIXED_WOUND_EXPLICIT_TARGET,ADULT_ONLY_OR_RELEVANT,INTERVENTIONAL,NA,SINGLE_GROUP,NO,NO,NO_RECORDED_INDUSTRY_ROLE,YES,DEVICE,SINGLE_COUNTRY,1,YES,RETROSPECTIVE,COMPLETED,49,NO,YES,2023-12-08,2023,2019-2025,2023-10-06,2023-11-27,ADULT|OLDER_ADULT,YES,YES
NCT06163352,PI_TREATMENT,UNKNOWN,INTERVENTIONAL,NON_RANDOMIZED,PARALLEL,NO,YES,NO_RECORDED_INDUSTRY_ROLE,NO,DRUG,SINGLE_COUNTRY,1,NO,RETROSPECTIVE,COMPLETED,148,NO,YES,2023-12-08,2023,2019-2025,2023-05-01,2023-11-14,ADULT|OLDER_ADULT,YES,NO
NCT06185465,MIXED_WOUND_EXPLICIT_TARGET,UNKNOWN,INTERVENTIONAL,RANDOMIZED,PARALLEL,YES,YES,NO_RECORDED_INDUSTRY_ROLE,YES,DEVICE,SINGLE_COUNTRY,1,NO,PROSPECTIVE_OR_SAME_DAY,UNKNOWN,60,NO,NO,2023-12-29,2023,2019-2025,2024-01-03,2023-11-21,ADULT|OLDER_ADULT,YES,NO
NCT06187506,MIXED_WOUND_EXPLICIT_TARGET,UNKNOWN,INTERVENTIONAL,NA,SINGLE_GROUP,NO,NO,NO_RECORDED_INDUSTRY_ROLE,NO,DRUG,SINGLE_COUNTRY,1,NO,PROSPECTIVE_OR_SAME_DAY,ACTIVE_NOT_RECRUITING,20,NO,NO,2024-01-02,2024,2019-2025,2023-12-18,2023-12-13,ADULT|OLDER_ADULT,YES,NO
NCT06197399,PI_TREATMENT,ADULT_ONLY_OR_RELEVANT,INTERVENTIONAL,RANDOMIZED,PARALLEL,YES,YES,NO_RECORDED_INDUSTRY_ROLE,NO,PROCEDURE,SINGLE_COUNTRY,1,NO,PROSPECTIVE_OR_SAME_DAY,NOT_YET_RECRUITING,222,NO,NO,2024-01-09,2024,2019-2025,2024-02-01,2023-07-30,ADULT|OLDER_ADULT,YES,NO
NCT06210399,MIXED_WOUND_EXPLICIT_TARGET,ADULT_ONLY_OR_RELEVANT,INTERVENTIONAL,NA,SINGLE_GROUP,NO,NO,NO_RECORDED_INDUSTRY_ROLE,NO,PROCEDURE,SINGLE_COUNTRY,1,NO,RETROSPECTIVE,COMPLETED,31,NO,YES,2024-01-18,2024,2019-2025,2023-11-01,2023-11-21,ADULT|OLDER_ADULT,YES,NO
NCT06213012,PI_TREATMENT,UNKNOWN,INTERVENTIONAL,RANDOMIZED,PARALLEL,YES,YES,NO_RECORDED_INDUSTRY_ROLE,YES,DEVICE,SINGLE_COUNTRY,1,YES,PROSPECTIVE_OR_SAME_DAY,RECRUITING,60,NO,NO,2024-01-19,2024,2019-2025,2023-12-06,2023-10-26,ADULT|OLDER_ADULT,YES,NO
NCT06225245,PI_TREATMENT,UNKNOWN,INTERVENTIONAL,NA,SINGLE_GROUP,NO,NO,NO_RECORDED_INDUSTRY_ROLE,YES,DEVICE,SINGLE_COUNTRY,1,YES,PROSPECTIVE_OR_SAME_DAY,RECRUITING,12,NO,NO,2024-01-25,2024,2019-2025,2024-08-06,2023-12-19,ADULT|OLDER_ADULT,YES,NO
NCT06235463,VLU_ACTIVE_TREATMENT,ADULT_ONLY_OR_RELEVANT,INTERVENTIONAL,RANDOMIZED,PARALLEL,YES,YES,NO_RECORDED_INDUSTRY_ROLE,NO,OTHER,SINGLE_COUNTRY,1,YES,PROSPECTIVE_OR_SAME_DAY,RECRUITING,72,NO,NO,2024-02-01,2024,2019-2025,2024-04-09,2024-01-23,ADULT|OLDER_ADULT,YES,NO
NCT06236750,MIXED_WOUND_EXPLICIT_TARGET,UNKNOWN,INTERVENTIONAL,NA,SINGLE_GROUP,NO,NO,INDUSTRY_LEAD,YES,DEVICE,SINGLE_COUNTRY,1,NO,RETROSPECTIVE,RECRUITING,75,NO,NO,2024-02-01,2024,2019-2025,2023-08-04,2024-01-24,CHILD|ADULT|OLDER_ADULT,YES,NO
NCT06243328,PI_TREATMENT,UNKNOWN,INTERVENTIONAL,RANDOMIZED,PARALLEL,YES,YES,NO_RECORDED_INDUSTRY_ROLE,YES,DEVICE,UNKNOWN,0,UNKNOWN,PROSPECTIVE_OR_SAME_DAY,UNKNOWN,40,NO,NO,2024-02-06,2024,2019-2025,2024-02,2024-01-29,CHILD|ADULT|OLDER_ADULT,YES,NO
NCT06255288,VLU_ACTIVE_TREATMENT,UNKNOWN,INTERVENTIONAL,NA,SINGLE_GROUP,NO,NO,NO_RECORDED_INDUSTRY_ROLE,NO,OTHER,SINGLE_COUNTRY,1,NO,RETROSPECTIVE,COMPLETED,15,NO,YES,2024-02-13,2024,2019-2025,2024-01-23,2024-01-25,ADULT|OLDER_ADULT,YES,NO
NCT06270264,PI_TREATMENT,UNKNOWN,INTERVENTIONAL,RANDOMIZED,PARALLEL,YES,YES,NO_RECORDED_INDUSTRY_ROLE,YES,DEVICE,SINGLE_COUNTRY,1,NO,RETROSPECTIVE,COMPLETED,40,NO,YES,2024-02-21,2024,2019-2025,2023-08-01,2024-02-05,ADULT|OLDER_ADULT,YES,NO
NCT06274021,PI_TREATMENT,UNKNOWN,INTERVENTIONAL,NA,SEQUENTIAL,NO,NO,NO_RECORDED_INDUSTRY_ROLE,YES,COMBINATION_PRODUCT|DEVICE,SINGLE_COUNTRY,1,YES,PROSPECTIVE_OR_SAME_DAY,UNKNOWN,16,NO,NO,2024-02-23,2024,2019-2025,2024-03-01,2023-11-17,ADULT|OLDER_ADULT,YES,NO
NCT06280053,MIXED_WOUND_EXPLICIT_TARGET,UNKNOWN,INTERVENTIONAL,NA,SINGLE_GROUP,NO,NO,INDUSTRY_LEAD,YES,DEVICE,UNKNOWN,0,UNKNOWN,RETROSPECTIVE,COMPLETED,18,NO,YES,2024-02-28,2024,2019-2025,2016-03-02,2024-02-20,ADULT|OLDER_ADULT,YES,NO
NCT06283979,PI_TREATMENT,UNKNOWN,INTERVENTIONAL,RANDOMIZED,PARALLEL,YES,YES,INDUSTRY_LEAD,NO,COMBINATION_PRODUCT|PROCEDURE,SINGLE_COUNTRY,1,YES,PROSPECTIVE_OR_SAME_DAY,RECRUITING,60,NO,NO,2024-02-28,2024,2019-2025,2025-06-15,2024-02-21,ADULT|OLDER_ADULT,YES,NO
NCT06294327,PI_PREVENTION,UNKNOWN,INTERVENTIONAL,RANDOMIZED,PARALLEL,YES,YES,NO_RECORDED_INDUSTRY_ROLE,YES,DEVICE,SINGLE_COUNTRY,1,NO,RETROSPECTIVE,UNKNOWN,308,NO,NO,2024-03-05,2024,2019-2025,2024-01-22,2024-02-27,ADULT|OLDER_ADULT,YES,NO
NCT06296771,PI_TREATMENT,UNKNOWN,INTERVENTIONAL,RANDOMIZED,PARALLEL,YES,YES,NO_RECORDED_INDUSTRY_ROLE,NO,OTHER,SINGLE_COUNTRY,1,NO,PROSPECTIVE_OR_SAME_DAY,UNKNOWN,21,NO,NO,2024-03-06,2024,2019-2025,2024-05-22,2024-02-29,ADULT|OLDER_ADULT,YES,NO
NCT06300762,VLU_ACTIVE_TREATMENT,UNKNOWN,INTERVENTIONAL,RANDOMIZED,PARALLEL,YES,YES,INDUSTRY_LEAD,YES,DEVICE,MULTICOUNTRY,2,NO,PROSPECTIVE_OR_SAME_DAY,RECRUITING,152,NO,NO,2024-03-08,2024,2019-2025,2024-08-10,2024-02-20,ADULT|OLDER_ADULT,YES,NO
NCT06302582,PI_TREATMENT,UNKNOWN,INTERVENTIONAL,RANDOMIZED,PARALLEL,YES,YES,NO_RECORDED_INDUSTRY_ROLE,NO,BIOLOGICAL|OTHER,SINGLE_COUNTRY,1,NO,PROSPECTIVE_OR_SAME_DAY,UNKNOWN,40,NO,NO,2024-03-12,2024,2019-2025,2024-02-29,2024-02-07,ADULT|OLDER_ADULT,YES,NO
NCT06308211,PI_TREATMENT,UNKNOWN,INTERVENTIONAL,RANDOMIZED,PARALLEL,YES,YES,NO_RECORDED_INDUSTRY_ROLE,NO,OTHER,SINGLE_COUNTRY,1,NO,RETROSPECTIVE,COMPLETED,50,NO,YES,2024-03-13,2024,2019-2025,2024-02-25,2024-03-04,ADULT|OLDER_ADULT,YES,NO
NCT06313515,PI_TREATMENT,ADULT_ONLY_OR_RELEVANT,INTERVENTIONAL,RANDOMIZED,PARALLEL,YES,YES,NO_RECORDED_INDUSTRY_ROLE,YES,BEHAVIORAL|DEVICE|OTHER,SINGLE_COUNTRY,1,YES,PROSPECTIVE_OR_SAME_DAY,RECRUITING,16,NO,NO,2024-03-15,2024,2019-2025,2024-04-01,2024-03-03,ADULT|OLDER_ADULT,YES,NO
NCT06316726,PI_PREVENTION,UNKNOWN,INTERVENTIONAL,RANDOMIZED,PARALLEL,YES,YES,NO_RECORDED_INDUSTRY_ROLE,NO,COMBINATION_PRODUCT,SINGLE_COUNTRY,1,NO,RETROSPECTIVE,COMPLETED,461,NO,YES,2024-03-18,2024,2019-2025,2021-12-15,2024-02-29,ADULT|OLDER_ADULT,YES,NO
NCT06327113,MIXED_WOUND_EXPLICIT_TARGET,UNKNOWN,INTERVENTIONAL,RANDOMIZED,PARALLEL,YES,YES,NO_RECORDED_INDUSTRY_ROLE,NO,DRUG,SINGLE_COUNTRY,1,YES,PROSPECTIVE_OR_SAME_DAY,RECRUITING,60,NO,NO,2024-03-25,2024,2019-2025,2024-05-17,2024-02-28,ADULT|OLDER_ADULT,YES,NO
NCT06329934,PI_TREATMENT,UNKNOWN,INTERVENTIONAL,RANDOMIZED,PARALLEL,YES,YES,NO_RECORDED_INDUSTRY_ROLE,NO,BEHAVIORAL,SINGLE_COUNTRY,1,NO,RETROSPECTIVE,COMPLETED,96,NO,YES,2024-03-26,2024,2019-2025,2022-05-01,2024-03-19,ADULT,YES,NO
NCT06330493,PI_TREATMENT,UNKNOWN,INTERVENTIONAL,RANDOMIZED,PARALLEL,YES,YES,INDUSTRY_LEAD,YES,DEVICE,MULTICOUNTRY,3,YES,PROSPECTIVE_OR_SAME_DAY,RECRUITING,288,NO,NO,2024-03-26,2024,2019-2025,2025-10-10,2024-03-10,ADULT|OLDER_ADULT,YES,NO
NCT06330506,PI_PREVENTION,UNKNOWN,INTERVENTIONAL,RANDOMIZED,CROSSOVER,YES,YES,NO_RECORDED_INDUSTRY_ROLE,NO,OTHER,SINGLE_COUNTRY,1,NO,PROSPECTIVE_OR_SAME_DAY,RECRUITING,102,NO,NO,2024-03-26,2024,2019-2025,2024-04-10,2024-03-19,ADULT|OLDER_ADULT,YES,NO
NCT06346119,MIXED_WOUND_EXPLICIT_TARGET,UNKNOWN,INTERVENTIONAL,RANDOMIZED,PARALLEL,YES,YES,NO_RECORDED_INDUSTRY_ROLE,NO,OTHER,SINGLE_COUNTRY,1,NO,PROSPECTIVE_OR_SAME_DAY,RECRUITING,72,NO,NO,2024-04-03,2024,2019-2025,2023-02-27,2023-01-05,ADULT|OLDER_ADULT,YES,NO
NCT06350695,VLU_ACTIVE_TREATMENT,UNKNOWN,INTERVENTIONAL,RANDOMIZED,PARALLEL,YES,YES,NO_RECORDED_INDUSTRY_ROLE,YES,DEVICE,SINGLE_COUNTRY,1,YES,RETROSPECTIVE,RECRUITING,50,NO,NO,2024-04-05,2024,2019-2025,2024-01-17,2024-03-18,ADULT|OLDER_ADULT,YES,NO
NCT06353763,PI_TREATMENT,UNKNOWN,INTERVENTIONAL,RANDOMIZED,PARALLEL,YES,YES,NO_RECORDED_INDUSTRY_ROLE,NO,OTHER,SINGLE_COUNTRY,1,NO,RETROSPECTIVE,COMPLETED,127,NO,YES,2024-04-09,2024,2019-2025,2022-02-24,2024-03-25,ADULT|OLDER_ADULT,YES,NO
NCT06354231,PI_TREATMENT,UNKNOWN,INTERVENTIONAL,NA,SINGLE_GROUP,NO,NO,NO_RECORDED_INDUSTRY_ROLE,NO,DRUG|PROCEDURE,SINGLE_COUNTRY,1,NO,RETROSPECTIVE,RECRUITING,20,NO,NO,2024-04-09,2024,2019-2025,2023-07-20,2024-04-03,ADULT|OLDER_ADULT,YES,NO
NCT06362135,PI_TREATMENT,UNKNOWN,INTERVENTIONAL,RANDOMIZED,PARALLEL,YES,YES,NO_RECORDED_INDUSTRY_ROLE,YES,DEVICE,SINGLE_COUNTRY,1,NO,RETROSPECTIVE,UNKNOWN,96,NO,NO,2024-04-12,2024,2019-2025,2023-08-01,2024-04-08,ADULT|OLDER_ADULT,YES,NO
NCT06367179,PI_TREATMENT,UNKNOWN,INTERVENTIONAL,NON_RANDOMIZED,PARALLEL,NO,YES,NO_RECORDED_INDUSTRY_ROLE,NO,OTHER,SINGLE_COUNTRY,1,NO,RETROSPECTIVE,UNKNOWN,92,NO,NO,2024-04-16,2024,2019-2025,2024-03-22,2024-03-24,ADULT|OLDER_ADULT,YES,NO
NCT06369688,PI_TREATMENT,UNKNOWN,INTERVENTIONAL,RANDOMIZED,PARALLEL,YES,YES,NO_RECORDED_INDUSTRY_ROLE,NO,OTHER,UNKNOWN,0,UNKNOWN,PROSPECTIVE_OR_SAME_DAY,NOT_YET_RECRUITING,1620,NO,NO,2024-04-17,2024,2019-2025,2025-10-01,2024-04-11,ADULT|OLDER_ADULT,YES,NO
NCT06374563,PI_TREATMENT,UNKNOWN,INTERVENTIONAL,RANDOMIZED,PARALLEL,YES,YES,NO_RECORDED_INDUSTRY_ROLE,NO,OTHER,SINGLE_COUNTRY,1,NO,RETROSPECTIVE,COMPLETED,30,NO,YES,2024-04-18,2024,2019-2025,2022-11-09,2024-04-16,ADULT,YES,NO
NCT06379711,PI_TREATMENT,UNKNOWN,INTERVENTIONAL,NA,SINGLE_GROUP,NO,NO,NO_RECORDED_INDUSTRY_ROLE,YES,DEVICE,SINGLE_COUNTRY,1,NO,PROSPECTIVE_OR_SAME_DAY,NOT_YET_RECRUITING,22,NO,NO,2024-04-23,2024,2019-2025,2024-08-01,2024-04-02,ADULT|OLDER_ADULT,YES,NO
NCT06406855,PI_TREATMENT,UNKNOWN,INTERVENTIONAL,NA,SINGLE_GROUP,NO,NO,NO_RECORDED_INDUSTRY_ROLE,NO,OTHER,SINGLE_COUNTRY,1,YES,PROSPECTIVE_OR_SAME_DAY,RECRUITING,12,NO,NO,2024-05-09,2024,2019-2025,2024-05-07,2024-05-06,ADULT|OLDER_ADULT,YES,NO
NCT06410001,PI_TREATMENT,UNKNOWN,INTERVENTIONAL,NA,SINGLE_GROUP,NO,NO,NO_RECORDED_INDUSTRY_ROLE,YES,DEVICE,SINGLE_COUNTRY,1,YES,PROSPECTIVE_OR_SAME_DAY,RECRUITING,36,NO,NO,2024-05-10,2024,2019-2025,2026-03-15,2024-04-19,ADULT|OLDER_ADULT,YES,NO
NCT06410833,PI_TREATMENT,UNKNOWN,INTERVENTIONAL,NA,SEQUENTIAL,NO,NO,NO_RECORDED_INDUSTRY_ROLE,NO,DRUG,SINGLE_COUNTRY,1,NO,RETROSPECTIVE,RECRUITING,15,NO,NO,2024-05-13,2024,2019-2025,2024-03-09,2024-04-29,CHILD|ADULT,YES,NO
NCT06416878,PI_TREATMENT,UNKNOWN,INTERVENTIONAL,NA,SINGLE_GROUP,NO,NO,NO_RECORDED_INDUSTRY_ROLE,YES,DEVICE,SINGLE_COUNTRY,1,NO,PROSPECTIVE_OR_SAME_DAY,ACTIVE_NOT_RECRUITING,40,NO,NO,2024-05-16,2024,2019-2025,2024-02-15,2024-01-08,ADULT|OLDER_ADULT,YES,NO
NCT06420245,MIXED_WOUND_EXPLICIT_TARGET,UNKNOWN,INTERVENTIONAL,RANDOMIZED,PARALLEL,YES,YES,INDUSTRY_LEAD,YES,DEVICE|PROCEDURE,SINGLE_COUNTRY,1,YES,PROSPECTIVE_OR_SAME_DAY,RECRUITING,240,NO,NO,2024-05-17,2024,2019-2025,2025-12-30,2024-05-14,ADULT|OLDER_ADULT,YES,NO
NCT06421454,PI_TREATMENT,UNKNOWN,INTERVENTIONAL,RANDOMIZED,PARALLEL,YES,YES,INDUSTRY_COLLABORATOR,NO,DRUG,UNKNOWN,0,UNKNOWN,PROSPECTIVE_OR_SAME_DAY,UNKNOWN,50,NO,NO,2024-05-20,2024,2019-2025,2024-09-01,2021-12-03,ADULT|OLDER_ADULT,YES,NO
NCT06435143,PI_TREATMENT,UNKNOWN,INTERVENTIONAL,NA,SINGLE_GROUP,NO,NO,NO_RECORDED_INDUSTRY_ROLE,YES,DEVICE,UNKNOWN,0,UNKNOWN,PROSPECTIVE_OR_SAME_DAY,UNKNOWN,20,NO,NO,2024-05-30,2024,2019-2025,2024-06-01,2024-05-09,ADULT|OLDER_ADULT,YES,NO
NCT06440538,PI_TREATMENT,UNKNOWN,INTERVENTIONAL,RANDOMIZED,CROSSOVER,YES,YES,NO_RECORDED_INDUSTRY_ROLE,YES,DEVICE,SINGLE_COUNTRY,1,YES,PROSPECTIVE_OR_SAME_DAY,ACTIVE_NOT_RECRUITING,17,NO,NO,2024-06-04,2024,2019-2025,2024-02-15,2023-10-10,ADULT|OLDER_ADULT,YES,NO
NCT06442657,PI_PREVENTION,UNKNOWN,INTERVENTIONAL,RANDOMIZED,PARALLEL,YES,YES,NO_RECORDED_INDUSTRY_ROLE,NO,OTHER,SINGLE_COUNTRY,1,NO,PROSPECTIVE_OR_SAME_DAY,RECRUITING,180,NO,NO,2024-06-04,2024,2019-2025,2024-06-18,2024-05-22,ADULT|OLDER_ADULT,YES,NO
NCT06453187,MIXED_WOUND_EXPLICIT_TARGET,UNKNOWN,INTERVENTIONAL,RANDOMIZED,PARALLEL,YES,YES,INDUSTRY_LEAD,YES,DEVICE|PROCEDURE,SINGLE_COUNTRY,1,YES,PROSPECTIVE_OR_SAME_DAY,ENROLLING_BY_INVITATION,350,NO,NO,2024-06-11,2024,2019-2025,2024-11-18,2024-06-07,ADULT|OLDER_ADULT,YES,NO
NCT06455137,PI_PREVENTION,UNKNOWN,INTERVENTIONAL,NA,SINGLE_GROUP,NO,NO,NO_RECORDED_INDUSTRY_ROLE,YES,DEVICE,SINGLE_COUNTRY,1,NO,RETROSPECTIVE,RECRUITING,20,NO,NO,2024-06-12,2024,2019-2025,2024-04-30,2024-06-07,ADULT|OLDER_ADULT,YES,NO
NCT06465290,PI_TREATMENT,UNKNOWN,INTERVENTIONAL,RANDOMIZED,PARALLEL,YES,YES,NO_RECORDED_INDUSTRY_ROLE,YES,DEVICE,SINGLE_COUNTRY,1,YES,PROSPECTIVE_OR_SAME_DAY,RECRUITING,100,NO,NO,2024-06-18,2024,2019-2025,2026-07-16,2024-05-24,ADULT|OLDER_ADULT,YES,NO
NCT06489028,VLU_ACTIVE_TREATMENT,UNKNOWN,INTERVENTIONAL,RANDOMIZED,PARALLEL,YES,YES,INDUSTRY_LEAD,NO,DRUG,MULTICOUNTRY,12,YES,PROSPECTIVE_OR_SAME_DAY,ACTIVE_NOT_RECRUITING,250,NO,NO,2024-07-05,2024,2019-2025,2024-12-26,2024-06-25,ADULT|OLDER_ADULT,YES,NO
NCT06494020,PI_TREATMENT,UNKNOWN,INTERVENTIONAL,NA,SINGLE_GROUP,NO,NO,INDUSTRY_COLLABORATOR,NO,OTHER,SINGLE_COUNTRY,1,YES,PROSPECTIVE_OR_SAME_DAY,RECRUITING,6,NO,NO,2024-07-10,2024,2019-2025,2024-09-01,2024-07-02,ADULT|OLDER_ADULT,YES,NO
NCT06494059,PI_PREVENTION,UNKNOWN,INTERVENTIONAL,NON_RANDOMIZED,PARALLEL,NO,YES,NO_RECORDED_INDUSTRY_ROLE,NO,OTHER,SINGLE_COUNTRY,1,YES,PROSPECTIVE_OR_SAME_DAY,RECRUITING,25,NO,NO,2024-07-10,2024,2019-2025,2024-11-04,2024-07-02,ADULT|OLDER_ADULT,YES,NO
NCT06499506,VLU_ACTIVE_TREATMENT,UNKNOWN,INTERVENTIONAL,RANDOMIZED,PARALLEL,YES,YES,NO_RECORDED_INDUSTRY_ROLE,NO,PROCEDURE,SINGLE_COUNTRY,1,NO,RETROSPECTIVE,COMPLETED,40,NO,YES,2024-07-12,2024,2019-2025,2024-07-01,2024-07-05,CHILD|ADULT|OLDER_ADULT,YES,NO
NCT06503406,MIXED_WOUND_EXPLICIT_TARGET,UNKNOWN,INTERVENTIONAL,RANDOMIZED,PARALLEL,YES,YES,NO_RECORDED_INDUSTRY_ROLE,YES,DEVICE,UNKNOWN,0,UNKNOWN,PROSPECTIVE_OR_SAME_DAY,NOT_YET_RECRUITING,24,NO,NO,2024-07-16,2024,2019-2025,2025-03,2024-07-01,ADULT|OLDER_ADULT,YES,NO
NCT06509399,PI_PREVENTION,UNKNOWN,INTERVENTIONAL,RANDOMIZED,PARALLEL,YES,YES,NO_RECORDED_INDUSTRY_ROLE,NO,OTHER,SINGLE_COUNTRY,1,NO,RETROSPECTIVE,COMPLETED,72,NO,YES,2024-07-19,2024,2019-2025,2023-05-15,2024-06-27,ADULT|OLDER_ADULT,YES,NO
NCT06510777,VLU_ACTIVE_TREATMENT,ADULT_ONLY_OR_RELEVANT,INTERVENTIONAL,RANDOMIZED,PARALLEL,YES,YES,INDUSTRY_LEAD,YES,DEVICE,SINGLE_COUNTRY,1,NO,RETROSPECTIVE,TERMINATED,142,NO,NO,2024-07-19,2024,2019-2025,2023-12-29,2024-07-15,ADULT|OLDER_ADULT,YES,NO
NCT06513936,PI_TREATMENT,UNKNOWN,INTERVENTIONAL,RANDOMIZED,PARALLEL,YES,YES,NO_RECORDED_INDUSTRY_ROLE,NO,PROCEDURE,SINGLE_COUNTRY,1,NO,PROSPECTIVE_OR_SAME_DAY,ACTIVE_NOT_RECRUITING,120,NO,NO,2024-07-22,2024,2019-2025,2024-10-01,2024-07-15,ADULT,YES,NO
NCT06515093,MIXED_WOUND_EXPLICIT_TARGET,UNKNOWN,INTERVENTIONAL,RANDOMIZED,PARALLEL,YES,YES,INDUSTRY_LEAD,NO,OTHER,SINGLE_COUNTRY,1,YES,RETROSPECTIVE,RECRUITING,180,NO,NO,2024-07-23,2024,2019-2025,2024-06-23,2024-07-17,ADULT|OLDER_ADULT,YES,NO
NCT06522529,PI_TREATMENT,UNKNOWN,INTERVENTIONAL,NA,SINGLE_GROUP,NO,NO,NO_RECORDED_INDUSTRY_ROLE,NO,OTHER,SINGLE_COUNTRY,1,NO,PROSPECTIVE_OR_SAME_DAY,RECRUITING,400,NO,NO,2024-07-26,2024,2019-2025,2024-09-01,2024-07-19,CHILD|ADULT|OLDER_ADULT,YES,NO
NCT06527716,PI_PREVENTION,UNKNOWN,INTERVENTIONAL,NON_RANDOMIZED,PARALLEL,NO,YES,NO_RECORDED_INDUSTRY_ROLE,NO,OTHER,UNKNOWN,0,UNKNOWN,PROSPECTIVE_OR_SAME_DAY,NOT_YET_RECRUITING,118,NO,NO,2024-07-30,2024,2019-2025,2024-10-01,2024-07-23,ADULT|OLDER_ADULT,YES,NO
NCT06528873,VLU_ACTIVE_TREATMENT,UNKNOWN,INTERVENTIONAL,RANDOMIZED,SINGLE_GROUP,YES,NO,NO_RECORDED_INDUSTRY_ROLE,NO,COMBINATION_PRODUCT,MULTICOUNTRY,4,NO,PROSPECTIVE_OR_SAME_DAY,RECRUITING,122,NO,NO,2024-07-30,2024,2019-2025,2025-10-01,2024-07-26,ADULT|OLDER_ADULT,YES,NO
NCT06529094,PI_PREVENTION,UNKNOWN,INTERVENTIONAL,RANDOMIZED,SEQUENTIAL,YES,YES,NO_RECORDED_INDUSTRY_ROLE,NO,BEHAVIORAL,SINGLE_COUNTRY,1,YES,PROSPECTIVE_OR_SAME_DAY,RECRUITING,808,NO,NO,2024-07-31,2024,2019-2025,2024-11-01,2024-07-16,ADULT|OLDER_ADULT,YES,NO
NCT06533436,PI_PREVENTION,UNKNOWN,INTERVENTIONAL,NON_RANDOMIZED,SEQUENTIAL,NO,YES,NO_RECORDED_INDUSTRY_ROLE,YES,DEVICE|OTHER|PROCEDURE,SINGLE_COUNTRY,1,NO,PROSPECTIVE_OR_SAME_DAY,RECRUITING,350,NO,NO,2024-08-01,2024,2019-2025,2024-08-02,2024-02-28,ADULT|OLDER_ADULT,YES,NO
NCT06538974,PI_TREATMENT,ADULT_ONLY_OR_RELEVANT,INTERVENTIONAL,NA,SINGLE_GROUP,NO,NO,INDUSTRY_LEAD,YES,DEVICE,SINGLE_COUNTRY,1,NO,RETROSPECTIVE,RECRUITING,100,NO,NO,2024-08-06,2024,2019-2025,2023-02-16,2024-07-09,ADULT|OLDER_ADULT,YES,NO
NCT06540859,PI_TREATMENT,UNKNOWN,INTERVENTIONAL,RANDOMIZED,PARALLEL,YES,YES,NO_RECORDED_INDUSTRY_ROLE,YES,DEVICE,SINGLE_COUNTRY,1,YES,PROSPECTIVE_OR_SAME_DAY,RECRUITING,26,NO,NO,2024-08-06,2024,2019-2025,2024-12-01,2024-06-27,ADULT|OLDER_ADULT,YES,NO
NCT06541197,PI_TREATMENT,UNKNOWN,INTERVENTIONAL,RANDOMIZED,PARALLEL,YES,YES,NO_RECORDED_INDUSTRY_ROLE,NO,OTHER,SINGLE_COUNTRY,1,NO,PROSPECTIVE_OR_SAME_DAY,COMPLETED,38,NO,YES,2024-08-07,2024,2019-2025,2024-11-01,2024-08-02,ADULT|OLDER_ADULT,YES,NO
NCT06544564,VLU_ACTIVE_TREATMENT,UNKNOWN,INTERVENTIONAL,RANDOMIZED,PARALLEL,YES,YES,INDUSTRY_LEAD,YES,DEVICE|OTHER,SINGLE_COUNTRY,1,YES,PROSPECTIVE_OR_SAME_DAY,TERMINATED,30,NO,NO,2024-08-09,2024,2019-2025,2025-03-31,2024-07-31,ADULT|OLDER_ADULT,YES,NO
NCT06559657,MIXED_WOUND_EXPLICIT_TARGET,UNKNOWN,INTERVENTIONAL,NA,SINGLE_GROUP,NO,NO,NO_RECORDED_INDUSTRY_ROLE,YES,DEVICE,SINGLE_COUNTRY,1,NO,RETROSPECTIVE,COMPLETED,125,NO,YES,2024-08-19,2024,2019-2025,2022-08-12,2024-08-12,ADULT|OLDER_ADULT,YES,NO
NCT06560502,MIXED_WOUND_EXPLICIT_TARGET,UNKNOWN,INTERVENTIONAL,RANDOMIZED,PARALLEL,YES,YES,INDUSTRY_LEAD,NO,OTHER,SINGLE_COUNTRY,1,YES,RETROSPECTIVE,RECRUITING,324,NO,NO,2024-08-19,2024,2019-2025,2024-08-01,2024-08-15,ADULT|OLDER_ADULT,YES,NO
NCT06562296,MIXED_WOUND_EXPLICIT_TARGET,UNKNOWN,INTERVENTIONAL,RANDOMIZED,PARALLEL,YES,YES,INDUSTRY_LEAD,NO,OTHER|PROCEDURE,SINGLE_COUNTRY,1,YES,PROSPECTIVE_OR_SAME_DAY,COMPLETED,292,NO,YES,2024-08-20,2024,2019-2025,2024-10-14,2024-08-12,ADULT|OLDER_ADULT,YES,NO
NCT06563830,PI_PREVENTION,UNKNOWN,INTERVENTIONAL,NA,SINGLE_GROUP,NO,NO,NO_RECORDED_INDUSTRY_ROLE,NO,OTHER,UNKNOWN,0,UNKNOWN,PROSPECTIVE_OR_SAME_DAY,NOT_YET_RECRUITING,35,NO,NO,2024-08-21,2024,2019-2025,2024-11-01,2024-08-08,ADULT|OLDER_ADULT,YES,NO
NCT06564090,PI_TREATMENT,UNKNOWN,INTERVENTIONAL,RANDOMIZED,SINGLE_GROUP,YES,NO,NO_RECORDED_INDUSTRY_ROLE,NO,OTHER,SINGLE_COUNTRY,1,NO,RETROSPECTIVE,RECRUITING,60,NO,NO,2024-08-21,2024,2019-2025,2023-08-15,2024-08-19,ADULT|OLDER_ADULT,YES,NO
NCT06564480,PI_TREATMENT,UNKNOWN,INTERVENTIONAL,RANDOMIZED,PARALLEL,YES,YES,NO_RECORDED_INDUSTRY_ROLE,YES,DEVICE|OTHER,SINGLE_COUNTRY,1,NO,RETROSPECTIVE,COMPLETED,100,NO,YES,2024-08-21,2024,2019-2025,2022-05-24,2024-08-14,ADULT|OLDER_ADULT,YES,NO
NCT06565949,PI_PREVENTION,UNKNOWN,INTERVENTIONAL,RANDOMIZED,SINGLE_GROUP,YES,NO,NO_RECORDED_INDUSTRY_ROLE,NO,OTHER,SINGLE_COUNTRY,1,NO,RETROSPECTIVE,RECRUITING,72,NO,NO,2024-08-22,2024,2019-2025,2024-07-25,2024-08-20,ADULT|OLDER_ADULT,YES,NO
NCT06568627,VLU_ACTIVE_TREATMENT,UNKNOWN,INTERVENTIONAL,RANDOMIZED,PARALLEL,YES,YES,INDUSTRY_LEAD,NO,DRUG,MULTICOUNTRY,5,YES,PROSPECTIVE_OR_SAME_DAY,RECRUITING,216,NO,NO,2024-08-23,2024,2019-2025,2025-06-01,2024-08-04,ADULT|OLDER_ADULT,YES,NO
NCT06583538,PI_TREATMENT,UNKNOWN,INTERVENTIONAL,NA,SINGLE_GROUP,NO,NO,NO_RECORDED_INDUSTRY_ROLE,NO,OTHER,SINGLE_COUNTRY,1,NO,RETROSPECTIVE,COMPLETED,15,NO,YES,2024-09-04,2024,2019-2025,2023-11-22,2023-12-15,ADULT|OLDER_ADULT,YES,NO
NCT06587841,PI_TREATMENT,UNKNOWN,INTERVENTIONAL,RANDOMIZED,PARALLEL,YES,YES,NO_RECORDED_INDUSTRY_ROLE,YES,DEVICE,SINGLE_COUNTRY,1,NO,PROSPECTIVE_OR_SAME_DAY,RECRUITING,60,NO,NO,2024-09-19,2024,2019-2025,2024-10-01,2024-07-29,ADULT|OLDER_ADULT,YES,NO
NCT06588010,PI_TREATMENT,UNKNOWN,INTERVENTIONAL,RANDOMIZED,PARALLEL,YES,YES,NO_RECORDED_INDUSTRY_ROLE,NO,DRUG,SINGLE_COUNTRY,1,NO,PROSPECTIVE_OR_SAME_DAY,RECRUITING,110,NO,NO,2024-09-19,2024,2019-2025,2024-12-16,2024-09-05,ADULT|OLDER_ADULT,YES,NO
NCT06603961,VLU_ACTIVE_TREATMENT,UNKNOWN,INTERVENTIONAL,RANDOMIZED,PARALLEL,YES,YES,NO_RECORDED_INDUSTRY_ROLE,YES,DEVICE,SINGLE_COUNTRY,1,NO,PROSPECTIVE_OR_SAME_DAY,RECRUITING,106,NO,NO,2024-09-19,2024,2019-2025,2025-01-19,2024-09-12,ADULT|OLDER_ADULT,YES,NO
NCT06606210,VLU_ACTIVE_TREATMENT,UNKNOWN,INTERVENTIONAL,RANDOMIZED,PARALLEL,YES,YES,INDUSTRY_LEAD,YES,DEVICE,SINGLE_COUNTRY,1,YES,PROSPECTIVE_OR_SAME_DAY,RECRUITING,120,NO,NO,2024-09-20,2024,2019-2025,2024-09-19,2024-09-13,ADULT|OLDER_ADULT,YES,NO
NCT06608121,PI_TREATMENT,UNKNOWN,INTERVENTIONAL,NA,SINGLE_GROUP,NO,NO,NO_RECORDED_INDUSTRY_ROLE,NO,OTHER,SINGLE_COUNTRY,1,NO,PROSPECTIVE_OR_SAME_DAY,COMPLETED,32,NO,YES,2024-09-23,2024,2019-2025,2024-11-05,2024-09-19,ADULT|OLDER_ADULT,YES,NO
NCT06608303,VLU_ACTIVE_TREATMENT,UNKNOWN,INTERVENTIONAL,RANDOMIZED,PARALLEL,YES,YES,NO_RECORDED_INDUSTRY_ROLE,NO,DRUG,SINGLE_COUNTRY,1,NO,PROSPECTIVE_OR_SAME_DAY,COMPLETED,40,NO,YES,2024-09-23,2024,2019-2025,2024-10-12,2024-09-19,ADULT|OLDER_ADULT,YES,NO
NCT06611748,PI_TREATMENT,UNKNOWN,INTERVENTIONAL,NA,SINGLE_GROUP,NO,NO,NO_RECORDED_INDUSTRY_ROLE,YES,DEVICE,SINGLE_COUNTRY,1,YES,PROSPECTIVE_OR_SAME_DAY,RECRUITING,20,NO,NO,2024-09-25,2024,2019-2025,2025-01-01,2024-09-18,ADULT|OLDER_ADULT,YES,NO
NCT06612996,VLU_ACTIVE_TREATMENT,UNKNOWN,INTERVENTIONAL,RANDOMIZED,PARALLEL,YES,YES,NO_RECORDED_INDUSTRY_ROLE,NO,DRUG|OTHER,UNKNOWN,0,UNKNOWN,PROSPECTIVE_OR_SAME_DAY,NOT_YET_RECRUITING,180,NO,NO,2024-09-25,2024,2019-2025,2024-10-10,2024-09-23,ADULT,YES,NO
NCT06615947,PI_TREATMENT,UNKNOWN,INTERVENTIONAL,RANDOMIZED,PARALLEL,YES,YES,NO_RECORDED_INDUSTRY_ROLE,YES,DEVICE|OTHER,SINGLE_COUNTRY,1,NO,RETROSPECTIVE,COMPLETED,60,NO,YES,2024-09-27,2024,2019-2025,2023-02-28,2023-09-05,ADULT|OLDER_ADULT,YES,NO
NCT06621966,PI_PREVENTION,ADULT_ONLY_OR_RELEVANT,INTERVENTIONAL,NA,SINGLE_GROUP,NO,NO,NO_RECORDED_INDUSTRY_ROLE,NO,OTHER,SINGLE_COUNTRY,1,NO,RETROSPECTIVE,ENROLLING_BY_INVITATION,80,NO,NO,2024-10-01,2024,2019-2025,2024-01-10,2024-09-30,ADULT|OLDER_ADULT,YES,NO
NCT06624540,PI_PREVENTION,UNKNOWN,INTERVENTIONAL,NA,SINGLE_GROUP,NO,NO,NO_RECORDED_INDUSTRY_ROLE,NO,BEHAVIORAL,MULTICOUNTRY,2,NO,PROSPECTIVE_OR_SAME_DAY,RECRUITING,272,NO,NO,2024-10-03,2024,2019-2025,2024-10-10,2024-09-12,ADULT|OLDER_ADULT,YES,NO
NCT06625385,MIXED_WOUND_EXPLICIT_TARGET,UNKNOWN,INTERVENTIONAL,NA,SINGLE_GROUP,NO,NO,INDUSTRY_LEAD,YES,DEVICE,SINGLE_COUNTRY,1,YES,PROSPECTIVE_OR_SAME_DAY,RECRUITING,90,NO,NO,2024-10-03,2024,2019-2025,2025-01-20,2024-09-12,ADULT|OLDER_ADULT,YES,NO
NCT06629506,MIXED_WOUND,UNKNOWN,INTERVENTIONAL,NA,SINGLE_GROUP,NO,NO,INDUSTRY_LEAD,YES,DEVICE,SINGLE_COUNTRY,1,YES,PROSPECTIVE_OR_SAME_DAY,COMPLETED,25,NO,YES,2024-10-08,2024,2019-2025,2024-12-12,2024-10-02,ADULT|OLDER_ADULT,YES,NO
NCT06634095,PI_PREVENTION,UNKNOWN,INTERVENTIONAL,RANDOMIZED,PARALLEL,YES,YES,NO_RECORDED_INDUSTRY_ROLE,NO,BEHAVIORAL,SINGLE_COUNTRY,1,NO,PROSPECTIVE_OR_SAME_DAY,COMPLETED,94,NO,YES,2024-10-09,2024,2019-2025,2024-10-01,2024-09-14,ADULT,YES,NO
NCT06640985,MIXED_WOUND_EXPLICIT_TARGET,UNKNOWN,INTERVENTIONAL,NON_RANDOMIZED,PARALLEL,NO,YES,INDUSTRY_LEAD,YES,DEVICE,SINGLE_COUNTRY,1,NO,PROSPECTIVE_OR_SAME_DAY,ACTIVE_NOT_RECRUITING,43,NO,NO,2024-10-15,2024,2019-2025,2024-12-04,2024-10-10,ADULT|OLDER_ADULT,YES,NO
NCT06642051,VLU_ACTIVE_TREATMENT,UNKNOWN,INTERVENTIONAL,NA,SINGLE_GROUP,NO,NO,INDUSTRY_LEAD,YES,DEVICE,SINGLE_COUNTRY,1,YES,RETROSPECTIVE,ACTIVE_NOT_RECRUITING,30,NO,NO,2024-10-15,2024,2019-2025,2024-09-11,2024-09-13,ADULT|OLDER_ADULT,YES,NO
NCT06644235,VLU_ACTIVE_TREATMENT,UNKNOWN,INTERVENTIONAL,RANDOMIZED,PARALLEL,YES,YES,NO_RECORDED_INDUSTRY_ROLE,NO,OTHER,SINGLE_COUNTRY,1,NO,RETROSPECTIVE,COMPLETED,68,NO,YES,2024-10-16,2024,2019-2025,2023-11-01,2024-10-14,ADULT|OLDER_ADULT,YES,NO
NCT06650982,PI_TREATMENT,UNKNOWN,INTERVENTIONAL,RANDOMIZED,PARALLEL,YES,YES,NO_RECORDED_INDUSTRY_ROLE,NO,OTHER,SINGLE_COUNTRY,1,NO,PROSPECTIVE_OR_SAME_DAY,COMPLETED,120,NO,YES,2024-10-21,2024,2019-2025,2024-05-15,2024-05-15,ADULT|OLDER_ADULT,YES,NO
NCT06652360,VLU_ACTIVE_TREATMENT,UNKNOWN,INTERVENTIONAL,RANDOMIZED,PARALLEL,YES,YES,INDUSTRY_LEAD,YES,DEVICE,SINGLE_COUNTRY,1,NO,PROSPECTIVE_OR_SAME_DAY,COMPLETED,80,NO,YES,2024-10-22,2024,2019-2025,2024-11-18,2024-10-16,ADULT|OLDER_ADULT,YES,NO
NCT06667570,VLU_ACTIVE_TREATMENT,UNKNOWN,INTERVENTIONAL,RANDOMIZED,PARALLEL,YES,YES,NO_RECORDED_INDUSTRY_ROLE,NO,PROCEDURE,SINGLE_COUNTRY,1,NO,RETROSPECTIVE,COMPLETED,35,NO,YES,2024-10-31,2024,2019-2025,2024-10-25,2024-10-28,ADULT|OLDER_ADULT,YES,NO
NCT06672458,PI_TREATMENT,UNKNOWN,INTERVENTIONAL,RANDOMIZED,PARALLEL,YES,YES,NO_RECORDED_INDUSTRY_ROLE,YES,DEVICE|OTHER,SINGLE_COUNTRY,1,YES,PROSPECTIVE_OR_SAME_DAY,RECRUITING,60,NO,NO,2024-11-04,2024,2019-2025,2024-11-01,2024-11-01,ADULT|OLDER_ADULT,YES,NO
NCT06674980,MIXED_WOUND_EXPLICIT_TARGET,UNKNOWN,INTERVENTIONAL,RANDOMIZED,PARALLEL,YES,YES,INDUSTRY_LEAD,NO,OTHER,SINGLE_COUNTRY,1,YES,PROSPECTIVE_OR_SAME_DAY,RECRUITING,177,NO,NO,2024-11-05,2024,2019-2025,2024-12-20,2024-11-04,ADULT|OLDER_ADULT,YES,NO
NCT06675760,PI_PREVENTION,UNKNOWN,INTERVENTIONAL,RANDOMIZED,PARALLEL,YES,YES,NO_RECORDED_INDUSTRY_ROLE,YES,DEVICE,SINGLE_COUNTRY,1,NO,RETROSPECTIVE,COMPLETED,130,NO,YES,2024-11-05,2024,2019-2025,2024-04-22,2024-10-30,CHILD|ADULT|OLDER_ADULT,YES,NO
NCT06681194,MIXED_WOUND_EXPLICIT_TARGET,UNKNOWN,INTERVENTIONAL,RANDOMIZED,PARALLEL,YES,YES,NO_RECORDED_INDUSTRY_ROLE,NO,DRUG,SINGLE_COUNTRY,1,YES,PROSPECTIVE_OR_SAME_DAY,WITHDRAWN,0,YES,NO,2024-11-08,2024,2019-2025,2025-03-01,2024-11-06,ADULT|OLDER_ADULT,YES,NO
NCT06690177,VLU_ACTIVE_TREATMENT,UNKNOWN,INTERVENTIONAL,RANDOMIZED,PARALLEL,YES,YES,INDUSTRY_LEAD,NO,DRUG,MULTICOUNTRY,2,YES,PROSPECTIVE_OR_SAME_DAY,NOT_YET_RECRUITING,45,NO,NO,2024-11-15,2024,2019-2025,2025-04-30,2024-10-29,ADULT|OLDER_ADULT,YES,NO
NCT06691165,PI_TREATMENT,UNKNOWN,INTERVENTIONAL,NA,SINGLE_GROUP,NO,NO,NO_RECORDED_INDUSTRY_ROLE,NO,DRUG,SINGLE_COUNTRY,1,NO,PROSPECTIVE_OR_SAME_DAY,RECRUITING,10,NO,NO,2024-11-15,2024,2019-2025,2025-10-23,2024-10-23,ADULT|OLDER_ADULT,YES,NO
NCT06693570,VLU_ACTIVE_TREATMENT,UNKNOWN,INTERVENTIONAL,RANDOMIZED,PARALLEL,YES,YES,INDUSTRY_LEAD,NO,OTHER,SINGLE_COUNTRY,1,YES,PROSPECTIVE_OR_SAME_DAY,RECRUITING,150,NO,NO,2024-11-18,2024,2019-2025,2024-11-25,2024-11-14,ADULT|OLDER_ADULT,YES,NO
NCT06700551,PI_PREVENTION,UNKNOWN,INTERVENTIONAL,RANDOMIZED,PARALLEL,YES,YES,NO_RECORDED_INDUSTRY_ROLE,NO,OTHER,SINGLE_COUNTRY,1,NO,PROSPECTIVE_OR_SAME_DAY,COMPLETED,172,NO,YES,2024-11-22,2024,2019-2025,2024-10-26,2024-10-20,ADULT|OLDER_ADULT,YES,NO
NCT06705790,PI_TREATMENT,UNKNOWN,INTERVENTIONAL,NA,SINGLE_GROUP,NO,NO,NO_RECORDED_INDUSTRY_ROLE,NO,BEHAVIORAL,SINGLE_COUNTRY,1,NO,PROSPECTIVE_OR_SAME_DAY,RECRUITING,30,NO,NO,2024-11-26,2024,2019-2025,2026-06-01,2024-11-18,ADULT|OLDER_ADULT,YES,NO
NCT06707090,VLU_ACTIVE_TREATMENT,PEDIATRIC_ONLY,INTERVENTIONAL,RANDOMIZED,PARALLEL,YES,YES,INDUSTRY_LEAD,NO,DRUG|OTHER,SINGLE_COUNTRY,1,YES,PROSPECTIVE_OR_SAME_DAY,RECRUITING,312,NO,NO,2024-11-27,2024,2019-2025,2025-01-28,2024-11-24,ADULT|OLDER_ADULT,YES,NO
NCT06707103,VLU_ACTIVE_TREATMENT,PEDIATRIC_ONLY,INTERVENTIONAL,RANDOMIZED,PARALLEL,YES,YES,INDUSTRY_LEAD,NO,DRUG|OTHER,MULTICOUNTRY,2,YES,PROSPECTIVE_OR_SAME_DAY,RECRUITING,312,NO,NO,2024-11-27,2024,2019-2025,2025-04,2024-11-24,ADULT|OLDER_ADULT,YES,NO
NCT06718777,PI_TREATMENT,UNKNOWN,INTERVENTIONAL,RANDOMIZED,PARALLEL,YES,YES,NO_RECORDED_INDUSTRY_ROLE,NO,OTHER,SINGLE_COUNTRY,1,NO,RETROSPECTIVE,COMPLETED,63,NO,YES,2024-12-05,2024,2019-2025,2023-08-01,2024-11-04,ADULT|OLDER_ADULT,YES,NO
NCT06725797,MIXED_WOUND,PEDIATRIC_ONLY,INTERVENTIONAL,RANDOMIZED,PARALLEL,YES,YES,NO_RECORDED_INDUSTRY_ROLE,NO,PROCEDURE,SINGLE_COUNTRY,1,NO,RETROSPECTIVE,ENROLLING_BY_INVITATION,30,NO,NO,2024-12-10,2024,2019-2025,2024-10-20,2024-11-11,ADULT|OLDER_ADULT,YES,NO
NCT06726486,PI_TREATMENT,UNKNOWN,INTERVENTIONAL,RANDOMIZED,PARALLEL,YES,YES,NO_RECORDED_INDUSTRY_ROLE,NO,DIETARY_SUPPLEMENT,SINGLE_COUNTRY,1,NO,RETROSPECTIVE,COMPLETED,69,NO,YES,2024-12-10,2024,2019-2025,2022-01-01,2024-12-04,CHILD|ADULT|OLDER_ADULT,YES,NO
NCT06743607,PI_TREATMENT,UNKNOWN,INTERVENTIONAL,RANDOMIZED,PARALLEL,YES,YES,NO_RECORDED_INDUSTRY_ROLE,NO,BEHAVIORAL,SINGLE_COUNTRY,1,YES,PROSPECTIVE_OR_SAME_DAY,RECRUITING,46,NO,NO,2024-12-20,2024,2019-2025,2025-05-28,2024-12-17,ADULT|OLDER_ADULT,YES,NO
NCT06754735,VLU_ACTIVE_TREATMENT,ADULT_ONLY_OR_RELEVANT,INTERVENTIONAL,RANDOMIZED,PARALLEL,YES,YES,INDUSTRY_LEAD,YES,DEVICE,SINGLE_COUNTRY,1,YES,PROSPECTIVE_OR_SAME_DAY,RECRUITING,212,NO,NO,2025-01-01,2025,2019-2025,2025-01-15,2024-12-16,ADULT|OLDER_ADULT,YES,NO
NCT06756386,VLU_RECURRENCE_PREVENTION,UNKNOWN,INTERVENTIONAL,RANDOMIZED,PARALLEL,YES,YES,NO_RECORDED_INDUSTRY_ROLE,YES,DEVICE|OTHER,UNKNOWN,0,UNKNOWN,PROSPECTIVE_OR_SAME_DAY,NOT_YET_RECRUITING,45,NO,NO,2025-01-03,2025,2019-2025,2025-01-01,2024-12-13,ADULT,YES,NO
NCT06758674,PI_PREVENTION,UNKNOWN,INTERVENTIONAL,RANDOMIZED,PARALLEL,YES,YES,NO_RECORDED_INDUSTRY_ROLE,NO,OTHER,SINGLE_COUNTRY,1,NO,RETROSPECTIVE,ACTIVE_NOT_RECRUITING,52,NO,NO,2025-01-06,2025,2019-2025,2024-11-01,2024-12-27,ADULT|OLDER_ADULT,YES,NO
NCT06764095,MIXED_WOUND_EXPLICIT_TARGET,UNKNOWN,INTERVENTIONAL,NA,SINGLE_GROUP,NO,NO,NO_RECORDED_INDUSTRY_ROLE,NO,BIOLOGICAL|DRUG|OTHER|PROCEDURE,SINGLE_COUNTRY,1,YES,PROSPECTIVE_OR_SAME_DAY,RECRUITING,75,NO,NO,2025-01-08,2025,2019-2025,2025-01-08,2024-12-27,ADULT|OLDER_ADULT,YES,NO
NCT06764953,VLU_ACTIVE_TREATMENT,UNKNOWN,INTERVENTIONAL,RANDOMIZED,PARALLEL,YES,YES,INDUSTRY_LEAD,YES,DEVICE|OTHER,SINGLE_COUNTRY,1,YES,PROSPECTIVE_OR_SAME_DAY,RECRUITING,100,NO,NO,2025-01-09,2025,2019-2025,2024-12-28,2024-12-27,ADULT|OLDER_ADULT,YES,NO
NCT06766903,VLU_ACTIVE_TREATMENT,UNKNOWN,INTERVENTIONAL,RANDOMIZED,PARALLEL,YES,YES,NO_RECORDED_INDUSTRY_ROLE,NO,BEHAVIORAL,SINGLE_COUNTRY,1,NO,RETROSPECTIVE,COMPLETED,30,NO,YES,2025-01-09,2025,2019-2025,2024-04-01,2024-12-26,ADULT|OLDER_ADULT,YES,NO
NCT06770686,PI_PREVENTION,UNKNOWN,INTERVENTIONAL,RANDOMIZED,PARALLEL,YES,YES,NO_RECORDED_INDUSTRY_ROLE,NO,OTHER,UNKNOWN,0,UNKNOWN,RETROSPECTIVE,NOT_YET_RECRUITING,90,NO,NO,2025-01-13,2025,2019-2025,2025-01-01,2025-01-07,ADULT|OLDER_ADULT,YES,NO
NCT06773286,PI_TREATMENT,UNKNOWN,INTERVENTIONAL,RANDOMIZED,PARALLEL,YES,YES,NO_RECORDED_INDUSTRY_ROLE,NO,OTHER,SINGLE_COUNTRY,1,YES,RETROSPECTIVE,RECRUITING,30,NO,NO,2025-01-14,2025,2019-2025,2024-04-08,2025-01-02,ADULT|OLDER_ADULT,YES,NO
NCT06775171,PI_PREVENTION,UNKNOWN,INTERVENTIONAL,RANDOMIZED,PARALLEL,YES,YES,NO_RECORDED_INDUSTRY_ROLE,NO,BEHAVIORAL,SINGLE_COUNTRY,1,NO,RETROSPECTIVE,COMPLETED,270,NO,YES,2025-01-14,2025,2019-2025,2024-01-14,2024-08-29,ADULT|OLDER_ADULT,YES,NO
NCT06777576,PI_TREATMENT,UNKNOWN,INTERVENTIONAL,NA,SINGLE_GROUP,NO,NO,INDUSTRY_LEAD,YES,DEVICE,SINGLE_COUNTRY,1,YES,PROSPECTIVE_OR_SAME_DAY,RECRUITING,24,NO,NO,2025-01-16,2025,2019-2025,2025-02-12,2025-01-08,ADULT|OLDER_ADULT,YES,NO
NCT06780371,PI_PREVENTION,ADULT_ONLY_OR_RELEVANT,INTERVENTIONAL,RANDOMIZED,CROSSOVER,YES,YES,NO_RECORDED_INDUSTRY_ROLE,NO,OTHER,SINGLE_COUNTRY,1,NO,PROSPECTIVE_OR_SAME_DAY,COMPLETED,148,NO,YES,2025-01-17,2025,2019-2025,2025-02-15,2025-01-13,ADULT|OLDER_ADULT,YES,NO
NCT06790277,PI_PREVENTION,UNKNOWN,INTERVENTIONAL,RANDOMIZED,PARALLEL,YES,YES,NO_RECORDED_INDUSTRY_ROLE,YES,DEVICE,SINGLE_COUNTRY,1,NO,RETROSPECTIVE,RECRUITING,100,NO,NO,2025-01-24,2025,2019-2025,2023-10-10,2024-11-25,ADULT|OLDER_ADULT,YES,NO
NCT06791044,PI_TREATMENT,UNKNOWN,INTERVENTIONAL,RANDOMIZED,PARALLEL,YES,YES,NO_RECORDED_INDUSTRY_ROLE,NO,DIETARY_SUPPLEMENT,SINGLE_COUNTRY,1,NO,PROSPECTIVE_OR_SAME_DAY,RECRUITING,120,NO,NO,2025-01-24,2025,2019-2025,2025-06-01,2025-01-12,ADULT|OLDER_ADULT,YES,NO
NCT06801431,PI_TREATMENT,UNKNOWN,INTERVENTIONAL,NA,SINGLE_GROUP,NO,NO,NO_RECORDED_INDUSTRY_ROLE,YES,DEVICE,UNKNOWN,0,UNKNOWN,PROSPECTIVE_OR_SAME_DAY,NOT_YET_RECRUITING,5,NO,NO,2025-01-30,2025,2019-2025,2025-09-01,2025-01-20,CHILD|ADULT|OLDER_ADULT,YES,NO
NCT06811909,VLU_ACTIVE_TREATMENT,UNKNOWN,INTERVENTIONAL,RANDOMIZED,PARALLEL,YES,YES,INDUSTRY_LEAD,NO,OTHER,SINGLE_COUNTRY,1,YES,PROSPECTIVE_OR_SAME_DAY,RECRUITING,60,NO,NO,2025-02-06,2025,2019-2025,2025-02-14,2025-01-22,ADULT|OLDER_ADULT,YES,NO
NCT06812520,VLU_ACTIVE_TREATMENT,ADULT_ONLY_OR_RELEVANT,INTERVENTIONAL,NA,SINGLE_GROUP,NO,NO,NO_RECORDED_INDUSTRY_ROLE,NO,BEHAVIORAL,SINGLE_COUNTRY,1,NO,RETROSPECTIVE,RECRUITING,22,NO,NO,2025-02-06,2025,2019-2025,2024-11-29,2025-02-01,ADULT|OLDER_ADULT,YES,NO
NCT06814015,PI_TREATMENT,UNKNOWN,INTERVENTIONAL,NA,SINGLE_GROUP,NO,NO,INDUSTRY_LEAD,YES,DEVICE,SINGLE_COUNTRY,1,YES,PROSPECTIVE_OR_SAME_DAY,RECRUITING,24,NO,NO,2025-02-07,2025,2019-2025,2025-03-31,2025-01-30,ADULT|OLDER_ADULT,YES,NO
NCT06819800,MIXED_WOUND_EXPLICIT_TARGET,ADULT_ONLY_OR_RELEVANT,INTERVENTIONAL,RANDOMIZED,PARALLEL,YES,YES,NO_RECORDED_INDUSTRY_ROLE,NO,OTHER,SINGLE_COUNTRY,1,NO,RETROSPECTIVE,COMPLETED,84,NO,YES,2025-02-11,2025,2019-2025,2023-12-28,2025-01-08,ADULT|OLDER_ADULT,YES,NO
NCT06819943,PI_TREATMENT,UNKNOWN,INTERVENTIONAL,RANDOMIZED,CROSSOVER,YES,YES,NO_RECORDED_INDUSTRY_ROLE,NO,PROCEDURE,SINGLE_COUNTRY,1,NO,RETROSPECTIVE,RECRUITING,25,NO,NO,2025-02-11,2025,2019-2025,2024-06-01,2025-01-22,ADULT|OLDER_ADULT,YES,NO
NCT06826339,MIXED_WOUND_EXPLICIT_TARGET,UNKNOWN,INTERVENTIONAL,RANDOMIZED,PARALLEL,YES,YES,INDUSTRY_LEAD,NO,OTHER,SINGLE_COUNTRY,1,YES,RETROSPECTIVE,RECRUITING,340,NO,NO,2025-02-13,2025,2019-2025,2024-12-06,2025-02-07,ADULT|OLDER_ADULT,YES,NO
NCT06827925,PI_TREATMENT,UNKNOWN,INTERVENTIONAL,RANDOMIZED,PARALLEL,YES,YES,NO_RECORDED_INDUSTRY_ROLE,NO,OTHER,SINGLE_COUNTRY,1,NO,PROSPECTIVE_OR_SAME_DAY,NOT_YET_RECRUITING,112,NO,NO,2025-02-14,2025,2019-2025,2025-04-01,2025-01-13,ADULT|OLDER_ADULT,YES,NO
NCT06831760,VLU_ACTIVE_TREATMENT,UNKNOWN,INTERVENTIONAL,RANDOMIZED,PARALLEL,YES,YES,NO_RECORDED_INDUSTRY_ROLE,YES,DEVICE,SINGLE_COUNTRY,1,NO,PROSPECTIVE_OR_SAME_DAY,COMPLETED,60,NO,YES,2025-02-18,2025,2019-2025,2025-02-01,2025-01-27,ADULT|OLDER_ADULT,YES,YES
NCT06832345,PI_PREVENTION,UNKNOWN,INTERVENTIONAL,RANDOMIZED,PARALLEL,YES,YES,NO_RECORDED_INDUSTRY_ROLE,NO,OTHER,UNKNOWN,0,UNKNOWN,PROSPECTIVE_OR_SAME_DAY,NOT_YET_RECRUITING,31,NO,NO,2025-02-18,2025,2019-2025,2025-03-01,2024-06-28,ADULT|OLDER_ADULT,YES,NO
NCT06834555,VLU_RECURRENCE_PREVENTION,UNKNOWN,INTERVENTIONAL,NA,SINGLE_GROUP,NO,NO,NO_RECORDED_INDUSTRY_ROLE,NO,DIAGNOSTIC_TEST,UNKNOWN,0,UNKNOWN,PROSPECTIVE_OR_SAME_DAY,NOT_YET_RECRUITING,100,NO,NO,2025-02-19,2025,2019-2025,2025-03-01,2025-02-08,CHILD|ADULT|OLDER_ADULT,YES,NO
NCT06838390,PI_TREATMENT,UNKNOWN,INTERVENTIONAL,RANDOMIZED,PARALLEL,YES,YES,NO_RECORDED_INDUSTRY_ROLE,YES,DEVICE|DRUG|OTHER,SINGLE_COUNTRY,1,NO,RETROSPECTIVE,COMPLETED,44,NO,YES,2025-02-20,2025,2019-2025,2023-02-01,2025-02-16,ADULT,YES,NO
NCT06838637,PI_TREATMENT,UNKNOWN,INTERVENTIONAL,NA,SINGLE_GROUP,NO,NO,INDUSTRY_COLLABORATOR,YES,DEVICE,SINGLE_COUNTRY,1,NO,RETROSPECTIVE,RECRUITING,6,NO,NO,2025-02-20,2025,2019-2025,2024-02-15,2025-02-17,ADULT|OLDER_ADULT,YES,NO
NCT06841198,PI_PREVENTION,UNKNOWN,INTERVENTIONAL,NA,SINGLE_GROUP,NO,NO,NO_RECORDED_INDUSTRY_ROLE,YES,DEVICE|PROCEDURE,SINGLE_COUNTRY,1,YES,PROSPECTIVE_OR_SAME_DAY,RECRUITING,15,NO,NO,2025-02-24,2025,2019-2025,2025-04-01,2025-02-18,ADULT|OLDER_ADULT,YES,NO
NCT06844617,PI_PREVENTION,UNKNOWN,INTERVENTIONAL,RANDOMIZED,CROSSOVER,YES,YES,NO_RECORDED_INDUSTRY_ROLE,YES,DEVICE,SINGLE_COUNTRY,1,NO,PROSPECTIVE_OR_SAME_DAY,ACTIVE_NOT_RECRUITING,30,NO,NO,2025-02-25,2025,2019-2025,2025-06-05,2025-02-05,ADULT|OLDER_ADULT,YES,NO
NCT06845904,PI_TREATMENT,UNKNOWN,INTERVENTIONAL,NA,SINGLE_GROUP,NO,NO,NO_RECORDED_INDUSTRY_ROLE,YES,DEVICE,SINGLE_COUNTRY,1,NO,PROSPECTIVE_OR_SAME_DAY,RECRUITING,3,NO,NO,2025-02-25,2025,2019-2025,2025-03-10,2025-01-28,ADULT|OLDER_ADULT,YES,NO
NCT06847295,PI_TREATMENT,UNKNOWN,INTERVENTIONAL,NA,SINGLE_GROUP,NO,NO,INDUSTRY_COLLABORATOR,NO,PROCEDURE,SINGLE_COUNTRY,1,NO,RETROSPECTIVE,RECRUITING,10,NO,NO,2025-02-26,2025,2019-2025,2022-01-28,2025-02-18,ADULT,YES,NO
NCT06848049,PI_TREATMENT,UNKNOWN,INTERVENTIONAL,RANDOMIZED,CROSSOVER,YES,YES,NO_RECORDED_INDUSTRY_ROLE,NO,OTHER,SINGLE_COUNTRY,1,NO,PROSPECTIVE_OR_SAME_DAY,COMPLETED,30,NO,YES,2025-02-26,2025,2019-2025,2025-06-01,2025-02-21,ADULT|OLDER_ADULT,YES,NO
NCT06848660,PI_TREATMENT,ADULT_ONLY_OR_RELEVANT,INTERVENTIONAL,RANDOMIZED,PARALLEL,YES,YES,NO_RECORDED_INDUSTRY_ROLE,YES,DEVICE,SINGLE_COUNTRY,1,NO,PROSPECTIVE_OR_SAME_DAY,RECRUITING,616,NO,NO,2025-02-27,2025,2019-2025,2025-11-01,2025-02-20,ADULT|OLDER_ADULT,YES,NO
NCT06849024,VLU_ACTIVE_TREATMENT,ADULT_ONLY_OR_RELEVANT,INTERVENTIONAL,RANDOMIZED,PARALLEL,YES,YES,NO_RECORDED_INDUSTRY_ROLE,YES,DEVICE,SINGLE_COUNTRY,1,NO,RETROSPECTIVE,COMPLETED,32,NO,YES,2025-02-27,2025,2019-2025,2018-03-01,2025-02-13,ADULT|OLDER_ADULT,YES,NO
NCT06853210,PI_TREATMENT,UNKNOWN,INTERVENTIONAL,RANDOMIZED,PARALLEL,YES,YES,NO_RECORDED_INDUSTRY_ROLE,YES,DEVICE,SINGLE_COUNTRY,1,NO,PROSPECTIVE_OR_SAME_DAY,COMPLETED,80,NO,YES,2025-02-28,2025,2019-2025,2025-03-01,2025-02-25,ADULT|OLDER_ADULT,YES,YES
NCT06871254,PI_TREATMENT,UNKNOWN,INTERVENTIONAL,NA,SINGLE_GROUP,NO,NO,NO_RECORDED_INDUSTRY_ROLE,NO,OTHER,SINGLE_COUNTRY,1,NO,PROSPECTIVE_OR_SAME_DAY,RECRUITING,24,NO,NO,2025-03-11,2025,2019-2025,2025-03-01,2025-02-27,ADULT|OLDER_ADULT,YES,NO
NCT06899282,PI_TREATMENT,UNKNOWN,INTERVENTIONAL,RANDOMIZED,PARALLEL,YES,YES,NO_RECORDED_INDUSTRY_ROLE,NO,BEHAVIORAL,SINGLE_COUNTRY,1,NO,PROSPECTIVE_OR_SAME_DAY,COMPLETED,62,NO,YES,2025-03-27,2025,2019-2025,2025-04-11,2025-03-17,ADULT|OLDER_ADULT,YES,NO
NCT06906536,PI_TREATMENT,UNKNOWN,INTERVENTIONAL,NON_RANDOMIZED,PARALLEL,NO,YES,NO_RECORDED_INDUSTRY_ROLE,NO,OTHER,SINGLE_COUNTRY,1,YES,RETROSPECTIVE,ENROLLING_BY_INVITATION,100,NO,NO,2025-04-02,2025,2019-2025,2024-03-01,2025-03-11,ADULT|OLDER_ADULT,YES,NO
NCT06918548,PI_TREATMENT,UNKNOWN,INTERVENTIONAL,RANDOMIZED,PARALLEL,YES,YES,INDUSTRY_LEAD,NO,OTHER,UNKNOWN,0,UNKNOWN,PROSPECTIVE_OR_SAME_DAY,NOT_YET_RECRUITING,148,NO,NO,2025-04-09,2025,2019-2025,2026-07-01,2025-03-31,ADULT|OLDER_ADULT,YES,NO
NCT06921551,PI_TREATMENT,UNKNOWN,INTERVENTIONAL,NA,SINGLE_GROUP,NO,NO,INDUSTRY_LEAD,YES,DEVICE,SINGLE_COUNTRY,1,NO,PROSPECTIVE_OR_SAME_DAY,COMPLETED,19,NO,YES,2025-04-10,2025,2019-2025,2025-04-07,2025-03-27,ADULT|OLDER_ADULT,YES,NO
NCT06927479,PI_PREVENTION,UNKNOWN,INTERVENTIONAL,RANDOMIZED,PARALLEL,YES,YES,NO_RECORDED_INDUSTRY_ROLE,NO,OTHER,UNKNOWN,0,UNKNOWN,PROSPECTIVE_OR_SAME_DAY,NOT_YET_RECRUITING,66,NO,NO,2025-04-15,2025,2019-2025,2025-09-01,2025-03-20,OLDER_ADULT,YES,NO
NCT06930716,PI_TREATMENT,UNKNOWN,INTERVENTIONAL,NA,SINGLE_GROUP,NO,NO,NO_RECORDED_INDUSTRY_ROLE,YES,BEHAVIORAL|DEVICE,SINGLE_COUNTRY,1,YES,PROSPECTIVE_OR_SAME_DAY,RECRUITING,15,NO,NO,2025-04-16,2025,2019-2025,2025-08-12,2025-04-09,ADULT|OLDER_ADULT,YES,NO
NCT06930768,VLU_ACTIVE_TREATMENT,UNKNOWN,INTERVENTIONAL,RANDOMIZED,PARALLEL,YES,YES,INDUSTRY_LEAD,NO,OTHER,UNKNOWN,0,UNKNOWN,PROSPECTIVE_OR_SAME_DAY,NOT_YET_RECRUITING,132,NO,NO,2025-04-16,2025,2019-2025,2026-07-01,2025-04-01,ADULT|OLDER_ADULT,YES,NO
NCT06936228,PI_TREATMENT,UNKNOWN,INTERVENTIONAL,RANDOMIZED,PARALLEL,YES,YES,NO_RECORDED_INDUSTRY_ROLE,NO,DIETARY_SUPPLEMENT,SINGLE_COUNTRY,1,NO,RETROSPECTIVE,COMPLETED,62,NO,YES,2025-04-20,2025,2019-2025,2022-04-12,2025-03-24,CHILD|ADULT|OLDER_ADULT,YES,NO
NCT06939673,MIXED_WOUND_EXPLICIT_TARGET,UNKNOWN,INTERVENTIONAL,NA,SINGLE_GROUP,NO,NO,INDUSTRY_LEAD,YES,DEVICE,SINGLE_COUNTRY,1,YES,RETROSPECTIVE,RECRUITING,20,NO,NO,2025-04-23,2025,2019-2025,2024-02-29,2025-04-15,ADULT|OLDER_ADULT,YES,NO
NCT06944431,PI_PREVENTION,UNKNOWN,INTERVENTIONAL,NA,SINGLE_GROUP,NO,NO,NO_RECORDED_INDUSTRY_ROLE,YES,DEVICE,SINGLE_COUNTRY,1,NO,RETROSPECTIVE,COMPLETED,12,NO,YES,2025-04-25,2025,2019-2025,2024-11-20,2025-04-16,ADULT|OLDER_ADULT,YES,NO
NCT06945926,PI_PREVENTION,UNKNOWN,INTERVENTIONAL,NA,SINGLE_GROUP,NO,NO,NO_RECORDED_INDUSTRY_ROLE,NO,DRUG,SINGLE_COUNTRY,1,NO,PROSPECTIVE_OR_SAME_DAY,NOT_YET_RECRUITING,220,NO,NO,2025-04-27,2025,2019-2025,2025-06-01,2025-04-08,OLDER_ADULT,YES,NO
NCT06954857,PI_PREVENTION,UNKNOWN,INTERVENTIONAL,RANDOMIZED,PARALLEL,YES,YES,NO_RECORDED_INDUSTRY_ROLE,YES,DEVICE,SINGLE_COUNTRY,1,NO,PROSPECTIVE_OR_SAME_DAY,RECRUITING,78,NO,NO,2025-05-02,2025,2019-2025,2025-05-09,2025-04-03,ADULT|OLDER_ADULT,YES,NO
NCT06964048,MIXED_WOUND_EXPLICIT_TARGET,ADULT_ONLY_OR_RELEVANT,INTERVENTIONAL,RANDOMIZED,PARALLEL,YES,YES,INDUSTRY_LEAD,YES,DEVICE,UNKNOWN,0,UNKNOWN,PROSPECTIVE_OR_SAME_DAY,NOT_YET_RECRUITING,66,NO,NO,2025-05-09,2025,2019-2025,2025-06,2025-04-15,ADULT|OLDER_ADULT,YES,NO
NCT06965127,PI_TREATMENT,UNKNOWN,INTERVENTIONAL,NA,SINGLE_GROUP,NO,NO,NO_RECORDED_INDUSTRY_ROLE,YES,DEVICE,SINGLE_COUNTRY,1,YES,PROSPECTIVE_OR_SAME_DAY,RECRUITING,5,NO,NO,2025-05-11,2025,2019-2025,2025-08-27,2025-04-22,ADULT|OLDER_ADULT,YES,NO
NCT06967116,PI_TREATMENT,UNKNOWN,INTERVENTIONAL,RANDOMIZED,SINGLE_GROUP,YES,NO,NO_RECORDED_INDUSTRY_ROLE,NO,PROCEDURE,SINGLE_COUNTRY,1,NO,RETROSPECTIVE,COMPLETED,248,NO,YES,2025-05-13,2025,2019-2025,2024-10-18,2025-05-01,ADULT|OLDER_ADULT,YES,NO
NCT06974552,PI_TREATMENT,ADULT_ONLY_OR_RELEVANT,INTERVENTIONAL,RANDOMIZED,PARALLEL,YES,YES,NO_RECORDED_INDUSTRY_ROLE,NO,PROCEDURE,SINGLE_COUNTRY,1,NO,PROSPECTIVE_OR_SAME_DAY,RECRUITING,72,NO,NO,2025-05-16,2025,2019-2025,2025-05-08,2025-05-08,CHILD|ADULT|OLDER_ADULT,YES,NO
NCT06978283,PI_PREVENTION,UNKNOWN,INTERVENTIONAL,RANDOMIZED,PARALLEL,YES,YES,NO_RECORDED_INDUSTRY_ROLE,NO,BEHAVIORAL,SINGLE_COUNTRY,1,NO,PROSPECTIVE_OR_SAME_DAY,NOT_YET_RECRUITING,84,NO,NO,2025-05-18,2025,2019-2025,2025-05-09,2025-05-03,ADULT,YES,NO
NCT06981962,PI_PREVENTION,UNKNOWN,INTERVENTIONAL,RANDOMIZED,SINGLE_GROUP,YES,NO,NO_RECORDED_INDUSTRY_ROLE,NO,OTHER,SINGLE_COUNTRY,1,NO,RETROSPECTIVE,COMPLETED,128,NO,YES,2025-05-21,2025,2019-2025,2024-09-05,2025-05-07,ADULT|OLDER_ADULT,YES,NO
NCT06999265,PI_TREATMENT,UNKNOWN,INTERVENTIONAL,RANDOMIZED,CROSSOVER,YES,YES,NO_RECORDED_INDUSTRY_ROLE,YES,BEHAVIORAL|DEVICE,SINGLE_COUNTRY,1,YES,RETROSPECTIVE,COMPLETED,15,NO,YES,2025-05-31,2025,2019-2025,2022-09-14,2025-05-22,ADULT|OLDER_ADULT,YES,YES
NCT06999590,PI_TREATMENT,UNKNOWN,INTERVENTIONAL,RANDOMIZED,PARALLEL,YES,YES,INDUSTRY_LEAD,NO,OTHER,SINGLE_COUNTRY,1,YES,RETROSPECTIVE,RECRUITING,500,NO,NO,2025-05-31,2025,2019-2025,2025-05-20,2025-05-22,ADULT|OLDER_ADULT,YES,NO
NCT07002151,PI_TREATMENT,UNKNOWN,INTERVENTIONAL,RANDOMIZED,PARALLEL,YES,YES,NO_RECORDED_INDUSTRY_ROLE,NO,OTHER,SINGLE_COUNTRY,1,NO,RETROSPECTIVE,COMPLETED,36,NO,YES,2025-06-03,2025,2019-2025,2024-01-10,2025-05-18,ADULT,YES,NO
NCT07002437,PI_TREATMENT,UNKNOWN,INTERVENTIONAL,RANDOMIZED,PARALLEL,YES,YES,NO_RECORDED_INDUSTRY_ROLE,NO,OTHER,SINGLE_COUNTRY,1,YES,PROSPECTIVE_OR_SAME_DAY,RECRUITING,18,NO,NO,2025-06-03,2025,2019-2025,2025-11-20,2025-05-02,ADULT|OLDER_ADULT,YES,NO
NCT07013877,PI_TREATMENT,UNKNOWN,INTERVENTIONAL,RANDOMIZED,PARALLEL,YES,YES,NO_RECORDED_INDUSTRY_ROLE,NO,BEHAVIORAL,UNKNOWN,0,UNKNOWN,PROSPECTIVE_OR_SAME_DAY,NOT_YET_RECRUITING,456,NO,NO,2025-06-10,2025,2019-2025,2026-07,2025-06-02,ADULT|OLDER_ADULT,YES,NO
NCT07023185,VLU_ACTIVE_TREATMENT,UNKNOWN,INTERVENTIONAL,RANDOMIZED,PARALLEL,YES,YES,INDUSTRY_COLLABORATOR,YES,DEVICE|OTHER,SINGLE_COUNTRY,1,YES,PROSPECTIVE_OR_SAME_DAY,RECRUITING,90,NO,NO,2025-06-15,2025,2019-2025,2025-12-15,2025-06-06,ADULT|OLDER_ADULT,YES,NO
NCT07023770,PI_TREATMENT,UNKNOWN,INTERVENTIONAL,NON_RANDOMIZED,SINGLE_GROUP,NO,NO,NO_RECORDED_INDUSTRY_ROLE,NO,BEHAVIORAL,SINGLE_COUNTRY,1,NO,PROSPECTIVE_OR_SAME_DAY,NOT_YET_RECRUITING,3,NO,NO,2025-06-17,2025,2019-2025,2025-06-20,2025-04-22,ADULT|OLDER_ADULT,YES,NO
NCT07025629,PI_TREATMENT,UNKNOWN,INTERVENTIONAL,RANDOMIZED,PARALLEL,YES,YES,NO_RECORDED_INDUSTRY_ROLE,NO,DRUG,SINGLE_COUNTRY,1,NO,PROSPECTIVE_OR_SAME_DAY,RECRUITING,600,NO,NO,2025-06-17,2025,2019-2025,2025-12-02,2025-05-12,ADULT|OLDER_ADULT,YES,NO
NCT07027358,PI_PREVENTION,UNKNOWN,INTERVENTIONAL,NA,SINGLE_GROUP,NO,NO,INDUSTRY_LEAD,YES,DEVICE,SINGLE_COUNTRY,1,NO,RETROSPECTIVE,TERMINATED,30,NO,NO,2025-06-18,2025,2019-2025,2024-09-03,2025-05-19,OLDER_ADULT,YES,NO
NCT07028892,PI_PREVENTION,UNKNOWN,INTERVENTIONAL,RANDOMIZED,PARALLEL,YES,YES,NO_RECORDED_INDUSTRY_ROLE,YES,DEVICE|OTHER,SINGLE_COUNTRY,1,YES,PROSPECTIVE_OR_SAME_DAY,NOT_YET_RECRUITING,60,NO,NO,2025-06-19,2025,2019-2025,2025-08-01,2025-06-11,ADULT|OLDER_ADULT,YES,NO
NCT07029594,PI_TREATMENT,ADULT_ONLY_OR_RELEVANT,INTERVENTIONAL,RANDOMIZED,CROSSOVER,YES,YES,NO_RECORDED_INDUSTRY_ROLE,NO,OTHER,SINGLE_COUNTRY,1,NO,PROSPECTIVE_OR_SAME_DAY,RECRUITING,35,NO,NO,2025-06-19,2025,2019-2025,2025-09-05,2025-06-12,ADULT|OLDER_ADULT,YES,NO
NCT07031180,VLU_ACTIVE_TREATMENT,ADULT_ONLY_OR_RELEVANT,INTERVENTIONAL,RANDOMIZED,PARALLEL,YES,YES,NO_RECORDED_INDUSTRY_ROLE,NO,OTHER,SINGLE_COUNTRY,1,NO,PROSPECTIVE_OR_SAME_DAY,NOT_YET_RECRUITING,142,NO,NO,2025-06-22,2025,2019-2025,2025-09,2025-06-12,ADULT|OLDER_ADULT,YES,NO
NCT07036107,PI_TREATMENT,UNKNOWN,INTERVENTIONAL,RANDOMIZED,PARALLEL,YES,YES,INDUSTRY_LEAD,YES,DEVICE|OTHER,SINGLE_COUNTRY,1,NO,PROSPECTIVE_OR_SAME_DAY,RECRUITING,80,NO,NO,2025-06-25,2025,2019-2025,2026-01-15,2025-06-06,ADULT|OLDER_ADULT,YES,NO
NCT07044739,VLU_ACTIVE_TREATMENT,UNKNOWN,INTERVENTIONAL,RANDOMIZED,PARALLEL,YES,YES,NO_RECORDED_INDUSTRY_ROLE,NO,BEHAVIORAL,UNKNOWN,0,UNKNOWN,PROSPECTIVE_OR_SAME_DAY,NOT_YET_RECRUITING,60,NO,NO,2025-07-01,2025,2019-2025,2025-08-15,2025-06-13,ADULT|OLDER_ADULT,YES,NO
NCT07046767,MIXED_WOUND_EXPLICIT_TARGET,UNKNOWN,INTERVENTIONAL,RANDOMIZED,PARALLEL,YES,YES,INDUSTRY_COLLABORATOR,NO,OTHER,SINGLE_COUNTRY,1,YES,PROSPECTIVE_OR_SAME_DAY,RECRUITING,165,NO,NO,2025-07-01,2025,2019-2025,2025-10-01,2025-06-23,ADULT|OLDER_ADULT,YES,NO
NCT07048054,MIXED_WOUND_EXPLICIT_TARGET,ADULT_ONLY_OR_RELEVANT,INTERVENTIONAL,NA,SINGLE_GROUP,NO,NO,NO_RECORDED_INDUSTRY_ROLE,NO,DRUG,SINGLE_COUNTRY,1,NO,PROSPECTIVE_OR_SAME_DAY,RECRUITING,18,NO,NO,2025-07-02,2025,2019-2025,2025-07,2025-06-13,ADULT|OLDER_ADULT,YES,NO
NCT07054424,PI_TREATMENT,UNKNOWN,INTERVENTIONAL,RANDOMIZED,PARALLEL,YES,YES,NO_RECORDED_INDUSTRY_ROLE,YES,DEVICE|OTHER,SINGLE_COUNTRY,1,NO,RETROSPECTIVE,RECRUITING,54,NO,NO,2025-07-08,2025,2019-2025,2025-06-05,2025-06-08,ADULT|OLDER_ADULT,YES,NO
NCT07061613,VLU_ACTIVE_TREATMENT,UNKNOWN,INTERVENTIONAL,NA,SINGLE_GROUP,NO,NO,INDUSTRY_LEAD,NO,OTHER,SINGLE_COUNTRY,1,YES,PROSPECTIVE_OR_SAME_DAY,RECRUITING,10,NO,NO,2025-07-11,2025,2019-2025,2025-09-02,2025-07-01,ADULT|OLDER_ADULT,YES,NO
NCT07074743,PI_TREATMENT,ADULT_ONLY_OR_RELEVANT,INTERVENTIONAL,RANDOMIZED,PARALLEL,YES,YES,NO_RECORDED_INDUSTRY_ROLE,NO,OTHER,SINGLE_COUNTRY,1,NO,PROSPECTIVE_OR_SAME_DAY,RECRUITING,216,NO,NO,2025-07-20,2025,2019-2025,2025-12-26,2025-06-29,ADULT|OLDER_ADULT,YES,NO
NCT07089602,MIXED_WOUND_EXPLICIT_TARGET,UNKNOWN,INTERVENTIONAL,RANDOMIZED,PARALLEL,YES,YES,INDUSTRY_LEAD,NO,OTHER,SINGLE_COUNTRY,1,YES,PROSPECTIVE_OR_SAME_DAY,RECRUITING,650,NO,NO,2025-07-28,2025,2019-2025,2025-07-15,2025-06-30,ADULT|OLDER_ADULT,YES,NO
NCT07093437,PI_PREVENTION,UNKNOWN,INTERVENTIONAL,RANDOMIZED,PARALLEL,YES,YES,NO_RECORDED_INDUSTRY_ROLE,YES,DEVICE,SINGLE_COUNTRY,1,NO,PROSPECTIVE_OR_SAME_DAY,RECRUITING,188,NO,NO,2025-07-30,2025,2019-2025,2025-09-22,2025-07-09,ADULT|OLDER_ADULT,YES,NO
NCT07096830,MIXED_WOUND_EXPLICIT_TARGET,ADULT_ONLY_OR_RELEVANT,INTERVENTIONAL,RANDOMIZED,PARALLEL,YES,YES,NO_RECORDED_INDUSTRY_ROLE,NO,DRUG|OTHER,SINGLE_COUNTRY,1,NO,PROSPECTIVE_OR_SAME_DAY,NOT_YET_RECRUITING,66,NO,NO,2025-07-31,2025,2019-2025,2025-08-30,2025-07-24,ADULT|OLDER_ADULT,YES,NO
NCT07099911,PI_TREATMENT,UNKNOWN,INTERVENTIONAL,RANDOMIZED,CROSSOVER,YES,YES,NO_RECORDED_INDUSTRY_ROLE,NO,BEHAVIORAL,SINGLE_COUNTRY,1,NO,PROSPECTIVE_OR_SAME_DAY,RECRUITING,20,NO,NO,2025-08-01,2025,2019-2025,2025-08-08,2025-07-15,ADULT|OLDER_ADULT,YES,NO
NCT07109804,PI_TREATMENT,UNKNOWN,INTERVENTIONAL,NA,SINGLE_GROUP,NO,NO,NO_RECORDED_INDUSTRY_ROLE,YES,DEVICE|OTHER|PROCEDURE,SINGLE_COUNTRY,1,YES,PROSPECTIVE_OR_SAME_DAY,RECRUITING,6,NO,NO,2025-08-07,2025,2019-2025,2026-10-30,2025-07-31,ADULT|OLDER_ADULT,YES,NO
NCT07114003,PI_TREATMENT,UNKNOWN,INTERVENTIONAL,RANDOMIZED,PARALLEL,YES,YES,NO_RECORDED_INDUSTRY_ROLE,NO,BEHAVIORAL,SINGLE_COUNTRY,1,NO,PROSPECTIVE_OR_SAME_DAY,RECRUITING,62,NO,NO,2025-08-11,2025,2019-2025,2025-11-01,2025-07-28,ADULT|OLDER_ADULT,YES,NO
NCT07123285,VLU_ACTIVE_TREATMENT,UNKNOWN,INTERVENTIONAL,RANDOMIZED,PARALLEL,YES,YES,NO_RECORDED_INDUSTRY_ROLE,YES,DEVICE,SINGLE_COUNTRY,1,NO,PROSPECTIVE_OR_SAME_DAY,NOT_YET_RECRUITING,96,NO,NO,2025-08-14,2025,2019-2025,2026-05,2025-08-07,ADULT|OLDER_ADULT,YES,NO
NCT07126886,PI_TREATMENT,UNKNOWN,INTERVENTIONAL,NON_RANDOMIZED,PARALLEL,NO,YES,INDUSTRY_LEAD,NO,OTHER,SINGLE_COUNTRY,1,YES,RETROSPECTIVE,RECRUITING,100,NO,NO,2025-08-17,2025,2019-2025,2025-06-11,2025-08-11,ADULT|OLDER_ADULT,YES,NO
NCT07132320,PI_TREATMENT,UNKNOWN,INTERVENTIONAL,RANDOMIZED,PARALLEL,YES,YES,NO_RECORDED_INDUSTRY_ROLE,NO,BIOLOGICAL,SINGLE_COUNTRY,1,NO,RETROSPECTIVE,COMPLETED,95,NO,YES,2025-08-20,2025,2019-2025,2024-11-15,2025-08-12,ADULT|OLDER_ADULT,YES,NO
NCT07135583,PI_TREATMENT,UNKNOWN,INTERVENTIONAL,RANDOMIZED,CROSSOVER,YES,YES,NO_RECORDED_INDUSTRY_ROLE,NO,BEHAVIORAL|OTHER,SINGLE_COUNTRY,1,YES,PROSPECTIVE_OR_SAME_DAY,RECRUITING,20,NO,NO,2025-08-22,2025,2019-2025,2025-09-18,2025-08-14,ADULT|OLDER_ADULT,YES,NO
NCT07141134,PI_PREVENTION,UNKNOWN,INTERVENTIONAL,RANDOMIZED,PARALLEL,YES,YES,NO_RECORDED_INDUSTRY_ROLE,YES,DEVICE|OTHER,SINGLE_COUNTRY,1,NO,PROSPECTIVE_OR_SAME_DAY,NOT_YET_RECRUITING,236,NO,NO,2025-08-26,2025,2019-2025,2025-09-08,2025-08-12,ADULT|OLDER_ADULT,YES,NO
NCT07141342,PI_TREATMENT,UNKNOWN,INTERVENTIONAL,RANDOMIZED,PARALLEL,YES,YES,INDUSTRY_COLLABORATOR,YES,BEHAVIORAL|DEVICE,SINGLE_COUNTRY,1,YES,PROSPECTIVE_OR_SAME_DAY,RECRUITING,92,NO,NO,2025-08-26,2025,2019-2025,2026-02-16,2025-08-13,ADULT|OLDER_ADULT,YES,NO
NCT07147296,PI_TREATMENT,UNKNOWN,INTERVENTIONAL,RANDOMIZED,CROSSOVER,YES,YES,INDUSTRY_LEAD,YES,DEVICE|PROCEDURE,MULTICOUNTRY,2,YES,PROSPECTIVE_OR_SAME_DAY,RECRUITING,60,NO,NO,2025-08-29,2025,2019-2025,2025-10-17,2025-08-14,ADULT|OLDER_ADULT,YES,NO
NCT07152717,VLU_ACTIVE_TREATMENT,ADULT_ONLY_OR_RELEVANT,INTERVENTIONAL,RANDOMIZED,PARALLEL,YES,YES,INDUSTRY_LEAD,YES,DEVICE,SINGLE_COUNTRY,1,YES,PROSPECTIVE_OR_SAME_DAY,NOT_YET_RECRUITING,40,NO,NO,2025-09-03,2025,2019-2025,2025-10-01,2025-08-26,ADULT|OLDER_ADULT,YES,NO
NCT07158658,PI_TREATMENT,UNKNOWN,INTERVENTIONAL,NA,SINGLE_GROUP,NO,NO,INDUSTRY_LEAD,NO,OTHER,SINGLE_COUNTRY,1,YES,PROSPECTIVE_OR_SAME_DAY,RECRUITING,10,NO,NO,2025-09-08,2025,2019-2025,2025-12-01,2025-08-25,ADULT|OLDER_ADULT,YES,NO
NCT07163195,VLU_ACTIVE_TREATMENT,ADULT_ONLY_OR_RELEVANT,INTERVENTIONAL,RANDOMIZED,PARALLEL,YES,YES,NO_RECORDED_INDUSTRY_ROLE,YES,DEVICE,SINGLE_COUNTRY,1,NO,PROSPECTIVE_OR_SAME_DAY,NOT_YET_RECRUITING,110,NO,NO,2025-09-09,2025,2019-2025,2026-07-26,2025-08-31,ADULT|OLDER_ADULT,YES,NO
NCT07170969,PI_TREATMENT,UNKNOWN,INTERVENTIONAL,NA,SINGLE_GROUP,NO,NO,NO_RECORDED_INDUSTRY_ROLE,NO,OTHER,SINGLE_COUNTRY,1,NO,RETROSPECTIVE,COMPLETED,12,NO,YES,2025-09-12,2025,2019-2025,2025-07-15,2025-09-04,ADULT|OLDER_ADULT,YES,NO
NCT07171138,MIXED_WOUND_EXPLICIT_TARGET,MIXED_AGE_OR_ADULT_RELEVANT,INTERVENTIONAL,NA,SEQUENTIAL,NO,NO,NO_RECORDED_INDUSTRY_ROLE,YES,DEVICE,UNKNOWN,0,UNKNOWN,PROSPECTIVE_OR_SAME_DAY,NOT_YET_RECRUITING,80,NO,NO,2025-09-12,2025,2019-2025,2026-05,2025-08-26,ADULT|OLDER_ADULT,YES,NO
NCT07172893,MIXED_WOUND_EXPLICIT_TARGET,UNKNOWN,INTERVENTIONAL,NA,SINGLE_GROUP,NO,NO,INDUSTRY_LEAD,NO,BIOLOGICAL,SINGLE_COUNTRY,1,YES,PROSPECTIVE_OR_SAME_DAY,RECRUITING,150,NO,NO,2025-09-15,2025,2019-2025,2025-12-10,2025-07-18,ADULT|OLDER_ADULT,YES,NO
NCT07193849,PI_TREATMENT,UNKNOWN,INTERVENTIONAL,RANDOMIZED,PARALLEL,YES,YES,NO_RECORDED_INDUSTRY_ROLE,NO,DRUG,SINGLE_COUNTRY,1,NO,RETROSPECTIVE,RECRUITING,76,NO,NO,2025-09-26,2025,2019-2025,2023-12-31,2025-06-29,ADULT|OLDER_ADULT,YES,NO
NCT07203937,PI_TREATMENT,UNKNOWN,INTERVENTIONAL,RANDOMIZED,PARALLEL,YES,YES,NO_RECORDED_INDUSTRY_ROLE,YES,DEVICE,UNKNOWN,0,UNKNOWN,PROSPECTIVE_OR_SAME_DAY,NOT_YET_RECRUITING,36,NO,NO,2025-10-02,2025,2019-2025,2026-01-15,2025-09-24,ADULT|OLDER_ADULT,YES,NO
NCT07204184,PI_TREATMENT,UNKNOWN,INTERVENTIONAL,RANDOMIZED,SEQUENTIAL,YES,YES,NO_RECORDED_INDUSTRY_ROLE,YES,DEVICE,SINGLE_COUNTRY,1,YES,PROSPECTIVE_OR_SAME_DAY,RECRUITING,36,NO,NO,2025-10-02,2025,2019-2025,2026-02-19,2025-09-10,ADULT|OLDER_ADULT,YES,NO
NCT07211243,VLU_ACTIVE_TREATMENT,UNKNOWN,INTERVENTIONAL,RANDOMIZED,PARALLEL,YES,YES,INDUSTRY_LEAD,YES,DEVICE,SINGLE_COUNTRY,1,NO,PROSPECTIVE_OR_SAME_DAY,RECRUITING,150,NO,NO,2025-10-07,2025,2019-2025,2025-09-23,2025-09-11,ADULT|OLDER_ADULT,YES,NO
NCT07212608,PI_TREATMENT,UNKNOWN,INTERVENTIONAL,RANDOMIZED,CROSSOVER,YES,YES,NO_RECORDED_INDUSTRY_ROLE,YES,DEVICE,SINGLE_COUNTRY,1,YES,RETROSPECTIVE,COMPLETED,22,NO,YES,2025-10-08,2025,2019-2025,2022-09-13,2025-03-28,ADULT|OLDER_ADULT,YES,NO
NCT07213739,PI_PREVENTION,ADULT_ONLY_OR_RELEVANT,INTERVENTIONAL,NA,SINGLE_GROUP,NO,NO,INDUSTRY_LEAD,YES,DEVICE,UNKNOWN,0,UNKNOWN,PROSPECTIVE_OR_SAME_DAY,NOT_YET_RECRUITING,20,NO,NO,2025-10-09,2025,2019-2025,2025-09-30,2025-09-03,ADULT|OLDER_ADULT,YES,NO
NCT07218107,PI_PREVENTION,UNKNOWN,INTERVENTIONAL,NA,SINGLE_GROUP,NO,NO,NO_RECORDED_INDUSTRY_ROLE,YES,DEVICE,SINGLE_COUNTRY,1,YES,RETROSPECTIVE,COMPLETED,4,NO,YES,2025-10-20,2025,2019-2025,2024-06-04,2024-07-02,ADULT|OLDER_ADULT,YES,NO
NCT07219329,PI_TREATMENT,UNKNOWN,INTERVENTIONAL,NON_RANDOMIZED,SINGLE_GROUP,NO,NO,NO_RECORDED_INDUSTRY_ROLE,YES,DEVICE,SINGLE_COUNTRY,1,YES,PROSPECTIVE_OR_SAME_DAY,NOT_YET_RECRUITING,30,NO,NO,2025-10-21,2025,2019-2025,2025-11,2025-10-20,ADULT|OLDER_ADULT,YES,NO
NCT07220733,PI_TREATMENT,UNKNOWN,INTERVENTIONAL,NA,SINGLE_GROUP,NO,NO,INDUSTRY_LEAD,YES,DEVICE,SINGLE_COUNTRY,1,YES,RETROSPECTIVE,RECRUITING,5,NO,NO,2025-10-24,2025,2019-2025,2025-10,2025-10-14,ADULT|OLDER_ADULT,YES,NO
NCT07222033,PI_TREATMENT,UNKNOWN,INTERVENTIONAL,NA,SINGLE_GROUP,NO,NO,INDUSTRY_LEAD,YES,DEVICE,SINGLE_COUNTRY,1,YES,RETROSPECTIVE,RECRUITING,12,NO,NO,2025-10-29,2025,2019-2025,2025-08-11,2025-10-14,ADULT|OLDER_ADULT,YES,NO
NCT07223892,MIXED_WOUND_EXPLICIT_TARGET,ADULT_ONLY_OR_RELEVANT,INTERVENTIONAL,RANDOMIZED,PARALLEL,YES,YES,INDUSTRY_LEAD,NO,BIOLOGICAL,UNKNOWN,0,UNKNOWN,PROSPECTIVE_OR_SAME_DAY,NOT_YET_RECRUITING,600,NO,NO,2025-11-03,2025,2019-2025,2026-01-01,2025-10-23,ADULT|OLDER_ADULT,YES,NO
NCT07227181,PI_PREVENTION,MIXED_AGE_OR_ADULT_RELEVANT,INTERVENTIONAL,NA,SINGLE_GROUP,NO,NO,NO_RECORDED_INDUSTRY_ROLE,NO,OTHER,SINGLE_COUNTRY,1,YES,RETROSPECTIVE,RECRUITING,128,NO,NO,2025-11-12,2025,2019-2025,2025-07-23,2025-11-09,CHILD|ADULT|OLDER_ADULT,YES,NO
NCT07230340,VLU_ACTIVE_TREATMENT,UNKNOWN,INTERVENTIONAL,RANDOMIZED,CROSSOVER,YES,YES,INDUSTRY_LEAD,NO,OTHER|PROCEDURE,UNKNOWN,0,UNKNOWN,PROSPECTIVE_OR_SAME_DAY,NOT_YET_RECRUITING,70,NO,NO,2025-11-17,2025,2019-2025,2026-01,2025-11-13,ADULT|OLDER_ADULT,YES,NO
NCT07240649,MIXED_WOUND_EXPLICIT_TARGET,UNKNOWN,INTERVENTIONAL,NA,SINGLE_GROUP,NO,NO,NO_RECORDED_INDUSTRY_ROLE,YES,DEVICE|DRUG,UNKNOWN,0,UNKNOWN,PROSPECTIVE_OR_SAME_DAY,NOT_YET_RECRUITING,100,NO,NO,2025-11-21,2025,2019-2025,2026-08,2025-10-26,CHILD|ADULT|OLDER_ADULT,YES,NO
NCT07251426,MIXED_WOUND_EXPLICIT_TARGET,UNKNOWN,INTERVENTIONAL,RANDOMIZED,PARALLEL,YES,YES,NO_RECORDED_INDUSTRY_ROLE,YES,DEVICE,UNKNOWN,0,UNKNOWN,PROSPECTIVE_OR_SAME_DAY,NOT_YET_RECRUITING,494,NO,NO,2025-11-26,2025,2019-2025,2025-11-30,2025-11-17,ADULT|OLDER_ADULT,YES,NO
NCT07255937,MIXED_WOUND_EXPLICIT_TARGET,ADULT_ONLY_OR_RELEVANT,INTERVENTIONAL,NA,SINGLE_GROUP,NO,NO,INDUSTRY_LEAD,YES,DEVICE,SINGLE_COUNTRY,1,NO,PROSPECTIVE_OR_SAME_DAY,COMPLETED,184,NO,YES,2025-12-01,2025,2019-2025,2025-11-20,2025-11-20,ADULT|OLDER_ADULT,YES,NO
NCT07268482,VLU_ACTIVE_TREATMENT,ADULT_ONLY_OR_RELEVANT,INTERVENTIONAL,RANDOMIZED,PARALLEL,YES,YES,INDUSTRY_LEAD,YES,DEVICE,SINGLE_COUNTRY,1,NO,PROSPECTIVE_OR_SAME_DAY,NOT_YET_RECRUITING,40,NO,NO,2025-12-05,2025,2019-2025,2026-01-15,2025-11-18,ADULT|OLDER_ADULT,YES,NO
NCT07281638,PI_PREVENTION,UNKNOWN,INTERVENTIONAL,NA,SINGLE_GROUP,NO,NO,NO_RECORDED_INDUSTRY_ROLE,YES,DEVICE,UNKNOWN,0,UNKNOWN,PROSPECTIVE_OR_SAME_DAY,NOT_YET_RECRUITING,80,NO,NO,2025-12-15,2025,2019-2025,2026-07-05,2025-12-04,ADULT|OLDER_ADULT,YES,NO
NCT07287254,VLU_ACTIVE_TREATMENT,UNKNOWN,INTERVENTIONAL,RANDOMIZED,PARALLEL,YES,YES,NO_RECORDED_INDUSTRY_ROLE,NO,OTHER,SINGLE_COUNTRY,1,NO,RETROSPECTIVE,COMPLETED,97,NO,YES,2025-12-17,2025,2019-2025,2023-05-02,2025-11-21,ADULT|OLDER_ADULT,YES,NO
NCT07299799,PI_PREVENTION,UNKNOWN,INTERVENTIONAL,NA,SINGLE_GROUP,NO,NO,NO_RECORDED_INDUSTRY_ROLE,NO,BEHAVIORAL,MULTICOUNTRY,2,NO,PROSPECTIVE_OR_SAME_DAY,NOT_YET_RECRUITING,272,NO,NO,2025-12-23,2025,2019-2025,2026-02-15,2025-11-23,ADULT|OLDER_ADULT,YES,NO
NCT07307885,PI_TREATMENT,UNKNOWN,INTERVENTIONAL,RANDOMIZED,PARALLEL,YES,YES,NO_RECORDED_INDUSTRY_ROLE,YES,DEVICE,UNKNOWN,0,UNKNOWN,PROSPECTIVE_OR_SAME_DAY,NOT_YET_RECRUITING,46,NO,NO,2025-12-29,2025,2019-2025,2026-05-01,2025-12-08,ADULT|OLDER_ADULT,YES,NO
NCT07310160,PI_PREVENTION,UNKNOWN,INTERVENTIONAL,RANDOMIZED,PARALLEL,YES,YES,NO_RECORDED_INDUSTRY_ROLE,YES,BEHAVIORAL|DEVICE,UNKNOWN,0,UNKNOWN,PROSPECTIVE_OR_SAME_DAY,NOT_YET_RECRUITING,130,NO,NO,2025-12-30,2025,2019-2025,2026-02-02,2025-12-04,CHILD|ADULT|OLDER_ADULT,YES,NO
NCT07312513,MIXED_WOUND_EXPLICIT_TARGET,UNKNOWN,INTERVENTIONAL,RANDOMIZED,PARALLEL,YES,YES,INDUSTRY_LEAD,YES,DEVICE,SINGLE_COUNTRY,1,NO,RETROSPECTIVE,RECRUITING,104,NO,NO,2025-12-31,2025,2019-2025,2025-05-09,2025-12-17,ADULT|OLDER_ADULT,YES,NO
NCT07313046,PI_PREVENTION,UNKNOWN,INTERVENTIONAL,NA,SINGLE_GROUP,NO,NO,NO_RECORDED_INDUSTRY_ROLE,NO,BEHAVIORAL,SINGLE_COUNTRY,1,NO,RETROSPECTIVE,COMPLETED,57,NO,YES,2025-12-31,2025,2019-2025,2024-07-12,2025-12-17,ADULT|OLDER_ADULT,YES,NO
