Input_ID,Input_Role,Relative_Path,Size_Bytes,SHA256,Required,Analytical_Use
INPUT0001,LOCKED_STEP12_MASTER,data/corrections/step12_age_20260730/STEP12_DETAILED_CODING_AGE_CORRECTED_DRAFT.sqlite,161759232,2afb2717cbd87c25a1d36589fbe11f6fcf0acc31376fea13f8ef2a45d65301aa,YES,Human- and PI-confirmed append-only age-corrected master; historical draft filename retained for provenance
INPUT0002,FROZEN_SAP,codex_chronic_wound_geriatric_relevance_v2/07_REVISED_STATISTICAL_ANALYSIS_PLAN_v2.md,2926,db5b8220e29e336815f1b74b4414b12e849b54c0378be1683a80fabac11cb497,YES,Frozen SAP v2.0 governing the corrected Step 13 rerun
INPUT0003,FROZEN_SCREENING_FRAME,screening/step_11/corrected_1218/STEP11_CORRECTED_SCREENING_MASTER_34972.csv,57076903,f8bc2e43efbe58b7aab0eca82bcf356369485e535c0aa13ef1bc44ec22409505,YES,"Frozen 34,972-record screening frame used to identify 1,218 inclusions"
INPUT0004,OFFICIAL_JSON_ANALYTICAL_INPUT,data/raw/step_07/clinicaltrials_api/full_records/2026-07-25/NCT00596752__v1__lastupdate-2018-04-04.json,82377,b3afcfe45ccbc739537db5cff9609e21c4ccbc13a92e8a94b21a900fd5e6019e,YES,Frozen complete official JSON for NCT00596752
INPUT0005,OFFICIAL_JSON_ANALYTICAL_INPUT,data/raw/step_07/clinicaltrials_api/full_records/2026-07-25/NCT00607646__v1__lastupdate-2019-09-12.json,7517,54957a339c58ff64a58ece24e4e6b36be348a91db58c98ee8b16174ba475a9c5,YES,Frozen complete official JSON for NCT00607646
INPUT0006,OFFICIAL_JSON_ANALYTICAL_INPUT,data/raw/step_07/clinicaltrials_api/full_records/2026-07-25/NCT00613808__v1__lastupdate-2012-01-25.json,5509,3e3a0b170f818563c34708a7d14595a92e9b11f33a631cd590f265e9b976c2b2,YES,Frozen complete official JSON for NCT00613808
INPUT0007,OFFICIAL_JSON_ANALYTICAL_INPUT,data/raw/step_07/clinicaltrials_api/full_records/2026-07-25/NCT00617825__v1__lastupdate-2018-06-15.json,7704,1a1694c60f1d5895be8837fd91114a79db46657e41df1e6a89202b5e5d0a1d19,YES,Frozen complete official JSON for NCT00617825
INPUT0008,OFFICIAL_JSON_ANALYTICAL_INPUT,data/raw/step_07/clinicaltrials_api/full_records/2026-07-25/NCT00623948__v1__lastupdate-2015-05-22.json,7906,3fc99e7a6ea73617726d768a4a21d1c33c729fcca49d583949245a87eb2eb6d3,YES,Frozen complete official JSON for NCT00623948
INPUT0009,OFFICIAL_JSON_ANALYTICAL_INPUT,data/raw/step_07/clinicaltrials_api/full_records/2026-07-25/NCT00624806__v1__lastupdate-2015-04-28.json,32487,76fa1a69e061f9f53cf23c4f246f6fe6ff0987cbb84a18cab0f4fed300d04f10,YES,Frozen complete official JSON for NCT00624806
INPUT0010,OFFICIAL_JSON_ANALYTICAL_INPUT,data/raw/step_07/clinicaltrials_api/full_records/2026-07-25/NCT00627094__v1__lastupdate-2017-09-15.json,19580,e2e873c02c9a0eee8d0c7c3f080090c82aac39a070fce73db2b5cbc2a4ce6539,YES,Frozen complete official JSON for NCT00627094
INPUT0011,OFFICIAL_JSON_ANALYTICAL_INPUT,data/raw/step_07/clinicaltrials_api/full_records/2026-07-25/NCT00627107__v1__lastupdate-2010-11-30.json,5091,ab4f20098b97b5ee020dab2b33820b1fae26b85d12f10978a336133690eafe6f,YES,Frozen complete official JSON for NCT00627107
INPUT0012,OFFICIAL_JSON_ANALYTICAL_INPUT,data/raw/step_07/clinicaltrials_api/full_records/2026-07-25/NCT00628004__v1__lastupdate-2017-04-26.json,4682,68741b58f2d726ec7b7e326ba49d179ae5f416c27ce4825361fbe257d1a90dba,YES,Frozen complete official JSON for NCT00628004
INPUT0013,OFFICIAL_JSON_ANALYTICAL_INPUT,data/raw/step_07/clinicaltrials_api/full_records/2026-07-25/NCT00628602__v1__lastupdate-2015-06-03.json,8171,5542e79321c4fe92c8a51d8349ca246d0004c8a84f17d84a050c5cde84c57870,YES,Frozen complete official JSON for NCT00628602
INPUT0014,OFFICIAL_JSON_ANALYTICAL_INPUT,data/raw/step_07/clinicaltrials_api/full_records/2026-07-25/NCT00629642__v1__lastupdate-2024-11-14.json,14818,efef25ff1e10133b8fbaf0ebf99bc1c96ab0f8dca4df9c95af30ea4a516e1bd6,YES,Frozen complete official JSON for NCT00629642
INPUT0015,OFFICIAL_JSON_ANALYTICAL_INPUT,data/raw/step_07/clinicaltrials_api/full_records/2026-07-25/NCT00646958__v1__lastupdate-2014-03-27.json,23521,ab7df7a6aeaf487c11483642b9ccd3d55855981ad0696bfd556900b96486a26b,YES,Frozen complete official JSON for NCT00646958
INPUT0016,OFFICIAL_JSON_ANALYTICAL_INPUT,data/raw/step_07/clinicaltrials_api/full_records/2026-07-25/NCT00648674__v1__lastupdate-2015-08-19.json,6712,8f7b671f9d587aa1508c42f093a1490dbd5c4934a486a82c511b7e62ef5eea57,YES,Frozen complete official JSON for NCT00648674
INPUT0017,OFFICIAL_JSON_ANALYTICAL_INPUT,data/raw/step_07/clinicaltrials_api/full_records/2026-07-25/NCT00656383__v1__lastupdate-2015-11-20.json,9773,bd2372b6a3d8a9bc6bec626f0b8d7696eb9fa6280dbe009a23d8be2c4a7bb6c4,YES,Frozen complete official JSON for NCT00656383
INPUT0018,OFFICIAL_JSON_ANALYTICAL_INPUT,data/raw/step_07/clinicaltrials_api/full_records/2026-07-25/NCT00660049__v1__lastupdate-2017-12-13.json,10636,f476363bffb5bcd155d6eb92cc8e3319a6269f8f3bd0f8e78a1daeded28d1cd7,YES,Frozen complete official JSON for NCT00660049
INPUT0019,OFFICIAL_JSON_ANALYTICAL_INPUT,data/raw/step_07/clinicaltrials_api/full_records/2026-07-25/NCT00660348__v1__lastupdate-2014-10-08.json,20742,9492f7ce93829feecceda29f38d082a239bae5bed44ba9fa6b5eb9e014e69965,YES,Frozen complete official JSON for NCT00660348
INPUT0020,OFFICIAL_JSON_ANALYTICAL_INPUT,data/raw/step_07/clinicaltrials_api/full_records/2026-07-25/NCT00663091__v1__lastupdate-2011-09-07.json,9052,3ce6a2875d73a98a3fdb51f3e825f26b3ec3c8dadf8f9727a72cab262aac2e9d,YES,Frozen complete official JSON for NCT00663091
INPUT0021,OFFICIAL_JSON_ANALYTICAL_INPUT,data/raw/step_07/clinicaltrials_api/full_records/2026-07-25/NCT00665535__v1__lastupdate-2012-03-21.json,15936,bf5de46fb4e2b82077c3da62cd55c6f2a968e94cfcc1336a0e7829b04589bc69,YES,Frozen complete official JSON for NCT00665535
INPUT0022,OFFICIAL_JSON_ANALYTICAL_INPUT,data/raw/step_07/clinicaltrials_api/full_records/2026-07-25/NCT00671580__v1__lastupdate-2009-06-03.json,15555,f63959a87990835499c4e87d45e985d8f2da2c56d635f4213c022f0266fda09f,YES,Frozen complete official JSON for NCT00671580
INPUT0023,OFFICIAL_JSON_ANALYTICAL_INPUT,data/raw/step_07/clinicaltrials_api/full_records/2026-07-25/NCT00676260__v1__lastupdate-2012-02-28.json,8674,682bc558665b4272a6a8eb3768b35c3badd734fd8844887cab9049931a768adf,YES,Frozen complete official JSON for NCT00676260
INPUT0024,OFFICIAL_JSON_ANALYTICAL_INPUT,data/raw/step_07/clinicaltrials_api/full_records/2026-07-25/NCT00678847__v1__lastupdate-2008-05-16.json,6641,a4373a5c8f99ca7b667ac3ac88ae554601fb6fa65dde81d6763821edcbe12fa8,YES,Frozen complete official JSON for NCT00678847
INPUT0025,OFFICIAL_JSON_ANALYTICAL_INPUT,data/raw/step_07/clinicaltrials_api/full_records/2026-07-25/NCT00691821__v1__lastupdate-2011-07-26.json,11601,0afcd4f2ba739ed84ebc2cd50ac53f1a3eec91ae2c4447386c45c80ee16b080e,YES,Frozen complete official JSON for NCT00691821
INPUT0026,OFFICIAL_JSON_ANALYTICAL_INPUT,data/raw/step_07/clinicaltrials_api/full_records/2026-07-25/NCT00719810__v1__lastupdate-2014-07-14.json,23846,3a3c29b2633606a4e7e456ca7d878d4ab8b77360499fdbb29e885186301f11eb,YES,Frozen complete official JSON for NCT00719810
INPUT0027,OFFICIAL_JSON_ANALYTICAL_INPUT,data/raw/step_07/clinicaltrials_api/full_records/2026-07-25/NCT00720239__v1__lastupdate-2013-02-22.json,5721,57f710da23771984f0e9919451f201f13ddc9cca0cf1eeb9b8ea2d7b5f232c24,YES,Frozen complete official JSON for NCT00720239
INPUT0028,OFFICIAL_JSON_ANALYTICAL_INPUT,data/raw/step_07/clinicaltrials_api/full_records/2026-07-25/NCT00727701__v1__lastupdate-2015-06-26.json,5603,7d577b6857f82280e71ff2baa3327303ada05ce466bd2b2b15ed2f40d184ba66,YES,Frozen complete official JSON for NCT00727701
INPUT0029,OFFICIAL_JSON_ANALYTICAL_INPUT,data/raw/step_07/clinicaltrials_api/full_records/2026-07-25/NCT00759434__v1__lastupdate-2022-08-19.json,9742,4edba2e628d83915db8cd1922b5c29d1e2af691779ddbf68a122a6d9971aaac6,YES,Frozen complete official JSON for NCT00759434
INPUT0030,OFFICIAL_JSON_ANALYTICAL_INPUT,data/raw/step_07/clinicaltrials_api/full_records/2026-07-25/NCT00761839__v1__lastupdate-2015-05-06.json,5111,da29c01caae1c6969406239d96ef2504f2383b916b43ab08f1f66990fa668b97,YES,Frozen complete official JSON for NCT00761839
INPUT0031,OFFICIAL_JSON_ANALYTICAL_INPUT,data/raw/step_07/clinicaltrials_api/full_records/2026-07-25/NCT00762138__v1__lastupdate-2014-02-26.json,11605,e8265109364431296f8d3b5999a747aab40a81bfbba8d0aac699a9453df33f52,YES,Frozen complete official JSON for NCT00762138
INPUT0032,OFFICIAL_JSON_ANALYTICAL_INPUT,data/raw/step_07/clinicaltrials_api/full_records/2026-07-25/NCT00762723__v1__lastupdate-2014-04-17.json,19145,b090fb7ec19df022e8286a02a4b8d36b6d4102b5ca66538d5952c413eff3a173,YES,Frozen complete official JSON for NCT00762723
INPUT0033,OFFICIAL_JSON_ANALYTICAL_INPUT,data/raw/step_07/clinicaltrials_api/full_records/2026-07-25/NCT00762905__v1__lastupdate-2010-01-12.json,7938,2bc4b7e1bebd20fffc9b1013173913820ffb9f0c237d1ccb3b89976b5635894e,YES,Frozen complete official JSON for NCT00762905
INPUT0034,OFFICIAL_JSON_ANALYTICAL_INPUT,data/raw/step_07/clinicaltrials_api/full_records/2026-07-25/NCT00763282__v1__lastupdate-2015-04-27.json,46805,6b178884623a868bf1f0a9ce1af01572a154f42a838e850808892b0807ba705b,YES,Frozen complete official JSON for NCT00763282
INPUT0035,OFFICIAL_JSON_ANALYTICAL_INPUT,data/raw/step_07/clinicaltrials_api/full_records/2026-07-25/NCT00765544__v1__lastupdate-2013-09-23.json,6244,0f9b8393c5544e3e1b2f3c826cb242fa3d140d0cd805c791b642ad47f1934f1e,YES,Frozen complete official JSON for NCT00765544
INPUT0036,OFFICIAL_JSON_ANALYTICAL_INPUT,data/raw/step_07/clinicaltrials_api/full_records/2026-07-25/NCT00766272__v1__lastupdate-2013-09-23.json,7970,68e8346ad344a43159853fdebe4b6155d11030459efe0c9cffcb55de7ee5aff3,YES,Frozen complete official JSON for NCT00766272
INPUT0037,OFFICIAL_JSON_ANALYTICAL_INPUT,data/raw/step_07/clinicaltrials_api/full_records/2026-07-25/NCT00771238__v1__lastupdate-2024-09-05.json,12164,1f77b56e3a0da5f7b68c771a6b8d5f01a1a6edcb5f52527438236120f07a4ac4,YES,Frozen complete official JSON for NCT00771238
INPUT0038,OFFICIAL_JSON_ANALYTICAL_INPUT,data/raw/step_07/clinicaltrials_api/full_records/2026-07-25/NCT00771368__v1__lastupdate-2012-01-19.json,5026,be6a524d4e8ca1aba263d01397615aca41211fb95cd4b6a7f3f75e5029137a06,YES,Frozen complete official JSON for NCT00771368
INPUT0039,OFFICIAL_JSON_ANALYTICAL_INPUT,data/raw/step_07/clinicaltrials_api/full_records/2026-07-25/NCT00796042__v1__lastupdate-2012-06-05.json,26541,daca4fed7fb69a432eb518982b57393318e0f02fcc6f67b207b8a84811a798a9,YES,Frozen complete official JSON for NCT00796042
INPUT0040,OFFICIAL_JSON_ANALYTICAL_INPUT,data/raw/step_07/clinicaltrials_api/full_records/2026-07-25/NCT00796588__v1__lastupdate-2008-11-24.json,8314,1e9502e5dc9a8d0802c6b0f1c86b44025c9b236b7d37d64029e8d0d7fd7ed077,YES,Frozen complete official JSON for NCT00796588
INPUT0041,OFFICIAL_JSON_ANALYTICAL_INPUT,data/raw/step_07/clinicaltrials_api/full_records/2026-07-25/NCT00797706__v1__lastupdate-2010-02-05.json,9101,bd5fccfae78f04a679d03bacb6a2dc8ad729c281f330634000f44f58ecea1503,YES,Frozen complete official JSON for NCT00797706
INPUT0042,OFFICIAL_JSON_ANALYTICAL_INPUT,data/raw/step_07/clinicaltrials_api/full_records/2026-07-25/NCT00807664__v1__lastupdate-2018-01-16.json,19253,3b7707706fd73209545e5a074884bb93cc327bef70a6059a9fc8f65bee131d9f,YES,Frozen complete official JSON for NCT00807664
INPUT0043,OFFICIAL_JSON_ANALYTICAL_INPUT,data/raw/step_07/clinicaltrials_api/full_records/2026-07-25/NCT00815217__v1__lastupdate-2024-07-29.json,9690,88afa1a347a89be249723772c0d4030727c7b5a50ced3c56675a20cc1777b975,YES,Frozen complete official JSON for NCT00815217
INPUT0044,OFFICIAL_JSON_ANALYTICAL_INPUT,data/raw/step_07/clinicaltrials_api/full_records/2026-07-25/NCT00819949__v1__lastupdate-2013-09-20.json,8410,46dff954ae547fc3ab1a710a6539b3c724d2d4f6d6e440120e09977bd35ce555,YES,Frozen complete official JSON for NCT00819949
INPUT0045,OFFICIAL_JSON_ANALYTICAL_INPUT,data/raw/step_07/clinicaltrials_api/full_records/2026-07-25/NCT00820196__v1__lastupdate-2012-09-18.json,8329,aca15d54a7f6f223cff21fc7781500cc6d2ad3db2281b15d891e743e7e5fe9a0,YES,Frozen complete official JSON for NCT00820196
INPUT0046,OFFICIAL_JSON_ANALYTICAL_INPUT,data/raw/step_07/clinicaltrials_api/full_records/2026-07-25/NCT00820274__v1__lastupdate-2015-09-01.json,4618,4e3ca94d5698c53fb5480cbae4707c4b2a7daf2347181950d4f1c29bf84c69ac,YES,Frozen complete official JSON for NCT00820274
INPUT0047,OFFICIAL_JSON_ANALYTICAL_INPUT,data/raw/step_07/clinicaltrials_api/full_records/2026-07-25/NCT00821431__v1__lastupdate-2015-01-09.json,26381,a3288fb89e88473dacec34dacf6ebbdd982ffcba69753cbaba58547821443871,YES,Frozen complete official JSON for NCT00821431
INPUT0048,OFFICIAL_JSON_ANALYTICAL_INPUT,data/raw/step_07/clinicaltrials_api/full_records/2026-07-25/NCT00822224__v1__lastupdate-2011-12-09.json,3980,5d6509d82f51fb688b41e125c1f141c848ebe50409573afc51f1048b66444021,YES,Frozen complete official JSON for NCT00822224
INPUT0049,OFFICIAL_JSON_ANALYTICAL_INPUT,data/raw/step_07/clinicaltrials_api/full_records/2026-07-25/NCT00823446__v1__lastupdate-2012-06-26.json,5467,e486fb26a61db58e740f44ccaa4e10ce7b449b23baee5000c717facea3cb8f8a,YES,Frozen complete official JSON for NCT00823446
INPUT0050,OFFICIAL_JSON_ANALYTICAL_INPUT,data/raw/step_07/clinicaltrials_api/full_records/2026-07-25/NCT00828971__v1__lastupdate-2014-12-08.json,10335,8ef44160d4eb44b14026ead79225e8def4ee7899c329b0d55e998a09f1d8904c,YES,Frozen complete official JSON for NCT00828971
INPUT0051,OFFICIAL_JSON_ANALYTICAL_INPUT,data/raw/step_07/clinicaltrials_api/full_records/2026-07-25/NCT00832091__v1__lastupdate-2010-03-30.json,36910,3ba9d69d6a84049a10325d2620d3275b97504ccdccff3c11561e82671881cca2,YES,Frozen complete official JSON for NCT00832091
INPUT0052,OFFICIAL_JSON_ANALYTICAL_INPUT,data/raw/step_07/clinicaltrials_api/full_records/2026-07-25/NCT00837096__v1__lastupdate-2024-10-16.json,21198,4d1da545fe89a9b981423292c60432c4b58f9ebbaefd0b8fbfd08679dcffb3b4,YES,Frozen complete official JSON for NCT00837096
INPUT0053,OFFICIAL_JSON_ANALYTICAL_INPUT,data/raw/step_07/clinicaltrials_api/full_records/2026-07-25/NCT00838500__v1__lastupdate-2012-10-01.json,12790,4d15cd2e2d8e43ff9ca17add16d06c22da602e69892ea2ac9d265651657ea3eb,YES,Frozen complete official JSON for NCT00838500
INPUT0054,OFFICIAL_JSON_ANALYTICAL_INPUT,data/raw/step_07/clinicaltrials_api/full_records/2026-07-25/NCT00839098__v1__lastupdate-2016-02-04.json,38086,f22a921db076c8fa327a97997aaede3051010ee48d7a718e32ed153a875a8e62,YES,Frozen complete official JSON for NCT00839098
INPUT0055,OFFICIAL_JSON_ANALYTICAL_INPUT,data/raw/step_07/clinicaltrials_api/full_records/2026-07-25/NCT00847002__v1__lastupdate-2020-02-12.json,22304,637dd69506809bbb99f2f583c88678f770289fef7717249b4189e6806114cc80,YES,Frozen complete official JSON for NCT00847002
INPUT0056,OFFICIAL_JSON_ANALYTICAL_INPUT,data/raw/step_07/clinicaltrials_api/full_records/2026-07-25/NCT00847665__v1__lastupdate-2013-04-17.json,19181,956d3b668de393ae70cadd43073efd9c0cfa91d8363b4418303f9698c343fb5b,YES,Frozen complete official JSON for NCT00847665
INPUT0057,OFFICIAL_JSON_ANALYTICAL_INPUT,data/raw/step_07/clinicaltrials_api/full_records/2026-07-25/NCT00852995__v1__lastupdate-2016-10-24.json,97150,80205c68052864a6a650c849931da6a16bea85c9b21df4507ce9ffe7b92dac96,YES,Frozen complete official JSON for NCT00852995
INPUT0058,OFFICIAL_JSON_ANALYTICAL_INPUT,data/raw/step_07/clinicaltrials_api/full_records/2026-07-25/NCT00858130__v1__lastupdate-2017-11-29.json,26995,d6742643dd249b29fc58418eafff558ce8db6746bbe79e4012605a3fb6042c79,YES,Frozen complete official JSON for NCT00858130
INPUT0059,OFFICIAL_JSON_ANALYTICAL_INPUT,data/raw/step_07/clinicaltrials_api/full_records/2026-07-25/NCT00872053__v1__lastupdate-2013-09-20.json,6382,ebf3b34328ada35bc5c9343e2cc531eee0eedf63744fade7736ada0295bafa9a,YES,Frozen complete official JSON for NCT00872053
INPUT0060,OFFICIAL_JSON_ANALYTICAL_INPUT,data/raw/step_07/clinicaltrials_api/full_records/2026-07-25/NCT00878644__v1__lastupdate-2017-09-29.json,201534,21377cd49c68bb34ba91174b1f34cdf80874f657b2e91275f5263cbadfe2ab9a,YES,Frozen complete official JSON for NCT00878644
INPUT0061,OFFICIAL_JSON_ANALYTICAL_INPUT,data/raw/step_07/clinicaltrials_api/full_records/2026-07-25/NCT00880087__v1__lastupdate-2018-06-15.json,268422,51378d09a94dcdf4a236af043a7ccac37d9984887c07c79eee36f38ad80813ac,YES,Frozen complete official JSON for NCT00880087
INPUT0062,OFFICIAL_JSON_ANALYTICAL_INPUT,data/raw/step_07/clinicaltrials_api/full_records/2026-07-25/NCT00909870__v1__lastupdate-2018-06-18.json,44997,a3336ca00d67e8c25dbd1f3681facf7d209952114e9948fa085595fb09333381,YES,Frozen complete official JSON for NCT00909870
INPUT0063,OFFICIAL_JSON_ANALYTICAL_INPUT,data/raw/step_07/clinicaltrials_api/full_records/2026-07-25/NCT00933348__v1__lastupdate-2014-10-30.json,8183,e0ff034d977bf8e45331e34b36b43beca1741e3dc7aa78529873305062ba933b,YES,Frozen complete official JSON for NCT00933348
INPUT0064,OFFICIAL_JSON_ANALYTICAL_INPUT,data/raw/step_07/clinicaltrials_api/full_records/2026-07-25/NCT00945087__v1__lastupdate-2013-09-06.json,8002,adffb792d926aabf67f428d993a16fa3f2ae833910aacce02c148d644d922613,YES,Frozen complete official JSON for NCT00945087
INPUT0065,OFFICIAL_JSON_ANALYTICAL_INPUT,data/raw/step_07/clinicaltrials_api/full_records/2026-07-25/NCT00951080__v1__lastupdate-2022-08-01.json,16205,0fed7cd95d66046ee34230317ce4b2037113eee8288c638a8405c889181d93cc,YES,Frozen complete official JSON for NCT00951080
INPUT0066,OFFICIAL_JSON_ANALYTICAL_INPUT,data/raw/step_07/clinicaltrials_api/full_records/2026-07-25/NCT00953563__v1__lastupdate-2017-04-05.json,5111,cc29ca8c6d17dbdf94beb53cbfbb9a676b9881a6c0468b34a983798ad990070e,YES,Frozen complete official JSON for NCT00953563
INPUT0067,OFFICIAL_JSON_ANALYTICAL_INPUT,data/raw/step_07/clinicaltrials_api/full_records/2026-07-25/NCT00953797__v1__lastupdate-2012-01-26.json,10886,94a65040f64a89f5af038ef5bf2283a154bc2c29a5e079ef588922a2f86c5ee6,YES,Frozen complete official JSON for NCT00953797
INPUT0068,OFFICIAL_JSON_ANALYTICAL_INPUT,data/raw/step_07/clinicaltrials_api/full_records/2026-07-25/NCT00961012__v1__lastupdate-2011-11-23.json,9868,b6bc937161cd2b01984d44665963e42e5d100893ccee8474084a9757df85f7f5,YES,Frozen complete official JSON for NCT00961012
INPUT0069,OFFICIAL_JSON_ANALYTICAL_INPUT,data/raw/step_07/clinicaltrials_api/full_records/2026-07-25/NCT00971048__v1__lastupdate-2014-01-27.json,30492,3eff679bf7bb7fe39e301e995a1001d600110451b5e1aab679087fc943f7bec3,YES,Frozen complete official JSON for NCT00971048
INPUT0070,OFFICIAL_JSON_ANALYTICAL_INPUT,data/raw/step_07/clinicaltrials_api/full_records/2026-07-25/NCT00977041__v1__lastupdate-2013-06-06.json,9318,92931b1c32278ed5439baf7fb76d72472e65fbf946a74c9a5f39341ee0bbd6f6,YES,Frozen complete official JSON for NCT00977041
INPUT0071,OFFICIAL_JSON_ANALYTICAL_INPUT,data/raw/step_07/clinicaltrials_api/full_records/2026-07-25/NCT00979836__v1__lastupdate-2011-02-17.json,11838,141977c8d404181fe94973fd9a7a676ed705046c491279fe98318781e208c19f,YES,Frozen complete official JSON for NCT00979836
INPUT0072,OFFICIAL_JSON_ANALYTICAL_INPUT,data/raw/step_07/clinicaltrials_api/full_records/2026-07-25/NCT00983749__v1__lastupdate-2016-06-28.json,28860,0a4339cff683254bcd0fc56e5c3663bf80daa426eba38acca85f8aaa50be8aed,YES,Frozen complete official JSON for NCT00983749
INPUT0073,OFFICIAL_JSON_ANALYTICAL_INPUT,data/raw/step_07/clinicaltrials_api/full_records/2026-07-25/NCT00998673__v1__lastupdate-2015-07-14.json,7705,f88d9b85b5e21fa1f2b1590e7d09fc023e0d8ad22ede397784146eb35e7bf5c6,YES,Frozen complete official JSON for NCT00998673
INPUT0074,OFFICIAL_JSON_ANALYTICAL_INPUT,data/raw/step_07/clinicaltrials_api/full_records/2026-07-25/NCT01008254__v1__lastupdate-2011-10-19.json,4296,66edd146fef7968333771cbbb32c09bdac27fa30c849848df284c11de7bb0915,YES,Frozen complete official JSON for NCT01008254
INPUT0075,OFFICIAL_JSON_ANALYTICAL_INPUT,data/raw/step_07/clinicaltrials_api/full_records/2026-07-25/NCT01022216__v1__lastupdate-2012-02-22.json,6052,63b2d90b3e4a8b9f0ab42279286609ce12f3f891d353ee51612c2b657c61fc32,YES,Frozen complete official JSON for NCT01022216
INPUT0076,OFFICIAL_JSON_ANALYTICAL_INPUT,data/raw/step_07/clinicaltrials_api/full_records/2026-07-25/NCT01032239__v1__lastupdate-2018-02-15.json,91786,15f120d531b17f13583e899baa22936c93c181a4c91859c48940304f15932124,YES,Frozen complete official JSON for NCT01032239
INPUT0077,OFFICIAL_JSON_ANALYTICAL_INPUT,data/raw/step_07/clinicaltrials_api/full_records/2026-07-25/NCT01035944__v1__lastupdate-2014-07-01.json,25479,f1d8565f9041ccfff268add454e78a32f319c64a49bafeb217168eab36bce0fc,YES,Frozen complete official JSON for NCT01035944
INPUT0078,OFFICIAL_JSON_ANALYTICAL_INPUT,data/raw/step_07/clinicaltrials_api/full_records/2026-07-25/NCT01036438__v1__lastupdate-2014-09-12.json,21262,7c2002811810f7a4b99b229c2f95aff6cf6a7556e2bbd39b0a4f7caf61ffd7b4,YES,Frozen complete official JSON for NCT01036438
INPUT0079,OFFICIAL_JSON_ANALYTICAL_INPUT,data/raw/step_07/clinicaltrials_api/full_records/2026-07-25/NCT01045915__v1__lastupdate-2015-09-11.json,7811,98f9cbe6a4fdc116cba8dfb8d717881987120b4b1e95ea757ee264591c02c148,YES,Frozen complete official JSON for NCT01045915
INPUT0080,OFFICIAL_JSON_ANALYTICAL_INPUT,data/raw/step_07/clinicaltrials_api/full_records/2026-07-25/NCT01048307__v1__lastupdate-2010-08-17.json,10039,ffa07cf141a966bd6d0a9172199941d9a19005fedbe62024c94c2b88be910f49,YES,Frozen complete official JSON for NCT01048307
INPUT0081,OFFICIAL_JSON_ANALYTICAL_INPUT,data/raw/step_07/clinicaltrials_api/full_records/2026-07-25/NCT01050023__v1__lastupdate-2011-07-20.json,8674,1e16017a848cd100ed15656ba51e0b88223828bd60a3c2ddccf4d68e804c7d59,YES,Frozen complete official JSON for NCT01050023
INPUT0082,OFFICIAL_JSON_ANALYTICAL_INPUT,data/raw/step_07/clinicaltrials_api/full_records/2026-07-25/NCT01066715__v1__lastupdate-2011-10-04.json,12564,08fb9f7c797ba5658c0836f5b23ec719fee96390195a1c19d224eed3c1a74ed3,YES,Frozen complete official JSON for NCT01066715
INPUT0083,OFFICIAL_JSON_ANALYTICAL_INPUT,data/raw/step_07/clinicaltrials_api/full_records/2026-07-25/NCT01079299__v1__lastupdate-2012-02-10.json,9385,f10570e4cc9a1f24c19d3e9eb3da29ea8012fc80fa2c1597cd5e0b6cd229985d,YES,Frozen complete official JSON for NCT01079299
INPUT0084,OFFICIAL_JSON_ANALYTICAL_INPUT,data/raw/step_07/clinicaltrials_api/full_records/2026-07-25/NCT01084577__v1__lastupdate-2011-02-21.json,14068,54f59ca1a5c10c3df320f6377743c09e6d07f52ab15a3b69b91303f821277e41,YES,Frozen complete official JSON for NCT01084577
INPUT0085,OFFICIAL_JSON_ANALYTICAL_INPUT,data/raw/step_07/clinicaltrials_api/full_records/2026-07-25/NCT01090076__v1__lastupdate-2013-06-24.json,20401,bb01a04e596e8ba868b78bad0c7eb9ebc0917754b4d73dacc95054821b199617,YES,Frozen complete official JSON for NCT01090076
INPUT0086,OFFICIAL_JSON_ANALYTICAL_INPUT,data/raw/step_07/clinicaltrials_api/full_records/2026-07-25/NCT01094002__v1__lastupdate-2010-04-12.json,7486,9a8933198f62c171c701132b6a74b4156ea0f04716ff719aed890633ecc84c28,YES,Frozen complete official JSON for NCT01094002
INPUT0087,OFFICIAL_JSON_ANALYTICAL_INPUT,data/raw/step_07/clinicaltrials_api/full_records/2026-07-25/NCT01107197__v1__lastupdate-2014-02-12.json,23587,e3beea95258f90b1b0f76548b688b1bbcf8498837193d0219525bdeebf453358,YES,Frozen complete official JSON for NCT01107197
INPUT0088,OFFICIAL_JSON_ANALYTICAL_INPUT,data/raw/step_07/clinicaltrials_api/full_records/2026-07-25/NCT01107821__v1__lastupdate-2023-01-04.json,7668,d31a440344d72577bac5727d749b4735add3a711aa903e568e7d9517ab57a192,YES,Frozen complete official JSON for NCT01107821
INPUT0089,OFFICIAL_JSON_ANALYTICAL_INPUT,data/raw/step_07/clinicaltrials_api/full_records/2026-07-25/NCT01113658__v1__lastupdate-2022-08-01.json,5668,39ea197466e7dd016b3e06a185f3fe8b9cc603f7f11899bb0dda8e2393b98639,YES,Frozen complete official JSON for NCT01113658
INPUT0090,OFFICIAL_JSON_ANALYTICAL_INPUT,data/raw/step_07/clinicaltrials_api/full_records/2026-07-25/NCT01118819__v1__lastupdate-2016-01-20.json,9067,3922e23c0d1b650d93f9a605cd6d82ef320246c68407b89da1e0e58f505c9134,YES,Frozen complete official JSON for NCT01118819
INPUT0091,OFFICIAL_JSON_ANALYTICAL_INPUT,data/raw/step_07/clinicaltrials_api/full_records/2026-07-25/NCT01129986__v1__lastupdate-2013-09-04.json,7021,74c0e04d12135e6ed46cebd7c04367a1949eabaf14b605f852acf8352bdd5043,YES,Frozen complete official JSON for NCT01129986
INPUT0092,OFFICIAL_JSON_ANALYTICAL_INPUT,data/raw/step_07/clinicaltrials_api/full_records/2026-07-25/NCT01138436__v1__lastupdate-2025-11-06.json,5127,40a9842644619bf4c276fc9c78aac0db42f9449aeeb00c43a0ca1c6c84880cfe,YES,Frozen complete official JSON for NCT01138436
INPUT0093,OFFICIAL_JSON_ANALYTICAL_INPUT,data/raw/step_07/clinicaltrials_api/full_records/2026-07-25/NCT01138462__v1__lastupdate-2020-03-30.json,6000,284a27a03178dbecc73565bd7291b0cbcc67307d82c5342d3ccef2c58aa3c9e4,YES,Frozen complete official JSON for NCT01138462
INPUT0094,OFFICIAL_JSON_ANALYTICAL_INPUT,data/raw/step_07/clinicaltrials_api/full_records/2026-07-25/NCT01139879__v1__lastupdate-2015-12-17.json,10041,de0eb15ab4cdff46519f6dcfb2b03febadf9a961f808c8d2b77fe7ff61eef91c,YES,Frozen complete official JSON for NCT01139879
INPUT0095,OFFICIAL_JSON_ANALYTICAL_INPUT,data/raw/step_07/clinicaltrials_api/full_records/2026-07-25/NCT01152411__v1__lastupdate-2012-03-29.json,6962,64ff5d080b24818042b8cf299c8dc850023d4baa50e7034fc872f711ed5d95d4,YES,Frozen complete official JSON for NCT01152411
INPUT0096,OFFICIAL_JSON_ANALYTICAL_INPUT,data/raw/step_07/clinicaltrials_api/full_records/2026-07-25/NCT01153633__v1__lastupdate-2014-04-01.json,28318,a2e19fe1da644660278be8193b911521a28fa8545ab6ff5869b266594238e4a4,YES,Frozen complete official JSON for NCT01153633
INPUT0097,OFFICIAL_JSON_ANALYTICAL_INPUT,data/raw/step_07/clinicaltrials_api/full_records/2026-07-25/NCT01166828__v1__lastupdate-2015-06-26.json,8527,0c8244b4269b06c96ebc0f9df8f0a113826c577eab3f1bc465ffc1ca3160d480,YES,Frozen complete official JSON for NCT01166828
INPUT0098,OFFICIAL_JSON_ANALYTICAL_INPUT,data/raw/step_07/clinicaltrials_api/full_records/2026-07-25/NCT01176110__v1__lastupdate-2011-05-19.json,5741,9bb38b9b973cdcafecc252e939e69f31e504f16004bf00ac6e5e65fec6087dea,YES,Frozen complete official JSON for NCT01176110
INPUT0099,OFFICIAL_JSON_ANALYTICAL_INPUT,data/raw/step_07/clinicaltrials_api/full_records/2026-07-25/NCT01183273__v1__lastupdate-2014-08-22.json,9506,ef094d02f8e06dd3b34fdda9aae1a91d9a7082ce93df305500af6e97d607dbe1,YES,Frozen complete official JSON for NCT01183273
INPUT0100,OFFICIAL_JSON_ANALYTICAL_INPUT,data/raw/step_07/clinicaltrials_api/full_records/2026-07-25/NCT01184872__v1__lastupdate-2012-07-13.json,34304,43f002e08a3692913c35684e8e3d2548cd6d8aaae0fa3156157c6db0b62b4d54,YES,Frozen complete official JSON for NCT01184872
INPUT0101,OFFICIAL_JSON_ANALYTICAL_INPUT,data/raw/step_07/clinicaltrials_api/full_records/2026-07-25/NCT01186679__v1__lastupdate-2010-08-23.json,7138,b35008e59ae8ee3ab0efc198017fb9db95bc53c61b584b99b35eaa52f7b4a512,YES,Frozen complete official JSON for NCT01186679
INPUT0102,OFFICIAL_JSON_ANALYTICAL_INPUT,data/raw/step_07/clinicaltrials_api/full_records/2026-07-25/NCT01199588__v1__lastupdate-2014-05-01.json,11052,c3cb67a9fe19285700263bc49465d4174ccefb911acf8a08c97339e57e72beee,YES,Frozen complete official JSON for NCT01199588
INPUT0103,OFFICIAL_JSON_ANALYTICAL_INPUT,data/raw/step_07/clinicaltrials_api/full_records/2026-07-25/NCT01201759__v1__lastupdate-2015-06-10.json,25900,e869ff1391062212b38e35804ddc80cbabd3b4805664bdafaedd0a572a56272d,YES,Frozen complete official JSON for NCT01201759
INPUT0104,OFFICIAL_JSON_ANALYTICAL_INPUT,data/raw/step_07/clinicaltrials_api/full_records/2026-07-25/NCT01208220__v1__lastupdate-2014-07-17.json,12528,61641601ec39649f4aa42759c63d6e9b7ae4c0b24678452c6e2186cf8d5516c6,YES,Frozen complete official JSON for NCT01208220
INPUT0105,OFFICIAL_JSON_ANALYTICAL_INPUT,data/raw/step_07/clinicaltrials_api/full_records/2026-07-25/NCT01211236__v1__lastupdate-2010-09-29.json,5447,893badd7b0af358efbd56b673c9ec5ff47a3ee11f6118aa2e3b4ab80878073e9,YES,Frozen complete official JSON for NCT01211236
INPUT0106,OFFICIAL_JSON_ANALYTICAL_INPUT,data/raw/step_07/clinicaltrials_api/full_records/2026-07-25/NCT01214811__v1__lastupdate-2013-03-08.json,9471,b0826630deca97af80074d3f284e2abd02ac6708976e7ffbc5521886b0f08efc,YES,Frozen complete official JSON for NCT01214811
INPUT0107,OFFICIAL_JSON_ANALYTICAL_INPUT,data/raw/step_07/clinicaltrials_api/full_records/2026-07-25/NCT01214980__v1__lastupdate-2014-12-19.json,25195,ce2a088a6e2f2f0d28d283fd72c1f7d1997f17a18508374c96068d572e3822f5,YES,Frozen complete official JSON for NCT01214980
INPUT0108,OFFICIAL_JSON_ANALYTICAL_INPUT,data/raw/step_07/clinicaltrials_api/full_records/2026-07-25/NCT01217047__v1__lastupdate-2021-01-27.json,87964,f8974f58c6c45641e5bd76ed08569a05141a60b2a16594ea578edcd46c86f0ba,YES,Frozen complete official JSON for NCT01217047
INPUT0109,OFFICIAL_JSON_ANALYTICAL_INPUT,data/raw/step_07/clinicaltrials_api/full_records/2026-07-25/NCT01232764__v1__lastupdate-2012-09-28.json,6760,5daf81c7b3d41fe5d23667e3849d5005ef73ccd699906a3d0380736516b5f29f,YES,Frozen complete official JSON for NCT01232764
INPUT0110,OFFICIAL_JSON_ANALYTICAL_INPUT,data/raw/step_07/clinicaltrials_api/full_records/2026-07-25/NCT01236976__v1__lastupdate-2021-05-03.json,13020,14bf2a74a39807782078c5cbefe4696e34704d0b8d53b0c4932255a94827e769,YES,Frozen complete official JSON for NCT01236976
INPUT0111,OFFICIAL_JSON_ANALYTICAL_INPUT,data/raw/step_07/clinicaltrials_api/full_records/2026-07-25/NCT01238419__v1__lastupdate-2011-09-05.json,9256,1772d9673a48b047b5e606302bbbdf22fa1cd3bfa9edbf21788b4a9b12531ca4,YES,Frozen complete official JSON for NCT01238419
INPUT0112,OFFICIAL_JSON_ANALYTICAL_INPUT,data/raw/step_07/clinicaltrials_api/full_records/2026-07-25/NCT01244594__v1__lastupdate-2014-01-08.json,10152,0261478d587248ff1e2bfeb562b6ec56e7745acc947decbed5e1d2367189ac1c,YES,Frozen complete official JSON for NCT01244594
INPUT0113,OFFICIAL_JSON_ANALYTICAL_INPUT,data/raw/step_07/clinicaltrials_api/full_records/2026-07-25/NCT01246882__v1__lastupdate-2019-05-01.json,12861,544d3dc21957ef1eac36221a7555a23793df1331f3de11313de8c2bebc1222df,YES,Frozen complete official JSON for NCT01246882
INPUT0114,OFFICIAL_JSON_ANALYTICAL_INPUT,data/raw/step_07/clinicaltrials_api/full_records/2026-07-25/NCT01251549__v1__lastupdate-2016-10-05.json,5174,4f3a8c7aac38cdc9988abeef45afe44ba4232e7ceffdfa8d57420527028c65bc,YES,Frozen complete official JSON for NCT01251549
INPUT0115,OFFICIAL_JSON_ANALYTICAL_INPUT,data/raw/step_07/clinicaltrials_api/full_records/2026-07-25/NCT01255631__v1__lastupdate-2015-10-16.json,27906,a5db7161dee72821fe8fb91e149256b4203856acc1e0a0917f7729077ec2e9b7,YES,Frozen complete official JSON for NCT01255631
INPUT0116,OFFICIAL_JSON_ANALYTICAL_INPUT,data/raw/step_07/clinicaltrials_api/full_records/2026-07-25/NCT01273428__v1__lastupdate-2012-09-12.json,5804,227eb67eaf7556eba73987b01540b06e79caee55d37b6f0945ed26bf561057b2,YES,Frozen complete official JSON for NCT01273428
INPUT0117,OFFICIAL_JSON_ANALYTICAL_INPUT,data/raw/step_07/clinicaltrials_api/full_records/2026-07-25/NCT01275313__v1__lastupdate-2022-06-28.json,20039,55041018aaa077e81620728294ceb9fba0577bb90c4c3d8fa05add4531d6e525,YES,Frozen complete official JSON for NCT01275313
INPUT0118,OFFICIAL_JSON_ANALYTICAL_INPUT,data/raw/step_07/clinicaltrials_api/full_records/2026-07-25/NCT01283581__v1__lastupdate-2019-10-16.json,51517,5ff283c55c1d9595f8cb01ec24ec4fb174fd2873e9f2989c065c79074f7cb491,YES,Frozen complete official JSON for NCT01283581
INPUT0119,OFFICIAL_JSON_ANALYTICAL_INPUT,data/raw/step_07/clinicaltrials_api/full_records/2026-07-25/NCT01292811__v1__lastupdate-2021-09-30.json,14415,076b83457b8b560b1e8ac5531a4605f61325d3fb35110035dbb3ca830d1d73a4,YES,Frozen complete official JSON for NCT01292811
INPUT0120,OFFICIAL_JSON_ANALYTICAL_INPUT,data/raw/step_07/clinicaltrials_api/full_records/2026-07-25/NCT01294254__v1__lastupdate-2015-04-03.json,9936,0f9ad08afc355278f63248a10ccf519432fc993abc7fe31f80a8ca21ba8ab972,YES,Frozen complete official JSON for NCT01294254
INPUT0121,OFFICIAL_JSON_ANALYTICAL_INPUT,data/raw/step_07/clinicaltrials_api/full_records/2026-07-25/NCT01319097__v1__lastupdate-2011-09-08.json,5465,11f8e4a36e03e73e2573e4983dbd352ec2c8ab8a57e7fdb90846da2605f26dc9,YES,Frozen complete official JSON for NCT01319097
INPUT0122,OFFICIAL_JSON_ANALYTICAL_INPUT,data/raw/step_07/clinicaltrials_api/full_records/2026-07-25/NCT01319123__v1__lastupdate-2012-10-30.json,6887,a2aa30ba5f8c24fdaed47d9ce0a599705c37085882db56301d973dbabd971950,YES,Frozen complete official JSON for NCT01319123
INPUT0123,OFFICIAL_JSON_ANALYTICAL_INPUT,data/raw/step_07/clinicaltrials_api/full_records/2026-07-25/NCT01320605__v1__lastupdate-2011-03-22.json,5014,e8ad88e2ee960c69820cceedbd36e8b731dd3afd3db742e1e7b1922b0767211f,YES,Frozen complete official JSON for NCT01320605
INPUT0124,OFFICIAL_JSON_ANALYTICAL_INPUT,data/raw/step_07/clinicaltrials_api/full_records/2026-07-25/NCT01327937__v1__lastupdate-2015-09-24.json,12081,09554b8cd2baab578c5020b5f8bec4b873dd6ebca6cbfec29a911d52fb07983c,YES,Frozen complete official JSON for NCT01327937
INPUT0125,OFFICIAL_JSON_ANALYTICAL_INPUT,data/raw/step_07/clinicaltrials_api/full_records/2026-07-25/NCT01333358__v1__lastupdate-2011-04-25.json,14835,15d2c6b258fd8e5d8f33c6d55246288b94700c7a6c3f01518f604f414b203d9b,YES,Frozen complete official JSON for NCT01333358
INPUT0126,OFFICIAL_JSON_ANALYTICAL_INPUT,data/raw/step_07/clinicaltrials_api/full_records/2026-07-25/NCT01333670__v1__lastupdate-2014-01-15.json,6086,6f62a62c2d16b5ed4d7252455b7ec61ca551e9bfcfe5f475d1e98fb069406423,YES,Frozen complete official JSON for NCT01333670
INPUT0127,OFFICIAL_JSON_ANALYTICAL_INPUT,data/raw/step_07/clinicaltrials_api/full_records/2026-07-25/NCT01339091__v1__lastupdate-2014-01-31.json,38804,c6e1b1714160885bcf0e7af103038404dc63919b426fbe533be1c0551080d7f9,YES,Frozen complete official JSON for NCT01339091
INPUT0128,OFFICIAL_JSON_ANALYTICAL_INPUT,data/raw/step_07/clinicaltrials_api/full_records/2026-07-25/NCT01348581__v1__lastupdate-2017-03-03.json,4717,8dc904792ad0cf9d92f6078bb52a8fda3638220ec6a34c4b2764ea422eee1afb,YES,Frozen complete official JSON for NCT01348581
INPUT0129,OFFICIAL_JSON_ANALYTICAL_INPUT,data/raw/step_07/clinicaltrials_api/full_records/2026-07-25/NCT01349478__v1__lastupdate-2016-12-28.json,10597,5dfa16bc1bbecddb49a345cba0800e8d0a4b3e3fdf50ceee1af63f7856955bd0,YES,Frozen complete official JSON for NCT01349478
INPUT0130,OFFICIAL_JSON_ANALYTICAL_INPUT,data/raw/step_07/clinicaltrials_api/full_records/2026-07-25/NCT01351493__v1__lastupdate-2012-07-11.json,7237,6234517e88c5a56f36cef5a0ef71e62843a7dacd76f909a2a2fe95e3eac5a758,YES,Frozen complete official JSON for NCT01351493
INPUT0131,OFFICIAL_JSON_ANALYTICAL_INPUT,data/raw/step_07/clinicaltrials_api/full_records/2026-07-25/NCT01353937__v1__lastupdate-2016-03-04.json,10805,83ee8ee8950e39a955a8c6e22f75ffb3ae35bb0d652184299cdb626bcac64e5b,YES,Frozen complete official JSON for NCT01353937
INPUT0132,OFFICIAL_JSON_ANALYTICAL_INPUT,data/raw/step_07/clinicaltrials_api/full_records/2026-07-25/NCT01355666__v1__lastupdate-2011-05-18.json,6558,9477d03aee7d291b311104d209708299cc760bf8dc0578d7e8fb071defba0ddc,YES,Frozen complete official JSON for NCT01355666
INPUT0133,OFFICIAL_JSON_ANALYTICAL_INPUT,data/raw/step_07/clinicaltrials_api/full_records/2026-07-25/NCT01356459__v1__lastupdate-2015-05-12.json,11580,dcb1aa95f80984800812dbac48e06757a17f78bb625bf0ac69ee7f5279454d5d,YES,Frozen complete official JSON for NCT01356459
INPUT0134,OFFICIAL_JSON_ANALYTICAL_INPUT,data/raw/step_07/clinicaltrials_api/full_records/2026-07-25/NCT01372020__v1__lastupdate-2013-12-24.json,6139,9648f79cfc677ad80f8e490579f48c27a96b6f968c74a7c5200761818374bf61,YES,Frozen complete official JSON for NCT01372020
INPUT0135,OFFICIAL_JSON_ANALYTICAL_INPUT,data/raw/step_07/clinicaltrials_api/full_records/2026-07-25/NCT01376050__v1__lastupdate-2015-12-11.json,21180,6412cf9c5f16e6076eb16738ffbccd13ee1e18a37cb82869ade77b84237ee0ba,YES,Frozen complete official JSON for NCT01376050
INPUT0136,OFFICIAL_JSON_ANALYTICAL_INPUT,data/raw/step_07/clinicaltrials_api/full_records/2026-07-25/NCT01384500__v1__lastupdate-2016-09-29.json,18914,c60908f5e4507633c702d2b9cbd4540110c443198863c3d2db87193c0b3e06e9,YES,Frozen complete official JSON for NCT01384500
INPUT0137,OFFICIAL_JSON_ANALYTICAL_INPUT,data/raw/step_07/clinicaltrials_api/full_records/2026-07-25/NCT01396304__v1__lastupdate-2013-02-15.json,6488,9d1f54ebe85071bb2e20822546ad09bdaad4c9482a1671855ede6e84a621ecb1,YES,Frozen complete official JSON for NCT01396304
INPUT0138,OFFICIAL_JSON_ANALYTICAL_INPUT,data/raw/step_07/clinicaltrials_api/full_records/2026-07-25/NCT01396837__v1__lastupdate-2020-12-02.json,22537,ef8837e1f8fd0ce9a52500e57a3fb5275a07eb874df5e9f5b566f7d0002fa326,YES,Frozen complete official JSON for NCT01396837
INPUT0139,OFFICIAL_JSON_ANALYTICAL_INPUT,data/raw/step_07/clinicaltrials_api/full_records/2026-07-25/NCT01402765__v1__lastupdate-2025-11-17.json,5754,e44e3949b507f5adc390533da3ef8d6de6382a3f76d849e098f4e78ef7c8a730,YES,Frozen complete official JSON for NCT01402765
INPUT0140,OFFICIAL_JSON_ANALYTICAL_INPUT,data/raw/step_07/clinicaltrials_api/full_records/2026-07-25/NCT01403272__v1__lastupdate-2011-07-27.json,5946,825f19ff206851686fd0b61ebd333717720c0c2c73cca6d6943da9c76f032ea5,YES,Frozen complete official JSON for NCT01403272
INPUT0141,OFFICIAL_JSON_ANALYTICAL_INPUT,data/raw/step_07/clinicaltrials_api/full_records/2026-07-25/NCT01415622__v1__lastupdate-2012-11-19.json,8142,9e3bd72f65beb229c61c0b20b00fa1d79f593aaf4cf139e8639d9726073f5a48,YES,Frozen complete official JSON for NCT01415622
INPUT0142,OFFICIAL_JSON_ANALYTICAL_INPUT,data/raw/step_07/clinicaltrials_api/full_records/2026-07-25/NCT01426555__v1__lastupdate-2016-04-11.json,26098,f3aa76c257e7d784141345782edb35a224d74849835bda5ed8289bac15a9d53e,YES,Frozen complete official JSON for NCT01426555
INPUT0143,OFFICIAL_JSON_ANALYTICAL_INPUT,data/raw/step_07/clinicaltrials_api/full_records/2026-07-25/NCT01431339__v1__lastupdate-2014-02-12.json,45048,ebd50dc5a24acd31e477edbc78009325f8dd173dcb5367740f3a54541268d2bf,YES,Frozen complete official JSON for NCT01431339
INPUT0144,OFFICIAL_JSON_ANALYTICAL_INPUT,data/raw/step_07/clinicaltrials_api/full_records/2026-07-25/NCT01433159__v1__lastupdate-2014-02-10.json,15101,174715882b608f39aeff995f260c0d153c45a488c7cf12cfba4f4a770886f82d,YES,Frozen complete official JSON for NCT01433159
INPUT0145,OFFICIAL_JSON_ANALYTICAL_INPUT,data/raw/step_07/clinicaltrials_api/full_records/2026-07-25/NCT01434914__v1__lastupdate-2014-05-13.json,6098,4d64b04ee25f54ba0c9a78062cf66575ed44ee8a13dfab486f0cc86fd4a85036,YES,Frozen complete official JSON for NCT01434914
INPUT0146,OFFICIAL_JSON_ANALYTICAL_INPUT,data/raw/step_07/clinicaltrials_api/full_records/2026-07-25/NCT01438541__v1__lastupdate-2016-10-14.json,12045,df45e6e87a5330ec29c41ed6f2a55387444abc312d3c1dc7d50a6a5b1e50864e,YES,Frozen complete official JSON for NCT01438541
INPUT0147,OFFICIAL_JSON_ANALYTICAL_INPUT,data/raw/step_07/clinicaltrials_api/full_records/2026-07-25/NCT01439581__v1__lastupdate-2019-09-12.json,9099,6f1393058b996fe371bfad576fd6db675aafc9e58a6a5b36af4364bff59d815d,YES,Frozen complete official JSON for NCT01439581
INPUT0148,OFFICIAL_JSON_ANALYTICAL_INPUT,data/raw/step_07/clinicaltrials_api/full_records/2026-07-25/NCT01440452__v1__lastupdate-2020-07-17.json,60517,a2102f62670c7460e927da6b44e22734780c0cf3ed73d6fb499fa75dc8c73263,YES,Frozen complete official JSON for NCT01440452
INPUT0149,OFFICIAL_JSON_ANALYTICAL_INPUT,data/raw/step_07/clinicaltrials_api/full_records/2026-07-25/NCT01449422__v1__lastupdate-2013-03-29.json,7901,0c02cd23ce7498c94b53c15e85c4f21d5554c0352f41f821b2b3d96aec3fb4a3,YES,Frozen complete official JSON for NCT01449422
INPUT0150,OFFICIAL_JSON_ANALYTICAL_INPUT,data/raw/step_07/clinicaltrials_api/full_records/2026-07-25/NCT01453816__v1__lastupdate-2017-07-21.json,7205,58dfe26a274b3f47a07a87feabc13a1e9513ced8f903f4217f4cea30c20ed4f2,YES,Frozen complete official JSON for NCT01453816
INPUT0151,OFFICIAL_JSON_ANALYTICAL_INPUT,data/raw/step_07/clinicaltrials_api/full_records/2026-07-25/NCT01454570__v1__lastupdate-2020-08-25.json,20069,4680dde55d2930bb78fc326f10317ffea1424f638a4d6688d563c983ea7f965f,YES,Frozen complete official JSON for NCT01454570
INPUT0152,OFFICIAL_JSON_ANALYTICAL_INPUT,data/raw/step_07/clinicaltrials_api/full_records/2026-07-25/NCT01467817__v1__lastupdate-2016-11-30.json,9896,f20035bf1b37eb25c646ba7d83f8780bf0f66f7d44c62b57e96ef3d497039591,YES,Frozen complete official JSON for NCT01467817
INPUT0153,OFFICIAL_JSON_ANALYTICAL_INPUT,data/raw/step_07/clinicaltrials_api/full_records/2026-07-25/NCT01484184__v1__lastupdate-2015-08-20.json,15318,610876c7a8f9e9d74fed05fe5cacdc46fc05409e575764145a7210d06229950b,YES,Frozen complete official JSON for NCT01484184
INPUT0154,OFFICIAL_JSON_ANALYTICAL_INPUT,data/raw/step_07/clinicaltrials_api/full_records/2026-07-25/NCT01491438__v1__lastupdate-2013-02-07.json,9466,9e0691a0b3e54d22e36843a841f43160ed7ffc38a213d59800c4a874ddc888d0,YES,Frozen complete official JSON for NCT01491438
INPUT0155,OFFICIAL_JSON_ANALYTICAL_INPUT,data/raw/step_07/clinicaltrials_api/full_records/2026-07-25/NCT01497210__v1__lastupdate-2012-04-25.json,5774,6f738517e4fc573e108e74206d0202dca0b00fb25f95aac6ba3ae314ef5483a8,YES,Frozen complete official JSON for NCT01497210
INPUT0156,OFFICIAL_JSON_ANALYTICAL_INPUT,data/raw/step_07/clinicaltrials_api/full_records/2026-07-25/NCT01499277__v1__lastupdate-2017-09-06.json,64683,47f3cbcb70af10887234ce107a62096922db291be876333fbbf27bdcb51ffd2e,YES,Frozen complete official JSON for NCT01499277
INPUT0157,OFFICIAL_JSON_ANALYTICAL_INPUT,data/raw/step_07/clinicaltrials_api/full_records/2026-07-25/NCT01499784__v1__lastupdate-2015-10-27.json,22429,c5d6d743c8bc218eec936c413f355ade0993667ff289eb708a550ca3ffb0e573,YES,Frozen complete official JSON for NCT01499784
INPUT0158,OFFICIAL_JSON_ANALYTICAL_INPUT,data/raw/step_07/clinicaltrials_api/full_records/2026-07-25/NCT01500174__v1__lastupdate-2012-09-05.json,8224,a16d4d358084f00712566748b484c1204d7f70ccb41366f147eb4c729e1f8d1d,YES,Frozen complete official JSON for NCT01500174
INPUT0159,OFFICIAL_JSON_ANALYTICAL_INPUT,data/raw/step_07/clinicaltrials_api/full_records/2026-07-25/NCT01509599__v1__lastupdate-2016-04-05.json,13236,2bbcebf61d084d4249873643c0e8a66fc3479134deb5be3c5da86920a3928bad,YES,Frozen complete official JSON for NCT01509599
INPUT0160,OFFICIAL_JSON_ANALYTICAL_INPUT,data/raw/step_07/clinicaltrials_api/full_records/2026-07-25/NCT01528293__v1__lastupdate-2020-03-19.json,37161,fbb366b9fae1467f86eaad3241614b2af7ee8d9d07c395414317a3d934dfe252,YES,Frozen complete official JSON for NCT01528293
INPUT0161,OFFICIAL_JSON_ANALYTICAL_INPUT,data/raw/step_07/clinicaltrials_api/full_records/2026-07-25/NCT01537003__v1__lastupdate-2013-07-08.json,10419,6c5e353fe3fb6b6d4111051225e46d6ae78a8cf8d9b139a59ea09905c0d394a5,YES,Frozen complete official JSON for NCT01537003
INPUT0162,OFFICIAL_JSON_ANALYTICAL_INPUT,data/raw/step_07/clinicaltrials_api/full_records/2026-07-25/NCT01539980__v1__lastupdate-2015-04-02.json,18315,cdc6a0d682029255d2f53d39a69f109f749d13c860c41c425d81fa62b9f5000b,YES,Frozen complete official JSON for NCT01539980
INPUT0163,OFFICIAL_JSON_ANALYTICAL_INPUT,data/raw/step_07/clinicaltrials_api/full_records/2026-07-25/NCT01540981__v1__lastupdate-2015-01-15.json,18970,33a8605281a3182e77fa8386856f997fe977536129980c2eb35100aaabcec91f,YES,Frozen complete official JSON for NCT01540981
INPUT0164,OFFICIAL_JSON_ANALYTICAL_INPUT,data/raw/step_07/clinicaltrials_api/full_records/2026-07-25/NCT01549860__v1__lastupdate-2015-07-30.json,21943,908f5c63073394a22cce2a576360eaea8cad5d909398b40c60bed889ec963d85,YES,Frozen complete official JSON for NCT01549860
INPUT0165,OFFICIAL_JSON_ANALYTICAL_INPUT,data/raw/step_07/clinicaltrials_api/full_records/2026-07-25/NCT01552447__v1__lastupdate-2016-03-16.json,8094,40ee2d1ef4e9b1fb090f4f5609d53c37f9c2bb118cf6a9b0f098e285efd3c6d2,YES,Frozen complete official JSON for NCT01552447
INPUT0166,OFFICIAL_JSON_ANALYTICAL_INPUT,data/raw/step_07/clinicaltrials_api/full_records/2026-07-25/NCT01567150__v1__lastupdate-2016-11-25.json,10962,4bd779e69312785af17ba0bf5eecbe3d0dcc805f17f4071ef83f19ed4caf8bbc,YES,Frozen complete official JSON for NCT01567150
INPUT0167,OFFICIAL_JSON_ANALYTICAL_INPUT,data/raw/step_07/clinicaltrials_api/full_records/2026-07-25/NCT01567605__v1__lastupdate-2023-02-08.json,22622,a7b068ed23c2ac54fcd309bbfe289db14d7e7a723ef1cf443eef9fdac4754330,YES,Frozen complete official JSON for NCT01567605
INPUT0168,OFFICIAL_JSON_ANALYTICAL_INPUT,data/raw/step_07/clinicaltrials_api/full_records/2026-07-25/NCT01570816__v1__lastupdate-2018-03-14.json,9492,21cd4caa2a3a1b247e0b0b31eee9d74e0d437a85501b211d4bf0cb2f2c8f6bd4,YES,Frozen complete official JSON for NCT01570816
INPUT0169,OFFICIAL_JSON_ANALYTICAL_INPUT,data/raw/step_07/clinicaltrials_api/full_records/2026-07-25/NCT01572376__v1__lastupdate-2015-08-25.json,5675,e867fc57aed0077af6b7fb454dae4b085ccf225932fe425715cf4ce5cc7b2f0d,YES,Frozen complete official JSON for NCT01572376
INPUT0170,OFFICIAL_JSON_ANALYTICAL_INPUT,data/raw/step_07/clinicaltrials_api/full_records/2026-07-25/NCT01573234__v1__lastupdate-2014-01-13.json,5165,6126a2710b3de2a7273f07ca60fee2f7bdfc4b0058c57dc28af9b7d1c56cf45b,YES,Frozen complete official JSON for NCT01573234
INPUT0171,OFFICIAL_JSON_ANALYTICAL_INPUT,data/raw/step_07/clinicaltrials_api/full_records/2026-07-25/NCT01591434__v1__lastupdate-2013-07-30.json,7086,36c56ad984729c37956ead7b1e30f05fc96c4e8a62a26957718a2b7ba71e6296,YES,Frozen complete official JSON for NCT01591434
INPUT0172,OFFICIAL_JSON_ANALYTICAL_INPUT,data/raw/step_07/clinicaltrials_api/full_records/2026-07-25/NCT01595347__v1__lastupdate-2012-05-10.json,10127,7a66f1a43c1f24b4d5ba60c21bd1441157d482ff19f29ae7c01bf8b6acea1cfa,YES,Frozen complete official JSON for NCT01595347
INPUT0173,OFFICIAL_JSON_ANALYTICAL_INPUT,data/raw/step_07/clinicaltrials_api/full_records/2026-07-25/NCT01608438__v1__lastupdate-2019-11-15.json,11449,09f7aebb4d3a82b6bf960d55194f9f43f596a82151b384fb34f4f043a5ef166f,YES,Frozen complete official JSON for NCT01608438
INPUT0174,OFFICIAL_JSON_ANALYTICAL_INPUT,data/raw/step_07/clinicaltrials_api/full_records/2026-07-25/NCT01612806__v1__lastupdate-2024-04-01.json,4908,6413a39375914d8cc5f3bd2648b5cf6658be7faa9b425caf35f498aecaf82eb9,YES,Frozen complete official JSON for NCT01612806
INPUT0175,OFFICIAL_JSON_ANALYTICAL_INPUT,data/raw/step_07/clinicaltrials_api/full_records/2026-07-25/NCT01640418__v1__lastupdate-2015-07-21.json,3984,f9c5ce87c5a819221de8aa50a6eb483730e78668b79da72028a754ed1b92ba54,YES,Frozen complete official JSON for NCT01640418
INPUT0176,OFFICIAL_JSON_ANALYTICAL_INPUT,data/raw/step_07/clinicaltrials_api/full_records/2026-07-25/NCT01647321__v1__lastupdate-2020-03-19.json,8517,f556ecbc816b2997015ee241de78c4b8bb70fc74e1e5abe9c374fbf09dd5d1ae,YES,Frozen complete official JSON for NCT01647321
INPUT0177,OFFICIAL_JSON_ANALYTICAL_INPUT,data/raw/step_07/clinicaltrials_api/full_records/2026-07-25/NCT01651260__v1__lastupdate-2016-03-23.json,14109,2b5d0920f69a25ea1dbdca5d8d840cf004d0b4b2a6ffab7ea784dd73925f1411,YES,Frozen complete official JSON for NCT01651260
INPUT0178,OFFICIAL_JSON_ANALYTICAL_INPUT,data/raw/step_07/clinicaltrials_api/full_records/2026-07-25/NCT01656889__v1__lastupdate-2016-03-14.json,68846,e4082562ea187f961d4172b8cd061c34dab21565fc7e5c92f3f89b891b8ef56e,YES,Frozen complete official JSON for NCT01656889
INPUT0179,OFFICIAL_JSON_ANALYTICAL_INPUT,data/raw/step_07/clinicaltrials_api/full_records/2026-07-25/NCT01671748__v1__lastupdate-2015-08-26.json,33385,2559094b2a12ccc6df531a31819fabf62c24778bd07523d4fb9629c37efd2b51,YES,Frozen complete official JSON for NCT01671748
INPUT0180,OFFICIAL_JSON_ANALYTICAL_INPUT,data/raw/step_07/clinicaltrials_api/full_records/2026-07-25/NCT01672255__v1__lastupdate-2025-10-06.json,6770,88e517752dbad7cdf090817ba002ba18c3be1cf829ea829a89b9f656a2052b6a,YES,Frozen complete official JSON for NCT01672255
INPUT0181,OFFICIAL_JSON_ANALYTICAL_INPUT,data/raw/step_07/clinicaltrials_api/full_records/2026-07-25/NCT01673412__v1__lastupdate-2025-09-22.json,12708,f0f3e46fd210a531a686a478430f88d8373f3e3da8b0e1472656d823c47bdd51,YES,Frozen complete official JSON for NCT01673412
INPUT0182,OFFICIAL_JSON_ANALYTICAL_INPUT,data/raw/step_07/clinicaltrials_api/full_records/2026-07-25/NCT01710774__v1__lastupdate-2023-04-21.json,14438,8c8ad67ce4d42a7880cf5bb3a8cee0363f2c1a138f8d48a7774779f548468ff5,YES,Frozen complete official JSON for NCT01710774
INPUT0183,OFFICIAL_JSON_ANALYTICAL_INPUT,data/raw/step_07/clinicaltrials_api/full_records/2026-07-25/NCT01734109__v1__lastupdate-2012-11-28.json,6006,7b0f5d3a83627676afd573a890d428ac766990a208a43aee18335c4164116505,YES,Frozen complete official JSON for NCT01734109
INPUT0184,OFFICIAL_JSON_ANALYTICAL_INPUT,data/raw/step_07/clinicaltrials_api/full_records/2026-07-25/NCT01737762__v1__lastupdate-2017-07-26.json,29552,a21744321a841b4c809e6df659050a9232413fb9aab5584d7a61476c0f4d444f,YES,Frozen complete official JSON for NCT01737762
INPUT0185,OFFICIAL_JSON_ANALYTICAL_INPUT,data/raw/step_07/clinicaltrials_api/full_records/2026-07-25/NCT01743053__v1__lastupdate-2016-06-08.json,7116,190d4af118de6e31345fea52712d9f1e837651195c3a1a5de9502f23905d80eb,YES,Frozen complete official JSON for NCT01743053
INPUT0186,OFFICIAL_JSON_ANALYTICAL_INPUT,data/raw/step_07/clinicaltrials_api/full_records/2026-07-25/NCT01747993__v1__lastupdate-2014-10-02.json,8355,adaaf80e9d9f344cddb2421813324990535e841dc5e4de584d8c313229e93b32,YES,Frozen complete official JSON for NCT01747993
INPUT0187,OFFICIAL_JSON_ANALYTICAL_INPUT,data/raw/step_07/clinicaltrials_api/full_records/2026-07-25/NCT01750749__v1__lastupdate-2017-03-06.json,6880,f12346da6c49a6113ee68b9e3e05a2a98e55ef8214268fa9a6a5c68e4abe3171,YES,Frozen complete official JSON for NCT01750749
INPUT0188,OFFICIAL_JSON_ANALYTICAL_INPUT,data/raw/step_07/clinicaltrials_api/full_records/2026-07-25/NCT01754506__v1__lastupdate-2015-10-16.json,6536,0366486ef6befcdd16628c4cc5e223e29b52146b67f4266827bc271b3c863e23,YES,Frozen complete official JSON for NCT01754506
INPUT0189,OFFICIAL_JSON_ANALYTICAL_INPUT,data/raw/step_07/clinicaltrials_api/full_records/2026-07-25/NCT01757574__v1__lastupdate-2017-05-18.json,12304,4d397a685b29e3c39e45ae5a73e692b14ace7620b813b36c142d652825b5cb8f,YES,Frozen complete official JSON for NCT01757574
INPUT0190,OFFICIAL_JSON_ANALYTICAL_INPUT,data/raw/step_07/clinicaltrials_api/full_records/2026-07-25/NCT01762423__v1__lastupdate-2013-02-20.json,15620,7a9b0ca9429dbef94de95e47fc1cc8ef22f0f6db3a734d0f5485c906e6280eca,YES,Frozen complete official JSON for NCT01762423
INPUT0191,OFFICIAL_JSON_ANALYTICAL_INPUT,data/raw/step_07/clinicaltrials_api/full_records/2026-07-25/NCT01770509__v1__lastupdate-2017-01-11.json,16941,5c6ba015b3c47b643582d8bcbbcaa1d86db0ef041ab8bc860f612d512bfbc81e,YES,Frozen complete official JSON for NCT01770509
INPUT0192,OFFICIAL_JSON_ANALYTICAL_INPUT,data/raw/step_07/clinicaltrials_api/full_records/2026-07-25/NCT01772303__v1__lastupdate-2013-04-04.json,5152,b07606f970e8e239cc3ec466e766f0424b6332520d62b94256e8a85b5cb9015e,YES,Frozen complete official JSON for NCT01772303
INPUT0193,OFFICIAL_JSON_ANALYTICAL_INPUT,data/raw/step_07/clinicaltrials_api/full_records/2026-07-25/NCT01788033__v1__lastupdate-2014-02-11.json,9699,5109d2216f4fa003aac8e88d3929267b1d8e837be9ce4556d909854c3f8acbd9,YES,Frozen complete official JSON for NCT01788033
INPUT0194,OFFICIAL_JSON_ANALYTICAL_INPUT,data/raw/step_07/clinicaltrials_api/full_records/2026-07-25/NCT01801891__v1__lastupdate-2014-12-12.json,8968,09211ce630dfa9b064885521dca0c5dd83047638e56735d318bf750783c3cd4a,YES,Frozen complete official JSON for NCT01801891
INPUT0195,OFFICIAL_JSON_ANALYTICAL_INPUT,data/raw/step_07/clinicaltrials_api/full_records/2026-07-25/NCT01811732__v1__lastupdate-2017-09-27.json,44981,d3c5334105cfc1bea4f3742d84e1ab794e19174fed873bab5f165cdfbe6bc8fb,YES,Frozen complete official JSON for NCT01811732
INPUT0196,OFFICIAL_JSON_ANALYTICAL_INPUT,data/raw/step_07/clinicaltrials_api/full_records/2026-07-25/NCT01817218__v1__lastupdate-2015-07-23.json,8309,a4ca32b7c34ef3cdc52ebd22943fc78fdb35b163c5afdccfdcb9628e9da5532f,YES,Frozen complete official JSON for NCT01817218
INPUT0197,OFFICIAL_JSON_ANALYTICAL_INPUT,data/raw/step_07/clinicaltrials_api/full_records/2026-07-25/NCT01817543__v1__lastupdate-2016-10-21.json,7071,14019c4cfdefb28154e8090b2fe6a2f7530c0d619e8aee57a504d9b9cfe8d04c,YES,Frozen complete official JSON for NCT01817543
INPUT0198,OFFICIAL_JSON_ANALYTICAL_INPUT,data/raw/step_07/clinicaltrials_api/full_records/2026-07-25/NCT01819142__v1__lastupdate-2016-10-21.json,6999,38b56762d3eacec7bd50d928df68929335afe445922e3f80ca11f7ab6cf1c4b7,YES,Frozen complete official JSON for NCT01819142
INPUT0199,OFFICIAL_JSON_ANALYTICAL_INPUT,data/raw/step_07/clinicaltrials_api/full_records/2026-07-25/NCT01820663__v1__lastupdate-2016-02-24.json,7657,e6e4014b27d9823fdb94c26e657fe2d2ea61231d3d35407f398a769ed16b0e88,YES,Frozen complete official JSON for NCT01820663
INPUT0200,OFFICIAL_JSON_ANALYTICAL_INPUT,data/raw/step_07/clinicaltrials_api/full_records/2026-07-25/NCT01834417__v1__lastupdate-2020-02-06.json,5925,ef198154d54c7bda8481b07ddfae8b4d0c68533b7d20f6f1dad8c2ebf16c56a6,YES,Frozen complete official JSON for NCT01834417
INPUT0201,OFFICIAL_JSON_ANALYTICAL_INPUT,data/raw/step_07/clinicaltrials_api/full_records/2026-07-25/NCT01852279__v1__lastupdate-2020-12-19.json,8675,0995fe2bf56b720571c751ccd0e9ca1a493bdb2abf1815894154bb2a86d9b6cb,YES,Frozen complete official JSON for NCT01852279
INPUT0202,OFFICIAL_JSON_ANALYTICAL_INPUT,data/raw/step_07/clinicaltrials_api/full_records/2026-07-25/NCT01853384__v1__lastupdate-2016-10-03.json,68307,fabcb0cc7a9f009af73e6825dca8fe5b764426bfa068a92282f9c32f22479509,YES,Frozen complete official JSON for NCT01853384
INPUT0203,OFFICIAL_JSON_ANALYTICAL_INPUT,data/raw/step_07/clinicaltrials_api/full_records/2026-07-25/NCT01857089__v1__lastupdate-2014-04-11.json,4837,300021f3e04ba6c5e6b77e83666d57db5434bf1572b0545b173d5f99735bd70a,YES,Frozen complete official JSON for NCT01857089
INPUT0204,OFFICIAL_JSON_ANALYTICAL_INPUT,data/raw/step_07/clinicaltrials_api/full_records/2026-07-25/NCT01858272__v1__lastupdate-2017-01-11.json,7091,d539686f477a24ef38908147e1bb1dc0ba86048707cacd4e1b1e0b93f11cbe9f,YES,Frozen complete official JSON for NCT01858272
INPUT0205,OFFICIAL_JSON_ANALYTICAL_INPUT,data/raw/step_07/clinicaltrials_api/full_records/2026-07-25/NCT01858896__v1__lastupdate-2025-10-06.json,5167,2acb48461e4628f1a643b0c07909b281180a80d21c3985652a74e00a85c9116f,YES,Frozen complete official JSON for NCT01858896
INPUT0206,OFFICIAL_JSON_ANALYTICAL_INPUT,data/raw/step_07/clinicaltrials_api/full_records/2026-07-25/NCT01876017__v1__lastupdate-2014-09-17.json,8033,211ad0ce9b6736521599ea9281a35ff6218c92cd3b073890f586cffbb27d4af0,YES,Frozen complete official JSON for NCT01876017
INPUT0207,OFFICIAL_JSON_ANALYTICAL_INPUT,data/raw/step_07/clinicaltrials_api/full_records/2026-07-25/NCT01877681__v1__lastupdate-2015-04-16.json,5315,993ba7d940ff1b92523515f7dbd9f9b4463e0b338a79d26fa8e72116da3f4b02,YES,Frozen complete official JSON for NCT01877681
INPUT0208,OFFICIAL_JSON_ANALYTICAL_INPUT,data/raw/step_07/clinicaltrials_api/full_records/2026-07-25/NCT01885962__v1__lastupdate-2014-04-11.json,7076,c514ae240710045714852495ff366824a9aa384fdab069a0fd74634c2df6c70d,YES,Frozen complete official JSON for NCT01885962
INPUT0209,OFFICIAL_JSON_ANALYTICAL_INPUT,data/raw/step_07/clinicaltrials_api/full_records/2026-07-25/NCT01891565__v1__lastupdate-2013-07-03.json,7034,8258a409d70d9cfb768dd65dfa9b3d10931ea8dbc83e71621f9cba6f4e6b3df2,YES,Frozen complete official JSON for NCT01891565
INPUT0210,OFFICIAL_JSON_ANALYTICAL_INPUT,data/raw/step_07/clinicaltrials_api/full_records/2026-07-25/NCT01891760__v1__lastupdate-2013-08-21.json,9824,f3c400b40aaac05ee65d67105d9307e4d2348a1033528ab07efc119a7b2d4d83,YES,Frozen complete official JSON for NCT01891760
INPUT0211,OFFICIAL_JSON_ANALYTICAL_INPUT,data/raw/step_07/clinicaltrials_api/full_records/2026-07-25/NCT01894802__v1__lastupdate-2026-05-20.json,19019,9f44fa01fa0fc8c423682cec4a865f79c941c9121199d3304ec9d83eba30ba3e,YES,Frozen complete official JSON for NCT01894802
INPUT0212,OFFICIAL_JSON_ANALYTICAL_INPUT,data/raw/step_07/clinicaltrials_api/full_records/2026-07-25/NCT01900067__v1__lastupdate-2015-05-06.json,12064,21bde815a1754aa06ffc9ae934bcc42088a235a9bede9f5c503f367389f464e6,YES,Frozen complete official JSON for NCT01900067
INPUT0213,OFFICIAL_JSON_ANALYTICAL_INPUT,data/raw/step_07/clinicaltrials_api/full_records/2026-07-25/NCT01904591__v1__lastupdate-2016-09-13.json,10363,98d373fe42fd86bcdbd0618fdfcbdbd77e26b36f8c2e618b959f7f65331d9f76,YES,Frozen complete official JSON for NCT01904591
INPUT0214,OFFICIAL_JSON_ANALYTICAL_INPUT,data/raw/step_07/clinicaltrials_api/full_records/2026-07-25/NCT01906424__v1__lastupdate-2017-01-24.json,7701,6c72cf73c8d8351b5eae4cf5323e4ff8b7969a3ae78bcec8d099ffb1ed16f346,YES,Frozen complete official JSON for NCT01906424
INPUT0215,OFFICIAL_JSON_ANALYTICAL_INPUT,data/raw/step_07/clinicaltrials_api/full_records/2026-07-25/NCT01909908__v1__lastupdate-2016-09-29.json,4903,2d09d19765ae79fb3bd4112a55f050336d6832a533c9eebdf6bb974737404fe5,YES,Frozen complete official JSON for NCT01909908
INPUT0216,OFFICIAL_JSON_ANALYTICAL_INPUT,data/raw/step_07/clinicaltrials_api/full_records/2026-07-25/NCT01924806__v1__lastupdate-2020-02-28.json,106154,709600e4bfbce3e12c3f20ca6c660e3818adf370b69750945feccf68a88542ae,YES,Frozen complete official JSON for NCT01924806
INPUT0217,OFFICIAL_JSON_ANALYTICAL_INPUT,data/raw/step_07/clinicaltrials_api/full_records/2026-07-25/NCT01943669__v1__lastupdate-2013-09-17.json,8516,bc3d3ddb11d94abd981063c27ca9df26783ca970dc1c7867a5d9593b1c78de0f,YES,Frozen complete official JSON for NCT01943669
INPUT0218,OFFICIAL_JSON_ANALYTICAL_INPUT,data/raw/step_07/clinicaltrials_api/full_records/2026-07-25/NCT01949285__v1__lastupdate-2017-01-24.json,7822,40b60b5ab28f765c014026a9d875205aa79c92e8fb88772864de71da7f60d71b,YES,Frozen complete official JSON for NCT01949285
INPUT0219,OFFICIAL_JSON_ANALYTICAL_INPUT,data/raw/step_07/clinicaltrials_api/full_records/2026-07-25/NCT01958177__v1__lastupdate-2014-09-17.json,6032,70f80ec8535f7a009f7dd67111d1b2c1e05e781dc4668b676372ed6b55750225,YES,Frozen complete official JSON for NCT01958177
INPUT0220,OFFICIAL_JSON_ANALYTICAL_INPUT,data/raw/step_07/clinicaltrials_api/full_records/2026-07-25/NCT01966380__v1__lastupdate-2015-12-23.json,9470,ce5ac4f230f25711abeaef6973e2aa17c086d57a9765d4caa9e18b54579b7787,YES,Frozen complete official JSON for NCT01966380
INPUT0221,OFFICIAL_JSON_ANALYTICAL_INPUT,data/raw/step_07/clinicaltrials_api/full_records/2026-07-25/NCT01970163__v1__lastupdate-2018-03-14.json,11766,18790c03a9a446ff9468b8471180d30f1b335a816090444471878395b2dc1ded,YES,Frozen complete official JSON for NCT01970163
INPUT0222,OFFICIAL_JSON_ANALYTICAL_INPUT,data/raw/step_07/clinicaltrials_api/full_records/2026-07-25/NCT01972633__v1__lastupdate-2013-10-30.json,7805,dcd6339ede03984ad0b3545186dd0ed664016d403ea0a84a631a30ac4eb1ba0c,YES,Frozen complete official JSON for NCT01972633
INPUT0223,OFFICIAL_JSON_ANALYTICAL_INPUT,data/raw/step_07/clinicaltrials_api/full_records/2026-07-25/NCT01973361__v1__lastupdate-2015-10-22.json,8109,a2923f34897fd20469241b6a168b4dd3bf1f83c7e36ece05d39c60c7dc8901c2,YES,Frozen complete official JSON for NCT01973361
INPUT0224,OFFICIAL_JSON_ANALYTICAL_INPUT,data/raw/step_07/clinicaltrials_api/full_records/2026-07-25/NCT01982318__v1__lastupdate-2017-05-30.json,10415,fff65a84438fedb5797f154b3ee8efccbba1a31d2fdf90a0a7c09371696f55b2,YES,Frozen complete official JSON for NCT01982318
INPUT0225,OFFICIAL_JSON_ANALYTICAL_INPUT,data/raw/step_07/clinicaltrials_api/full_records/2026-07-25/NCT01984684__v1__lastupdate-2017-11-17.json,51719,a75cd67b294623ca554d655ac4f3d52df23fc8a502c151f3288c98af33610775,YES,Frozen complete official JSON for NCT01984684
INPUT0226,OFFICIAL_JSON_ANALYTICAL_INPUT,data/raw/step_07/clinicaltrials_api/full_records/2026-07-25/NCT01999816__v1__lastupdate-2016-10-27.json,11017,2e09650af156ffb1f76b21e37faa9e1e04d994647abb6d91076b1f09aab8ce92,YES,Frozen complete official JSON for NCT01999816
INPUT0227,OFFICIAL_JSON_ANALYTICAL_INPUT,data/raw/step_07/clinicaltrials_api/full_records/2026-07-25/NCT02001558__v1__lastupdate-2018-11-06.json,39369,01c4eb17931d04269de819cac8b0b4b6a4016964d67d32aab744e8e629b7d1b6,YES,Frozen complete official JSON for NCT02001558
INPUT0228,OFFICIAL_JSON_ANALYTICAL_INPUT,data/raw/step_07/clinicaltrials_api/full_records/2026-07-25/NCT02004626__v1__lastupdate-2015-07-16.json,12441,ff61138120f0083c75c5571646aeb25ea8d5a276ef1d889977d5f4504f0bac10,YES,Frozen complete official JSON for NCT02004626
INPUT0229,OFFICIAL_JSON_ANALYTICAL_INPUT,data/raw/step_07/clinicaltrials_api/full_records/2026-07-25/NCT02005068__v1__lastupdate-2014-08-07.json,9403,68a65f0685ecb4fb4f4228c331089fc13a60274006bfeb60d67fb41d9155fb22,YES,Frozen complete official JSON for NCT02005068
INPUT0230,OFFICIAL_JSON_ANALYTICAL_INPUT,data/raw/step_07/clinicaltrials_api/full_records/2026-07-25/NCT02005692__v1__lastupdate-2014-08-13.json,12675,5461cd45b46b2183231c85f18b32cffea59c52f4a60bc7920e7fec1a38490137,YES,Frozen complete official JSON for NCT02005692
INPUT0231,OFFICIAL_JSON_ANALYTICAL_INPUT,data/raw/step_07/clinicaltrials_api/full_records/2026-07-25/NCT02007824__v1__lastupdate-2014-04-07.json,5142,a140c0e8281333f9da11d37b63f542a02d973a39e8b010c747c51811df2c9668,YES,Frozen complete official JSON for NCT02007824
INPUT0232,OFFICIAL_JSON_ANALYTICAL_INPUT,data/raw/step_07/clinicaltrials_api/full_records/2026-07-25/NCT02008149__v1__lastupdate-2019-10-25.json,19833,580590dd93c012167858826a120252fa66e83117646028769370ecdbf59415ca,YES,Frozen complete official JSON for NCT02008149
INPUT0233,OFFICIAL_JSON_ANALYTICAL_INPUT,data/raw/step_07/clinicaltrials_api/full_records/2026-07-25/NCT02008487__v1__lastupdate-2016-04-06.json,7389,21ea3d241bf4514885b844deaa6e92f2b3db606994cbc853cafd2345caa2ac39,YES,Frozen complete official JSON for NCT02008487
INPUT0234,OFFICIAL_JSON_ANALYTICAL_INPUT,data/raw/step_07/clinicaltrials_api/full_records/2026-07-25/NCT02009501__v1__lastupdate-2018-11-27.json,13552,c8db7eb391dc7bda30e68b18b209f949093fa5aebf844f8975e59180ad36c905,YES,Frozen complete official JSON for NCT02009501
INPUT0235,OFFICIAL_JSON_ANALYTICAL_INPUT,data/raw/step_07/clinicaltrials_api/full_records/2026-07-25/NCT02011503__v1__lastupdate-2018-08-24.json,10394,b2d28273f28667eba9028b787a55740ddfda5619e4bce3ac42d3e7de5edff44c,YES,Frozen complete official JSON for NCT02011503
INPUT0236,OFFICIAL_JSON_ANALYTICAL_INPUT,data/raw/step_07/clinicaltrials_api/full_records/2026-07-25/NCT02011724__v1__lastupdate-2013-12-13.json,7366,571be380eac7da16be09e92f0616952f47c0e1c37885bfd4d0d63f49aa00b37d,YES,Frozen complete official JSON for NCT02011724
INPUT0237,OFFICIAL_JSON_ANALYTICAL_INPUT,data/raw/step_07/clinicaltrials_api/full_records/2026-07-25/NCT02014948__v1__lastupdate-2013-12-19.json,20367,400768787f104cec7cad31858acae2268af9d5f31f6ace1ecee535ec0ca5f21d,YES,Frozen complete official JSON for NCT02014948
INPUT0238,OFFICIAL_JSON_ANALYTICAL_INPUT,data/raw/step_07/clinicaltrials_api/full_records/2026-07-25/NCT02015221__v1__lastupdate-2016-12-15.json,16310,05f16edd66e13131f3fc025e3c93452c0cf6e3415bff1271e905e3b99abd0612,YES,Frozen complete official JSON for NCT02015221
INPUT0239,OFFICIAL_JSON_ANALYTICAL_INPUT,data/raw/step_07/clinicaltrials_api/full_records/2026-07-25/NCT02020746__v1__lastupdate-2018-08-31.json,10497,d1345c9ed1e965e62ea9011198c77024dfbd34ed9611fce4a612398cc36204ee,YES,Frozen complete official JSON for NCT02020746
INPUT0240,OFFICIAL_JSON_ANALYTICAL_INPUT,data/raw/step_07/clinicaltrials_api/full_records/2026-07-25/NCT02028923__v1__lastupdate-2016-11-21.json,8659,8fcce6b95a20ead49a51c2fa450b29cbbf9e3e3ba18e05301496b7abc1ea59e0,YES,Frozen complete official JSON for NCT02028923
INPUT0241,OFFICIAL_JSON_ANALYTICAL_INPUT,data/raw/step_07/clinicaltrials_api/full_records/2026-07-25/NCT02034331__v1__lastupdate-2017-03-07.json,16995,9e1a4f9ab6720ffef035da594f0882de1ad7eeba03e4449b5041a01b42cf4911,YES,Frozen complete official JSON for NCT02034331
INPUT0242,OFFICIAL_JSON_ANALYTICAL_INPUT,data/raw/step_07/clinicaltrials_api/full_records/2026-07-25/NCT02034396__v1__lastupdate-2022-05-09.json,6822,4c5383b473893646d2f69c4bd1b5cb31017b23d04b58f951d269001103ad222a,YES,Frozen complete official JSON for NCT02034396
INPUT0243,OFFICIAL_JSON_ANALYTICAL_INPUT,data/raw/step_07/clinicaltrials_api/full_records/2026-07-25/NCT02042508__v1__lastupdate-2019-05-03.json,4940,1a5973a8184a12b023a09c7ad320c6ee1e5b1c7234c86041598af5de96c6a0e9,YES,Frozen complete official JSON for NCT02042508
INPUT0244,OFFICIAL_JSON_ANALYTICAL_INPUT,data/raw/step_07/clinicaltrials_api/full_records/2026-07-25/NCT02045797__v1__lastupdate-2017-11-17.json,366093,d3e444e53c668a18fd57076b37af87e895627192988753a1977ba28903355a3c,YES,Frozen complete official JSON for NCT02045797
INPUT0245,OFFICIAL_JSON_ANALYTICAL_INPUT,data/raw/step_07/clinicaltrials_api/full_records/2026-07-25/NCT02068027__v1__lastupdate-2017-09-26.json,35287,4b59069e0a93db230f94599671dd45ee4d9da64ccb748942faf4bd5d2ac515f9,YES,Frozen complete official JSON for NCT02068027
INPUT0246,OFFICIAL_JSON_ANALYTICAL_INPUT,data/raw/step_07/clinicaltrials_api/full_records/2026-07-25/NCT02071979__v1__lastupdate-2018-01-16.json,18228,4e27a060d1f5ae058fed01d434af522d66136f4d27fa26bc4a56cba5266ccf6c,YES,Frozen complete official JSON for NCT02071979
INPUT0247,OFFICIAL_JSON_ANALYTICAL_INPUT,data/raw/step_07/clinicaltrials_api/full_records/2026-07-25/NCT02079311__v1__lastupdate-2015-11-13.json,16037,fb09a7e266418e10b56a96dca1a9f31e9ecfd4e100daa08c9dbbf68185fa29d5,YES,Frozen complete official JSON for NCT02079311
INPUT0248,OFFICIAL_JSON_ANALYTICAL_INPUT,data/raw/step_07/clinicaltrials_api/full_records/2026-07-25/NCT02087397__v1__lastupdate-2017-11-24.json,7601,ac952b30668ce2baf09d1c6c2ce0f56fa279632b79c932f996990c7f39e3aa5f,YES,Frozen complete official JSON for NCT02087397
INPUT0249,OFFICIAL_JSON_ANALYTICAL_INPUT,data/raw/step_07/clinicaltrials_api/full_records/2026-07-25/NCT02090387__v1__lastupdate-2016-07-11.json,8139,ad49186747aa8f94aa6befb461a20c0758ecb65621755ad922d2103e31db92f3,YES,Frozen complete official JSON for NCT02090387
INPUT0250,OFFICIAL_JSON_ANALYTICAL_INPUT,data/raw/step_07/clinicaltrials_api/full_records/2026-07-25/NCT02092870__v1__lastupdate-2019-09-11.json,9008,9840d593d4dbee2e402348bfc2e0e2a8725c3f905d00ef784f2533fcfb564fba,YES,Frozen complete official JSON for NCT02092870
INPUT0251,OFFICIAL_JSON_ANALYTICAL_INPUT,data/raw/step_07/clinicaltrials_api/full_records/2026-07-25/NCT02101645__v1__lastupdate-2015-05-13.json,10169,7fd7b762614999de558ecbca38dd55d7e9e368ba8201191c39daf6a4293664ec,YES,Frozen complete official JSON for NCT02101645
INPUT0252,OFFICIAL_JSON_ANALYTICAL_INPUT,data/raw/step_07/clinicaltrials_api/full_records/2026-07-25/NCT02104180__v1__lastupdate-2022-03-21.json,22096,c52321a28dd95a697a4d3cbccb8ef76b58ac20324823058f09828f4ad8ed17ce,YES,Frozen complete official JSON for NCT02104180
INPUT0253,OFFICIAL_JSON_ANALYTICAL_INPUT,data/raw/step_07/clinicaltrials_api/full_records/2026-07-25/NCT02116010__v1__lastupdate-2015-07-24.json,10685,bf413789de10ff135812e8ea6aca3b2541f2ec8b86e5a47c8ff50830f67df2c0,YES,Frozen complete official JSON for NCT02116010
INPUT0254,OFFICIAL_JSON_ANALYTICAL_INPUT,data/raw/step_07/clinicaltrials_api/full_records/2026-07-25/NCT02116114__v1__lastupdate-2014-04-16.json,5924,5f50d7f0492a91ca9f821c1b8a8df38a081cddbca6f00632664252a48702d333,YES,Frozen complete official JSON for NCT02116114
INPUT0255,OFFICIAL_JSON_ANALYTICAL_INPUT,data/raw/step_07/clinicaltrials_api/full_records/2026-07-25/NCT02119078__v1__lastupdate-2019-11-04.json,7105,8e6c8b3d13d5467c02d1ddc3a3c60b14230eac9d84fee5e34e540b922460564c,YES,Frozen complete official JSON for NCT02119078
INPUT0256,OFFICIAL_JSON_ANALYTICAL_INPUT,data/raw/step_07/clinicaltrials_api/full_records/2026-07-25/NCT02120820__v1__lastupdate-2017-08-10.json,16586,79a4fc7e84647484be71a4cbc82dbe716a2eb9ef76660140b918752b0940261b,YES,Frozen complete official JSON for NCT02120820
INPUT0257,OFFICIAL_JSON_ANALYTICAL_INPUT,data/raw/step_07/clinicaltrials_api/full_records/2026-07-25/NCT02127970__v1__lastupdate-2018-09-28.json,66055,585e881dc43e03c63aff44d95c48d03b873bf8dbd902206db485fb86c70dfdf0,YES,Frozen complete official JSON for NCT02127970
INPUT0258,OFFICIAL_JSON_ANALYTICAL_INPUT,data/raw/step_07/clinicaltrials_api/full_records/2026-07-25/NCT02130310__v1__lastupdate-2015-09-23.json,9507,0f23549a94d2c97c11d388043645e5ea831d33a021a0d13303a69f6b9064f279,YES,Frozen complete official JSON for NCT02130310
INPUT0259,OFFICIAL_JSON_ANALYTICAL_INPUT,data/raw/step_07/clinicaltrials_api/full_records/2026-07-25/NCT02139436__v1__lastupdate-2022-03-22.json,29574,7c9998538c4f01c449d43f87ab9fa5db4fa59439af2ab21420933fc96163364a,YES,Frozen complete official JSON for NCT02139436
INPUT0260,OFFICIAL_JSON_ANALYTICAL_INPUT,data/raw/step_07/clinicaltrials_api/full_records/2026-07-25/NCT02144610__v1__lastupdate-2019-08-13.json,106477,76d97f3cad5caa08acb6e02775c1709dfc68adece5c955ac36fba74b40fa56ec,YES,Frozen complete official JSON for NCT02144610
INPUT0261,OFFICIAL_JSON_ANALYTICAL_INPUT,data/raw/step_07/clinicaltrials_api/full_records/2026-07-25/NCT02148302__v1__lastupdate-2020-04-29.json,29687,f5624eede94333c27c63a75b0f2db9012609b3f1336d760945bfd1d8ba6bbea2,YES,Frozen complete official JSON for NCT02148302
INPUT0262,OFFICIAL_JSON_ANALYTICAL_INPUT,data/raw/step_07/clinicaltrials_api/full_records/2026-07-25/NCT02154087__v1__lastupdate-2016-10-03.json,12449,1356add1185f42f502732d1cbb036fb8e2846a4772d042366e8e6ef6ba5e1644,YES,Frozen complete official JSON for NCT02154087
INPUT0263,OFFICIAL_JSON_ANALYTICAL_INPUT,data/raw/step_07/clinicaltrials_api/full_records/2026-07-25/NCT02158806__v1__lastupdate-2019-01-04.json,58642,45726348abc79e03ef70584d7b0017d11f1bdb140ecb8c53c29a1130cd2a74a0,YES,Frozen complete official JSON for NCT02158806
INPUT0264,OFFICIAL_JSON_ANALYTICAL_INPUT,data/raw/step_07/clinicaltrials_api/full_records/2026-07-25/NCT02167815__v1__lastupdate-2016-10-26.json,21003,7eb337107f487056dad5a7d020ef7abc6f05185e91cfd787f5455b44e19ef2bc,YES,Frozen complete official JSON for NCT02167815
INPUT0265,OFFICIAL_JSON_ANALYTICAL_INPUT,data/raw/step_07/clinicaltrials_api/full_records/2026-07-25/NCT02179216__v1__lastupdate-2015-10-02.json,8677,e8deebe903d10a211f923bd9c84d16be4cb67e8d90ed5f8ea2de92007ffc73b3,YES,Frozen complete official JSON for NCT02179216
INPUT0266,OFFICIAL_JSON_ANALYTICAL_INPUT,data/raw/step_07/clinicaltrials_api/full_records/2026-07-25/NCT02184234__v1__lastupdate-2014-07-14.json,4758,920b2f52015dffee9785feaf6c8250f1ffe16afb2970fb44b17cd3e52a9b5cff,YES,Frozen complete official JSON for NCT02184234
INPUT0267,OFFICIAL_JSON_ANALYTICAL_INPUT,data/raw/step_07/clinicaltrials_api/full_records/2026-07-25/NCT02184793__v1__lastupdate-2017-06-15.json,7157,4048c9da8aadb8d01252440bd7ef6b112e8f9d1ab4128240aea84de6a35372d0,YES,Frozen complete official JSON for NCT02184793
INPUT0268,OFFICIAL_JSON_ANALYTICAL_INPUT,data/raw/step_07/clinicaltrials_api/full_records/2026-07-25/NCT02202135__v1__lastupdate-2017-09-06.json,18325,2f0a480532f942745e337da4b788ab1c35f1573e76f28819b3c8c74c6212fe27,YES,Frozen complete official JSON for NCT02202135
INPUT0269,OFFICIAL_JSON_ANALYTICAL_INPUT,data/raw/step_07/clinicaltrials_api/full_records/2026-07-25/NCT02203994__v1__lastupdate-2017-01-26.json,6518,b5b3f0cc41eba40c9cc85cc9cac08b786071cea01194d10951221cec30bf0dfa,YES,Frozen complete official JSON for NCT02203994
INPUT0270,OFFICIAL_JSON_ANALYTICAL_INPUT,data/raw/step_07/clinicaltrials_api/full_records/2026-07-25/NCT02211898__v1__lastupdate-2014-08-08.json,5713,fafef42c6e972578f8a4d88265fb55a7d2e4309ffc42564c98fdabdebaf68502,YES,Frozen complete official JSON for NCT02211898
INPUT0271,OFFICIAL_JSON_ANALYTICAL_INPUT,data/raw/step_07/clinicaltrials_api/full_records/2026-07-25/NCT02213952__v1__lastupdate-2020-02-25.json,11374,5dfadde1742100bd557a1e4d4c83fbef1634dac5b829edd4063a31d15475e563,YES,Frozen complete official JSON for NCT02213952
INPUT0272,OFFICIAL_JSON_ANALYTICAL_INPUT,data/raw/step_07/clinicaltrials_api/full_records/2026-07-25/NCT02222454__v1__lastupdate-2016-02-23.json,8332,aa20416da3e149c36930fa268e54e3036ef1d854728466548e2e68678e777e69,YES,Frozen complete official JSON for NCT02222454
INPUT0273,OFFICIAL_JSON_ANALYTICAL_INPUT,data/raw/step_07/clinicaltrials_api/full_records/2026-07-25/NCT02222467__v1__lastupdate-2016-02-23.json,8161,135a069d789313f783eed5a8aca035ee20159ea9650e826b876a58ba5b38b809,YES,Frozen complete official JSON for NCT02222467
INPUT0274,OFFICIAL_JSON_ANALYTICAL_INPUT,data/raw/step_07/clinicaltrials_api/full_records/2026-07-25/NCT02222506__v1__lastupdate-2016-09-05.json,9537,4caa4d8bb86f1bfa869bfcfdf3abd488a76a25c8144078f69187e1ceb6a77177,YES,Frozen complete official JSON for NCT02222506
INPUT0275,OFFICIAL_JSON_ANALYTICAL_INPUT,data/raw/step_07/clinicaltrials_api/full_records/2026-07-25/NCT02224300__v1__lastupdate-2014-08-25.json,9189,5e29e75c1a45fd80f152522bb21a0ee6773cfcf74184a208a5f99b084a0b5af4,YES,Frozen complete official JSON for NCT02224300
INPUT0276,OFFICIAL_JSON_ANALYTICAL_INPUT,data/raw/step_07/clinicaltrials_api/full_records/2026-07-25/NCT02224404__v1__lastupdate-2017-03-27.json,8249,5f90693a674f5d6d1129a5a40ca07b8591a7a4d69d626f449fce525281fe9c57,YES,Frozen complete official JSON for NCT02224404
INPUT0277,OFFICIAL_JSON_ANALYTICAL_INPUT,data/raw/step_07/clinicaltrials_api/full_records/2026-07-25/NCT02224638__v1__lastupdate-2019-07-24.json,10281,c8278e02b1d36994eab7ef2c408698c2bfd04580c1cba54bf2bef37daa2afb75,YES,Frozen complete official JSON for NCT02224638
INPUT0278,OFFICIAL_JSON_ANALYTICAL_INPUT,data/raw/step_07/clinicaltrials_api/full_records/2026-07-25/NCT02225028__v1__lastupdate-2017-05-05.json,18746,424aad1bbd1ddfafe858a5783c1c433aaed090a1e44fca9a3f4cb6fe70c95cf4,YES,Frozen complete official JSON for NCT02225028
INPUT0279,OFFICIAL_JSON_ANALYTICAL_INPUT,data/raw/step_07/clinicaltrials_api/full_records/2026-07-25/NCT02236338__v1__lastupdate-2018-05-14.json,23273,c99ddf84bc08b3655fc994a9efa23e13644e60f64aca4a41c132e24678a707a3,YES,Frozen complete official JSON for NCT02236338
INPUT0280,OFFICIAL_JSON_ANALYTICAL_INPUT,data/raw/step_07/clinicaltrials_api/full_records/2026-07-25/NCT02237287__v1__lastupdate-2015-09-29.json,6074,fcdb2eafe3e9ec7dce395298722ca3cc2467ebe1a92d53d650bb907743778dc8,YES,Frozen complete official JSON for NCT02237287
INPUT0281,OFFICIAL_JSON_ANALYTICAL_INPUT,data/raw/step_07/clinicaltrials_api/full_records/2026-07-25/NCT02244931__v1__lastupdate-2014-09-19.json,7875,121cbf95db0fe9c75ea16de4185eca78b08cdb7cfb14ef4d61de8990591b6c84,YES,Frozen complete official JSON for NCT02244931
INPUT0282,OFFICIAL_JSON_ANALYTICAL_INPUT,data/raw/step_07/clinicaltrials_api/full_records/2026-07-25/NCT02248077__v1__lastupdate-2016-10-21.json,6889,0d7d937272ce2982dc7f000e3910bdbb59de38a56dc412b02ef14ce9f3983c8f,YES,Frozen complete official JSON for NCT02248077
INPUT0283,OFFICIAL_JSON_ANALYTICAL_INPUT,data/raw/step_07/clinicaltrials_api/full_records/2026-07-25/NCT02248740__v1__lastupdate-2019-02-07.json,20468,a07cf4deae9d9f04e3b8025a90c30415bcb5b26d1f2d55d2ab559dc50db566eb,YES,Frozen complete official JSON for NCT02248740
INPUT0284,OFFICIAL_JSON_ANALYTICAL_INPUT,data/raw/step_07/clinicaltrials_api/full_records/2026-07-25/NCT02266771__v1__lastupdate-2018-03-15.json,7693,c540500450a027dfac570b1e4cff200a69d5cac484e83ada87737cdce08f51ac,YES,Frozen complete official JSON for NCT02266771
INPUT0285,OFFICIAL_JSON_ANALYTICAL_INPUT,data/raw/step_07/clinicaltrials_api/full_records/2026-07-25/NCT02270385__v1__lastupdate-2017-05-24.json,7512,ddf21e277b98178b546b072498c744c0ffd55d7a240e15d7285be039c4fb8cf4,YES,Frozen complete official JSON for NCT02270385
INPUT0286,OFFICIAL_JSON_ANALYTICAL_INPUT,data/raw/step_07/clinicaltrials_api/full_records/2026-07-25/NCT02272881__v1__lastupdate-2018-06-12.json,5775,47d9328b14c403a69f04782a24893b05a8783bca45d655ef5e5dc99bc7fdfb60,YES,Frozen complete official JSON for NCT02272881
INPUT0287,OFFICIAL_JSON_ANALYTICAL_INPUT,data/raw/step_07/clinicaltrials_api/full_records/2026-07-25/NCT02284373__v1__lastupdate-2020-03-13.json,15497,49f49c5434214d446fe1f62db0f3ae2486b071ca6a00f3aa2511950796553023,YES,Frozen complete official JSON for NCT02284373
INPUT0288,OFFICIAL_JSON_ANALYTICAL_INPUT,data/raw/step_07/clinicaltrials_api/full_records/2026-07-25/NCT02295735__v1__lastupdate-2020-07-02.json,35963,9802a1c358eba0f7721dc97c7d577d7adb5ed5b435c28bad34a43935ecb300a8,YES,Frozen complete official JSON for NCT02295735
INPUT0289,OFFICIAL_JSON_ANALYTICAL_INPUT,data/raw/step_07/clinicaltrials_api/full_records/2026-07-25/NCT02296697__v1__lastupdate-2016-06-10.json,8969,fd95464e82a65961f2b91577d349983e9b19875cd2bf3273d524acc1cd7f1ba6,YES,Frozen complete official JSON for NCT02296697
INPUT0290,OFFICIAL_JSON_ANALYTICAL_INPUT,data/raw/step_07/clinicaltrials_api/full_records/2026-07-25/NCT02300896__v1__lastupdate-2017-09-12.json,10379,15f9822725da10ca7547f156eeb2a8e524fa7e862650d48c9c63bdf01fe65124,YES,Frozen complete official JSON for NCT02300896
INPUT0291,OFFICIAL_JSON_ANALYTICAL_INPUT,data/raw/step_07/clinicaltrials_api/full_records/2026-07-25/NCT02307448__v1__lastupdate-2023-02-01.json,9259,d90dd80b1d89060d6ee4b3c0ae3ae528dd8bf93b3ab415c7c6cbf4c956280db1,YES,Frozen complete official JSON for NCT02307448
INPUT0292,OFFICIAL_JSON_ANALYTICAL_INPUT,data/raw/step_07/clinicaltrials_api/full_records/2026-07-25/NCT02312518__v1__lastupdate-2021-04-13.json,8995,3434c22cbe8069f5dff400a7214332d36b487dc115149c905ab4574d6a95e25d,YES,Frozen complete official JSON for NCT02312518
INPUT0293,OFFICIAL_JSON_ANALYTICAL_INPUT,data/raw/step_07/clinicaltrials_api/full_records/2026-07-25/NCT02312570__v1__lastupdate-2021-04-13.json,9402,74a6973c9f3fd01e9d09b320e47f6022bff4261e6cb13c1fd1960408b93dd8dc,YES,Frozen complete official JSON for NCT02312570
INPUT0294,OFFICIAL_JSON_ANALYTICAL_INPUT,data/raw/step_07/clinicaltrials_api/full_records/2026-07-25/NCT02313194__v1__lastupdate-2026-02-13.json,5562,620de22ccd54ca62007fb8667bde37701fa53e9e5db18948d79d76a5457c9628,YES,Frozen complete official JSON for NCT02313194
INPUT0295,OFFICIAL_JSON_ANALYTICAL_INPUT,data/raw/step_07/clinicaltrials_api/full_records/2026-07-25/NCT02322125__v1__lastupdate-2021-10-14.json,28732,02f1cab967a353eb7dcdfffa37ed9466a0a404e70d9507bcc9ddb2917e5c06b9,YES,Frozen complete official JSON for NCT02322125
INPUT0296,OFFICIAL_JSON_ANALYTICAL_INPUT,data/raw/step_07/clinicaltrials_api/full_records/2026-07-25/NCT02324322__v1__lastupdate-2017-03-22.json,10488,8874d07f4079a48cf5867b059d840889a213c25a09490db5ef5d93a8724fcb45,YES,Frozen complete official JSON for NCT02324322
INPUT0297,OFFICIAL_JSON_ANALYTICAL_INPUT,data/raw/step_07/clinicaltrials_api/full_records/2026-07-25/NCT02325388__v1__lastupdate-2019-05-16.json,10636,6ac74e79cc90f5428b4427ffa9f68cd8d8cfb84160b3485384223bb435262674,YES,Frozen complete official JSON for NCT02325388
INPUT0298,OFFICIAL_JSON_ANALYTICAL_INPUT,data/raw/step_07/clinicaltrials_api/full_records/2026-07-25/NCT02329652__v1__lastupdate-2025-12-19.json,13212,a2c7740d7241f46017f2b68a010163dbd68cf6bea0c9ea7b601846aa40ad565e,YES,Frozen complete official JSON for NCT02329652
INPUT0299,OFFICIAL_JSON_ANALYTICAL_INPUT,data/raw/step_07/clinicaltrials_api/full_records/2026-07-25/NCT02331979__v1__lastupdate-2026-02-13.json,5489,a09259820c53a0bd35a25b4d1b8d0cbed43f1d59f7a568cce9872cad41b9debc,YES,Frozen complete official JSON for NCT02331979
INPUT0300,OFFICIAL_JSON_ANALYTICAL_INPUT,data/raw/step_07/clinicaltrials_api/full_records/2026-07-25/NCT02333123__v1__lastupdate-2017-06-27.json,11706,401eaf310f1d1ab99a4139dab087c9a7466371bc7ab9a7696976fe283f93cc29,YES,Frozen complete official JSON for NCT02333123
INPUT0301,OFFICIAL_JSON_ANALYTICAL_INPUT,data/raw/step_07/clinicaltrials_api/full_records/2026-07-25/NCT02339233__v1__lastupdate-2022-04-22.json,20247,3ec9c15123c253779f1bb138ae2d86a2953a8b52347a9402d7a6c90b8687eb39,YES,Frozen complete official JSON for NCT02339233
INPUT0302,OFFICIAL_JSON_ANALYTICAL_INPUT,data/raw/step_07/clinicaltrials_api/full_records/2026-07-25/NCT02342080__v1__lastupdate-2015-05-12.json,5839,0f15fd291e6055d3ba9508bd3fb12b5d00a5fdfa18a82a503e0aed7e13ab3889,YES,Frozen complete official JSON for NCT02342080
INPUT0303,OFFICIAL_JSON_ANALYTICAL_INPUT,data/raw/step_07/clinicaltrials_api/full_records/2026-07-25/NCT02348294__v1__lastupdate-2015-01-28.json,10426,488812a32016e1b13192663a5116e84c78dda1564dc3f5d87bc8fd1e637a21c7,YES,Frozen complete official JSON for NCT02348294
INPUT0304,OFFICIAL_JSON_ANALYTICAL_INPUT,data/raw/step_07/clinicaltrials_api/full_records/2026-07-25/NCT02352454__v1__lastupdate-2018-01-25.json,13835,d85da17270b22ff016acb49245909ea079a2d19e56675cae2ea0750910ee8de0,YES,Frozen complete official JSON for NCT02352454
INPUT0305,OFFICIAL_JSON_ANALYTICAL_INPUT,data/raw/step_07/clinicaltrials_api/full_records/2026-07-25/NCT02352467__v1__lastupdate-2018-01-25.json,13900,e82353b47a17c649688d57ed9e5f9ac28c15dbba59f823fdaecbe415c04c88a1,YES,Frozen complete official JSON for NCT02352467
INPUT0306,OFFICIAL_JSON_ANALYTICAL_INPUT,data/raw/step_07/clinicaltrials_api/full_records/2026-07-25/NCT02355158__v1__lastupdate-2017-09-19.json,22971,df729726b8f31870765ed20cb63c50179ccd28958101eb5a1ccf00b187b1341c,YES,Frozen complete official JSON for NCT02355158
INPUT0307,OFFICIAL_JSON_ANALYTICAL_INPUT,data/raw/step_07/clinicaltrials_api/full_records/2026-07-25/NCT02360358__v1__lastupdate-2016-01-07.json,8848,7190f274b51d8a4dcc1190317d8233fdc08fe05603eac87cdf9164dc3a043158,YES,Frozen complete official JSON for NCT02360358
INPUT0308,OFFICIAL_JSON_ANALYTICAL_INPUT,data/raw/step_07/clinicaltrials_api/full_records/2026-07-25/NCT02363842__v1__lastupdate-2015-08-14.json,10026,8c0b19bb7966e042d72842396e45e5429aecf8c5ab27068b1cc76982bbc592bc,YES,Frozen complete official JSON for NCT02363842
INPUT0309,OFFICIAL_JSON_ANALYTICAL_INPUT,data/raw/step_07/clinicaltrials_api/full_records/2026-07-25/NCT02364921__v1__lastupdate-2018-09-10.json,7810,c069ef42aa499aba6597474395b09b0ee1e53c33c2a71c71a817a8cb8c1b50dd,YES,Frozen complete official JSON for NCT02364921
INPUT0310,OFFICIAL_JSON_ANALYTICAL_INPUT,data/raw/step_07/clinicaltrials_api/full_records/2026-07-25/NCT02369770__v1__lastupdate-2026-04-21.json,20237,e3a4f2bbd57cc8d773ca7d178fd7facf12e5d0489081af8b2c3284e85f9853e0,YES,Frozen complete official JSON for NCT02369770
INPUT0311,OFFICIAL_JSON_ANALYTICAL_INPUT,data/raw/step_07/clinicaltrials_api/full_records/2026-07-25/NCT02371239__v1__lastupdate-2016-03-16.json,10812,e56b27bc2996ec11ebf8d4c236ea0a3b9823e4e8c1147c99284daf7ef469ab5b,YES,Frozen complete official JSON for NCT02371239
INPUT0312,OFFICIAL_JSON_ANALYTICAL_INPUT,data/raw/step_07/clinicaltrials_api/full_records/2026-07-25/NCT02373956__v1__lastupdate-2021-08-09.json,17541,fc6c2baf929c025da2ee063251b7f5aff955d26c33d92d74fdda2d531358726b,YES,Frozen complete official JSON for NCT02373956
INPUT0313,OFFICIAL_JSON_ANALYTICAL_INPUT,data/raw/step_07/clinicaltrials_api/full_records/2026-07-25/NCT02375802__v1__lastupdate-2026-01-14.json,12350,d219468bd73d0d428e2eaafcf1397dc0b4337cf347157d11890e25a2cba9162e,YES,Frozen complete official JSON for NCT02375802
INPUT0314,OFFICIAL_JSON_ANALYTICAL_INPUT,data/raw/step_07/clinicaltrials_api/full_records/2026-07-25/NCT02380820__v1__lastupdate-2016-04-11.json,7871,05890a22ca33a937229be32778a2773fdfc892876fe83dfd88d6f3db87052fe2,YES,Frozen complete official JSON for NCT02380820
INPUT0315,OFFICIAL_JSON_ANALYTICAL_INPUT,data/raw/step_07/clinicaltrials_api/full_records/2026-07-25/NCT02382302__v1__lastupdate-2015-03-06.json,6980,f09a3adba75df21a1235387b7c695539adfe47ccd9232203e232f4cd62920fe7,YES,Frozen complete official JSON for NCT02382302
INPUT0316,OFFICIAL_JSON_ANALYTICAL_INPUT,data/raw/step_07/clinicaltrials_api/full_records/2026-07-25/NCT02385942__v1__lastupdate-2015-03-11.json,4940,84bfc7972aeb334a716b6069d70ba61e7d8ef4b2a85a85d09ad18952c90378f4,YES,Frozen complete official JSON for NCT02385942
INPUT0317,OFFICIAL_JSON_ANALYTICAL_INPUT,data/raw/step_07/clinicaltrials_api/full_records/2026-07-25/NCT02394821__v1__lastupdate-2015-09-02.json,8265,f929057107ec985823b5c71f247ae34417bf75794c7a7383b5fff70dd2017339,YES,Frozen complete official JSON for NCT02394821
INPUT0318,OFFICIAL_JSON_ANALYTICAL_INPUT,data/raw/step_07/clinicaltrials_api/full_records/2026-07-25/NCT02395302__v1__lastupdate-2017-03-27.json,17955,54b7a2116b2abfd5752dbc45e575223d68cb0c90d5da7a6a6fb33fdb1f95b5d4,YES,Frozen complete official JSON for NCT02395302
INPUT0319,OFFICIAL_JSON_ANALYTICAL_INPUT,data/raw/step_07/clinicaltrials_api/full_records/2026-07-25/NCT02408991__v1__lastupdate-2016-04-08.json,19214,c693b122124b7cbeb9af1949eff92007bcb9c7eba4a304f93a3d78c18c08e135,YES,Frozen complete official JSON for NCT02408991
INPUT0320,OFFICIAL_JSON_ANALYTICAL_INPUT,data/raw/step_07/clinicaltrials_api/full_records/2026-07-25/NCT02412046__v1__lastupdate-2021-12-23.json,7891,96cb0112ac293d4aa231539d7be1513143cb55446d80955f357bfc8360eef021,YES,Frozen complete official JSON for NCT02412046
INPUT0321,OFFICIAL_JSON_ANALYTICAL_INPUT,data/raw/step_07/clinicaltrials_api/full_records/2026-07-25/NCT02418676__v1__lastupdate-2016-01-14.json,36054,f827f2609c78ea28ec4617dda87e32302ea0326257136534386f438c5434ec1f,YES,Frozen complete official JSON for NCT02418676
INPUT0322,OFFICIAL_JSON_ANALYTICAL_INPUT,data/raw/step_07/clinicaltrials_api/full_records/2026-07-25/NCT02419378__v1__lastupdate-2021-10-26.json,47179,898739f462137ace07111361eef09389ef0a950c126c68bd1f21a755e89a6d32,YES,Frozen complete official JSON for NCT02419378
INPUT0323,OFFICIAL_JSON_ANALYTICAL_INPUT,data/raw/step_07/clinicaltrials_api/full_records/2026-07-25/NCT02422017__v1__lastupdate-2025-09-19.json,8254,d3f6ccc8457bee69103fb56adf5302dd34df3d72f028095406f5634161e1df0d,YES,Frozen complete official JSON for NCT02422017
INPUT0324,OFFICIAL_JSON_ANALYTICAL_INPUT,data/raw/step_07/clinicaltrials_api/full_records/2026-07-25/NCT02441179__v1__lastupdate-2016-05-27.json,45282,3d242c63c49345abaa68b1872584790d804c46a36fb3a24793b8daa3d2cbe178,YES,Frozen complete official JSON for NCT02441179
INPUT0325,OFFICIAL_JSON_ANALYTICAL_INPUT,data/raw/step_07/clinicaltrials_api/full_records/2026-07-25/NCT02458859__v1__lastupdate-2018-02-13.json,8700,78f4d46e1115c680c5ebf317e4a4f8cf82c3c1a6d4456ebf2e2bb6627624195f,YES,Frozen complete official JSON for NCT02458859
INPUT0326,OFFICIAL_JSON_ANALYTICAL_INPUT,data/raw/step_07/clinicaltrials_api/full_records/2026-07-25/NCT02470806__v1__lastupdate-2020-04-06.json,77554,9ddacfd02276aacb7c7050eaa1ba268468ae17cd4c9f8cb4f5d2f3b800a493f3,YES,Frozen complete official JSON for NCT02470806
INPUT0327,OFFICIAL_JSON_ANALYTICAL_INPUT,data/raw/step_07/clinicaltrials_api/full_records/2026-07-25/NCT02472743__v1__lastupdate-2016-05-09.json,10120,51ac0d27cd4f3ae41a43a5ccd121c35c05277e5adf5c6388cbfb854b817486bb,YES,Frozen complete official JSON for NCT02472743
INPUT0328,OFFICIAL_JSON_ANALYTICAL_INPUT,data/raw/step_07/clinicaltrials_api/full_records/2026-07-25/NCT02474979__v1__lastupdate-2016-03-14.json,7473,c5871029cd210bb0abd55c71abf87373499512658631d3725bf804db62bdfbb7,YES,Frozen complete official JSON for NCT02474979
INPUT0329,OFFICIAL_JSON_ANALYTICAL_INPUT,data/raw/step_07/clinicaltrials_api/full_records/2026-07-25/NCT02475512__v1__lastupdate-2016-02-09.json,10141,385cd23982cdb385bf08be098c7689616eebae46f5783b7f6606c4f9eb79d505,YES,Frozen complete official JSON for NCT02475512
INPUT0330,OFFICIAL_JSON_ANALYTICAL_INPUT,data/raw/step_07/clinicaltrials_api/full_records/2026-07-25/NCT02479425__v1__lastupdate-2015-07-08.json,6000,5d2d91c5894c8b472c29baff7160a804e129b437ac2b18525e78840fb62dde11,YES,Frozen complete official JSON for NCT02479425
INPUT0331,OFFICIAL_JSON_ANALYTICAL_INPUT,data/raw/step_07/clinicaltrials_api/full_records/2026-07-25/NCT02482038__v1__lastupdate-2020-03-24.json,4510,33bffdd8e29a6f33b302539e9c085285a2b67a73ea066d3041197e43e142459e,YES,Frozen complete official JSON for NCT02482038
INPUT0332,OFFICIAL_JSON_ANALYTICAL_INPUT,data/raw/step_07/clinicaltrials_api/full_records/2026-07-25/NCT02482948__v1__lastupdate-2017-12-02.json,8205,a5377a9d42cf14652cf0628ef5c960f05ae7e42be814159fa4800c2a0b99e2ab,YES,Frozen complete official JSON for NCT02482948
INPUT0333,OFFICIAL_JSON_ANALYTICAL_INPUT,data/raw/step_07/clinicaltrials_api/full_records/2026-07-25/NCT02483962__v1__lastupdate-2016-05-19.json,10897,59b30260468d30cb44e5ce57d4256ac82e23d887402e5b91f2c8990ccaaab0cc,YES,Frozen complete official JSON for NCT02483962
INPUT0334,OFFICIAL_JSON_ANALYTICAL_INPUT,data/raw/step_07/clinicaltrials_api/full_records/2026-07-25/NCT02485860__v1__lastupdate-2025-12-02.json,11686,57c9082e2e2f10c315c38b2f302ed69c9ef8a40a7a6c335d29286c6c2c5115db,YES,Frozen complete official JSON for NCT02485860
INPUT0335,OFFICIAL_JSON_ANALYTICAL_INPUT,data/raw/step_07/clinicaltrials_api/full_records/2026-07-25/NCT02498327__v1__lastupdate-2016-05-19.json,11492,912d23ed466df2a2cd8ddead7383b62b578b7298deeb52ab40560ed7f2c357ad,YES,Frozen complete official JSON for NCT02498327
INPUT0336,OFFICIAL_JSON_ANALYTICAL_INPUT,data/raw/step_07/clinicaltrials_api/full_records/2026-07-25/NCT02510365__v1__lastupdate-2020-12-23.json,9340,8eb68da6db2c8ab530f068e61fc017aeec5d89c8bba66e8981e9dc323ac55fe1,YES,Frozen complete official JSON for NCT02510365
INPUT0337,OFFICIAL_JSON_ANALYTICAL_INPUT,data/raw/step_07/clinicaltrials_api/full_records/2026-07-25/NCT02512159__v1__lastupdate-2015-07-30.json,8018,2488f847b63ad2611dd90568147602981ee967e6357ab5296aaa83ec8c9725ed,YES,Frozen complete official JSON for NCT02512159
INPUT0338,OFFICIAL_JSON_ANALYTICAL_INPUT,data/raw/step_07/clinicaltrials_api/full_records/2026-07-25/NCT02519621__v1__lastupdate-2023-07-24.json,24536,f564d52b724f634422faa485abb246ec01d10418b84f5f78b40e2b44c42df7e6,YES,Frozen complete official JSON for NCT02519621
INPUT0339,OFFICIAL_JSON_ANALYTICAL_INPUT,data/raw/step_07/clinicaltrials_api/full_records/2026-07-25/NCT02526862__v1__lastupdate-2015-08-18.json,10140,f67a9169131a61c61f09d8dc83cae031c8326cf2e5aed6a3cfa1f4b35fa45750,YES,Frozen complete official JSON for NCT02526862
INPUT0340,OFFICIAL_JSON_ANALYTICAL_INPUT,data/raw/step_07/clinicaltrials_api/full_records/2026-07-25/NCT02533726__v1__lastupdate-2018-04-09.json,17027,98092772fc18506e11add757f1649dbc924c31fb62698604e9dd0be81e3dda9f,YES,Frozen complete official JSON for NCT02533726
INPUT0341,OFFICIAL_JSON_ANALYTICAL_INPUT,data/raw/step_07/clinicaltrials_api/full_records/2026-07-25/NCT02533882__v1__lastupdate-2019-10-15.json,9302,5b9b96bf2628bde5b040476e7c5f251325d1270314e09ea1fcf5c4adbb737c22,YES,Frozen complete official JSON for NCT02533882
INPUT0342,OFFICIAL_JSON_ANALYTICAL_INPUT,data/raw/step_07/clinicaltrials_api/full_records/2026-07-25/NCT02554058__v1__lastupdate-2017-05-09.json,11011,a718585275209b24d5dfc6edba5fede2fd078c7f495c19a1b3ca4068d71e1fd8,YES,Frozen complete official JSON for NCT02554058
INPUT0343,OFFICIAL_JSON_ANALYTICAL_INPUT,data/raw/step_07/clinicaltrials_api/full_records/2026-07-25/NCT02559453__v1__lastupdate-2019-09-12.json,6674,3f5bac81e1617fd0dc389798fba28020229bfe795f5cf67974c1c5b601892fd0,YES,Frozen complete official JSON for NCT02559453
INPUT0344,OFFICIAL_JSON_ANALYTICAL_INPUT,data/raw/step_07/clinicaltrials_api/full_records/2026-07-25/NCT02561013__v1__lastupdate-2015-11-25.json,8575,76da7de933fe6bfbc1c8a58b14ed7cc4e91f81628b5476609b5b1e1c29ca9290,YES,Frozen complete official JSON for NCT02561013
INPUT0345,OFFICIAL_JSON_ANALYTICAL_INPUT,data/raw/step_07/clinicaltrials_api/full_records/2026-07-25/NCT02562001__v1__lastupdate-2021-06-08.json,16031,22f0d4cb16cb5646a0183a04fbd1d576439168d680490756334c4b7bfa54aeca,YES,Frozen complete official JSON for NCT02562001
INPUT0346,OFFICIAL_JSON_ANALYTICAL_INPUT,data/raw/step_07/clinicaltrials_api/full_records/2026-07-25/NCT02565745__v1__lastupdate-2018-03-20.json,7598,5a317eef6dc7506317335ad3cff8dae9212c2a947fcfaaf4a45e1f824a0e7e17,YES,Frozen complete official JSON for NCT02565745
INPUT0347,OFFICIAL_JSON_ANALYTICAL_INPUT,data/raw/step_07/clinicaltrials_api/full_records/2026-07-25/NCT02565797__v1__lastupdate-2021-03-29.json,11472,38396c859433b56e2d04ce2a46402381e6d141303a3658faa1acf4c79ed33f78,YES,Frozen complete official JSON for NCT02565797
INPUT0348,OFFICIAL_JSON_ANALYTICAL_INPUT,data/raw/step_07/clinicaltrials_api/full_records/2026-07-25/NCT02570139__v1__lastupdate-2024-10-02.json,28719,e54405f58cff3bd7fee12421094a52172c685643fa34310ade35ac3d36c929fb,YES,Frozen complete official JSON for NCT02570139
INPUT0349,OFFICIAL_JSON_ANALYTICAL_INPUT,data/raw/step_07/clinicaltrials_api/full_records/2026-07-25/NCT02577120__v1__lastupdate-2025-09-26.json,16806,e29a4c9a375bff784e3e37e6c18fd0631d91c14cdf471e623045c4aa10a0cdeb,YES,Frozen complete official JSON for NCT02577120
INPUT0350,OFFICIAL_JSON_ANALYTICAL_INPUT,data/raw/step_07/clinicaltrials_api/full_records/2026-07-25/NCT02577900__v1__lastupdate-2019-04-16.json,23011,75d07a0ed8e36c1368a0c792195441d3c3d79679bc0234c9cec211b31212f65f,YES,Frozen complete official JSON for NCT02577900
INPUT0351,OFFICIAL_JSON_ANALYTICAL_INPUT,data/raw/step_07/clinicaltrials_api/full_records/2026-07-25/NCT02578823__v1__lastupdate-2016-06-29.json,12996,e2e9f8e255365461d24fb8541c602f71fb8507f64e9ab58277709026765caaaf,YES,Frozen complete official JSON for NCT02578823
INPUT0352,OFFICIAL_JSON_ANALYTICAL_INPUT,data/raw/step_07/clinicaltrials_api/full_records/2026-07-25/NCT02583958__v1__lastupdate-2015-10-22.json,4713,68c5c9b9e5564b12fe1f5ba11e1b0c7f12f6efb8400d43d9757d46d8cc7dfc24,YES,Frozen complete official JSON for NCT02583958
INPUT0353,OFFICIAL_JSON_ANALYTICAL_INPUT,data/raw/step_07/clinicaltrials_api/full_records/2026-07-25/NCT02584335__v1__lastupdate-2018-03-27.json,23992,5ef6e281f2f89a4e9cbadfed599b707fbb023d7e327f1e2dd82936fbb0907b9a,YES,Frozen complete official JSON for NCT02584335
INPUT0354,OFFICIAL_JSON_ANALYTICAL_INPUT,data/raw/step_07/clinicaltrials_api/full_records/2026-07-25/NCT02584426__v1__lastupdate-2022-04-25.json,8423,4610cd1cba3e67d628972108692b0ccf2de48877e55112df32ee6b7b250d5f82,YES,Frozen complete official JSON for NCT02584426
INPUT0355,OFFICIAL_JSON_ANALYTICAL_INPUT,data/raw/step_07/clinicaltrials_api/full_records/2026-07-25/NCT02585765__v1__lastupdate-2018-08-08.json,11332,7e432688385ea917c7b37648812ebc3c96d8dd89e0cea95d7ff955e37aef018a,YES,Frozen complete official JSON for NCT02585765
INPUT0356,OFFICIAL_JSON_ANALYTICAL_INPUT,data/raw/step_07/clinicaltrials_api/full_records/2026-07-25/NCT02586142__v1__lastupdate-2015-10-26.json,17705,ac5e40e4c1aa006de727a6817089246efcd261b483c66e43f07c7bd36b32e839,YES,Frozen complete official JSON for NCT02586142
INPUT0357,OFFICIAL_JSON_ANALYTICAL_INPUT,data/raw/step_07/clinicaltrials_api/full_records/2026-07-25/NCT02587130__v1__lastupdate-2020-03-03.json,9647,602b92e895f95640431d41ae1d36643efdc5d5832f2dc2fdf795c61f2946a65b,YES,Frozen complete official JSON for NCT02587130
INPUT0358,OFFICIAL_JSON_ANALYTICAL_INPUT,data/raw/step_07/clinicaltrials_api/full_records/2026-07-25/NCT02591537__v1__lastupdate-2017-10-04.json,28795,8b8a8f3ce8a4076f62c0edb0f0a397071eae7c990939ea654be1def97358953a,YES,Frozen complete official JSON for NCT02591537
INPUT0359,OFFICIAL_JSON_ANALYTICAL_INPUT,data/raw/step_07/clinicaltrials_api/full_records/2026-07-25/NCT02600611__v1__lastupdate-2018-06-19.json,23054,31a05f19ec4782a976aa1ec9a18e5ec0bdc5c223999ecf13aa3c910dfed65961,YES,Frozen complete official JSON for NCT02600611
INPUT0360,OFFICIAL_JSON_ANALYTICAL_INPUT,data/raw/step_07/clinicaltrials_api/full_records/2026-07-25/NCT02607618__v1__lastupdate-2018-08-07.json,23742,f31a45da7282da43dba9e896ef0c4c57cf429070f0f188720af61d5ac7997fb9,YES,Frozen complete official JSON for NCT02607618
INPUT0361,OFFICIAL_JSON_ANALYTICAL_INPUT,data/raw/step_07/clinicaltrials_api/full_records/2026-07-25/NCT02609594__v1__lastupdate-2018-09-07.json,15322,27cfcda3d3def7c735b0dae01ecf91e9c5e133ccd99811e40baa3f70e980257d,YES,Frozen complete official JSON for NCT02609594
INPUT0362,OFFICIAL_JSON_ANALYTICAL_INPUT,data/raw/step_07/clinicaltrials_api/full_records/2026-07-25/NCT02619409__v1__lastupdate-2023-06-06.json,19078,e9191eebe96a0fd66eb64af49c00c34daff566441f6313546a6acfa07d9c3275,YES,Frozen complete official JSON for NCT02619409
INPUT0363,OFFICIAL_JSON_ANALYTICAL_INPUT,data/raw/step_07/clinicaltrials_api/full_records/2026-07-25/NCT02621632__v1__lastupdate-2015-12-03.json,4831,6ea245c327014307c4b26f14ced0bdb37c11c5722c24894fb188747d951779db,YES,Frozen complete official JSON for NCT02621632
INPUT0364,OFFICIAL_JSON_ANALYTICAL_INPUT,data/raw/step_07/clinicaltrials_api/full_records/2026-07-25/NCT02622295__v1__lastupdate-2022-11-04.json,44355,a2ffe14f88452f3661723f51b32e5d57dc603e252d7ff4be7effb9d5cdd2381e,YES,Frozen complete official JSON for NCT02622295
INPUT0365,OFFICIAL_JSON_ANALYTICAL_INPUT,data/raw/step_07/clinicaltrials_api/full_records/2026-07-25/NCT02626156__v1__lastupdate-2021-06-30.json,89919,f8af4af5f7186e787f7fd17347ff4f4d61ebd9813baa2a03824ec9d31203c309,YES,Frozen complete official JSON for NCT02626156
INPUT0366,OFFICIAL_JSON_ANALYTICAL_INPUT,data/raw/step_07/clinicaltrials_api/full_records/2026-07-25/NCT02632695__v1__lastupdate-2018-09-07.json,9666,d78860838e77fe715583b21d7d831aeec1372430fa04d885b9733b1ff1876389,YES,Frozen complete official JSON for NCT02632695
INPUT0367,OFFICIAL_JSON_ANALYTICAL_INPUT,data/raw/step_07/clinicaltrials_api/full_records/2026-07-25/NCT02634892__v1__lastupdate-2019-07-18.json,7400,6c891ae6c44c43d5e407cee8d7191663434fa86e8f97bd056242bd07a0829be0,YES,Frozen complete official JSON for NCT02634892
INPUT0368,OFFICIAL_JSON_ANALYTICAL_INPUT,data/raw/step_07/clinicaltrials_api/full_records/2026-07-25/NCT02650440__v1__lastupdate-2017-09-18.json,32867,7047caf25f9e56d8667023df3a308a93dd1eae612d5819cad492a619535d6e37,YES,Frozen complete official JSON for NCT02650440
INPUT0369,OFFICIAL_JSON_ANALYTICAL_INPUT,data/raw/step_07/clinicaltrials_api/full_records/2026-07-25/NCT02652169__v1__lastupdate-2022-04-07.json,10882,3da6acfc6aa6b83b6f6dee6c3910d088d65381504dd733a4507bff217196b751,YES,Frozen complete official JSON for NCT02652169
INPUT0370,OFFICIAL_JSON_ANALYTICAL_INPUT,data/raw/step_07/clinicaltrials_api/full_records/2026-07-25/NCT02652572__v1__lastupdate-2018-08-01.json,10216,6b344cf721150610961f2a7d4b333755fcfe85329738247a25df8a849f8b3709,YES,Frozen complete official JSON for NCT02652572
INPUT0371,OFFICIAL_JSON_ANALYTICAL_INPUT,data/raw/step_07/clinicaltrials_api/full_records/2026-07-25/NCT02658656__v1__lastupdate-2024-11-04.json,158366,31b7ad411dc03bff8049071921e782dccdfff4505995920aaf748f2315d2c594,YES,Frozen complete official JSON for NCT02658656
INPUT0372,OFFICIAL_JSON_ANALYTICAL_INPUT,data/raw/step_07/clinicaltrials_api/full_records/2026-07-25/NCT02662127__v1__lastupdate-2017-04-12.json,8415,3891656faedf0ce093c9cddda748995198c3aca71c687a395c1f957fb9b6bc13,YES,Frozen complete official JSON for NCT02662127
INPUT0373,OFFICIAL_JSON_ANALYTICAL_INPUT,data/raw/step_07/clinicaltrials_api/full_records/2026-07-25/NCT02680834__v1__lastupdate-2020-02-19.json,27291,b12d26a6fc18152e16f9854e25d9dde52c9e7a0323195ae9730586a9556640c4,YES,Frozen complete official JSON for NCT02680834
INPUT0374,OFFICIAL_JSON_ANALYTICAL_INPUT,data/raw/step_07/clinicaltrials_api/full_records/2026-07-25/NCT02682069__v1__lastupdate-2020-02-26.json,13569,d635f2e747970b138c63518c1c14a54e7f1167eef18f61fbe354988c0c425a5b,YES,Frozen complete official JSON for NCT02682069
INPUT0375,OFFICIAL_JSON_ANALYTICAL_INPUT,data/raw/step_07/clinicaltrials_api/full_records/2026-07-25/NCT02685033__v1__lastupdate-2019-01-04.json,63994,e149a16f3150b10e0a1c484e68d95a94ae72b383cd13664e25ec1763ad9629a7,YES,Frozen complete official JSON for NCT02685033
INPUT0376,OFFICIAL_JSON_ANALYTICAL_INPUT,data/raw/step_07/clinicaltrials_api/full_records/2026-07-25/NCT02689310__v1__lastupdate-2018-04-18.json,8208,ffa0c8542b7b05db842b77fd6b620555017b2e84a196fcac80db624b3a64291e,YES,Frozen complete official JSON for NCT02689310
INPUT0377,OFFICIAL_JSON_ANALYTICAL_INPUT,data/raw/step_07/clinicaltrials_api/full_records/2026-07-25/NCT02689817__v1__lastupdate-2019-11-04.json,17405,d2f0a1043cf6473321dbe83ca6835cb8bab889e16d526797577605112e166b78,YES,Frozen complete official JSON for NCT02689817
INPUT0378,OFFICIAL_JSON_ANALYTICAL_INPUT,data/raw/step_07/clinicaltrials_api/full_records/2026-07-25/NCT02690753__v1__lastupdate-2018-03-09.json,12303,f1e3fdb4c2b9d14cd060d90075cea266e4164ead5633cdf8d47b8759129a01d5,YES,Frozen complete official JSON for NCT02690753
INPUT0379,OFFICIAL_JSON_ANALYTICAL_INPUT,data/raw/step_07/clinicaltrials_api/full_records/2026-07-25/NCT02692482__v1__lastupdate-2019-06-19.json,20349,1893d0c0ab19b515125ad12f446b4c354c88678a69b207130c8ffad3bfdb1dcb,YES,Frozen complete official JSON for NCT02692482
INPUT0380,OFFICIAL_JSON_ANALYTICAL_INPUT,data/raw/step_07/clinicaltrials_api/full_records/2026-07-25/NCT02694302__v1__lastupdate-2016-09-27.json,6493,0ab8c0e160b47059c9f8350a9b2b1434e633988cf90472f9cc5ecae8a95016db,YES,Frozen complete official JSON for NCT02694302
INPUT0381,OFFICIAL_JSON_ANALYTICAL_INPUT,data/raw/step_07/clinicaltrials_api/full_records/2026-07-25/NCT02701101__v1__lastupdate-2020-10-19.json,26973,c0c5c9e2c1a002f73990a5ef85e0a5a4f36b5ba2199f2b7194a07841efbbd542,YES,Frozen complete official JSON for NCT02701101
INPUT0382,OFFICIAL_JSON_ANALYTICAL_INPUT,data/raw/step_07/clinicaltrials_api/full_records/2026-07-25/NCT02711839__v1__lastupdate-2019-07-01.json,14950,76de0bcd695fcbb4b69d723425de6ec8b059628d81a87155b31e37de1c51729e,YES,Frozen complete official JSON for NCT02711839
INPUT0383,OFFICIAL_JSON_ANALYTICAL_INPUT,data/raw/step_07/clinicaltrials_api/full_records/2026-07-25/NCT02716519__v1__lastupdate-2017-03-15.json,13219,ce8cbc8d24845f9e4b806a638ec0f44e839733cd5ad23f47840c226d911c6d57,YES,Frozen complete official JSON for NCT02716519
INPUT0384,OFFICIAL_JSON_ANALYTICAL_INPUT,data/raw/step_07/clinicaltrials_api/full_records/2026-07-25/NCT02718625__v1__lastupdate-2020-03-10.json,45777,4cb5241ae07519794c280c78d5f75b1377fa715a49c67d6443b63be7fe90ee5e,YES,Frozen complete official JSON for NCT02718625
INPUT0385,OFFICIAL_JSON_ANALYTICAL_INPUT,data/raw/step_07/clinicaltrials_api/full_records/2026-07-25/NCT02724449__v1__lastupdate-2024-12-17.json,13846,5b885e123e6f0c504dbcdffc2fd8db9153c6394d7493f4a665bbae12d31a1903,YES,Frozen complete official JSON for NCT02724449
INPUT0386,OFFICIAL_JSON_ANALYTICAL_INPUT,data/raw/step_07/clinicaltrials_api/full_records/2026-07-25/NCT02728986__v1__lastupdate-2024-12-02.json,5226,ba541e679da12c99a6fa218860321b55f32336e52d254d95e0c87c6c16d50de1,YES,Frozen complete official JSON for NCT02728986
INPUT0387,OFFICIAL_JSON_ANALYTICAL_INPUT,data/raw/step_07/clinicaltrials_api/full_records/2026-07-25/NCT02729688__v1__lastupdate-2018-08-17.json,6355,288ca389d6f8c5186d30c29141adcdad87adeaf72128f8bc2036c9a26c91314d,YES,Frozen complete official JSON for NCT02729688
INPUT0388,OFFICIAL_JSON_ANALYTICAL_INPUT,data/raw/step_07/clinicaltrials_api/full_records/2026-07-25/NCT02732548__v1__lastupdate-2017-07-19.json,6091,c535d05ef20d1269f95a4f9b14e0cd104d48dc7d2d6fd66864815f6a724c55ad,YES,Frozen complete official JSON for NCT02732548
INPUT0389,OFFICIAL_JSON_ANALYTICAL_INPUT,data/raw/step_07/clinicaltrials_api/full_records/2026-07-25/NCT02735135__v1__lastupdate-2019-04-25.json,7000,caf6e50255c812976e547e06483327d6dc3fbfefdaee59cc7e4e48b305583db3,YES,Frozen complete official JSON for NCT02735135
INPUT0390,OFFICIAL_JSON_ANALYTICAL_INPUT,data/raw/step_07/clinicaltrials_api/full_records/2026-07-25/NCT02735460__v1__lastupdate-2018-10-01.json,6914,5414d807a56f30272b353121241b20769de7cde188c04af72811485d67741439,YES,Frozen complete official JSON for NCT02735460
INPUT0391,OFFICIAL_JSON_ANALYTICAL_INPUT,data/raw/step_07/clinicaltrials_api/full_records/2026-07-25/NCT02742844__v1__lastupdate-2020-07-07.json,12783,e6884e5663574515997bbccf36035d03cb4a0c83f90815ae7e6e6f7fcbe00798,YES,Frozen complete official JSON for NCT02742844
INPUT0392,OFFICIAL_JSON_ANALYTICAL_INPUT,data/raw/step_07/clinicaltrials_api/full_records/2026-07-25/NCT02763904__v1__lastupdate-2024-11-18.json,8001,8f7cf3ac8c7e7a9ff82075c6a8bc2bfb34d8bd2641f2bfbd36942ec531dd69a5,YES,Frozen complete official JSON for NCT02763904
INPUT0393,OFFICIAL_JSON_ANALYTICAL_INPUT,data/raw/step_07/clinicaltrials_api/full_records/2026-07-25/NCT02782689__v1__lastupdate-2018-04-26.json,6074,f13f55287f71f42d28776ec4dc4ccc870146475928af3e199ed13a2d6d0e1efe,YES,Frozen complete official JSON for NCT02782689
INPUT0394,OFFICIAL_JSON_ANALYTICAL_INPUT,data/raw/step_07/clinicaltrials_api/full_records/2026-07-25/NCT02790593__v1__lastupdate-2020-02-12.json,10995,5c1c6f056ce7bc3b36685187405291458028c596bfca30f8f67911de3ad3e764,YES,Frozen complete official JSON for NCT02790593
INPUT0395,OFFICIAL_JSON_ANALYTICAL_INPUT,data/raw/step_07/clinicaltrials_api/full_records/2026-07-25/NCT02798445__v1__lastupdate-2016-08-23.json,6688,603d8ec917c684058406d8fc2e9ddf5768659eb0af0545a40726fa9dae9fa15f,YES,Frozen complete official JSON for NCT02798445
INPUT0396,OFFICIAL_JSON_ANALYTICAL_INPUT,data/raw/step_07/clinicaltrials_api/full_records/2026-07-25/NCT02800915__v1__lastupdate-2022-01-21.json,10348,da60fdb01949410f834ebbb7ed5ce131e6084424b1b9f67f88fd025a11950b92,YES,Frozen complete official JSON for NCT02800915
INPUT0397,OFFICIAL_JSON_ANALYTICAL_INPUT,data/raw/step_07/clinicaltrials_api/full_records/2026-07-25/NCT02802852__v1__lastupdate-2021-11-15.json,20678,e19039bd041b59e6dcf34f7f14130f4d1cf5d582d6842c1408452c46494b6f44,YES,Frozen complete official JSON for NCT02802852
INPUT0398,OFFICIAL_JSON_ANALYTICAL_INPUT,data/raw/step_07/clinicaltrials_api/full_records/2026-07-25/NCT02802995__v1__lastupdate-2017-10-26.json,10074,3189f66484b52bc9695caf747896d085847b09682c83266fd1d53c8e59bd8dd2,YES,Frozen complete official JSON for NCT02802995
INPUT0399,OFFICIAL_JSON_ANALYTICAL_INPUT,data/raw/step_07/clinicaltrials_api/full_records/2026-07-25/NCT02811965__v1__lastupdate-2018-01-08.json,29125,dd2038c82af46c4e037e807b25d2821967e1fc28dfca9ee5a960716862c070c7,YES,Frozen complete official JSON for NCT02811965
INPUT0400,OFFICIAL_JSON_ANALYTICAL_INPUT,data/raw/step_07/clinicaltrials_api/full_records/2026-07-25/NCT02814513__v1__lastupdate-2017-05-04.json,26343,59dc080e792547f9f992b3b567fd7cbb658ecc385a8f6ab22f9e5bc5736846cb,YES,Frozen complete official JSON for NCT02814513
INPUT0401,OFFICIAL_JSON_ANALYTICAL_INPUT,data/raw/step_07/clinicaltrials_api/full_records/2026-07-25/NCT02838784__v1__lastupdate-2017-10-13.json,10914,162442ebf97b43c0efa4efe4519ae154273e049d571059649a11acc791ca97f5,YES,Frozen complete official JSON for NCT02838784
INPUT0402,OFFICIAL_JSON_ANALYTICAL_INPUT,data/raw/step_07/clinicaltrials_api/full_records/2026-07-25/NCT02839226__v1__lastupdate-2016-07-20.json,12511,725f06d346967560725463afa594bc40e45ada336aafe90c77d293259f5b5e77,YES,Frozen complete official JSON for NCT02839226
INPUT0403,OFFICIAL_JSON_ANALYTICAL_INPUT,data/raw/step_07/clinicaltrials_api/full_records/2026-07-25/NCT02840318__v1__lastupdate-2016-08-16.json,18978,07611a9480789d40d02244b18c1dead6e3a9ff3740cbb0e9a82b20f7fd064957,YES,Frozen complete official JSON for NCT02840318
INPUT0404,OFFICIAL_JSON_ANALYTICAL_INPUT,data/raw/step_07/clinicaltrials_api/full_records/2026-07-25/NCT02844166__v1__lastupdate-2018-06-07.json,13941,76808e91ade8adca29c682951366858b64a2d46c14b3dae2abc38880914f9d9f,YES,Frozen complete official JSON for NCT02844166
INPUT0405,OFFICIAL_JSON_ANALYTICAL_INPUT,data/raw/step_07/clinicaltrials_api/full_records/2026-07-25/NCT02845466__v1__lastupdate-2018-04-09.json,8582,a4b029c10800c9300d7fc00cab3a579362ac5939e33cfb904518f1fe23aa6381,YES,Frozen complete official JSON for NCT02845466
INPUT0406,OFFICIAL_JSON_ANALYTICAL_INPUT,data/raw/step_07/clinicaltrials_api/full_records/2026-07-25/NCT02852148__v1__lastupdate-2019-04-04.json,11415,064e06dae75e8dc19555994b0f03b0fb7b82837e3ae143f936dec29bc9402757,YES,Frozen complete official JSON for NCT02852148
INPUT0407,OFFICIAL_JSON_ANALYTICAL_INPUT,data/raw/step_07/clinicaltrials_api/full_records/2026-07-25/NCT02853149__v1__lastupdate-2022-09-29.json,27173,3f0bd5e64ef4ce1ecde7529f91155e0e504f0e951c941da6b74bb880d6e8db50,YES,Frozen complete official JSON for NCT02853149
INPUT0408,OFFICIAL_JSON_ANALYTICAL_INPUT,data/raw/step_07/clinicaltrials_api/full_records/2026-07-25/NCT02859792__v1__lastupdate-2023-04-21.json,9490,8096761381e2eadc2db6e2e6a8fbc927c274bdb2a555f66e60ab015ced423e55,YES,Frozen complete official JSON for NCT02859792
INPUT0409,OFFICIAL_JSON_ANALYTICAL_INPUT,data/raw/step_07/clinicaltrials_api/full_records/2026-07-25/NCT02861560__v1__lastupdate-2018-08-24.json,5849,acfc305e10a32a7f0dc64d1c085193cb2c0cd58de754917a28cabac8244ec7be,YES,Frozen complete official JSON for NCT02861560
INPUT0410,OFFICIAL_JSON_ANALYTICAL_INPUT,data/raw/step_07/clinicaltrials_api/full_records/2026-07-25/NCT02862080__v1__lastupdate-2021-01-20.json,58395,769164c88fd598db1500257222efdff3f9b6ec116a36f54176215834aa3296e9,YES,Frozen complete official JSON for NCT02862080
INPUT0411,OFFICIAL_JSON_ANALYTICAL_INPUT,data/raw/step_07/clinicaltrials_api/full_records/2026-07-25/NCT02863263__v1__lastupdate-2019-05-15.json,34285,b39a8e70978648e2690ef3ba95c1153fda828883d35f8764ef81aba8255110cb,YES,Frozen complete official JSON for NCT02863263
INPUT0412,OFFICIAL_JSON_ANALYTICAL_INPUT,data/raw/step_07/clinicaltrials_api/full_records/2026-07-25/NCT02865343__v1__lastupdate-2023-02-09.json,21638,0550582a64ae22a7bbd9cd7e3ca860e18cfb13057f0244740258a473ad9a46d8,YES,Frozen complete official JSON for NCT02865343
INPUT0413,OFFICIAL_JSON_ANALYTICAL_INPUT,data/raw/step_07/clinicaltrials_api/full_records/2026-07-25/NCT02873728__v1__lastupdate-2016-08-19.json,6814,337170f72877b09388183797a2bfdab97d8cfa436b91157e2eee41bd9f2032cc,YES,Frozen complete official JSON for NCT02873728
INPUT0414,OFFICIAL_JSON_ANALYTICAL_INPUT,data/raw/step_07/clinicaltrials_api/full_records/2026-07-25/NCT02875665__v1__lastupdate-2018-02-07.json,5809,7aa04e3117b5e2d6089b70d44fa88e5e5b2fed425e313ed57153b5ae3529ee4e,YES,Frozen complete official JSON for NCT02875665
INPUT0415,OFFICIAL_JSON_ANALYTICAL_INPUT,data/raw/step_07/clinicaltrials_api/full_records/2026-07-25/NCT02876666__v1__lastupdate-2017-07-28.json,5304,c67e5f740e0de1060442f297b82a4890ae750c43bca62f82763811f618a182a3,YES,Frozen complete official JSON for NCT02876666
INPUT0416,OFFICIAL_JSON_ANALYTICAL_INPUT,data/raw/step_07/clinicaltrials_api/full_records/2026-07-25/NCT02888899__v1__lastupdate-2016-09-05.json,8858,8b9dd8e984ad70f7b46c995ef5e56a5c0980bd46b7e8b66b10d2e2dcafae6c91,YES,Frozen complete official JSON for NCT02888899
INPUT0417,OFFICIAL_JSON_ANALYTICAL_INPUT,data/raw/step_07/clinicaltrials_api/full_records/2026-07-25/NCT02889926__v1__lastupdate-2023-04-27.json,9583,cc90b53de6484cf7d05f063dd46fe79259b1f21046c61e96eeda769bc47ffbce,YES,Frozen complete official JSON for NCT02889926
INPUT0418,OFFICIAL_JSON_ANALYTICAL_INPUT,data/raw/step_07/clinicaltrials_api/full_records/2026-07-25/NCT02896725__v1__lastupdate-2020-07-24.json,10600,2fc8e4789c7537dfcdad3ae5df23550076360eff97abc84305181e93e5c4d2fa,YES,Frozen complete official JSON for NCT02896725
INPUT0419,OFFICIAL_JSON_ANALYTICAL_INPUT,data/raw/step_07/clinicaltrials_api/full_records/2026-07-25/NCT02904200__v1__lastupdate-2021-04-01.json,17441,0e1d156d1050c60ac5a344e643b29d7bf1fb8633ff5182402656cf2062f4eeb5,YES,Frozen complete official JSON for NCT02904200
INPUT0420,OFFICIAL_JSON_ANALYTICAL_INPUT,data/raw/step_07/clinicaltrials_api/full_records/2026-07-25/NCT02912858__v1__lastupdate-2018-02-07.json,7206,6c22a3cef858d2da55701bf520d9562fd753011335534dcd2736d5ef325e4956,YES,Frozen complete official JSON for NCT02912858
INPUT0421,OFFICIAL_JSON_ANALYTICAL_INPUT,data/raw/step_07/clinicaltrials_api/full_records/2026-07-25/NCT02921750__v1__lastupdate-2020-11-02.json,45797,d1f01750b0e40ce9888ced3bd1c56da2aacac2107244a24dbad62ad09415a705,YES,Frozen complete official JSON for NCT02921750
INPUT0422,OFFICIAL_JSON_ANALYTICAL_INPUT,data/raw/step_07/clinicaltrials_api/full_records/2026-07-25/NCT02925741__v1__lastupdate-2020-08-13.json,24735,8b1a9a6034bdf17f3e1791eb0a01ef460279fc5d02f616d49afaf0141ef51cee,YES,Frozen complete official JSON for NCT02925741
INPUT0423,OFFICIAL_JSON_ANALYTICAL_INPUT,data/raw/step_07/clinicaltrials_api/full_records/2026-07-25/NCT02929056__v1__lastupdate-2021-12-16.json,19441,eeaaa08ca0010e06ffddbf2b43f5e419eb926ddb36984d55ece5e798e24799fc,YES,Frozen complete official JSON for NCT02929056
INPUT0424,OFFICIAL_JSON_ANALYTICAL_INPUT,data/raw/step_07/clinicaltrials_api/full_records/2026-07-25/NCT02930499__v1__lastupdate-2017-03-30.json,5786,a5725eda2deadf4f604c19000db35bcf48534a0c663490fb51533574ba9424a5,YES,Frozen complete official JSON for NCT02930499
INPUT0425,OFFICIAL_JSON_ANALYTICAL_INPUT,data/raw/step_07/clinicaltrials_api/full_records/2026-07-25/NCT02930590__v1__lastupdate-2022-06-14.json,203698,78342a0c52754ae9d83ce57d3e30d61ca400b993f1833be994a1ca2cc5208e69,YES,Frozen complete official JSON for NCT02930590
INPUT0426,OFFICIAL_JSON_ANALYTICAL_INPUT,data/raw/step_07/clinicaltrials_api/full_records/2026-07-25/NCT02936128__v1__lastupdate-2017-04-06.json,7118,fcd639521064dc3595ec9f33d2ac6c660994d0c397915b7c44865af57e689ffc,YES,Frozen complete official JSON for NCT02936128
INPUT0427,OFFICIAL_JSON_ANALYTICAL_INPUT,data/raw/step_07/clinicaltrials_api/full_records/2026-07-25/NCT02940587__v1__lastupdate-2016-10-21.json,6716,a9853aa8a0fc7bd50a83faccc306dbbff00479fadbf6e073d7004f3a85ef8a02,YES,Frozen complete official JSON for NCT02940587
INPUT0428,OFFICIAL_JSON_ANALYTICAL_INPUT,data/raw/step_07/clinicaltrials_api/full_records/2026-07-25/NCT02946021__v1__lastupdate-2019-04-09.json,35979,69f859e1a234d8f1e017c977800f411fba9abafcc721e96ca9ebc87db4614dba,YES,Frozen complete official JSON for NCT02946021
INPUT0429,OFFICIAL_JSON_ANALYTICAL_INPUT,data/raw/step_07/clinicaltrials_api/full_records/2026-07-25/NCT02952573__v1__lastupdate-2020-09-17.json,12559,6ecd6abfc32134fdbfbfc0900ddb660477ea56e60ccce46f04db077f26da7734,YES,Frozen complete official JSON for NCT02952573
INPUT0430,OFFICIAL_JSON_ANALYTICAL_INPUT,data/raw/step_07/clinicaltrials_api/full_records/2026-07-25/NCT02952664__v1__lastupdate-2017-07-18.json,5751,8f5b3c89ddb031a86c08e5cae027eefee6b2264dbdf3003f79cf9ecb17bab56c,YES,Frozen complete official JSON for NCT02952664
INPUT0431,OFFICIAL_JSON_ANALYTICAL_INPUT,data/raw/step_07/clinicaltrials_api/full_records/2026-07-25/NCT02958072__v1__lastupdate-2023-11-21.json,8030,e1c712e7a35b9416b03c8a69f087b56ae727fbf16669d9211270c2ce32d5e555,YES,Frozen complete official JSON for NCT02958072
INPUT0432,OFFICIAL_JSON_ANALYTICAL_INPUT,data/raw/step_07/clinicaltrials_api/full_records/2026-07-25/NCT02960178__v1__lastupdate-2020-03-24.json,14094,fe06fc6f88e2cc2317d5f232333d43d221ce3504e95ae8301f1a1be5d42856f3,YES,Frozen complete official JSON for NCT02960178
INPUT0433,OFFICIAL_JSON_ANALYTICAL_INPUT,data/raw/step_07/clinicaltrials_api/full_records/2026-07-25/NCT02961699__v1__lastupdate-2020-07-28.json,9178,54dc732ff927440aebd79fbf73fb29d86dc9c78e249cfc5671fe943571e0779e,YES,Frozen complete official JSON for NCT02961699
INPUT0434,OFFICIAL_JSON_ANALYTICAL_INPUT,data/raw/step_07/clinicaltrials_api/full_records/2026-07-25/NCT02962882__v1__lastupdate-2018-03-26.json,27160,767e135fc3b26492c328ca8ff57791fad0a454d61d8dae419fac203413aecb4e,YES,Frozen complete official JSON for NCT02962882
INPUT0435,OFFICIAL_JSON_ANALYTICAL_INPUT,data/raw/step_07/clinicaltrials_api/full_records/2026-07-25/NCT02963649__v1__lastupdate-2025-07-08.json,108414,fa6acd1faca0254253ec5262920ce5ca4ee6bf129e85e3c83ba5d58f5fd8c655,YES,Frozen complete official JSON for NCT02963649
INPUT0436,OFFICIAL_JSON_ANALYTICAL_INPUT,data/raw/step_07/clinicaltrials_api/full_records/2026-07-25/NCT02969343__v1__lastupdate-2019-07-10.json,21752,a973dfff835c9066a937b4da71d54bffc472e97d6556ffbc2a7def3d586278c5,YES,Frozen complete official JSON for NCT02969343
INPUT0437,OFFICIAL_JSON_ANALYTICAL_INPUT,data/raw/step_07/clinicaltrials_api/full_records/2026-07-25/NCT02973893__v1__lastupdate-2018-09-25.json,17204,6e267a847384433e3bfd904b26931797206f9800b1a298b098a8495d76799dd0,YES,Frozen complete official JSON for NCT02973893
INPUT0438,OFFICIAL_JSON_ANALYTICAL_INPUT,data/raw/step_07/clinicaltrials_api/full_records/2026-07-25/NCT02978638__v1__lastupdate-2025-08-03.json,17086,295c0bc976175885a893b829d3398752597c74b8f34757330fc055fd3c375dc1,YES,Frozen complete official JSON for NCT02978638
INPUT0439,OFFICIAL_JSON_ANALYTICAL_INPUT,data/raw/step_07/clinicaltrials_api/full_records/2026-07-25/NCT02983955__v1__lastupdate-2016-12-06.json,5546,f4a3d695ac26db1bff896be2853cbe0233809daaf87efb093a0eef8556ee9082,YES,Frozen complete official JSON for NCT02983955
INPUT0440,OFFICIAL_JSON_ANALYTICAL_INPUT,data/raw/step_07/clinicaltrials_api/full_records/2026-07-25/NCT02988063__v1__lastupdate-2017-09-15.json,12096,fdfaa27eed84251f2630d136b991ac599d8ca16c8a86261a30c515b88f183c1f,YES,Frozen complete official JSON for NCT02988063
INPUT0441,OFFICIAL_JSON_ANALYTICAL_INPUT,data/raw/step_07/clinicaltrials_api/full_records/2026-07-25/NCT02991833__v1__lastupdate-2017-10-30.json,10115,1a7ef34877d07ef5c8a73f938ba86aa1b2f4567ed0439352c3e0d7163e473694,YES,Frozen complete official JSON for NCT02991833
INPUT0442,OFFICIAL_JSON_ANALYTICAL_INPUT,data/raw/step_07/clinicaltrials_api/full_records/2026-07-25/NCT02996331__v1__lastupdate-2021-02-24.json,13956,6ee2de0bce3d307b35e143f277d7fab246509434fd88ad9ec5bf6b58c17d267b,YES,Frozen complete official JSON for NCT02996331
INPUT0443,OFFICIAL_JSON_ANALYTICAL_INPUT,data/raw/step_07/clinicaltrials_api/full_records/2026-07-25/NCT03004144__v1__lastupdate-2025-09-02.json,4727,275b7d7e8cef673ec4b05571b538f10befac02a112f4e1ea3e29f49ceb50a9d7,YES,Frozen complete official JSON for NCT03004144
INPUT0444,OFFICIAL_JSON_ANALYTICAL_INPUT,data/raw/step_07/clinicaltrials_api/full_records/2026-07-25/NCT03011099__v1__lastupdate-2018-04-03.json,38315,f6861d161b0cd573ec80f62765f5c5809ae62da362c979237e208b3e078dffc7,YES,Frozen complete official JSON for NCT03011099
INPUT0445,OFFICIAL_JSON_ANALYTICAL_INPUT,data/raw/step_07/clinicaltrials_api/full_records/2026-07-25/NCT03020446__v1__lastupdate-2020-11-27.json,8145,e661bb3fea310d092d9058920b2d3a996c97a57569acfca7085b94d6a992bbd4,YES,Frozen complete official JSON for NCT03020446
INPUT0446,OFFICIAL_JSON_ANALYTICAL_INPUT,data/raw/step_07/clinicaltrials_api/full_records/2026-07-25/NCT03021811__v1__lastupdate-2017-08-18.json,5191,771a979ef1d177a42c400af889233c0c4765e28d7f5a5f984c9664edd88496da,YES,Frozen complete official JSON for NCT03021811
INPUT0447,OFFICIAL_JSON_ANALYTICAL_INPUT,data/raw/step_07/clinicaltrials_api/full_records/2026-07-25/NCT03026816__v1__lastupdate-2026-04-08.json,10242,8a2066e0c5607c308a0de4af57fa53ad4225add49d8ee4800eb5f3ade0fd2383,YES,Frozen complete official JSON for NCT03026816
INPUT0448,OFFICIAL_JSON_ANALYTICAL_INPUT,data/raw/step_07/clinicaltrials_api/full_records/2026-07-25/NCT03036527__v1__lastupdate-2024-06-13.json,39508,b917a879aa1fffee2ddbd2ddc0f0018c51aa5eca9d52cc8631110e7f10fa62e0,YES,Frozen complete official JSON for NCT03036527
INPUT0449,OFFICIAL_JSON_ANALYTICAL_INPUT,data/raw/step_07/clinicaltrials_api/full_records/2026-07-25/NCT03038490__v1__lastupdate-2017-01-31.json,6775,770db566107e80a91e21e492e8b56d4b15dfc5fd89909e816a2ae7434575861c,YES,Frozen complete official JSON for NCT03038490
INPUT0450,OFFICIAL_JSON_ANALYTICAL_INPUT,data/raw/step_07/clinicaltrials_api/full_records/2026-07-25/NCT03041844__v1__lastupdate-2022-04-06.json,9444,26401d4e3fdae86968f0e1ac2392ec5426f7495c6596c0c7f693b0507c27a2c0,YES,Frozen complete official JSON for NCT03041844
INPUT0451,OFFICIAL_JSON_ANALYTICAL_INPUT,data/raw/step_07/clinicaltrials_api/full_records/2026-07-25/NCT03046810__v1__lastupdate-2018-05-31.json,9300,2f52c11d09aa76431143904b32c44a955a8165983ea61d1ed3a3deb93ce2b98c,YES,Frozen complete official JSON for NCT03046810
INPUT0452,OFFICIAL_JSON_ANALYTICAL_INPUT,data/raw/step_07/clinicaltrials_api/full_records/2026-07-25/NCT03048357__v1__lastupdate-2017-04-17.json,6821,4911f0171fa8ca812891e93041172594fbcb58f6b3c19539ade4df2eba99f65b,YES,Frozen complete official JSON for NCT03048357
INPUT0453,OFFICIAL_JSON_ANALYTICAL_INPUT,data/raw/step_07/clinicaltrials_api/full_records/2026-07-25/NCT03057652__v1__lastupdate-2022-05-23.json,23967,56ab1f214dbbf377b7b2521b85e02285073f87b3b0f5751de4d267c0a1e7e37d,YES,Frozen complete official JSON for NCT03057652
INPUT0454,OFFICIAL_JSON_ANALYTICAL_INPUT,data/raw/step_07/clinicaltrials_api/full_records/2026-07-25/NCT03077165__v1__lastupdate-2020-10-08.json,73647,823f94b72e27b0a16e0d1b8de198f0a521e79dc2af18cbeb0c4ce53bfa6a13b6,YES,Frozen complete official JSON for NCT03077165
INPUT0455,OFFICIAL_JSON_ANALYTICAL_INPUT,data/raw/step_07/clinicaltrials_api/full_records/2026-07-25/NCT03091439__v1__lastupdate-2018-09-26.json,30426,343b3e52ff3f8b45737bd7e626a1386fff967189ea283d073cc7766fb5a69ba7,YES,Frozen complete official JSON for NCT03091439
INPUT0456,OFFICIAL_JSON_ANALYTICAL_INPUT,data/raw/step_07/clinicaltrials_api/full_records/2026-07-25/NCT03107143__v1__lastupdate-2017-04-11.json,7167,5406cbd4de6dced14e1d2ffb58c7f286ac8c35dbd0a6a30e90b0d6bfa8f1310a,YES,Frozen complete official JSON for NCT03107143
INPUT0457,OFFICIAL_JSON_ANALYTICAL_INPUT,data/raw/step_07/clinicaltrials_api/full_records/2026-07-25/NCT03108950__v1__lastupdate-2019-08-05.json,12331,fbc65778b56856681c8413456749c418a617f1ec051a46bd58633f559ae9797d,YES,Frozen complete official JSON for NCT03108950
INPUT0458,OFFICIAL_JSON_ANALYTICAL_INPUT,data/raw/step_07/clinicaltrials_api/full_records/2026-07-25/NCT03112395__v1__lastupdate-2020-06-30.json,7847,78c205eed98e7dcc217e39c73823edb0837aeaa62d8e534f320872d249672ee5,YES,Frozen complete official JSON for NCT03112395
INPUT0459,OFFICIAL_JSON_ANALYTICAL_INPUT,data/raw/step_07/clinicaltrials_api/full_records/2026-07-25/NCT03114345__v1__lastupdate-2021-12-09.json,8088,4626aa7c14f98edbf211c8ef42687ec628900d7d7678cd89ec05e48aa71580dc,YES,Frozen complete official JSON for NCT03114345
INPUT0460,OFFICIAL_JSON_ANALYTICAL_INPUT,data/raw/step_07/clinicaltrials_api/full_records/2026-07-25/NCT03114800__v1__lastupdate-2017-10-09.json,4908,65c3ecb3712b8f4ef1435296f5976bc32c441620e5e82b5a93e7f04b42af83e9,YES,Frozen complete official JSON for NCT03114800
INPUT0461,OFFICIAL_JSON_ANALYTICAL_INPUT,data/raw/step_07/clinicaltrials_api/full_records/2026-07-25/NCT03117881__v1__lastupdate-2024-12-11.json,109128,74d8c5762978870a77f47e4a7a7cdd395952f1058a7c62e1a0a5b6d7db70d449,YES,Frozen complete official JSON for NCT03117881
INPUT0462,OFFICIAL_JSON_ANALYTICAL_INPUT,data/raw/step_07/clinicaltrials_api/full_records/2026-07-25/NCT03118960__v1__lastupdate-2017-04-18.json,7442,21cb81c5c0289f201c5e578cf138b16a41deefa69af912aff6a61819491c9863,YES,Frozen complete official JSON for NCT03118960
INPUT0463,OFFICIAL_JSON_ANALYTICAL_INPUT,data/raw/step_07/clinicaltrials_api/full_records/2026-07-25/NCT03121144__v1__lastupdate-2020-06-01.json,7620,a1369fbf8ac6c1b66df9bdc87e4c1008568b93120702709263e695a421f24d60,YES,Frozen complete official JSON for NCT03121144
INPUT0464,OFFICIAL_JSON_ANALYTICAL_INPUT,data/raw/step_07/clinicaltrials_api/full_records/2026-07-25/NCT03125421__v1__lastupdate-2025-09-03.json,6935,249de51e28bb3d93a0feeb8d662323e97a28f4644a49aa0ccb1fb70c7ca5bcf7,YES,Frozen complete official JSON for NCT03125421
INPUT0465,OFFICIAL_JSON_ANALYTICAL_INPUT,data/raw/step_07/clinicaltrials_api/full_records/2026-07-25/NCT03127904__v1__lastupdate-2022-09-28.json,12831,0002edf0dc089eb22837dcb50796ea96ecc974a5cc538a6e2b24f1d92850bfee,YES,Frozen complete official JSON for NCT03127904
INPUT0466,OFFICIAL_JSON_ANALYTICAL_INPUT,data/raw/step_07/clinicaltrials_api/full_records/2026-07-25/NCT03135964__v1__lastupdate-2017-05-02.json,5807,8efc554f892b8caa040ad0daafbd47eea90e01319e6b9b912f909b39e2c7065d,YES,Frozen complete official JSON for NCT03135964
INPUT0467,OFFICIAL_JSON_ANALYTICAL_INPUT,data/raw/step_07/clinicaltrials_api/full_records/2026-07-25/NCT03146845__v1__lastupdate-2023-05-10.json,111370,b3a4e5b8411f74a83881e1fb92e86cfc5e4514c19f9b4a8922c0fb4573b48303,YES,Frozen complete official JSON for NCT03146845
INPUT0468,OFFICIAL_JSON_ANALYTICAL_INPUT,data/raw/step_07/clinicaltrials_api/full_records/2026-07-25/NCT03154619__v1__lastupdate-2020-10-22.json,9866,60dbb6f37c2cbf157fd6af77933564d5a745aaa57e8a5a3198dc8f45f27ee3c5,YES,Frozen complete official JSON for NCT03154619
INPUT0469,OFFICIAL_JSON_ANALYTICAL_INPUT,data/raw/step_07/clinicaltrials_api/full_records/2026-07-25/NCT03171207__v1__lastupdate-2017-05-31.json,10193,9c5066f6083d8c627d77f5e5ad21d28e58bde6d8f88418baff775ed2389c0d0c,YES,Frozen complete official JSON for NCT03171207
INPUT0470,OFFICIAL_JSON_ANALYTICAL_INPUT,data/raw/step_07/clinicaltrials_api/full_records/2026-07-25/NCT03175055__v1__lastupdate-2018-06-01.json,6503,3d2d6dd93e32a2a870140bf6e8712071d6dab2ea4253189ebd2b5cd0105d1bda,YES,Frozen complete official JSON for NCT03175055
INPUT0471,OFFICIAL_JSON_ANALYTICAL_INPUT,data/raw/step_07/clinicaltrials_api/full_records/2026-07-25/NCT03184792__v1__lastupdate-2025-11-04.json,29159,6f1357def98b84d2093284871ad815e2ac6af4ec18295f5237fe35f00c7befdb,YES,Frozen complete official JSON for NCT03184792
INPUT0472,OFFICIAL_JSON_ANALYTICAL_INPUT,data/raw/step_07/clinicaltrials_api/full_records/2026-07-25/NCT03204851__v1__lastupdate-2020-02-25.json,5068,2654fadc74ae6a1ee3517f00766f2d01b632b6d42d8c3b906c862327a7aa0f70,YES,Frozen complete official JSON for NCT03204851
INPUT0473,OFFICIAL_JSON_ANALYTICAL_INPUT,data/raw/step_07/clinicaltrials_api/full_records/2026-07-25/NCT03207737__v1__lastupdate-2020-06-30.json,7455,8b1993558d5899157ea7d0c33982eed93efe50d5a76ed0fbb3275d5a8897ee0c,YES,Frozen complete official JSON for NCT03207737
INPUT0474,OFFICIAL_JSON_ANALYTICAL_INPUT,data/raw/step_07/clinicaltrials_api/full_records/2026-07-25/NCT03211910__v1__lastupdate-2021-09-29.json,7065,cdede2e376e8096ebbcdf875f566aa0761f13a659af9e08311f8fcf2dfdd5849,YES,Frozen complete official JSON for NCT03211910
INPUT0475,OFFICIAL_JSON_ANALYTICAL_INPUT,data/raw/step_07/clinicaltrials_api/full_records/2026-07-25/NCT03215953__v1__lastupdate-2020-07-15.json,8046,fb1375c655f5af18750834d05c076fd5ca8f4cef03925c9bed3eb225c8a82937,YES,Frozen complete official JSON for NCT03215953
INPUT0476,OFFICIAL_JSON_ANALYTICAL_INPUT,data/raw/step_07/clinicaltrials_api/full_records/2026-07-25/NCT03217838__v1__lastupdate-2022-04-05.json,39453,5276ebe20bf6257ba112e7ab6843bba035d393695b7c1ba5dd907cac9cf47250,YES,Frozen complete official JSON for NCT03217838
INPUT0477,OFFICIAL_JSON_ANALYTICAL_INPUT,data/raw/step_07/clinicaltrials_api/full_records/2026-07-25/NCT03220451__v1__lastupdate-2021-01-20.json,16559,4403792f0728434149b4593d1e82fa404fd1d912124cc866f5238a1f0ab356c7,YES,Frozen complete official JSON for NCT03220451
INPUT0478,OFFICIAL_JSON_ANALYTICAL_INPUT,data/raw/step_07/clinicaltrials_api/full_records/2026-07-25/NCT03228732__v1__lastupdate-2025-10-06.json,10267,0e5412a69244be2704ec30c6771e9d7db90ae2620fafaea8785df75c0b3c7503,YES,Frozen complete official JSON for NCT03228732
INPUT0479,OFFICIAL_JSON_ANALYTICAL_INPUT,data/raw/step_07/clinicaltrials_api/full_records/2026-07-25/NCT03229330__v1__lastupdate-2019-02-27.json,8297,6b3434032957ebce5fa46e9cb78705063473c128f0ea4c04ce078bf637a87025,YES,Frozen complete official JSON for NCT03229330
INPUT0480,OFFICIAL_JSON_ANALYTICAL_INPUT,data/raw/step_07/clinicaltrials_api/full_records/2026-07-25/NCT03231150__v1__lastupdate-2025-10-10.json,15373,8bf2e862b072a51bbee424ba21aa8556a01f9e13c098e5ec8c623c288ffe0257,YES,Frozen complete official JSON for NCT03231150
INPUT0481,OFFICIAL_JSON_ANALYTICAL_INPUT,data/raw/step_07/clinicaltrials_api/full_records/2026-07-25/NCT03240042__v1__lastupdate-2019-04-18.json,9851,91191c233c167d8d187352a4f4896b9b12ab85a4c94fa29bf2fa6f4154f3e98f,YES,Frozen complete official JSON for NCT03240042
INPUT0482,OFFICIAL_JSON_ANALYTICAL_INPUT,data/raw/step_07/clinicaltrials_api/full_records/2026-07-25/NCT03249909__v1__lastupdate-2020-09-29.json,60633,4e05d477b6fd04fb5d9552d30d795be5bff92c35d4b5ceb24d38371c62812695,YES,Frozen complete official JSON for NCT03249909
INPUT0483,OFFICIAL_JSON_ANALYTICAL_INPUT,data/raw/step_07/clinicaltrials_api/full_records/2026-07-25/NCT03250247__v1__lastupdate-2026-01-28.json,19041,27d764ed880ae393969b2b762eaad43b8f0728f6f3fefb03b5ca74f9acf73fd8,YES,Frozen complete official JSON for NCT03250247
INPUT0484,OFFICIAL_JSON_ANALYTICAL_INPUT,data/raw/step_07/clinicaltrials_api/full_records/2026-07-25/NCT03257098__v1__lastupdate-2020-09-10.json,13436,8f715512b7b68fca8e85fd8541a1498299bba1382cb9fd21cad07c9165b6bb7a,YES,Frozen complete official JSON for NCT03257098
INPUT0485,OFFICIAL_JSON_ANALYTICAL_INPUT,data/raw/step_07/clinicaltrials_api/full_records/2026-07-25/NCT03267212__v1__lastupdate-2020-04-09.json,24423,64c2e6bb8b7cd713f0a21a72a0a47fc3e9e49b9a41c8d39bcecf246c1d86aaca,YES,Frozen complete official JSON for NCT03267212
INPUT0486,OFFICIAL_JSON_ANALYTICAL_INPUT,data/raw/step_07/clinicaltrials_api/full_records/2026-07-25/NCT03275831__v1__lastupdate-2021-10-20.json,10390,591ef7000f108a13e7ae1362fc03bcadf1a0da75269d26e91acb644db6c36343,YES,Frozen complete official JSON for NCT03275831
INPUT0487,OFFICIAL_JSON_ANALYTICAL_INPUT,data/raw/step_07/clinicaltrials_api/full_records/2026-07-25/NCT03277131__v1__lastupdate-2022-03-02.json,8019,ed83dfb93b7b2a0ffbea0d7a44d690f917b63fb4b0679160632b75797648fe35,YES,Frozen complete official JSON for NCT03277131
INPUT0488,OFFICIAL_JSON_ANALYTICAL_INPUT,data/raw/step_07/clinicaltrials_api/full_records/2026-07-25/NCT03283787__v1__lastupdate-2021-04-20.json,23575,84d5b6d927a107f755363f32e71b03e52083d3de1753aacfdebb097ca43665b2,YES,Frozen complete official JSON for NCT03283787
INPUT0489,OFFICIAL_JSON_ANALYTICAL_INPUT,data/raw/step_07/clinicaltrials_api/full_records/2026-07-25/NCT03286140__v1__lastupdate-2024-05-20.json,40713,f5d2a7d9a81cf3b96736823f49a5e4f07623bc145543aba38b60fde8383fc4d0,YES,Frozen complete official JSON for NCT03286140
INPUT0490,OFFICIAL_JSON_ANALYTICAL_INPUT,data/raw/step_07/clinicaltrials_api/full_records/2026-07-25/NCT03293836__v1__lastupdate-2017-09-26.json,8382,87c9ae641293a2502cf2c9aaa690c3f09a3d727c34264a28b9b4774aecc47d98,YES,Frozen complete official JSON for NCT03293836
INPUT0491,OFFICIAL_JSON_ANALYTICAL_INPUT,data/raw/step_07/clinicaltrials_api/full_records/2026-07-25/NCT03298113__v1__lastupdate-2024-12-02.json,54182,6762bc27af3a25fe66568f2f5bb76ddff45f980b597fb848123bba2adef61c02,YES,Frozen complete official JSON for NCT03298113
INPUT0492,OFFICIAL_JSON_ANALYTICAL_INPUT,data/raw/step_07/clinicaltrials_api/full_records/2026-07-25/NCT03304834__v1__lastupdate-2018-11-29.json,8449,f134c2e54f61828b15d177be87ad2747c0d2862ffc8d6e2296bc3a7bcb911a46,YES,Frozen complete official JSON for NCT03304834
INPUT0493,OFFICIAL_JSON_ANALYTICAL_INPUT,data/raw/step_07/clinicaltrials_api/full_records/2026-07-25/NCT03317288__v1__lastupdate-2021-06-09.json,36465,98e78c2580711d5a97549ae797e73615edb1381a3290b4c9f20f585abc15e786,YES,Frozen complete official JSON for NCT03317288
INPUT0494,OFFICIAL_JSON_ANALYTICAL_INPUT,data/raw/step_07/clinicaltrials_api/full_records/2026-07-25/NCT03332160__v1__lastupdate-2020-08-06.json,75169,cabc593a65343798c824f32faf48e941778063a688219d89902fa48809e9c331,YES,Frozen complete official JSON for NCT03332160
INPUT0495,OFFICIAL_JSON_ANALYTICAL_INPUT,data/raw/step_07/clinicaltrials_api/full_records/2026-07-25/NCT03345576__v1__lastupdate-2025-10-14.json,31584,0e0894957b13584e976b26e9c183a1a3963e840efc17d3932d9f6473846796d9,YES,Frozen complete official JSON for NCT03345576
INPUT0496,OFFICIAL_JSON_ANALYTICAL_INPUT,data/raw/step_07/clinicaltrials_api/full_records/2026-07-25/NCT03348098__v1__lastupdate-2017-11-28.json,9627,e909a1883f99d36074876ed2b2aa3ac4a34a97fcf2ee2a98262efc8665831aa1,YES,Frozen complete official JSON for NCT03348098
INPUT0497,OFFICIAL_JSON_ANALYTICAL_INPUT,data/raw/step_07/clinicaltrials_api/full_records/2026-07-25/NCT03351049__v1__lastupdate-2023-08-25.json,22139,8bba224555ac90fde425b52843370ec5d189c76c71be70bafe7273e706dd8a67,YES,Frozen complete official JSON for NCT03351049
INPUT0498,OFFICIAL_JSON_ANALYTICAL_INPUT,data/raw/step_07/clinicaltrials_api/full_records/2026-07-25/NCT03363633__v1__lastupdate-2018-02-23.json,17222,bec1964dfdecd5bef7b4276dd978438ba2b5f01583229f0a233c902e095d1af8,YES,Frozen complete official JSON for NCT03363633
INPUT0499,OFFICIAL_JSON_ANALYTICAL_INPUT,data/raw/step_07/clinicaltrials_api/full_records/2026-07-25/NCT03369756__v1__lastupdate-2020-12-08.json,33195,e27ea545d625ee3477536d137007e896c2a8d3d5cba4c9e9ab5af0252694bd80,YES,Frozen complete official JSON for NCT03369756
INPUT0500,OFFICIAL_JSON_ANALYTICAL_INPUT,data/raw/step_07/clinicaltrials_api/full_records/2026-07-25/NCT03372941__v1__lastupdate-2022-12-09.json,29259,66780b14e15b8eced85c4db23175efd02a504e613e2a75262a9566f1e66e27b5,YES,Frozen complete official JSON for NCT03372941
INPUT0501,OFFICIAL_JSON_ANALYTICAL_INPUT,data/raw/step_07/clinicaltrials_api/full_records/2026-07-25/NCT03385005__v1__lastupdate-2023-10-10.json,16271,a01ba9bf20ec5ea92819bd1c783e234d3a791fe0014490b6071e7d550dfafadd,YES,Frozen complete official JSON for NCT03385005
INPUT0502,OFFICIAL_JSON_ANALYTICAL_INPUT,data/raw/step_07/clinicaltrials_api/full_records/2026-07-25/NCT03390504__v1__lastupdate-2026-07-06.json,345562,0481430554a0a351ec74d64b0448c7ff2c8195da94331920a237ebb3e3016837,YES,Frozen complete official JSON for NCT03390504
INPUT0503,OFFICIAL_JSON_ANALYTICAL_INPUT,data/raw/step_07/clinicaltrials_api/full_records/2026-07-25/NCT03395236__v1__lastupdate-2024-01-24.json,21629,f3987e729bf9ee02c6271128c72c3ebd35de3783e8d5f7daf6a631f29f8c5b00,YES,Frozen complete official JSON for NCT03395236
INPUT0504,OFFICIAL_JSON_ANALYTICAL_INPUT,data/raw/step_07/clinicaltrials_api/full_records/2026-07-25/NCT03396731__v1__lastupdate-2023-09-21.json,12721,fbd9afda023c18db4fca4126765fa91ac9a0665acbdc7cfd57dee39a59b7b123,YES,Frozen complete official JSON for NCT03396731
INPUT0505,OFFICIAL_JSON_ANALYTICAL_INPUT,data/raw/step_07/clinicaltrials_api/full_records/2026-07-25/NCT03404297__v1__lastupdate-2023-09-28.json,14625,5b1460eacc2958b0b4f56fc7f301deb5d7e904a1f76dbfb0ad8c30366980fb99,YES,Frozen complete official JSON for NCT03404297
INPUT0506,OFFICIAL_JSON_ANALYTICAL_INPUT,data/raw/step_07/clinicaltrials_api/full_records/2026-07-25/NCT03408639__v1__lastupdate-2019-12-18.json,78191,604e179843933fd3c76cda640e7a4661348e3974eb6b6049b70fd7f1837c00ce,YES,Frozen complete official JSON for NCT03408639
INPUT0507,OFFICIAL_JSON_ANALYTICAL_INPUT,data/raw/step_07/clinicaltrials_api/full_records/2026-07-25/NCT03411720__v1__lastupdate-2020-06-22.json,9978,7c1a9e5e61fa31ae6517c8119cade07d1c38f52e6cc4e53ec5e561f72c6ec16a,YES,Frozen complete official JSON for NCT03411720
INPUT0508,OFFICIAL_JSON_ANALYTICAL_INPUT,data/raw/step_07/clinicaltrials_api/full_records/2026-07-25/NCT03412929__v1__lastupdate-2020-04-08.json,19145,84e98169d5a9db6e6b3e2a709c33aa5812469a00113a9579450ba06f5104fc32,YES,Frozen complete official JSON for NCT03412929
INPUT0509,OFFICIAL_JSON_ANALYTICAL_INPUT,data/raw/step_07/clinicaltrials_api/full_records/2026-07-25/NCT03424551__v1__lastupdate-2019-08-20.json,7608,770e2549fed82e9ef864698f5fc347382513581f93127eee2424738942674c3b,YES,Frozen complete official JSON for NCT03424551
INPUT0510,OFFICIAL_JSON_ANALYTICAL_INPUT,data/raw/step_07/clinicaltrials_api/full_records/2026-07-25/NCT03428711__v1__lastupdate-2025-05-08.json,15152,ae63ab115c9740e380d4f99fc38e3ed148bd92b247d174970cf46e44ba4cfef4,YES,Frozen complete official JSON for NCT03428711
INPUT0511,OFFICIAL_JSON_ANALYTICAL_INPUT,data/raw/step_07/clinicaltrials_api/full_records/2026-07-25/NCT03442777__v1__lastupdate-2021-04-26.json,41289,b0d9d84234427dbde0a8746e8042a01aad4f47ae25302d43e4d7353d0a007412,YES,Frozen complete official JSON for NCT03442777
INPUT0512,OFFICIAL_JSON_ANALYTICAL_INPUT,data/raw/step_07/clinicaltrials_api/full_records/2026-07-25/NCT03445975__v1__lastupdate-2018-02-26.json,9360,ce2f19222e626ef341c6b833b82cb5ca7e6f1e12dbaccb46f33c60c25e76d050,YES,Frozen complete official JSON for NCT03445975
INPUT0513,OFFICIAL_JSON_ANALYTICAL_INPUT,data/raw/step_07/clinicaltrials_api/full_records/2026-07-25/NCT03450616__v1__lastupdate-2019-05-29.json,5801,cbb3a787f840802a6fb6746d00c827e66a5881cbd222a6693964afbc8ca5b72b,YES,Frozen complete official JSON for NCT03450616
INPUT0514,OFFICIAL_JSON_ANALYTICAL_INPUT,data/raw/step_07/clinicaltrials_api/full_records/2026-07-25/NCT03454230__v1__lastupdate-2018-11-14.json,13246,2167cb8248c023fc99ee58820577b61f8df927e8e49c45f1b5a6f1ef0ff91c51,YES,Frozen complete official JSON for NCT03454230
INPUT0515,OFFICIAL_JSON_ANALYTICAL_INPUT,data/raw/step_07/clinicaltrials_api/full_records/2026-07-25/NCT03454698__v1__lastupdate-2019-04-04.json,9091,203c69cb730a8eaacb36a234bf2edbfbff208ded5cdacb861814ca92c1469d36,YES,Frozen complete official JSON for NCT03454698
INPUT0516,OFFICIAL_JSON_ANALYTICAL_INPUT,data/raw/step_07/clinicaltrials_api/full_records/2026-07-25/NCT03463434__v1__lastupdate-2019-08-15.json,10511,4cb34e8b26caeea1ef7b0fae22c4d209f9357e14449cdfa368e581adbd50ecf1,YES,Frozen complete official JSON for NCT03463434
INPUT0517,OFFICIAL_JSON_ANALYTICAL_INPUT,data/raw/step_07/clinicaltrials_api/full_records/2026-07-25/NCT03469141__v1__lastupdate-2018-06-13.json,13826,c3b58cedff602eb8966e4ef0e52bba8ce2b4bc06288aedd5ce9b947688a69626,YES,Frozen complete official JSON for NCT03469141
INPUT0518,OFFICIAL_JSON_ANALYTICAL_INPUT,data/raw/step_07/clinicaltrials_api/full_records/2026-07-25/NCT03475641__v1__lastupdate-2022-08-09.json,7274,005c166d8703b580a8ab38d3354e60e4ee0003fe8155d27dc0f37aef10959f64,YES,Frozen complete official JSON for NCT03475641
INPUT0519,OFFICIAL_JSON_ANALYTICAL_INPUT,data/raw/step_07/clinicaltrials_api/full_records/2026-07-25/NCT03495986__v1__lastupdate-2025-12-22.json,35995,d1062e6df63cefc4a30198f230990471022c39710c40a144f6e0386b874d752f,YES,Frozen complete official JSON for NCT03495986
INPUT0520,OFFICIAL_JSON_ANALYTICAL_INPUT,data/raw/step_07/clinicaltrials_api/full_records/2026-07-25/NCT03502824__v1__lastupdate-2021-09-22.json,8140,adb2887010c52f222f6e69eecf25b3950b1db5e5aae815dbb194646777593164,YES,Frozen complete official JSON for NCT03502824
INPUT0521,OFFICIAL_JSON_ANALYTICAL_INPUT,data/raw/step_07/clinicaltrials_api/full_records/2026-07-25/NCT03509558__v1__lastupdate-2025-08-05.json,15256,90bcd4b9126154f68dffdf615f4710c45738b2cb762971595638c6c2c11061e0,YES,Frozen complete official JSON for NCT03509558
INPUT0522,OFFICIAL_JSON_ANALYTICAL_INPUT,data/raw/step_07/clinicaltrials_api/full_records/2026-07-25/NCT03513822__v1__lastupdate-2018-05-02.json,18391,c037a2e52d1bd5378d942c16ecb10e1287fa043015d8b6daaae52849d300c912,YES,Frozen complete official JSON for NCT03513822
INPUT0523,OFFICIAL_JSON_ANALYTICAL_INPUT,data/raw/step_07/clinicaltrials_api/full_records/2026-07-25/NCT03522714__v1__lastupdate-2026-04-28.json,20802,93c668e7f0aabf189f0f252414304cfaef8b56a77e0fb9331f4d8a9708f93911,YES,Frozen complete official JSON for NCT03522714
INPUT0524,OFFICIAL_JSON_ANALYTICAL_INPUT,data/raw/step_07/clinicaltrials_api/full_records/2026-07-25/NCT03526068__v1__lastupdate-2019-02-15.json,5809,a0662fcbb6d6bcabda3f1bfe0ba1e459f4ad6ecf1e191691759147509fae30dc,YES,Frozen complete official JSON for NCT03526068
INPUT0525,OFFICIAL_JSON_ANALYTICAL_INPUT,data/raw/step_07/clinicaltrials_api/full_records/2026-07-25/NCT03526913__v1__lastupdate-2018-05-18.json,9341,8f554a8255162378dda98898c6064303a5f717cf89d86571497ce591c0be0596,YES,Frozen complete official JSON for NCT03526913
INPUT0526,OFFICIAL_JSON_ANALYTICAL_INPUT,data/raw/step_07/clinicaltrials_api/full_records/2026-07-25/NCT03529578__v1__lastupdate-2020-11-13.json,7168,20d53cf8ccda59f75530faed09f237bc3549e1fd164a43f9483e175d675788d1,YES,Frozen complete official JSON for NCT03529578
INPUT0527,OFFICIAL_JSON_ANALYTICAL_INPUT,data/raw/step_07/clinicaltrials_api/full_records/2026-07-25/NCT03534518__v1__lastupdate-2025-09-02.json,7063,b8654e07a2938c396852a7df68bb7f409abc98de9f9e9a778819f2e25055dc1b,YES,Frozen complete official JSON for NCT03534518
INPUT0528,OFFICIAL_JSON_ANALYTICAL_INPUT,data/raw/step_07/clinicaltrials_api/full_records/2026-07-25/NCT03544788__v1__lastupdate-2019-09-11.json,6828,480e04a8006205e37dcbbde6fbb43011316dfef51ce2d429ab4cdc610899e0b4,YES,Frozen complete official JSON for NCT03544788
INPUT0529,OFFICIAL_JSON_ANALYTICAL_INPUT,data/raw/step_07/clinicaltrials_api/full_records/2026-07-25/NCT03545867__v1__lastupdate-2020-06-19.json,9449,e72a6757695501881370cd874d7773f50c95de3aa233b6addc1383e427e37aa5,YES,Frozen complete official JSON for NCT03545867
INPUT0530,OFFICIAL_JSON_ANALYTICAL_INPUT,data/raw/step_07/clinicaltrials_api/full_records/2026-07-25/NCT03548649__v1__lastupdate-2018-06-07.json,8967,27478326a0879ef6ab4988ff326edc8b63800fe31791ef3118f44947e2bbc34f,YES,Frozen complete official JSON for NCT03548649
INPUT0531,OFFICIAL_JSON_ANALYTICAL_INPUT,data/raw/step_07/clinicaltrials_api/full_records/2026-07-25/NCT03554642__v1__lastupdate-2020-01-14.json,11671,eb883fbfc8e6d944bb4fe2241e77e9ca29dfac0764cb83d3c30a6139521b74f5,YES,Frozen complete official JSON for NCT03554642
INPUT0532,OFFICIAL_JSON_ANALYTICAL_INPUT,data/raw/step_07/clinicaltrials_api/full_records/2026-07-25/NCT03557489__v1__lastupdate-2018-06-15.json,5407,5b71d183dcc72044427c27beda4722bc7e1f69180ea8a2aa177be51ff427d961,YES,Frozen complete official JSON for NCT03557489
INPUT0533,OFFICIAL_JSON_ANALYTICAL_INPUT,data/raw/step_07/clinicaltrials_api/full_records/2026-07-25/NCT03565640__v1__lastupdate-2023-02-16.json,33177,ef4cb3779097579c63f32ac22b04701c1f8a5ce9542763cad7676b1d66c27e0a,YES,Frozen complete official JSON for NCT03565640
INPUT0534,OFFICIAL_JSON_ANALYTICAL_INPUT,data/raw/step_07/clinicaltrials_api/full_records/2026-07-25/NCT03576989__v1__lastupdate-2026-06-17.json,76074,beb43f307d28d8de8d7a7a570a57f0b13b3974c032be7dfa0173c4441fba2fed,YES,Frozen complete official JSON for NCT03576989
INPUT0535,OFFICIAL_JSON_ANALYTICAL_INPUT,data/raw/step_07/clinicaltrials_api/full_records/2026-07-25/NCT03588130__v1__lastupdate-2022-11-14.json,17605,14ad2105fba76ee8f854009dc6911419b1ec8c2f6de576bc7572d19344cd8241,YES,Frozen complete official JSON for NCT03588130
INPUT0536,OFFICIAL_JSON_ANALYTICAL_INPUT,data/raw/step_07/clinicaltrials_api/full_records/2026-07-25/NCT03589586__v1__lastupdate-2021-03-18.json,9651,a0444fc08286a28b795285232042066823420a79876e776548a947a4e1276325,YES,Frozen complete official JSON for NCT03589586
INPUT0537,OFFICIAL_JSON_ANALYTICAL_INPUT,data/raw/step_07/clinicaltrials_api/full_records/2026-07-25/NCT03593369__v1__lastupdate-2019-08-14.json,9680,6d2f6b6318253799a7c8c8ccd31882bf502d2443a32c822f34b9ea537459f3fb,YES,Frozen complete official JSON for NCT03593369
INPUT0538,OFFICIAL_JSON_ANALYTICAL_INPUT,data/raw/step_07/clinicaltrials_api/full_records/2026-07-25/NCT03597750__v1__lastupdate-2018-10-03.json,11763,a1014db151ddea08ac12891f902fc27302146e774435233fc9fe0c575773d70b,YES,Frozen complete official JSON for NCT03597750
INPUT0539,OFFICIAL_JSON_ANALYTICAL_INPUT,data/raw/step_07/clinicaltrials_api/full_records/2026-07-25/NCT03621592__v1__lastupdate-2025-08-26.json,26332,c669c9d8296fe99f9ecca12e6f706faa3f94c2c94cb5420e1e0f666dfec994c1,YES,Frozen complete official JSON for NCT03621592
INPUT0540,OFFICIAL_JSON_ANALYTICAL_INPUT,data/raw/step_07/clinicaltrials_api/full_records/2026-07-25/NCT03627910__v1__lastupdate-2021-02-09.json,11411,f733c3b27fa15404cf6363e213e4fe88913142eefea8a5048eb4e54affb8d900,YES,Frozen complete official JSON for NCT03627910
INPUT0541,OFFICIAL_JSON_ANALYTICAL_INPUT,data/raw/step_07/clinicaltrials_api/full_records/2026-07-25/NCT03628469__v1__lastupdate-2020-02-06.json,7911,a4750bbb238415a74db4ae2eeb9ed4cf686076d11ba4a1b751c3e1f93815527e,YES,Frozen complete official JSON for NCT03628469
INPUT0542,OFFICIAL_JSON_ANALYTICAL_INPUT,data/raw/step_07/clinicaltrials_api/full_records/2026-07-25/NCT03629236__v1__lastupdate-2022-04-12.json,8328,4ee2dff5572f2e7368de1bb93018d3c347f23210ef4d1cf552e18fb19124257d,YES,Frozen complete official JSON for NCT03629236
INPUT0543,OFFICIAL_JSON_ANALYTICAL_INPUT,data/raw/step_07/clinicaltrials_api/full_records/2026-07-25/NCT03630185__v1__lastupdate-2020-02-17.json,70295,af72d5a283d76aea925ea812361e6beef5bbfc2b20235b30e6ffd4626eea3f06,YES,Frozen complete official JSON for NCT03630185
INPUT0544,OFFICIAL_JSON_ANALYTICAL_INPUT,data/raw/step_07/clinicaltrials_api/full_records/2026-07-25/NCT03640689__v1__lastupdate-2021-03-03.json,8720,f5856186f8d2aae132ba6ac91393868898c0a126a6f9c28d17f81387cf55675c,YES,Frozen complete official JSON for NCT03640689
INPUT0545,OFFICIAL_JSON_ANALYTICAL_INPUT,data/raw/step_07/clinicaltrials_api/full_records/2026-07-25/NCT03640871__v1__lastupdate-2018-08-22.json,6024,9a009f2e8cf8cd31ef770ea201c32c6e4d36ccc848f8cd9ec9f7e677e7fd24eb,YES,Frozen complete official JSON for NCT03640871
INPUT0546,OFFICIAL_JSON_ANALYTICAL_INPUT,data/raw/step_07/clinicaltrials_api/full_records/2026-07-25/NCT03658278__v1__lastupdate-2023-09-21.json,10458,4534b21254b70b9e7afa2aa5eb4ac5c3459aacf405cafdb8939e59408e0724e6,YES,Frozen complete official JSON for NCT03658278
INPUT0547,OFFICIAL_JSON_ANALYTICAL_INPUT,data/raw/step_07/clinicaltrials_api/full_records/2026-07-25/NCT03658798__v1__lastupdate-2022-09-15.json,14426,e98896fba1a5bb6c721d8bff7e514e9b6e4f63c9cc0d49d76e6abd5f8ce3548c,YES,Frozen complete official JSON for NCT03658798
INPUT0548,OFFICIAL_JSON_ANALYTICAL_INPUT,data/raw/step_07/clinicaltrials_api/full_records/2026-07-25/NCT03661294__v1__lastupdate-2022-06-09.json,11345,8007691690c44f6030e62ed6dc29daa8c6e797b9a82a81cb0832bd1fbe667fa5,YES,Frozen complete official JSON for NCT03661294
INPUT0549,OFFICIAL_JSON_ANALYTICAL_INPUT,data/raw/step_07/clinicaltrials_api/full_records/2026-07-25/NCT03662997__v1__lastupdate-2021-04-01.json,56039,b168a3790c4a525d94da8bf25b10688e0ab9d3358aab1a9184c902f0714e3462,YES,Frozen complete official JSON for NCT03662997
INPUT0550,OFFICIAL_JSON_ANALYTICAL_INPUT,data/raw/step_07/clinicaltrials_api/full_records/2026-07-25/NCT03666754__v1__lastupdate-2021-12-17.json,8704,2dcf0ff33a22046d4c0a091fc2c378325fa56e9188bbedba1c9268f5e2ee3abb,YES,Frozen complete official JSON for NCT03666754
INPUT0551,OFFICIAL_JSON_ANALYTICAL_INPUT,data/raw/step_07/clinicaltrials_api/full_records/2026-07-25/NCT03667937__v1__lastupdate-2020-03-25.json,14648,9d9cd011f039239d958b0594c1778bf8b036d484245d8d4384aba3a9a9a8273d,YES,Frozen complete official JSON for NCT03667937
INPUT0552,OFFICIAL_JSON_ANALYTICAL_INPUT,data/raw/step_07/clinicaltrials_api/full_records/2026-07-25/NCT03669302__v1__lastupdate-2022-08-10.json,27071,0a04db034250e04d6913d082ef05b3b6e76957ca8109ff19e4fb2d6508952466,YES,Frozen complete official JSON for NCT03669302
INPUT0553,OFFICIAL_JSON_ANALYTICAL_INPUT,data/raw/step_07/clinicaltrials_api/full_records/2026-07-25/NCT03670199__v1__lastupdate-2021-09-13.json,10998,f44498dd47e60369a5898be688cd6458b005c139044c075745e97e112f899aac,YES,Frozen complete official JSON for NCT03670199
INPUT0554,OFFICIAL_JSON_ANALYTICAL_INPUT,data/raw/step_07/clinicaltrials_api/full_records/2026-07-25/NCT03670225__v1__lastupdate-2020-03-20.json,7478,9c86df213b19ac0ccfc576a0d9a934a5f56b49fe3b7e2b17d8e3705076af4685,YES,Frozen complete official JSON for NCT03670225
INPUT0555,OFFICIAL_JSON_ANALYTICAL_INPUT,data/raw/step_07/clinicaltrials_api/full_records/2026-07-25/NCT03670329__v1__lastupdate-2018-09-13.json,6435,6088f4f2ff0c1e50d320a44654c7e91cddebe50a2f9733b84a52adbbb2577c31,YES,Frozen complete official JSON for NCT03670329
INPUT0556,OFFICIAL_JSON_ANALYTICAL_INPUT,data/raw/step_07/clinicaltrials_api/full_records/2026-07-25/NCT03673241__v1__lastupdate-2018-09-17.json,9792,4e610c6d854385ac240e18ab4b2412565fee9403596e89387025c52cb8456d48,YES,Frozen complete official JSON for NCT03673241
INPUT0557,OFFICIAL_JSON_ANALYTICAL_INPUT,data/raw/step_07/clinicaltrials_api/full_records/2026-07-25/NCT03676556__v1__lastupdate-2022-08-05.json,18887,18ef551d6ac11a546011831def0acde5e87b7d8b5097a86b13fb05a8e0da7f6f,YES,Frozen complete official JSON for NCT03676556
INPUT0558,OFFICIAL_JSON_ANALYTICAL_INPUT,data/raw/step_07/clinicaltrials_api/full_records/2026-07-25/NCT03678636__v1__lastupdate-2022-04-28.json,11024,d5136cfae6e551a658cdbfd71654e336883da1bc83fd8780a0c053a3e84b9da4,YES,Frozen complete official JSON for NCT03678636
INPUT0559,OFFICIAL_JSON_ANALYTICAL_INPUT,data/raw/step_07/clinicaltrials_api/full_records/2026-07-25/NCT03680872__v1__lastupdate-2026-03-11.json,13285,a320eda738c0f69d581dbbe44e9145ffb19324e30ea3a0ca0537b756a2a2e3aa,YES,Frozen complete official JSON for NCT03680872
INPUT0560,OFFICIAL_JSON_ANALYTICAL_INPUT,data/raw/step_07/clinicaltrials_api/full_records/2026-07-25/NCT03688841__v1__lastupdate-2021-08-04.json,8278,634e53f5d187876729d1d9b3d61b8f457ca4bba219b8d0deb749af4248efba06,YES,Frozen complete official JSON for NCT03688841
INPUT0561,OFFICIAL_JSON_ANALYTICAL_INPUT,data/raw/step_07/clinicaltrials_api/full_records/2026-07-25/NCT03691532__v1__lastupdate-2023-08-22.json,9669,49108ee553713bd3162ab8e1580169f0815c356a25bdc5d6c5627d3dc6a629ea,YES,Frozen complete official JSON for NCT03691532
INPUT0562,OFFICIAL_JSON_ANALYTICAL_INPUT,data/raw/step_07/clinicaltrials_api/full_records/2026-07-25/NCT03698968__v1__lastupdate-2019-09-18.json,13008,ed17b83b5522adbd1448186e32ed56768eac0b606f9980df3d0ac4858829e020,YES,Frozen complete official JSON for NCT03698968
INPUT0563,OFFICIAL_JSON_ANALYTICAL_INPUT,data/raw/step_07/clinicaltrials_api/full_records/2026-07-25/NCT03699072__v1__lastupdate-2020-12-16.json,7728,44e57772107d6518f1338cd0967e75c7b402cf970cfcd2d281b98ba31e6e46c1,YES,Frozen complete official JSON for NCT03699072
INPUT0564,OFFICIAL_JSON_ANALYTICAL_INPUT,data/raw/step_07/clinicaltrials_api/full_records/2026-07-25/NCT03708835__v1__lastupdate-2020-11-19.json,21674,15060d7bc2cd626ddde7118a1c35ff88b88583b25d7392a96467d2d1e2c944b0,YES,Frozen complete official JSON for NCT03708835
INPUT0565,OFFICIAL_JSON_ANALYTICAL_INPUT,data/raw/step_07/clinicaltrials_api/full_records/2026-07-25/NCT03716167__v1__lastupdate-2025-08-28.json,8106,b3fbd281246d536726015f6d4a8712b134eb1a3b87cf6f626a71d3fbf06a84c9,YES,Frozen complete official JSON for NCT03716167
INPUT0566,OFFICIAL_JSON_ANALYTICAL_INPUT,data/raw/step_07/clinicaltrials_api/full_records/2026-07-25/NCT03723577__v1__lastupdate-2020-02-21.json,6608,1077282f42737243f4174624277d9b774f7cc7c0627203944ba6e6e6297d5f1b,YES,Frozen complete official JSON for NCT03723577
INPUT0567,OFFICIAL_JSON_ANALYTICAL_INPUT,data/raw/step_07/clinicaltrials_api/full_records/2026-07-25/NCT03723603__v1__lastupdate-2020-03-18.json,13885,4b808ca269381ab627d47b8459a5d511d3f1b89ef85c5fdc6ff164315920de63,YES,Frozen complete official JSON for NCT03723603
INPUT0568,OFFICIAL_JSON_ANALYTICAL_INPUT,data/raw/step_07/clinicaltrials_api/full_records/2026-07-25/NCT03725111__v1__lastupdate-2026-02-17.json,3709,e997d5dd534ca114d8356a131f29fae929386ec1207d085ddaa82e6895b4b82d,YES,Frozen complete official JSON for NCT03725111
INPUT0569,OFFICIAL_JSON_ANALYTICAL_INPUT,data/raw/step_07/clinicaltrials_api/full_records/2026-07-25/NCT03725787__v1__lastupdate-2021-05-06.json,8172,769d42a3ab01b91654426e1125011fb827db66c5f68cd825778abef6d5d59a31,YES,Frozen complete official JSON for NCT03725787
INPUT0570,OFFICIAL_JSON_ANALYTICAL_INPUT,data/raw/step_07/clinicaltrials_api/full_records/2026-07-25/NCT03725917__v1__lastupdate-2019-04-24.json,13839,516d4add7cfe81c308167ae4445b5592824baa3459ea54cf507dd8c6c5faad22,YES,Frozen complete official JSON for NCT03725917
INPUT0571,OFFICIAL_JSON_ANALYTICAL_INPUT,data/raw/step_07/clinicaltrials_api/full_records/2026-07-25/NCT03732365__v1__lastupdate-2018-11-06.json,14103,38a0ebc86f21e8aa403c9b7bee2cceb30448f2fbef2bfe5b0f526acd5a7453c1,YES,Frozen complete official JSON for NCT03732365
INPUT0572,OFFICIAL_JSON_ANALYTICAL_INPUT,data/raw/step_07/clinicaltrials_api/full_records/2026-07-25/NCT03736941__v1__lastupdate-2023-04-27.json,13361,6edfbb6cd981359ac7616756fbbaae357794a5baf2a3ce406c26242b78730864,YES,Frozen complete official JSON for NCT03736941
INPUT0573,OFFICIAL_JSON_ANALYTICAL_INPUT,data/raw/step_07/clinicaltrials_api/full_records/2026-07-25/NCT03752749__v1__lastupdate-2018-11-26.json,7853,d8dcedc73aae032b6a749254a31294ee21b0d952cca2777c7d59083b99caa7e5,YES,Frozen complete official JSON for NCT03752749
INPUT0574,OFFICIAL_JSON_ANALYTICAL_INPUT,data/raw/step_07/clinicaltrials_api/full_records/2026-07-25/NCT03753581__v1__lastupdate-2021-06-11.json,18904,c77f06d35c6060dac613ff62f7d36023c6d54e18618192629c06acca08f93f9c,YES,Frozen complete official JSON for NCT03753581
INPUT0575,OFFICIAL_JSON_ANALYTICAL_INPUT,data/raw/step_07/clinicaltrials_api/full_records/2026-07-25/NCT03761446__v1__lastupdate-2025-03-13.json,13700,4376ebd035633180e790a93fdb3d9d67033e216888a562a15ad3a475d89930cc,YES,Frozen complete official JSON for NCT03761446
INPUT0576,OFFICIAL_JSON_ANALYTICAL_INPUT,data/raw/step_07/clinicaltrials_api/full_records/2026-07-25/NCT03781609__v1__lastupdate-2021-10-06.json,50867,6905660a52d8740b27209aa12ec72da108613f7545a36c7248eba9fc96a3ff27,YES,Frozen complete official JSON for NCT03781609
INPUT0577,OFFICIAL_JSON_ANALYTICAL_INPUT,data/raw/step_07/clinicaltrials_api/full_records/2026-07-25/NCT03783819__v1__lastupdate-2020-02-21.json,13927,00dba8416eca6fbd0724f9c225c3ebc436192acbb5a9f920f43e6898cb93d60e,YES,Frozen complete official JSON for NCT03783819
INPUT0578,OFFICIAL_JSON_ANALYTICAL_INPUT,data/raw/step_07/clinicaltrials_api/full_records/2026-07-25/NCT03795064__v1__lastupdate-2024-04-03.json,5611,71fbd356bb74680fe8c72cd47f3b37cafb427a2b6ebd7926ff5ac40839c8b4ce,YES,Frozen complete official JSON for NCT03795064
INPUT0579,OFFICIAL_JSON_ANALYTICAL_INPUT,data/raw/step_07/clinicaltrials_api/full_records/2026-07-25/NCT03796793__v1__lastupdate-2026-05-14.json,17589,163702faddebee8580188503a34dd104e6369a26c0092c96c9481f4630a11af1,YES,Frozen complete official JSON for NCT03796793
INPUT0580,OFFICIAL_JSON_ANALYTICAL_INPUT,data/raw/step_07/clinicaltrials_api/full_records/2026-07-25/NCT03797378__v1__lastupdate-2025-10-03.json,17582,b35fc9538b4da297d2b62cfca9d5d9d7306b44ef34f1dbc4bf0e00476bae4381,YES,Frozen complete official JSON for NCT03797378
INPUT0581,OFFICIAL_JSON_ANALYTICAL_INPUT,data/raw/step_07/clinicaltrials_api/full_records/2026-07-25/NCT03812991__v1__lastupdate-2024-06-11.json,26042,bf275f809328678e51562c6ed076bf39ab51a9e9cea24abeeef82a8672e89696,YES,Frozen complete official JSON for NCT03812991
INPUT0582,OFFICIAL_JSON_ANALYTICAL_INPUT,data/raw/step_07/clinicaltrials_api/full_records/2026-07-25/NCT03815240__v1__lastupdate-2020-05-06.json,45430,d6c5df50774a3aa65fb7f4361bf64052e61ee6771132b4c41ca17366fb371ede,YES,Frozen complete official JSON for NCT03815240
INPUT0583,OFFICIAL_JSON_ANALYTICAL_INPUT,data/raw/step_07/clinicaltrials_api/full_records/2026-07-25/NCT03818828__v1__lastupdate-2020-09-03.json,11352,c0155f165bcb63af7a6e53c0b624f72b51426e783e15ea80b60ef8bc7e8881ec,YES,Frozen complete official JSON for NCT03818828
INPUT0584,OFFICIAL_JSON_ANALYTICAL_INPUT,data/raw/step_07/clinicaltrials_api/full_records/2026-07-25/NCT03820947__v1__lastupdate-2025-12-30.json,265224,b845e1eec0843798189b1e24c711613a62879b3fde36b599cf8b5096b79d73d3,YES,Frozen complete official JSON for NCT03820947
INPUT0585,OFFICIAL_JSON_ANALYTICAL_INPUT,data/raw/step_07/clinicaltrials_api/full_records/2026-07-25/NCT03823963__v1__lastupdate-2019-01-31.json,6213,dd30e7210e88e2f0081a880c036d1f1102cfd7b511fbbc3e698d3699f1edca68,YES,Frozen complete official JSON for NCT03823963
INPUT0586,OFFICIAL_JSON_ANALYTICAL_INPUT,data/raw/step_07/clinicaltrials_api/full_records/2026-07-25/NCT03824886__v1__lastupdate-2021-08-09.json,19829,02413d56394ab4a63c6f9a7f4d63ac92bc3e9d98551580a7ad264cdae5254b21,YES,Frozen complete official JSON for NCT03824886
INPUT0587,OFFICIAL_JSON_ANALYTICAL_INPUT,data/raw/step_07/clinicaltrials_api/full_records/2026-07-25/NCT03827850__v1__lastupdate-2023-06-09.json,17361,54a0053fde6a6ab162f16b09ecf5d2fdcd43b9c5e6115b5375741b0a29b9bf42,YES,Frozen complete official JSON for NCT03827850
INPUT0588,OFFICIAL_JSON_ANALYTICAL_INPUT,data/raw/step_07/clinicaltrials_api/full_records/2026-07-25/NCT03837691__v1__lastupdate-2023-05-19.json,11672,6ca13f9d48c1b34d4cc9a1e18e0006770c896397086b94d5abb7a2c6f0fb43d2,YES,Frozen complete official JSON for NCT03837691
INPUT0589,OFFICIAL_JSON_ANALYTICAL_INPUT,data/raw/step_07/clinicaltrials_api/full_records/2026-07-25/NCT03840759__v1__lastupdate-2019-02-15.json,9160,d0e633061f7179aae2d8b27d4030fbff53ab265ec21fcec3a733369bb29ff54e,YES,Frozen complete official JSON for NCT03840759
INPUT0590,OFFICIAL_JSON_ANALYTICAL_INPUT,data/raw/step_07/clinicaltrials_api/full_records/2026-07-25/NCT03841695__v1__lastupdate-2022-05-27.json,11319,5226d67f3a60e6738cdc85c70afab7c769e9d5e69ac1507da6a277fbf4f20d7e,YES,Frozen complete official JSON for NCT03841695
INPUT0591,OFFICIAL_JSON_ANALYTICAL_INPUT,data/raw/step_07/clinicaltrials_api/full_records/2026-07-25/NCT03857022__v1__lastupdate-2019-02-27.json,8908,869053d331093efb30c81696839c4278e5e71f0cf38b110929ba38746aa9b16e,YES,Frozen complete official JSON for NCT03857022
INPUT0592,OFFICIAL_JSON_ANALYTICAL_INPUT,data/raw/step_07/clinicaltrials_api/full_records/2026-07-25/NCT03864770__v1__lastupdate-2019-03-11.json,11745,33349c1333935710f070886bc4d4032601acee3e5818ab17323d95da9274a2ea,YES,Frozen complete official JSON for NCT03864770
INPUT0593,OFFICIAL_JSON_ANALYTICAL_INPUT,data/raw/step_07/clinicaltrials_api/full_records/2026-07-25/NCT03869138__v1__lastupdate-2026-07-08.json,17251,1d30d31f2ff5e4e80861988613a130c36ddada9c44171f488988ced90c486deb,YES,Frozen complete official JSON for NCT03869138
INPUT0594,OFFICIAL_JSON_ANALYTICAL_INPUT,data/raw/step_07/clinicaltrials_api/full_records/2026-07-25/NCT03874988__v1__lastupdate-2025-10-15.json,15560,351bbf27a7d7296826b76fcfda39216506846ee130fd14bcee4df4f499054273,YES,Frozen complete official JSON for NCT03874988
INPUT0595,OFFICIAL_JSON_ANALYTICAL_INPUT,data/raw/step_07/clinicaltrials_api/full_records/2026-07-25/NCT03877653__v1__lastupdate-2025-02-13.json,22216,f9e845e8c4c33cec0e34c7ddcbef0a1efacc68bb8b437e84dbcc309008756a94,YES,Frozen complete official JSON for NCT03877653
INPUT0596,OFFICIAL_JSON_ANALYTICAL_INPUT,data/raw/step_07/clinicaltrials_api/full_records/2026-07-25/NCT03881267__v1__lastupdate-2022-04-04.json,13480,194416710cdf79a14e6e877fe4d2f38af8a8d90534637160f1eb3265428766f3,YES,Frozen complete official JSON for NCT03881267
INPUT0597,OFFICIAL_JSON_ANALYTICAL_INPUT,data/raw/step_07/clinicaltrials_api/full_records/2026-07-25/NCT03892746__v1__lastupdate-2025-12-10.json,50689,514440c425f418d0cfab24ee5609aa7e9ede1b1107bd29e3d0fec1597edb1d7b,YES,Frozen complete official JSON for NCT03892746
INPUT0598,OFFICIAL_JSON_ANALYTICAL_INPUT,data/raw/step_07/clinicaltrials_api/full_records/2026-07-25/NCT03894267__v1__lastupdate-2019-03-28.json,9550,86a06077c804a60e7c84e7e34f8f59e4ef4cb887cf91da9e26c9463ff93c7f45,YES,Frozen complete official JSON for NCT03894267
INPUT0599,OFFICIAL_JSON_ANALYTICAL_INPUT,data/raw/step_07/clinicaltrials_api/full_records/2026-07-25/NCT03900455__v1__lastupdate-2021-02-17.json,8825,7951bd391e7cea93a60a11f5d4838e358767319154ae67ca52abb33cbc5e782a,YES,Frozen complete official JSON for NCT03900455
INPUT0600,OFFICIAL_JSON_ANALYTICAL_INPUT,data/raw/step_07/clinicaltrials_api/full_records/2026-07-25/NCT03903692__v1__lastupdate-2024-06-25.json,25835,a709df18f244b6642c82a67c15d2735a4d2a899fbf48c5d92394dd4bf1c573e9,YES,Frozen complete official JSON for NCT03903692
INPUT0601,OFFICIAL_JSON_ANALYTICAL_INPUT,data/raw/step_07/clinicaltrials_api/full_records/2026-07-25/NCT03904602__v1__lastupdate-2023-03-23.json,13007,b8cbf075078c105335a751c2312f6a5f5e4f83d428a8efc8c69f02c4c0276408,YES,Frozen complete official JSON for NCT03904602
INPUT0602,OFFICIAL_JSON_ANALYTICAL_INPUT,data/raw/step_07/clinicaltrials_api/full_records/2026-07-25/NCT03906864__v1__lastupdate-2019-04-08.json,10186,248168cd0efeb6e517cda136244756795ef84f70554fe3b46957864171b5e849,YES,Frozen complete official JSON for NCT03906864
INPUT0603,OFFICIAL_JSON_ANALYTICAL_INPUT,data/raw/step_07/clinicaltrials_api/full_records/2026-07-25/NCT03909503__v1__lastupdate-2021-10-20.json,6903,7e5ce4cd345c5136ae052306446b1e379b5c6ce16aeb9bf65f6ea65e674645c0,YES,Frozen complete official JSON for NCT03909503
INPUT0604,OFFICIAL_JSON_ANALYTICAL_INPUT,data/raw/step_07/clinicaltrials_api/full_records/2026-07-25/NCT03922802__v1__lastupdate-2026-01-13.json,36731,4acb3fec02bc166b66044e422c9350c736a6e494d661cf720f64fb76d1598f6f,YES,Frozen complete official JSON for NCT03922802
INPUT0605,OFFICIAL_JSON_ANALYTICAL_INPUT,data/raw/step_07/clinicaltrials_api/full_records/2026-07-25/NCT03924388__v1__lastupdate-2019-12-17.json,58261,958b0cd84f2266105e906296323d5f25cbeef0b0b8e1d6a696be8327109afaa6,YES,Frozen complete official JSON for NCT03924388
INPUT0606,OFFICIAL_JSON_ANALYTICAL_INPUT,data/raw/step_07/clinicaltrials_api/full_records/2026-07-25/NCT03924622__v1__lastupdate-2022-05-16.json,44833,9dc95d529d622fdc10b73de9213a53002bec095ba56ab91e2eb127e7bd625ad7,YES,Frozen complete official JSON for NCT03924622
INPUT0607,OFFICIAL_JSON_ANALYTICAL_INPUT,data/raw/step_07/clinicaltrials_api/full_records/2026-07-25/NCT03934671__v1__lastupdate-2021-12-21.json,8157,4f42d2d2999d8db93e131b2cf01b8fec1562bea0d52ee39dfc4e4b54a85d8785,YES,Frozen complete official JSON for NCT03934671
INPUT0608,OFFICIAL_JSON_ANALYTICAL_INPUT,data/raw/step_07/clinicaltrials_api/full_records/2026-07-25/NCT03935386__v1__lastupdate-2019-05-02.json,10956,c533b59de522a49e098b8a5f88bf8a1d9ecea8e2765216bb60760bfb107d6bae,YES,Frozen complete official JSON for NCT03935386
INPUT0609,OFFICIAL_JSON_ANALYTICAL_INPUT,data/raw/step_07/clinicaltrials_api/full_records/2026-07-25/NCT03940274__v1__lastupdate-2020-09-07.json,14434,70eddb0f5dc3e036252663258f616037e09ba54249d5fa310a3ab63917a6d484,YES,Frozen complete official JSON for NCT03940274
INPUT0610,OFFICIAL_JSON_ANALYTICAL_INPUT,data/raw/step_07/clinicaltrials_api/full_records/2026-07-25/NCT03948308__v1__lastupdate-2019-05-13.json,6193,8a38895bb0fc50c14066c7458fadecb916ccff489b828063f16ca5828fd06ced,YES,Frozen complete official JSON for NCT03948308
INPUT0611,OFFICIAL_JSON_ANALYTICAL_INPUT,data/raw/step_07/clinicaltrials_api/full_records/2026-07-25/NCT03954496__v1__lastupdate-2021-06-24.json,10374,36cc6e85afd040843897e27dd1595c803227e1097841763a3efadd70c069768f,YES,Frozen complete official JSON for NCT03954496
INPUT0612,OFFICIAL_JSON_ANALYTICAL_INPUT,data/raw/step_07/clinicaltrials_api/full_records/2026-07-25/NCT03965169__v1__lastupdate-2019-05-28.json,7855,7a25d478921a7d0fef8bc68a20768f856aab5f187f2cdb79d9338a3dc7d608ba,YES,Frozen complete official JSON for NCT03965169
INPUT0613,OFFICIAL_JSON_ANALYTICAL_INPUT,data/raw/step_07/clinicaltrials_api/full_records/2026-07-25/NCT03987243__v1__lastupdate-2019-06-14.json,18132,4fa45f7a2df07a534d65bc133e4b66cac830df70acfb6490717498fd35c48ba6,YES,Frozen complete official JSON for NCT03987243
INPUT0614,OFFICIAL_JSON_ANALYTICAL_INPUT,data/raw/step_07/clinicaltrials_api/full_records/2026-07-25/NCT03991273__v1__lastupdate-2021-04-22.json,14847,7851b3deb4e07c86cdc84e4d0bf3b094155c10037a41489dd8a688d39bde27aa,YES,Frozen complete official JSON for NCT03991273
INPUT0615,OFFICIAL_JSON_ANALYTICAL_INPUT,data/raw/step_07/clinicaltrials_api/full_records/2026-07-25/NCT03992690__v1__lastupdate-2019-08-02.json,9108,2e3457a8be33fdf1f5bf5db0e971d3a66ad22cea8c6eeb9c8e1f888c4b31aa62,YES,Frozen complete official JSON for NCT03992690
INPUT0616,OFFICIAL_JSON_ANALYTICAL_INPUT,data/raw/step_07/clinicaltrials_api/full_records/2026-07-25/NCT03995407__v1__lastupdate-2021-03-17.json,10479,8ce90bf14524896ea00b70231ff3be806387994e29d425591af5b9049c6ddcaa,YES,Frozen complete official JSON for NCT03995407
INPUT0617,OFFICIAL_JSON_ANALYTICAL_INPUT,data/raw/step_07/clinicaltrials_api/full_records/2026-07-25/NCT03999515__v1__lastupdate-2023-09-28.json,29497,b3a92c7cd1b7ac089b2e391935e08fdbce956609f82a2ead4f7eaee624d93dae,YES,Frozen complete official JSON for NCT03999515
INPUT0618,OFFICIAL_JSON_ANALYTICAL_INPUT,data/raw/step_07/clinicaltrials_api/full_records/2026-07-25/NCT04011137__v1__lastupdate-2022-07-29.json,10221,94f0b98b61305497c614a32105bbe914115f63cee9600495c2255d5af8a0baaf,YES,Frozen complete official JSON for NCT04011137
INPUT0619,OFFICIAL_JSON_ANALYTICAL_INPUT,data/raw/step_07/clinicaltrials_api/full_records/2026-07-25/NCT04011371__v1__lastupdate-2023-04-13.json,9624,cb0bb7fee1d544064cba49407264c97bc39eef73b13a30e59d4437367ea25f89,YES,Frozen complete official JSON for NCT04011371
INPUT0620,OFFICIAL_JSON_ANALYTICAL_INPUT,data/raw/step_07/clinicaltrials_api/full_records/2026-07-25/NCT04018924__v1__lastupdate-2021-05-19.json,46106,7777a4119b69e134cd4dee37de15b95e56211c34dcbe7d9ba7c7278cecdf91ac,YES,Frozen complete official JSON for NCT04018924
INPUT0621,OFFICIAL_JSON_ANALYTICAL_INPUT,data/raw/step_07/clinicaltrials_api/full_records/2026-07-25/NCT04019340__v1__lastupdate-2024-07-29.json,13478,d222a9467b489123dfceb4de3e53823a7e098d156687bc1c61afd7597cf097a9,YES,Frozen complete official JSON for NCT04019340
INPUT0622,OFFICIAL_JSON_ANALYTICAL_INPUT,data/raw/step_07/clinicaltrials_api/full_records/2026-07-25/NCT04021316__v1__lastupdate-2023-09-28.json,13344,d4925f82414c2f704e883fc6964cea68b73a40166e63cc265b7c02ca41c2a242,YES,Frozen complete official JSON for NCT04021316
INPUT0623,OFFICIAL_JSON_ANALYTICAL_INPUT,data/raw/step_07/clinicaltrials_api/full_records/2026-07-25/NCT04023981__v1__lastupdate-2019-07-18.json,6882,9145607eb8e8736e3329a17237788df35a6a0a47e95d2883be3cb94867ecc971,YES,Frozen complete official JSON for NCT04023981
INPUT0624,OFFICIAL_JSON_ANALYTICAL_INPUT,data/raw/step_07/clinicaltrials_api/full_records/2026-07-25/NCT04033900__v1__lastupdate-2021-07-22.json,10114,7de35a2fc0565abea763881908b4a2570a1ac0ff290d9227720443f4a8ddf37b,YES,Frozen complete official JSON for NCT04033900
INPUT0625,OFFICIAL_JSON_ANALYTICAL_INPUT,data/raw/step_07/clinicaltrials_api/full_records/2026-07-25/NCT04039789__v1__lastupdate-2024-03-20.json,17788,373b0503805c09a204063d6a87ed8f44a8a369549f56f9d2fded5f5a5302815e,YES,Frozen complete official JSON for NCT04039789
INPUT0626,OFFICIAL_JSON_ANALYTICAL_INPUT,data/raw/step_07/clinicaltrials_api/full_records/2026-07-25/NCT04043715__v1__lastupdate-2024-04-26.json,16113,e61d2e8b8e5fe01c282dc53a06e759b5912bb0f3c92665003884fa73ae9bcdef,YES,Frozen complete official JSON for NCT04043715
INPUT0627,OFFICIAL_JSON_ANALYTICAL_INPUT,data/raw/step_07/clinicaltrials_api/full_records/2026-07-25/NCT04046120__v1__lastupdate-2026-03-19.json,22839,008b552f701ecb6fd4a65c1764b00b914a76874a6a3fef2383969cb29ba19d41,YES,Frozen complete official JSON for NCT04046120
INPUT0628,OFFICIAL_JSON_ANALYTICAL_INPUT,data/raw/step_07/clinicaltrials_api/full_records/2026-07-25/NCT04047992__v1__lastupdate-2025-05-14.json,10970,38a61d7c762e3bcfb320fc223c3a8e9d5a6049634411b50a1fde50eec38df17e,YES,Frozen complete official JSON for NCT04047992
INPUT0629,OFFICIAL_JSON_ANALYTICAL_INPUT,data/raw/step_07/clinicaltrials_api/full_records/2026-07-25/NCT04057677__v1__lastupdate-2025-06-06.json,15454,650d2bf4bdbb9ce4d0d18048df5d0bb6dab31c94e761d3c4982891f1cd193aff,YES,Frozen complete official JSON for NCT04057677
INPUT0630,OFFICIAL_JSON_ANALYTICAL_INPUT,data/raw/step_07/clinicaltrials_api/full_records/2026-07-25/NCT04071782__v1__lastupdate-2021-10-21.json,12077,6eaa7a1d1d0f9d73f754727637702040e22b0a94e6588559c1cdc8450b04cbf5,YES,Frozen complete official JSON for NCT04071782
INPUT0631,OFFICIAL_JSON_ANALYTICAL_INPUT,data/raw/step_07/clinicaltrials_api/full_records/2026-07-25/NCT04078477__v1__lastupdate-2025-04-06.json,6119,afa65c4de86a9383a1c4913f234003e91416fb7fda6d3304cf8da98db12720f4,YES,Frozen complete official JSON for NCT04078477
INPUT0632,OFFICIAL_JSON_ANALYTICAL_INPUT,data/raw/step_07/clinicaltrials_api/full_records/2026-07-25/NCT04078555__v1__lastupdate-2024-02-20.json,9010,c7c5c159807492686e98ab90e98079555b408bc196a7ba4a4384bf609f0605b5,YES,Frozen complete official JSON for NCT04078555
INPUT0633,OFFICIAL_JSON_ANALYTICAL_INPUT,data/raw/step_07/clinicaltrials_api/full_records/2026-07-25/NCT04094571__v1__lastupdate-2021-10-06.json,8013,9efd571a91c89a3226de1c3ebea941a3405f7ad79da095ec7f85119e91e9c6c2,YES,Frozen complete official JSON for NCT04094571
INPUT0634,OFFICIAL_JSON_ANALYTICAL_INPUT,data/raw/step_07/clinicaltrials_api/full_records/2026-07-25/NCT04101916__v1__lastupdate-2025-03-13.json,8572,9c19c554addeca770a7ce69450e181f9f0acc76109a3fed268d0b21c3d63ef05,YES,Frozen complete official JSON for NCT04101916
INPUT0635,OFFICIAL_JSON_ANALYTICAL_INPUT,data/raw/step_07/clinicaltrials_api/full_records/2026-07-25/NCT04102735__v1__lastupdate-2022-03-15.json,9655,ab5cfb29c2c6adb32ef4d0183465a1b8a8204ad14c1296d2161f80cc0bcff63d,YES,Frozen complete official JSON for NCT04102735
INPUT0636,OFFICIAL_JSON_ANALYTICAL_INPUT,data/raw/step_07/clinicaltrials_api/full_records/2026-07-25/NCT04105322__v1__lastupdate-2019-09-26.json,9962,e207edc9a7172a38d9d058adf49808be22b42b6fafafbef51b74f69269a8c069,YES,Frozen complete official JSON for NCT04105322
INPUT0637,OFFICIAL_JSON_ANALYTICAL_INPUT,data/raw/step_07/clinicaltrials_api/full_records/2026-07-25/NCT04116671__v1__lastupdate-2025-11-13.json,24037,2ee6896ff20c5f27ee96031e20af1a98b2a773395d32ff7e40fb66f9a80bd8f0,YES,Frozen complete official JSON for NCT04116671
INPUT0638,OFFICIAL_JSON_ANALYTICAL_INPUT,data/raw/step_07/clinicaltrials_api/full_records/2026-07-25/NCT04132596__v1__lastupdate-2022-12-29.json,11795,e9bd76800f385a3d04da8f05e1724c5e0c1909fd3f1e9ad081b453d75503c544,YES,Frozen complete official JSON for NCT04132596
INPUT0639,OFFICIAL_JSON_ANALYTICAL_INPUT,data/raw/step_07/clinicaltrials_api/full_records/2026-07-25/NCT04136951__v1__lastupdate-2025-10-08.json,19104,294198390db0a8d8fba3d9e1046d87fe074844917cedbe3fbb88c6f3eed61bbf,YES,Frozen complete official JSON for NCT04136951
INPUT0640,OFFICIAL_JSON_ANALYTICAL_INPUT,data/raw/step_07/clinicaltrials_api/full_records/2026-07-25/NCT04137159__v1__lastupdate-2026-01-09.json,14786,9e60e513d541b5b9f694f2a34ad777dc922b8e97b5d908b245014b041f155838,YES,Frozen complete official JSON for NCT04137159
INPUT0641,OFFICIAL_JSON_ANALYTICAL_INPUT,data/raw/step_07/clinicaltrials_api/full_records/2026-07-25/NCT04161274__v1__lastupdate-2020-07-29.json,15178,22acb7588b7e89f8728c6990e021e43a7aeda6ae1f9a934c1e07629e9ef554a5,YES,Frozen complete official JSON for NCT04161274
INPUT0642,OFFICIAL_JSON_ANALYTICAL_INPUT,data/raw/step_07/clinicaltrials_api/full_records/2026-07-25/NCT04163796__v1__lastupdate-2024-01-08.json,14929,b5c7e5b63d0bc01db7dbfdcfb127345bbee47478d967e8bc8bc1933336fdeebe,YES,Frozen complete official JSON for NCT04163796
INPUT0643,OFFICIAL_JSON_ANALYTICAL_INPUT,data/raw/step_07/clinicaltrials_api/full_records/2026-07-25/NCT04165395__v1__lastupdate-2019-11-18.json,13512,ce1ae8a672dede47f86f829b54d82e3682c6cf71a3bf054edc69d230f7c89d08,YES,Frozen complete official JSON for NCT04165395
INPUT0644,OFFICIAL_JSON_ANALYTICAL_INPUT,data/raw/step_07/clinicaltrials_api/full_records/2026-07-25/NCT04168450__v1__lastupdate-2022-08-10.json,9981,52ead31b8205f0288da5f0571e65fb7d181475f37bc165fac2d576cf230d3c43,YES,Frozen complete official JSON for NCT04168450
INPUT0645,OFFICIAL_JSON_ANALYTICAL_INPUT,data/raw/step_07/clinicaltrials_api/full_records/2026-07-25/NCT04171375__v1__lastupdate-2022-01-06.json,12564,f2feb853867a1c1db26c06bdfe650877e71d1d2f35803d9ead2aaad2da7ff0a5,YES,Frozen complete official JSON for NCT04171375
INPUT0646,OFFICIAL_JSON_ANALYTICAL_INPUT,data/raw/step_07/clinicaltrials_api/full_records/2026-07-25/NCT04176445__v1__lastupdate-2021-12-13.json,32219,f5ec4c1a87136cbeeda06fb364c27878a9d9eab3f2414048bf3cbd2c82801404,YES,Frozen complete official JSON for NCT04176445
INPUT0647,OFFICIAL_JSON_ANALYTICAL_INPUT,data/raw/step_07/clinicaltrials_api/full_records/2026-07-25/NCT04179123__v1__lastupdate-2024-11-22.json,8056,caf265306adfd5cf313bd025d3386cd6805fb4408ebe59831293b91a7cf1e05e,YES,Frozen complete official JSON for NCT04179123
INPUT0648,OFFICIAL_JSON_ANALYTICAL_INPUT,data/raw/step_07/clinicaltrials_api/full_records/2026-07-25/NCT04181320__v1__lastupdate-2024-11-08.json,24971,0150ecabc7c8331edc23de8a02ad2a4d812b061757218d75f005eb72dd069c0c,YES,Frozen complete official JSON for NCT04181320
INPUT0649,OFFICIAL_JSON_ANALYTICAL_INPUT,data/raw/step_07/clinicaltrials_api/full_records/2026-07-25/NCT04183998__v1__lastupdate-2022-03-29.json,12988,a58a94699a264f0e9233cc2c7adac8bbb8c310ff3b2df4c7437db56cf3232b53,YES,Frozen complete official JSON for NCT04183998
INPUT0650,OFFICIAL_JSON_ANALYTICAL_INPUT,data/raw/step_07/clinicaltrials_api/full_records/2026-07-25/NCT04185558__v1__lastupdate-2024-05-14.json,12551,eab15b7a9503525f43a7ce26a3f13e2f3a07f6326de24ce7fce299a4475b0cda,YES,Frozen complete official JSON for NCT04185558
INPUT0651,OFFICIAL_JSON_ANALYTICAL_INPUT,data/raw/step_07/clinicaltrials_api/full_records/2026-07-25/NCT04186325__v1__lastupdate-2024-03-15.json,5481,b2dad8d36c64a1e24167ab8deef619a691e04e51ce5c81e62df3b6a52c0bb471,YES,Frozen complete official JSON for NCT04186325
INPUT0652,OFFICIAL_JSON_ANALYTICAL_INPUT,data/raw/step_07/clinicaltrials_api/full_records/2026-07-25/NCT04198441__v1__lastupdate-2021-04-09.json,8827,3bc9d29cda7cae526a1c763c8cb78e18b69b90cb909dc4f06b4e2a0342f8b074,YES,Frozen complete official JSON for NCT04198441
INPUT0653,OFFICIAL_JSON_ANALYTICAL_INPUT,data/raw/step_07/clinicaltrials_api/full_records/2026-07-25/NCT04202900__v1__lastupdate-2023-03-30.json,8664,fc772a38e96f213c94ffe72f965755b72c6aa63b135e6655d4a9f0d1a0b24b2f,YES,Frozen complete official JSON for NCT04202900
INPUT0654,OFFICIAL_JSON_ANALYTICAL_INPUT,data/raw/step_07/clinicaltrials_api/full_records/2026-07-25/NCT04203576__v1__lastupdate-2025-02-25.json,8068,185564c0dddd0323ea4d752d0a2c4d23fd19788207af8b4a89a87036b4dd8bba,YES,Frozen complete official JSON for NCT04203576
INPUT0655,OFFICIAL_JSON_ANALYTICAL_INPUT,data/raw/step_07/clinicaltrials_api/full_records/2026-07-25/NCT04211311__v1__lastupdate-2019-12-26.json,8319,5a77348762e221d36c4eccea14afb50ea6ac21f95d971f50ad19183edee02896,YES,Frozen complete official JSON for NCT04211311
INPUT0656,OFFICIAL_JSON_ANALYTICAL_INPUT,data/raw/step_07/clinicaltrials_api/full_records/2026-07-25/NCT04219696__v1__lastupdate-2025-03-25.json,12696,600bbd328b23e99ca4f837188c91c1baea644b16615e37230b9d64b6f8e1a77b,YES,Frozen complete official JSON for NCT04219696
INPUT0657,OFFICIAL_JSON_ANALYTICAL_INPUT,data/raw/step_07/clinicaltrials_api/full_records/2026-07-25/NCT04240574__v1__lastupdate-2023-03-27.json,14850,4d26dcf5d868983200c6af675c906b04ac3301415b7ef81449bcc0a356552801,YES,Frozen complete official JSON for NCT04240574
INPUT0658,OFFICIAL_JSON_ANALYTICAL_INPUT,data/raw/step_07/clinicaltrials_api/full_records/2026-07-25/NCT04241250__v1__lastupdate-2026-04-28.json,38290,ef68de357bc270195bd44183d71198ce170afbdfa466bff33fabb3ac81a063bb,YES,Frozen complete official JSON for NCT04241250
INPUT0659,OFFICIAL_JSON_ANALYTICAL_INPUT,data/raw/step_07/clinicaltrials_api/full_records/2026-07-25/NCT04243161__v1__lastupdate-2020-01-28.json,11861,6036f1814c99a9c1f8272fa052a24c59aa1a567022eb96dd0d8079d0a670f3b6,YES,Frozen complete official JSON for NCT04243161
INPUT0660,OFFICIAL_JSON_ANALYTICAL_INPUT,data/raw/step_07/clinicaltrials_api/full_records/2026-07-25/NCT04244201__v1__lastupdate-2020-01-30.json,4444,dd0f824a377d0f17c499034bb624f6db8b011606f84dac65133455d99ea79288,YES,Frozen complete official JSON for NCT04244201
INPUT0661,OFFICIAL_JSON_ANALYTICAL_INPUT,data/raw/step_07/clinicaltrials_api/full_records/2026-07-25/NCT04250025__v1__lastupdate-2023-12-06.json,10767,91328262d0e460e01323c7206672579c8004e9d60a131dce401b5b7781fbfd85,YES,Frozen complete official JSON for NCT04250025
INPUT0662,OFFICIAL_JSON_ANALYTICAL_INPUT,data/raw/step_07/clinicaltrials_api/full_records/2026-07-25/NCT04251091__v1__lastupdate-2025-04-01.json,8193,6fff6b0af5f16f4e7072f7ba53faee0114272aa0e1d26096b73cd61818a95c19,YES,Frozen complete official JSON for NCT04251091
INPUT0663,OFFICIAL_JSON_ANALYTICAL_INPUT,data/raw/step_07/clinicaltrials_api/full_records/2026-07-25/NCT04251897__v1__lastupdate-2022-04-28.json,5626,b9be2fdd307e15f24c287d4ae72f297dae2b1a9b39c85235cdb1912f5cef9e05,YES,Frozen complete official JSON for NCT04251897
INPUT0664,OFFICIAL_JSON_ANALYTICAL_INPUT,data/raw/step_07/clinicaltrials_api/full_records/2026-07-25/NCT04262414__v1__lastupdate-2023-05-23.json,7398,58dc58535544ba121e98d487dcca3ee4d3306421ef3b41c3a7f71f87abbfe9ca,YES,Frozen complete official JSON for NCT04262414
INPUT0665,OFFICIAL_JSON_ANALYTICAL_INPUT,data/raw/step_07/clinicaltrials_api/full_records/2026-07-25/NCT04265170__v1__lastupdate-2022-03-14.json,7833,e0dff2b9c7e60fd032094c3bcab73f0c3929540bb2c8d666dcb045da303de0c7,YES,Frozen complete official JSON for NCT04265170
INPUT0666,OFFICIAL_JSON_ANALYTICAL_INPUT,data/raw/step_07/clinicaltrials_api/full_records/2026-07-25/NCT04266808__v1__lastupdate-2020-02-12.json,12593,b676bf1a972683c972cbd05ab504dedff42ffcc02a6aef64c42cf5d7a7297225,YES,Frozen complete official JSON for NCT04266808
INPUT0667,OFFICIAL_JSON_ANALYTICAL_INPUT,data/raw/step_07/clinicaltrials_api/full_records/2026-07-25/NCT04278105__v1__lastupdate-2021-04-01.json,10856,fef93239120ae9def1b8b8e4f027b3dd19d9793c0db90266221df65ffcec0f56,YES,Frozen complete official JSON for NCT04278105
INPUT0668,OFFICIAL_JSON_ANALYTICAL_INPUT,data/raw/step_07/clinicaltrials_api/full_records/2026-07-25/NCT04280679__v1__lastupdate-2020-10-06.json,6579,d563827254c26dfec3b626386f6dc2a9e7bbe073b792ed5413a6eb958dcdd14d,YES,Frozen complete official JSON for NCT04280679
INPUT0669,OFFICIAL_JSON_ANALYTICAL_INPUT,data/raw/step_07/clinicaltrials_api/full_records/2026-07-25/NCT04281992__v1__lastupdate-2023-09-28.json,14154,f9ea159271e6335a477bd3ec5576cea1f4e2b637344ec910a02658249072ecbe,YES,Frozen complete official JSON for NCT04281992
INPUT0670,OFFICIAL_JSON_ANALYTICAL_INPUT,data/raw/step_07/clinicaltrials_api/full_records/2026-07-25/NCT04300205__v1__lastupdate-2023-09-28.json,9499,f0b9b89eef8e1367d01136a9ab89253498005d99eb1af5b48ffba01a35e976bf,YES,Frozen complete official JSON for NCT04300205
INPUT0671,OFFICIAL_JSON_ANALYTICAL_INPUT,data/raw/step_07/clinicaltrials_api/full_records/2026-07-25/NCT04309864__v1__lastupdate-2025-08-28.json,21615,e2fd00079b774aaf3ebe420ab0da22f88ca6e871ad335d9499d5e14da2553f69,YES,Frozen complete official JSON for NCT04309864
INPUT0672,OFFICIAL_JSON_ANALYTICAL_INPUT,data/raw/step_07/clinicaltrials_api/full_records/2026-07-25/NCT04310280__v1__lastupdate-2020-03-17.json,8717,26cd0cd77208079986ba57387f16999715b8be0bc8529775f48ae3e7cc93d2c7,YES,Frozen complete official JSON for NCT04310280
INPUT0673,OFFICIAL_JSON_ANALYTICAL_INPUT,data/raw/step_07/clinicaltrials_api/full_records/2026-07-25/NCT04311229__v1__lastupdate-2020-03-17.json,13482,523031104735c42b15941d11b76a9819240487fdcea47fe3327d8ed62ef14cb6,YES,Frozen complete official JSON for NCT04311229
INPUT0674,OFFICIAL_JSON_ANALYTICAL_INPUT,data/raw/step_07/clinicaltrials_api/full_records/2026-07-25/NCT04312555__v1__lastupdate-2020-03-20.json,10911,bc9f874b9e423ffda1d0606e449b0eb452d585d30747d9f8345e3bcd52af7fe0,YES,Frozen complete official JSON for NCT04312555
INPUT0675,OFFICIAL_JSON_ANALYTICAL_INPUT,data/raw/step_07/clinicaltrials_api/full_records/2026-07-25/NCT04328246__v1__lastupdate-2023-01-11.json,8164,262958d5f041d94eedcafe4d8b4711881f480ab4657cc19fb06c4b86f392c9a4,YES,Frozen complete official JSON for NCT04328246
INPUT0676,OFFICIAL_JSON_ANALYTICAL_INPUT,data/raw/step_07/clinicaltrials_api/full_records/2026-07-25/NCT04335942__v1__lastupdate-2023-08-31.json,11098,63a5c91a53355493705ffa9f04689980ef2be27b6f852fec8f4746a31cde7060,YES,Frozen complete official JSON for NCT04335942
INPUT0677,OFFICIAL_JSON_ANALYTICAL_INPUT,data/raw/step_07/clinicaltrials_api/full_records/2026-07-25/NCT04355832__v1__lastupdate-2025-11-10.json,6214,6797df7613c96bcf0d4cd4d53d965e6931a0e6cdb05eea27ad3e3ca5bd05ce1e,YES,Frozen complete official JSON for NCT04355832
INPUT0678,OFFICIAL_JSON_ANALYTICAL_INPUT,data/raw/step_07/clinicaltrials_api/full_records/2026-07-25/NCT04359095__v1__lastupdate-2021-08-12.json,34018,ac10177af0f7d4b51a25e26575f302d9ed74e28aa968a5200abf52adde488765,YES,Frozen complete official JSON for NCT04359095
INPUT0679,OFFICIAL_JSON_ANALYTICAL_INPUT,data/raw/step_07/clinicaltrials_api/full_records/2026-07-25/NCT04369235__v1__lastupdate-2021-04-15.json,10179,b25f32a960c9dcb8ec30e99e878fe6f129f4add3837996f2f8ff4efbea25cb2d,YES,Frozen complete official JSON for NCT04369235
INPUT0680,OFFICIAL_JSON_ANALYTICAL_INPUT,data/raw/step_07/clinicaltrials_api/full_records/2026-07-25/NCT04370106__v1__lastupdate-2023-01-27.json,12727,21ea9ba0c23dcfd354ae796523ee30def3dd9bea1f2b3168c61f0ae49ed28cbc,YES,Frozen complete official JSON for NCT04370106
INPUT0681,OFFICIAL_JSON_ANALYTICAL_INPUT,data/raw/step_07/clinicaltrials_api/full_records/2026-07-25/NCT04383873__v1__lastupdate-2022-04-18.json,21229,731cfbf4951f52f33a51b309e4384a2ea360cd21eb97e9ee189b7a7a17748b3e,YES,Frozen complete official JSON for NCT04383873
INPUT0682,OFFICIAL_JSON_ANALYTICAL_INPUT,data/raw/step_07/clinicaltrials_api/full_records/2026-07-25/NCT04386174__v1__lastupdate-2021-11-12.json,11160,7ce846fb6039b115a4424156ac85b284722e085fb0052b81202f7b3aa11cbed4,YES,Frozen complete official JSON for NCT04386174
INPUT0683,OFFICIAL_JSON_ANALYTICAL_INPUT,data/raw/step_07/clinicaltrials_api/full_records/2026-07-25/NCT04390087__v1__lastupdate-2024-05-31.json,15693,563987fca40c54b8bb1daec45164ec5b2a98cb8595358aabe29121bfc0ac92ab,YES,Frozen complete official JSON for NCT04390087
INPUT0684,OFFICIAL_JSON_ANALYTICAL_INPUT,data/raw/step_07/clinicaltrials_api/full_records/2026-07-25/NCT04391257__v1__lastupdate-2022-08-05.json,6574,d47bf40d7afc102860e7330b6fead9bba99179eb718b27377d5b614865808607,YES,Frozen complete official JSON for NCT04391257
INPUT0685,OFFICIAL_JSON_ANALYTICAL_INPUT,data/raw/step_07/clinicaltrials_api/full_records/2026-07-25/NCT04397250__v1__lastupdate-2022-07-29.json,10498,85582131794bf1e415e13cad7bf0b15123863a197717be43b1ea3e48ffe4d821,YES,Frozen complete official JSON for NCT04397250
INPUT0686,OFFICIAL_JSON_ANALYTICAL_INPUT,data/raw/step_07/clinicaltrials_api/full_records/2026-07-25/NCT04411264__v1__lastupdate-2020-06-02.json,6665,8576f5b5fb98fc5a06241430492beba0a5768def6cb1f2a96645382d02f21335,YES,Frozen complete official JSON for NCT04411264
INPUT0687,OFFICIAL_JSON_ANALYTICAL_INPUT,data/raw/step_07/clinicaltrials_api/full_records/2026-07-25/NCT04453943__v1__lastupdate-2020-07-01.json,25213,c2df96a489d8efcf602aa1e44ae033433759f5fae1a9be3ca1420a3b7c637f48,YES,Frozen complete official JSON for NCT04453943
INPUT0688,OFFICIAL_JSON_ANALYTICAL_INPUT,data/raw/step_07/clinicaltrials_api/full_records/2026-07-25/NCT04458324__v1__lastupdate-2026-03-05.json,14115,71aa560c4309442652aecced2239305b68db7835ede90d81406e6d80588564f9,YES,Frozen complete official JSON for NCT04458324
INPUT0689,OFFICIAL_JSON_ANALYTICAL_INPUT,data/raw/step_07/clinicaltrials_api/full_records/2026-07-25/NCT04461132__v1__lastupdate-2020-07-08.json,9125,43cf88266ae58e3cd82933b6c31c8826ab50ede94c57aa650b572cd4419c8497,YES,Frozen complete official JSON for NCT04461132
INPUT0690,OFFICIAL_JSON_ANALYTICAL_INPUT,data/raw/step_07/clinicaltrials_api/full_records/2026-07-25/NCT04465825__v1__lastupdate-2021-05-12.json,7923,89a092971311b527caa4075b013f2828ce49e4fc9f6bfad2f9d5d5ecb8cb621e,YES,Frozen complete official JSON for NCT04465825
INPUT0691,OFFICIAL_JSON_ANALYTICAL_INPUT,data/raw/step_07/clinicaltrials_api/full_records/2026-07-25/NCT04467749__v1__lastupdate-2024-02-09.json,9789,a3b20e80279ec31233b4e9343275265dbb7fa2790fc012b7bb8ca873645dca72,YES,Frozen complete official JSON for NCT04467749
INPUT0692,OFFICIAL_JSON_ANALYTICAL_INPUT,data/raw/step_07/clinicaltrials_api/full_records/2026-07-25/NCT04472260__v1__lastupdate-2025-12-30.json,14221,bf4a51c9e56905a95e2edef9cdcee29d1be223b5a89eead801fc59cc888825f3,YES,Frozen complete official JSON for NCT04472260
INPUT0693,OFFICIAL_JSON_ANALYTICAL_INPUT,data/raw/step_07/clinicaltrials_api/full_records/2026-07-25/NCT04484168__v1__lastupdate-2022-05-18.json,8140,7335de29b220d54426dc45d7ef2b963abf0fdff3f2f4d376adf1399e3846fd12,YES,Frozen complete official JSON for NCT04484168
INPUT0694,OFFICIAL_JSON_ANALYTICAL_INPUT,data/raw/step_07/clinicaltrials_api/full_records/2026-07-25/NCT04496609__v1__lastupdate-2026-06-11.json,15148,aa4431b089c25cd2c5e0ca919ba37cc4994df2f2d3cf92d837fcc90c8a00b944,YES,Frozen complete official JSON for NCT04496609
INPUT0695,OFFICIAL_JSON_ANALYTICAL_INPUT,data/raw/step_07/clinicaltrials_api/full_records/2026-07-25/NCT04534192__v1__lastupdate-2020-11-02.json,14315,61ed58118230487402559e59a4aa7c3185318fe007c35c4182d6155663f6746d,YES,Frozen complete official JSON for NCT04534192
INPUT0696,OFFICIAL_JSON_ANALYTICAL_INPUT,data/raw/step_07/clinicaltrials_api/full_records/2026-07-25/NCT04534244__v1__lastupdate-2024-09-19.json,8679,2590429f297f2f2489e1e1ec2210457bb062852f7fb0e5b460c2229dfd4c9475,YES,Frozen complete official JSON for NCT04534244
INPUT0697,OFFICIAL_JSON_ANALYTICAL_INPUT,data/raw/step_07/clinicaltrials_api/full_records/2026-07-25/NCT04534257__v1__lastupdate-2022-05-26.json,12370,31e35beb0c04b82072530706fff566cd24bf5b0fbb441ac659017697a4e24fc4,YES,Frozen complete official JSON for NCT04534257
INPUT0698,OFFICIAL_JSON_ANALYTICAL_INPUT,data/raw/step_07/clinicaltrials_api/full_records/2026-07-25/NCT04550182__v1__lastupdate-2025-02-06.json,13722,080982f12bfd8927ffa90b15f4b92b507b8c42abed1be6659620e83befda7f58,YES,Frozen complete official JSON for NCT04550182
INPUT0699,OFFICIAL_JSON_ANALYTICAL_INPUT,data/raw/step_07/clinicaltrials_api/full_records/2026-07-25/NCT04559165__v1__lastupdate-2020-09-22.json,5736,9ba021e3ed8cd01f86051190ac18c52ef837cd3474ff65b4d292a71c3230e176,YES,Frozen complete official JSON for NCT04559165
INPUT0700,OFFICIAL_JSON_ANALYTICAL_INPUT,data/raw/step_07/clinicaltrials_api/full_records/2026-07-25/NCT04577183__v1__lastupdate-2024-12-02.json,18000,663b743565183ed4e9749759d686d4fdc33c1f0ffc0e274b1f415d748bfd19cc,YES,Frozen complete official JSON for NCT04577183
INPUT0701,OFFICIAL_JSON_ANALYTICAL_INPUT,data/raw/step_07/clinicaltrials_api/full_records/2026-07-25/NCT04578665__v1__lastupdate-2026-07-14.json,24189,d4e75aee08f3303fdb3ef88649c89209361881da5f5a6fed675406a1e499a517,YES,Frozen complete official JSON for NCT04578665
INPUT0702,OFFICIAL_JSON_ANALYTICAL_INPUT,data/raw/step_07/clinicaltrials_api/full_records/2026-07-25/NCT04586777__v1__lastupdate-2021-01-15.json,6445,97a4a8cf4e36c24bc16844cca4f1bf1a232a1c0702d41da90d57b46067ed54da,YES,Frozen complete official JSON for NCT04586777
INPUT0703,OFFICIAL_JSON_ANALYTICAL_INPUT,data/raw/step_07/clinicaltrials_api/full_records/2026-07-25/NCT04593693__v1__lastupdate-2021-09-24.json,9506,641c216a073cb50cafd05d983877d1c30721043001eebeb8c7ab831c35c1cec4,YES,Frozen complete official JSON for NCT04593693
INPUT0704,OFFICIAL_JSON_ANALYTICAL_INPUT,data/raw/step_07/clinicaltrials_api/full_records/2026-07-25/NCT04600453__v1__lastupdate-2021-07-13.json,11476,06af3630785bc3c1a9d56ef58be106f2bf91f7e5d359e61f51e05483a02831c4,YES,Frozen complete official JSON for NCT04600453
INPUT0705,OFFICIAL_JSON_ANALYTICAL_INPUT,data/raw/step_07/clinicaltrials_api/full_records/2026-07-25/NCT04604665__v1__lastupdate-2024-01-22.json,12740,c41f8d2709847656ff373feff057dab229c2ee13d9c835451104ed2f5c730676,YES,Frozen complete official JSON for NCT04604665
INPUT0706,OFFICIAL_JSON_ANALYTICAL_INPUT,data/raw/step_07/clinicaltrials_api/full_records/2026-07-25/NCT04604951__v1__lastupdate-2024-04-26.json,26868,0eaf68be0101b638186f2cef83cafd60e6242068c6ca5bb14f8d792c9c9ae052,YES,Frozen complete official JSON for NCT04604951
INPUT0707,OFFICIAL_JSON_ANALYTICAL_INPUT,data/raw/step_07/clinicaltrials_api/full_records/2026-07-25/NCT04613687__v1__lastupdate-2020-11-03.json,7616,431d75bb13c0dcacdea7cbb8eee36dc43ab5aba6b6ce71f9fe72b900db952cbe,YES,Frozen complete official JSON for NCT04613687
INPUT0708,OFFICIAL_JSON_ANALYTICAL_INPUT,data/raw/step_07/clinicaltrials_api/full_records/2026-07-25/NCT04621825__v1__lastupdate-2025-01-28.json,10592,d6d4380badac191e3267fd353afe0582ccfed0b8994d9d10881d934b1e6c489e,YES,Frozen complete official JSON for NCT04621825
INPUT0709,OFFICIAL_JSON_ANALYTICAL_INPUT,data/raw/step_07/clinicaltrials_api/full_records/2026-07-25/NCT04622683__v1__lastupdate-2024-12-16.json,7498,434cf024e6d068c3549db137785b47e504c6107eb2013390de19ae2d3d3a5f80,YES,Frozen complete official JSON for NCT04622683
INPUT0710,OFFICIAL_JSON_ANALYTICAL_INPUT,data/raw/step_07/clinicaltrials_api/full_records/2026-07-25/NCT04624607__v1__lastupdate-2020-11-13.json,16590,8718f9f19a15f33fca0ca33b350d73a32543e18020f773546939ad4943da4197,YES,Frozen complete official JSON for NCT04624607
INPUT0711,OFFICIAL_JSON_ANALYTICAL_INPUT,data/raw/step_07/clinicaltrials_api/full_records/2026-07-25/NCT04625348__v1__lastupdate-2020-11-18.json,6631,1fffdeafb07c0deac2c43850428119c0654288c72e47ca0cecbb9fa7eba920ce,YES,Frozen complete official JSON for NCT04625348
INPUT0712,OFFICIAL_JSON_ANALYTICAL_INPUT,data/raw/step_07/clinicaltrials_api/full_records/2026-07-25/NCT04634838__v1__lastupdate-2023-10-23.json,8775,75e8c113c1143f73692ca3e69d6de76b52b9926f82e9a15ac6a79120983884c6,YES,Frozen complete official JSON for NCT04634838
INPUT0713,OFFICIAL_JSON_ANALYTICAL_INPUT,data/raw/step_07/clinicaltrials_api/full_records/2026-07-25/NCT04641793__v1__lastupdate-2020-11-24.json,12962,6ec5426af4a455994e631f89ccef2a8232afda955eaab20a57f71106eb056eaa,YES,Frozen complete official JSON for NCT04641793
INPUT0714,OFFICIAL_JSON_ANALYTICAL_INPUT,data/raw/step_07/clinicaltrials_api/full_records/2026-07-25/NCT04647240__v1__lastupdate-2026-06-22.json,14906,d095d230531fbbe000b669393e1d8809de4750884d22dca788a47c28fa9afdc4,YES,Frozen complete official JSON for NCT04647240
INPUT0715,OFFICIAL_JSON_ANALYTICAL_INPUT,data/raw/step_07/clinicaltrials_api/full_records/2026-07-25/NCT04652531__v1__lastupdate-2023-05-12.json,11117,2f0925f7cc4db9b1c6e4340bc92a1f9474996c7a18a6e424bbe55645a358dd58,YES,Frozen complete official JSON for NCT04652531
INPUT0716,OFFICIAL_JSON_ANALYTICAL_INPUT,data/raw/step_07/clinicaltrials_api/full_records/2026-07-25/NCT04653896__v1__lastupdate-2026-07-24.json,12849,62cba70867d0034ff26cdfc3e52d798eeae0c2f8beec21330d4c7c9b0854ef2a,YES,Frozen complete official JSON for NCT04653896
INPUT0717,OFFICIAL_JSON_ANALYTICAL_INPUT,data/raw/step_07/clinicaltrials_api/full_records/2026-07-25/NCT04667416__v1__lastupdate-2024-03-20.json,9776,9e6dce69c2a35be6711975e755f68e568712adcb0205e93c34c5e5d4d88f6f03,YES,Frozen complete official JSON for NCT04667416
INPUT0718,OFFICIAL_JSON_ANALYTICAL_INPUT,data/raw/step_07/clinicaltrials_api/full_records/2026-07-25/NCT04668326__v1__lastupdate-2026-04-09.json,14148,b8ecfce32cac302987e34f6556cb06053bdb58613bda24d45805dd294ecc7d54,YES,Frozen complete official JSON for NCT04668326
INPUT0719,OFFICIAL_JSON_ANALYTICAL_INPUT,data/raw/step_07/clinicaltrials_api/full_records/2026-07-25/NCT04682925__v1__lastupdate-2023-07-21.json,15246,53d08f894538a14c95e901ad3103c5f8c3307e303a7ba0305ce387e50698dcdf,YES,Frozen complete official JSON for NCT04682925
INPUT0720,OFFICIAL_JSON_ANALYTICAL_INPUT,data/raw/step_07/clinicaltrials_api/full_records/2026-07-25/NCT04689009__v1__lastupdate-2025-05-09.json,71619,cd04b4cf1d7ca7e9247dc5834351e7f7d546b4d4d8dbd624b7484d489435e3a3,YES,Frozen complete official JSON for NCT04689009
INPUT0721,OFFICIAL_JSON_ANALYTICAL_INPUT,data/raw/step_07/clinicaltrials_api/full_records/2026-07-25/NCT04689620__v1__lastupdate-2020-12-30.json,5448,18edd99cedd98e211ea27536af48cda803266270e771b2e272d2cfb55ebd0758,YES,Frozen complete official JSON for NCT04689620
INPUT0722,OFFICIAL_JSON_ANALYTICAL_INPUT,data/raw/step_07/clinicaltrials_api/full_records/2026-07-25/NCT04690803__v1__lastupdate-2021-01-05.json,8200,d9cf910cde3c2fce50e9ff5f00613ce479c44d314ac59cbbcd2b101446559378,YES,Frozen complete official JSON for NCT04690803
INPUT0723,OFFICIAL_JSON_ANALYTICAL_INPUT,data/raw/step_07/clinicaltrials_api/full_records/2026-07-25/NCT04694001__v1__lastupdate-2022-04-27.json,11320,f1594466df8b1692bac94a72a962b6d96f0be5d773d4e0d4a36aa848f68f4820,YES,Frozen complete official JSON for NCT04694001
INPUT0724,OFFICIAL_JSON_ANALYTICAL_INPUT,data/raw/step_07/clinicaltrials_api/full_records/2026-07-25/NCT04694417__v1__lastupdate-2021-01-05.json,13490,f6be0e905e0fd9b43179aa80de7769263aadd5b6d3be23b471502f8d330269d1,YES,Frozen complete official JSON for NCT04694417
INPUT0725,OFFICIAL_JSON_ANALYTICAL_INPUT,data/raw/step_07/clinicaltrials_api/full_records/2026-07-25/NCT04696354__v1__lastupdate-2024-10-01.json,25947,18dc29c1807c9cf8348b88db0eec1154a53ba3371e1a710d43231c0f740a69ed,YES,Frozen complete official JSON for NCT04696354
INPUT0726,OFFICIAL_JSON_ANALYTICAL_INPUT,data/raw/step_07/clinicaltrials_api/full_records/2026-07-25/NCT04703569__v1__lastupdate-2023-09-28.json,10636,0b064c3db89c389ddfd6c1e8c994c5b7c6dfb682be632ea43ba4334577431787,YES,Frozen complete official JSON for NCT04703569
INPUT0727,OFFICIAL_JSON_ANALYTICAL_INPUT,data/raw/step_07/clinicaltrials_api/full_records/2026-07-25/NCT04714749__v1__lastupdate-2026-06-16.json,11728,e9b03addac8355aa2b0983c1ad72a74882a547c6460772f742f701e00c550b2e,YES,Frozen complete official JSON for NCT04714749
INPUT0728,OFFICIAL_JSON_ANALYTICAL_INPUT,data/raw/step_07/clinicaltrials_api/full_records/2026-07-25/NCT04717141__v1__lastupdate-2023-07-24.json,11449,b656423dc5f74c629d52b8c0dc0251366bf3b578bb25c79339db45c375e40d1f,YES,Frozen complete official JSON for NCT04717141
INPUT0729,OFFICIAL_JSON_ANALYTICAL_INPUT,data/raw/step_07/clinicaltrials_api/full_records/2026-07-25/NCT04726059__v1__lastupdate-2024-04-30.json,25781,eb077320a70a33a85ece461bb2caf5cb7743d8ec83bbe01aa7823c558d29bc30,YES,Frozen complete official JSON for NCT04726059
INPUT0730,OFFICIAL_JSON_ANALYTICAL_INPUT,data/raw/step_07/clinicaltrials_api/full_records/2026-07-25/NCT04726891__v1__lastupdate-2024-07-15.json,15703,1515f35753f1ccfbbb963101fd227b166f2102e0b6d211b798d69cd39ef0a3b1,YES,Frozen complete official JSON for NCT04726891
INPUT0731,OFFICIAL_JSON_ANALYTICAL_INPUT,data/raw/step_07/clinicaltrials_api/full_records/2026-07-25/NCT04729556__v1__lastupdate-2021-01-28.json,5644,bf5960156afe2f79988745080633f9be59ab191e9c98a849d956b6ae0b4d3967,YES,Frozen complete official JSON for NCT04729556
INPUT0732,OFFICIAL_JSON_ANALYTICAL_INPUT,data/raw/step_07/clinicaltrials_api/full_records/2026-07-25/NCT04737941__v1__lastupdate-2025-01-15.json,8795,3245b1dd0d236539bb72ccfd2526a09d1ad9d03cc5e1a9340ac658658b2d6e1e,YES,Frozen complete official JSON for NCT04737941
INPUT0733,OFFICIAL_JSON_ANALYTICAL_INPUT,data/raw/step_07/clinicaltrials_api/full_records/2026-07-25/NCT04745806__v1__lastupdate-2024-11-15.json,6052,bce262818dbe97d2dc430467d52c8a841563d692ba8d9d19ae5db5ceed03ba0b,YES,Frozen complete official JSON for NCT04745806
INPUT0734,OFFICIAL_JSON_ANALYTICAL_INPUT,data/raw/step_07/clinicaltrials_api/full_records/2026-07-25/NCT04753294__v1__lastupdate-2023-09-08.json,15926,a994cbdb8a3733b0c9714b3d5405c7fa23a39a0f70ab70bc373f815e26aec6e4,YES,Frozen complete official JSON for NCT04753294
INPUT0735,OFFICIAL_JSON_ANALYTICAL_INPUT,data/raw/step_07/clinicaltrials_api/full_records/2026-07-25/NCT04754425__v1__lastupdate-2026-02-06.json,15811,1f7a40a3955c992dfbeabc6186d7d1310d793aad7016231b4a051c87a6574525,YES,Frozen complete official JSON for NCT04754425
INPUT0736,OFFICIAL_JSON_ANALYTICAL_INPUT,data/raw/step_07/clinicaltrials_api/full_records/2026-07-25/NCT04755699__v1__lastupdate-2026-03-11.json,17805,8f5dfea17dd93f7010b5662b83f90c1ba016b42f6c358d28dec75173f3f384b5,YES,Frozen complete official JSON for NCT04755699
INPUT0737,OFFICIAL_JSON_ANALYTICAL_INPUT,data/raw/step_07/clinicaltrials_api/full_records/2026-07-25/NCT04761679__v1__lastupdate-2022-05-19.json,6570,3a8840444ac0a6e18aa1baab9105ba8cfd278dde09eabe921ef2f7553b21cb9f,YES,Frozen complete official JSON for NCT04761679
INPUT0738,OFFICIAL_JSON_ANALYTICAL_INPUT,data/raw/step_07/clinicaltrials_api/full_records/2026-07-25/NCT04772300__v1__lastupdate-2025-12-26.json,25292,a5ccc0573bf4fb4383444e525951777d40f65c93f560556bb8d8b3c0f8593824,YES,Frozen complete official JSON for NCT04772300
INPUT0739,OFFICIAL_JSON_ANALYTICAL_INPUT,data/raw/step_07/clinicaltrials_api/full_records/2026-07-25/NCT04775693__v1__lastupdate-2021-03-01.json,9626,c989630a7107f2603d7e9b5fc2c5dc554f5bf942800842c1c523103f21b44e8b,YES,Frozen complete official JSON for NCT04775693
INPUT0740,OFFICIAL_JSON_ANALYTICAL_INPUT,data/raw/step_07/clinicaltrials_api/full_records/2026-07-25/NCT04776967__v1__lastupdate-2021-08-19.json,19750,de1052a622a91a83dfded78f6192c0190b2548c10252e177ba49950fa66540bf,YES,Frozen complete official JSON for NCT04776967
INPUT0741,OFFICIAL_JSON_ANALYTICAL_INPUT,data/raw/step_07/clinicaltrials_api/full_records/2026-07-25/NCT04782947__v1__lastupdate-2026-01-02.json,15551,ad869fa0d23e0e932ecc879bb150a213fee880a8a69f5a096307fc8ffc21a2de,YES,Frozen complete official JSON for NCT04782947
INPUT0742,OFFICIAL_JSON_ANALYTICAL_INPUT,data/raw/step_07/clinicaltrials_api/full_records/2026-07-25/NCT04793074__v1__lastupdate-2021-03-11.json,5657,63ec89a7728eff94fde977d28917ff070c8684a856438481b44642d655d5072a,YES,Frozen complete official JSON for NCT04793074
INPUT0743,OFFICIAL_JSON_ANALYTICAL_INPUT,data/raw/step_07/clinicaltrials_api/full_records/2026-07-25/NCT04804098__v1__lastupdate-2026-06-09.json,21999,d0d59e0489d519f39eefa0b37ea216bba8977e70a39a4f8b8fecf6e6239ba439,YES,Frozen complete official JSON for NCT04804098
INPUT0744,OFFICIAL_JSON_ANALYTICAL_INPUT,data/raw/step_07/clinicaltrials_api/full_records/2026-07-25/NCT04807764__v1__lastupdate-2025-03-11.json,56946,b84b3fca3e7d4b4e5b5163c289408e455e77338d313704d99ae364c5bbdd5b3b,YES,Frozen complete official JSON for NCT04807764
INPUT0745,OFFICIAL_JSON_ANALYTICAL_INPUT,data/raw/step_07/clinicaltrials_api/full_records/2026-07-25/NCT04815798__v1__lastupdate-2021-12-21.json,10047,aee9aaf30f576d0595803202978a19aa3389482eed58c07981cab48c0a6c6383,YES,Frozen complete official JSON for NCT04815798
INPUT0746,OFFICIAL_JSON_ANALYTICAL_INPUT,data/raw/step_07/clinicaltrials_api/full_records/2026-07-25/NCT04816968__v1__lastupdate-2021-03-25.json,16947,0d5801dff87d2abe258dd1489bd7aab58e25ac0798d887cfe3aeefd8e7de3627,YES,Frozen complete official JSON for NCT04816968
INPUT0747,OFFICIAL_JSON_ANALYTICAL_INPUT,data/raw/step_07/clinicaltrials_api/full_records/2026-07-25/NCT04817228__v1__lastupdate-2022-07-26.json,12915,35a54011357c0579aa2edb09f955fc36b6a20b565b1e713854a86fea8924a55e,YES,Frozen complete official JSON for NCT04817228
INPUT0748,OFFICIAL_JSON_ANALYTICAL_INPUT,data/raw/step_07/clinicaltrials_api/full_records/2026-07-25/NCT04819425__v1__lastupdate-2023-11-22.json,8749,f5d9ee4bfa16011e5cc4e506776066cda871d855c99d1dbc2bdc4b095c8b5bac,YES,Frozen complete official JSON for NCT04819425
INPUT0749,OFFICIAL_JSON_ANALYTICAL_INPUT,data/raw/step_07/clinicaltrials_api/full_records/2026-07-25/NCT04819529__v1__lastupdate-2021-05-07.json,15902,2bb6de84af3778b7f76591b58ae0ffb9ef5a3b9d79a616f769968f503c47a6c8,YES,Frozen complete official JSON for NCT04819529
INPUT0750,OFFICIAL_JSON_ANALYTICAL_INPUT,data/raw/step_07/clinicaltrials_api/full_records/2026-07-25/NCT04823078__v1__lastupdate-2021-03-30.json,12983,b62f87fe1055f309fda57d168a3caa3f369b96d810092532ad0ecf48b64e0135,YES,Frozen complete official JSON for NCT04823078
INPUT0751,OFFICIAL_JSON_ANALYTICAL_INPUT,data/raw/step_07/clinicaltrials_api/full_records/2026-07-25/NCT04823962__v1__lastupdate-2022-11-17.json,11982,3eff384bb1d5cb8430d6b9c79637c2ef89a122312376393cb616d82dbfbd4764,YES,Frozen complete official JSON for NCT04823962
INPUT0752,OFFICIAL_JSON_ANALYTICAL_INPUT,data/raw/step_07/clinicaltrials_api/full_records/2026-07-25/NCT04825132__v1__lastupdate-2025-08-13.json,18904,d3a2d13557a67f67828a083cb27bba820d181e7dfb1cc7fe76a919bcada65218,YES,Frozen complete official JSON for NCT04825132
INPUT0753,OFFICIAL_JSON_ANALYTICAL_INPUT,data/raw/step_07/clinicaltrials_api/full_records/2026-07-25/NCT04828304__v1__lastupdate-2025-06-03.json,11117,a72cfb76516805f5f2a102a2a543e56ee4b5b94c8422801a9d8ec2bdd3f548ff,YES,Frozen complete official JSON for NCT04828304
INPUT0754,OFFICIAL_JSON_ANALYTICAL_INPUT,data/raw/step_07/clinicaltrials_api/full_records/2026-07-25/NCT04831606__v1__lastupdate-2024-11-27.json,18493,058a292fd3a92164a228e8f620f81f5d8f9cee2c9d78b0cb677679da350b8d3e,YES,Frozen complete official JSON for NCT04831606
INPUT0755,OFFICIAL_JSON_ANALYTICAL_INPUT,data/raw/step_07/clinicaltrials_api/full_records/2026-07-25/NCT04847115__v1__lastupdate-2024-04-29.json,6529,e8455a491111e799e484145c5beb2e42be91fadb2a67f914e5fa6b2036397473,YES,Frozen complete official JSON for NCT04847115
INPUT0756,OFFICIAL_JSON_ANALYTICAL_INPUT,data/raw/step_07/clinicaltrials_api/full_records/2026-07-25/NCT04854057__v1__lastupdate-2024-01-10.json,49136,f6c0da751252b7737cfb508f1ea1f0e8a3bf6fd33a94e2d4b942f35bd47b9845,YES,Frozen complete official JSON for NCT04854057
INPUT0757,OFFICIAL_JSON_ANALYTICAL_INPUT,data/raw/step_07/clinicaltrials_api/full_records/2026-07-25/NCT04855825__v1__lastupdate-2025-11-24.json,9979,a90b634d919167b7cdadd03749c653037efcc69562085d031b52161b48ea354f,YES,Frozen complete official JSON for NCT04855825
INPUT0758,OFFICIAL_JSON_ANALYTICAL_INPUT,data/raw/step_07/clinicaltrials_api/full_records/2026-07-25/NCT04860973__v1__lastupdate-2026-03-04.json,5222,6b120f41898d8be637fc06541ac1ee5ff8ae7c76d9f5261834cf590aeaa61ab0,YES,Frozen complete official JSON for NCT04860973
INPUT0759,OFFICIAL_JSON_ANALYTICAL_INPUT,data/raw/step_07/clinicaltrials_api/full_records/2026-07-25/NCT04881565__v1__lastupdate-2026-03-30.json,9611,3f1d79714f8e68379f0b88326da8a751302f3584d65b10b9e50d4285907332bc,YES,Frozen complete official JSON for NCT04881565
INPUT0760,OFFICIAL_JSON_ANALYTICAL_INPUT,data/raw/step_07/clinicaltrials_api/full_records/2026-07-25/NCT04883463__v1__lastupdate-2025-11-06.json,17736,5240129515523fcde2d4f66d59ffe318de076bacff951ba30a76c505a1997c71,YES,Frozen complete official JSON for NCT04883463
INPUT0761,OFFICIAL_JSON_ANALYTICAL_INPUT,data/raw/step_07/clinicaltrials_api/full_records/2026-07-25/NCT04884737__v1__lastupdate-2023-05-31.json,46719,c756ba53cb01392392e62d26ab03029726e346e96b05d9839a27e557b8f00104,YES,Frozen complete official JSON for NCT04884737
INPUT0762,OFFICIAL_JSON_ANALYTICAL_INPUT,data/raw/step_07/clinicaltrials_api/full_records/2026-07-25/NCT04890678__v1__lastupdate-2021-05-18.json,7363,dd4b9caa350900be2904e1eae518e4040e6181c8463b1e25156206befe5e9fb2,YES,Frozen complete official JSON for NCT04890678
INPUT0763,OFFICIAL_JSON_ANALYTICAL_INPUT,data/raw/step_07/clinicaltrials_api/full_records/2026-07-25/NCT04901013__v1__lastupdate-2021-09-08.json,8309,6716a9c3d6c97e3f450b8ff96d1453648dc1d6554460428d26304e44cd6e1848,YES,Frozen complete official JSON for NCT04901013
INPUT0764,OFFICIAL_JSON_ANALYTICAL_INPUT,data/raw/step_07/clinicaltrials_api/full_records/2026-07-25/NCT04902612__v1__lastupdate-2021-11-22.json,8238,5801b00b8f8d17cf87c97ce97a4519cc4d4496a60e85499c0995f8e8fea14c8f,YES,Frozen complete official JSON for NCT04902612
INPUT0765,OFFICIAL_JSON_ANALYTICAL_INPUT,data/raw/step_07/clinicaltrials_api/full_records/2026-07-25/NCT04902651__v1__lastupdate-2022-07-19.json,7563,a6f6aaca55d04a1a9f7218e2656438a997f731ef83ec67696d04d1f8616efca2,YES,Frozen complete official JSON for NCT04902651
INPUT0766,OFFICIAL_JSON_ANALYTICAL_INPUT,data/raw/step_07/clinicaltrials_api/full_records/2026-07-25/NCT04904497__v1__lastupdate-2021-05-27.json,12255,ddb58f577bf73bff51b2635be59ff00a916f29bc9f2bdde054a0f447079dd23d,YES,Frozen complete official JSON for NCT04904497
INPUT0767,OFFICIAL_JSON_ANALYTICAL_INPUT,data/raw/step_07/clinicaltrials_api/full_records/2026-07-25/NCT04920253__v1__lastupdate-2024-11-21.json,13681,8b6ebc9589fe9b84a2ebe4a630482b6d3bc3e69e84b36c61038c566e3f71641a,YES,Frozen complete official JSON for NCT04920253
INPUT0768,OFFICIAL_JSON_ANALYTICAL_INPUT,data/raw/step_07/clinicaltrials_api/full_records/2026-07-25/NCT04922463__v1__lastupdate-2024-06-12.json,10054,e10adfc35fe8ac19aa9708c45e22e067505952c9637be01e646af8b621ca037a,YES,Frozen complete official JSON for NCT04922463
INPUT0769,OFFICIAL_JSON_ANALYTICAL_INPUT,data/raw/step_07/clinicaltrials_api/full_records/2026-07-25/NCT04927702__v1__lastupdate-2026-02-27.json,52320,6cdab23beee55cc13ffb2776e816c26a600b6673b5d51a362d6c9579720557eb,YES,Frozen complete official JSON for NCT04927702
INPUT0770,OFFICIAL_JSON_ANALYTICAL_INPUT,data/raw/step_07/clinicaltrials_api/full_records/2026-07-25/NCT04934137__v1__lastupdate-2024-02-20.json,25943,c1a0163d197659ed279390eab9dece4b50839a6c86b46ec23158705b16357ac9,YES,Frozen complete official JSON for NCT04934137
INPUT0771,OFFICIAL_JSON_ANALYTICAL_INPUT,data/raw/step_07/clinicaltrials_api/full_records/2026-07-25/NCT04936087__v1__lastupdate-2021-06-23.json,28313,4d734fd715a0141099c1a7153fb1981ba6ee895fe0d117a555814d6b254b0f48,YES,Frozen complete official JSON for NCT04936087
INPUT0772,OFFICIAL_JSON_ANALYTICAL_INPUT,data/raw/step_07/clinicaltrials_api/full_records/2026-07-25/NCT04942470__v1__lastupdate-2022-08-16.json,29086,c8a54fbf0f20ec7ab6082b8f3a2a3999ce29b84985167c23e6e1437bc1477ed4,YES,Frozen complete official JSON for NCT04942470
INPUT0773,OFFICIAL_JSON_ANALYTICAL_INPUT,data/raw/step_07/clinicaltrials_api/full_records/2026-07-25/NCT04944186__v1__lastupdate-2023-07-18.json,19730,a1845be79e91675eef4913e9e318e9566d476b036429fc8094021dd79352187b,YES,Frozen complete official JSON for NCT04944186
INPUT0774,OFFICIAL_JSON_ANALYTICAL_INPUT,data/raw/step_07/clinicaltrials_api/full_records/2026-07-25/NCT04955106__v1__lastupdate-2021-07-23.json,7629,b31405e39b98ec89077c168848a56a21693c472b47f294ac7999025720bfce57,YES,Frozen complete official JSON for NCT04955106
INPUT0775,OFFICIAL_JSON_ANALYTICAL_INPUT,data/raw/step_07/clinicaltrials_api/full_records/2026-07-25/NCT04956900__v1__lastupdate-2023-02-15.json,10998,34bd93c81f84fbdc8d6ea0ab7393c20a34f1ac26a17059fdcc9371cbec73991e,YES,Frozen complete official JSON for NCT04956900
INPUT0776,OFFICIAL_JSON_ANALYTICAL_INPUT,data/raw/step_07/clinicaltrials_api/full_records/2026-07-25/NCT04956952__v1__lastupdate-2023-06-13.json,7482,25a41fcf60157a91612c57cfb9d941bd091decf37372241770aefb6ebc0de2de,YES,Frozen complete official JSON for NCT04956952
INPUT0777,OFFICIAL_JSON_ANALYTICAL_INPUT,data/raw/step_07/clinicaltrials_api/full_records/2026-07-25/NCT04960553__v1__lastupdate-2023-02-22.json,9591,fb4d0f64f5a592ddecc8de846be36b1bdbd162f5107390f35d0b97b48eb8896d,YES,Frozen complete official JSON for NCT04960553
INPUT0778,OFFICIAL_JSON_ANALYTICAL_INPUT,data/raw/step_07/clinicaltrials_api/full_records/2026-07-25/NCT04971161__v1__lastupdate-2025-12-04.json,20573,48ae593a8bbd3461f754ce1251c885e8699777e3670377f4fd74a10048cbb1fa,YES,Frozen complete official JSON for NCT04971161
INPUT0779,OFFICIAL_JSON_ANALYTICAL_INPUT,data/raw/step_07/clinicaltrials_api/full_records/2026-07-25/NCT04973852__v1__lastupdate-2026-04-15.json,51584,0d7a3316508b8abdb01d1c88fe1d7a9b3921f81d99a9fb3bd66b7d94c7952dcf,YES,Frozen complete official JSON for NCT04973852
INPUT0780,OFFICIAL_JSON_ANALYTICAL_INPUT,data/raw/step_07/clinicaltrials_api/full_records/2026-07-25/NCT04977284__v1__lastupdate-2021-07-26.json,7679,ae4b834b55185f078991c4b25e45749b5bdf9eb40ac167e09dcfcd95f81b957e,YES,Frozen complete official JSON for NCT04977284
INPUT0781,OFFICIAL_JSON_ANALYTICAL_INPUT,data/raw/step_07/clinicaltrials_api/full_records/2026-07-25/NCT04980898__v1__lastupdate-2025-08-06.json,7923,93b7887c382cb32643d79a1a18da4bf46c45930fb6d4901f93eaca6eca40c559,YES,Frozen complete official JSON for NCT04980898
INPUT0782,OFFICIAL_JSON_ANALYTICAL_INPUT,data/raw/step_07/clinicaltrials_api/full_records/2026-07-25/NCT04994886__v1__lastupdate-2025-04-29.json,19476,2bf17b1210344fbbcd2372ede59182ebec78ba97483452df1fbc42ca03e1407d,YES,Frozen complete official JSON for NCT04994886
INPUT0783,OFFICIAL_JSON_ANALYTICAL_INPUT,data/raw/step_07/clinicaltrials_api/full_records/2026-07-25/NCT04996537__v1__lastupdate-2021-08-09.json,8057,2051bce4ea56b1e27182a7fcfbe118593913317ac7ee2fd05e35a02faccb7bb5,YES,Frozen complete official JSON for NCT04996537
INPUT0784,OFFICIAL_JSON_ANALYTICAL_INPUT,data/raw/step_07/clinicaltrials_api/full_records/2026-07-25/NCT05005052__v1__lastupdate-2023-06-22.json,17698,eceb9dc86b32255f78f847de89be22cbe66b61f56953063e80d3563404bbb2a5,YES,Frozen complete official JSON for NCT05005052
INPUT0785,OFFICIAL_JSON_ANALYTICAL_INPUT,data/raw/step_07/clinicaltrials_api/full_records/2026-07-25/NCT05011110__v1__lastupdate-2021-08-18.json,15950,221b796ead9660a4bab464e5eccdb25851c5320f708348ebb5ee7fe4a659a28a,YES,Frozen complete official JSON for NCT05011110
INPUT0786,OFFICIAL_JSON_ANALYTICAL_INPUT,data/raw/step_07/clinicaltrials_api/full_records/2026-07-25/NCT05011591__v1__lastupdate-2022-05-18.json,11937,7a4585fe71606687676d1b39eff505df961f17f9a9fa6452cc416e93f0d5921e,YES,Frozen complete official JSON for NCT05011591
INPUT0787,OFFICIAL_JSON_ANALYTICAL_INPUT,data/raw/step_07/clinicaltrials_api/full_records/2026-07-25/NCT05030935__v1__lastupdate-2023-06-26.json,6545,27ea6d6c26dabfcaf4baafdb31795a85bb646f1650191541bd492bd3ea18e62c,YES,Frozen complete official JSON for NCT05030935
INPUT0788,OFFICIAL_JSON_ANALYTICAL_INPUT,data/raw/step_07/clinicaltrials_api/full_records/2026-07-25/NCT05033470__v1__lastupdate-2022-11-04.json,8308,131d1a53dd81a52294cc3dd12e4632fb1f868c42c013b52847e93e25f97a66d8,YES,Frozen complete official JSON for NCT05033470
INPUT0789,OFFICIAL_JSON_ANALYTICAL_INPUT,data/raw/step_07/clinicaltrials_api/full_records/2026-07-25/NCT05041322__v1__lastupdate-2025-09-18.json,20986,fa88df11dbc4d4ff2da633cacdefdc29c41391145fb07ec83305923420c946a1,YES,Frozen complete official JSON for NCT05041322
INPUT0790,OFFICIAL_JSON_ANALYTICAL_INPUT,data/raw/step_07/clinicaltrials_api/full_records/2026-07-25/NCT05044923__v1__lastupdate-2021-12-21.json,17891,0c6213a793cdb13b1aae9e3eda4a7f0acd7fef48541ecd8ca5df1ce8e6db43f2,YES,Frozen complete official JSON for NCT05044923
INPUT0791,OFFICIAL_JSON_ANALYTICAL_INPUT,data/raw/step_07/clinicaltrials_api/full_records/2026-07-25/NCT05045430__v1__lastupdate-2025-11-25.json,8211,724d94f905823bd200eaa6836e495fd0de4e1a5e6bf317d5f338fbbbf050d8d0,YES,Frozen complete official JSON for NCT05045430
INPUT0792,OFFICIAL_JSON_ANALYTICAL_INPUT,data/raw/step_07/clinicaltrials_api/full_records/2026-07-25/NCT05057793__v1__lastupdate-2024-03-01.json,10033,b6879b0f32619d64676270213b471f1c2608978c4011f16f2b9aa9dad9dd7758,YES,Frozen complete official JSON for NCT05057793
INPUT0793,OFFICIAL_JSON_ANALYTICAL_INPUT,data/raw/step_07/clinicaltrials_api/full_records/2026-07-25/NCT05068258__v1__lastupdate-2024-07-17.json,7588,7f2f06d09e5449618b8a5ba501238c3ced6c73a5c730cf2309c1aa2a6897c4b7,YES,Frozen complete official JSON for NCT05068258
INPUT0794,OFFICIAL_JSON_ANALYTICAL_INPUT,data/raw/step_07/clinicaltrials_api/full_records/2026-07-25/NCT05071235__v1__lastupdate-2024-02-22.json,13287,0b2b890b5b9dbe2b731569b1da1bf81060bd5ef7da7a9cb0bfe5e19a92d1885a,YES,Frozen complete official JSON for NCT05071235
INPUT0795,OFFICIAL_JSON_ANALYTICAL_INPUT,data/raw/step_07/clinicaltrials_api/full_records/2026-07-25/NCT05076578__v1__lastupdate-2022-03-14.json,11159,8cfb85b655c8aa078ab3b0f93d6609a44a43a8a6bb16512ab0ca70dcf7d5914f,YES,Frozen complete official JSON for NCT05076578
INPUT0796,OFFICIAL_JSON_ANALYTICAL_INPUT,data/raw/step_07/clinicaltrials_api/full_records/2026-07-25/NCT05085288__v1__lastupdate-2026-03-18.json,9640,b541e736b8343694770ff6c739ecc24e4d9e818901bb2f4caf03d664e79223cb,YES,Frozen complete official JSON for NCT05085288
INPUT0797,OFFICIAL_JSON_ANALYTICAL_INPUT,data/raw/step_07/clinicaltrials_api/full_records/2026-07-25/NCT05089890__v1__lastupdate-2021-10-22.json,9221,61ef964437551481545609abde3f405f5bc1f3282dfeed0e376c33e48accadad,YES,Frozen complete official JSON for NCT05089890
INPUT0798,OFFICIAL_JSON_ANALYTICAL_INPUT,data/raw/step_07/clinicaltrials_api/full_records/2026-07-25/NCT05107050__v1__lastupdate-2023-04-26.json,11574,9c2205d09bb88c6c04fa0e3e79e17fe7b3f280693508231571f1e61d90478a3c,YES,Frozen complete official JSON for NCT05107050
INPUT0799,OFFICIAL_JSON_ANALYTICAL_INPUT,data/raw/step_07/clinicaltrials_api/full_records/2026-07-25/NCT05111093__v1__lastupdate-2025-05-30.json,14457,c8ceb81387b4e522f981e3c29e53a625c815715fbb47139b401de7561f581bcb,YES,Frozen complete official JSON for NCT05111093
INPUT0800,OFFICIAL_JSON_ANALYTICAL_INPUT,data/raw/step_07/clinicaltrials_api/full_records/2026-07-25/NCT05122325__v1__lastupdate-2025-02-19.json,10348,69f0ed625fa1a668d2346d798d4cb3f7c697760f54521419ff987d1727cb5716,YES,Frozen complete official JSON for NCT05122325
INPUT0801,OFFICIAL_JSON_ANALYTICAL_INPUT,data/raw/step_07/clinicaltrials_api/full_records/2026-07-25/NCT05123417__v1__lastupdate-2022-11-21.json,11174,de6b6d61b1c4e7053743d956ca04f97aad1ad1a927100431bdd5db8cfa60daa5,YES,Frozen complete official JSON for NCT05123417
INPUT0802,OFFICIAL_JSON_ANALYTICAL_INPUT,data/raw/step_07/clinicaltrials_api/full_records/2026-07-25/NCT05130658__v1__lastupdate-2023-12-19.json,16114,6bd661e1e9dfd31f49f5ed03c7f152d9d75fd040a8a2f2c1b481d70cb59f862d,YES,Frozen complete official JSON for NCT05130658
INPUT0803,OFFICIAL_JSON_ANALYTICAL_INPUT,data/raw/step_07/clinicaltrials_api/full_records/2026-07-25/NCT05130814__v1__lastupdate-2025-01-28.json,38686,bbf89f476af927c331ab08a4f8c6a9f7d1a09d0ca7f15c2fd0521e945285ef3c,YES,Frozen complete official JSON for NCT05130814
INPUT0804,OFFICIAL_JSON_ANALYTICAL_INPUT,data/raw/step_07/clinicaltrials_api/full_records/2026-07-25/NCT05132634__v1__lastupdate-2023-02-23.json,10548,406efe96f7b75586d228cb73c3a815998beaba05de36cf3aefb6fc8f073f7c23,YES,Frozen complete official JSON for NCT05132634
INPUT0805,OFFICIAL_JSON_ANALYTICAL_INPUT,data/raw/step_07/clinicaltrials_api/full_records/2026-07-25/NCT05142579__v1__lastupdate-2021-12-02.json,8376,21d8b88f647aceed005d0e27f1129aea2bb6879557ff0b0efd606b9fb1055896,YES,Frozen complete official JSON for NCT05142579
INPUT0806,OFFICIAL_JSON_ANALYTICAL_INPUT,data/raw/step_07/clinicaltrials_api/full_records/2026-07-25/NCT05142878__v1__lastupdate-2021-12-29.json,9201,df11bc20dd196f7c8718d4c60abe590d841d65c4e35a2955c7c1227cdbb1f51a,YES,Frozen complete official JSON for NCT05142878
INPUT0807,OFFICIAL_JSON_ANALYTICAL_INPUT,data/raw/step_07/clinicaltrials_api/full_records/2026-07-25/NCT05144646__v1__lastupdate-2021-12-03.json,21237,845be68376b5cd9743dda41de2be9b90b8b41bdc7e94f0496cca4a79081a2833,YES,Frozen complete official JSON for NCT05144646
INPUT0808,OFFICIAL_JSON_ANALYTICAL_INPUT,data/raw/step_07/clinicaltrials_api/full_records/2026-07-25/NCT05149989__v1__lastupdate-2024-08-22.json,13786,96ea3de2ee24c5c66143da255e8e20d246db78af752568b74b28480fb52f2ec5,YES,Frozen complete official JSON for NCT05149989
INPUT0809,OFFICIAL_JSON_ANALYTICAL_INPUT,data/raw/step_07/clinicaltrials_api/full_records/2026-07-25/NCT05158764__v1__lastupdate-2023-10-17.json,6306,23e94c93abc1d2c773ff6a575bc51f197655bb0bb09a619f490fce1a5988cd67,YES,Frozen complete official JSON for NCT05158764
INPUT0810,OFFICIAL_JSON_ANALYTICAL_INPUT,data/raw/step_07/clinicaltrials_api/full_records/2026-07-25/NCT05165459__v1__lastupdate-2022-05-03.json,12816,5d2a4ed4a1ceff846f534531ef01fdfdef6161107b99e729dab3584bf92624a1,YES,Frozen complete official JSON for NCT05165459
INPUT0811,OFFICIAL_JSON_ANALYTICAL_INPUT,data/raw/step_07/clinicaltrials_api/full_records/2026-07-25/NCT05169814__v1__lastupdate-2025-10-02.json,20347,ed7584c171fe231ddd81cd0d233148b762a9bf76ae64f55841801f2fecb8fe37,YES,Frozen complete official JSON for NCT05169814
INPUT0812,OFFICIAL_JSON_ANALYTICAL_INPUT,data/raw/step_07/clinicaltrials_api/full_records/2026-07-25/NCT05170984__v1__lastupdate-2026-04-13.json,11837,76d0e3f07e9af4628e4f86f365a43c7011fc16e883d0c47e8d1b3a7476aa30d4,YES,Frozen complete official JSON for NCT05170984
INPUT0813,OFFICIAL_JSON_ANALYTICAL_INPUT,data/raw/step_07/clinicaltrials_api/full_records/2026-07-25/NCT05176327__v1__lastupdate-2026-05-15.json,11568,32a24f9d7c6c77e7f3a5702800a0bb4dfe4fabb49b23dd1d284dbdbc6d155ad1,YES,Frozen complete official JSON for NCT05176327
INPUT0814,OFFICIAL_JSON_ANALYTICAL_INPUT,data/raw/step_07/clinicaltrials_api/full_records/2026-07-25/NCT05194969__v1__lastupdate-2025-02-18.json,31947,678bfb9a8acedf9d5e86f8bb4ce68c93a091aeb06e667f7e2f90e404457612fe,YES,Frozen complete official JSON for NCT05194969
INPUT0815,OFFICIAL_JSON_ANALYTICAL_INPUT,data/raw/step_07/clinicaltrials_api/full_records/2026-07-25/NCT05198167__v1__lastupdate-2026-07-24.json,21634,f20de4aeb0fc2afd907058d95d7b6bd0cde55288d39b9c3d6d3af227285d3767,YES,Frozen complete official JSON for NCT05198167
INPUT0816,OFFICIAL_JSON_ANALYTICAL_INPUT,data/raw/step_07/clinicaltrials_api/full_records/2026-07-25/NCT05199077__v1__lastupdate-2025-09-03.json,12340,566c5a695780053b3dd4a8d23523b4394a704938d79cfa1de6759e873dabaf92,YES,Frozen complete official JSON for NCT05199077
INPUT0817,OFFICIAL_JSON_ANALYTICAL_INPUT,data/raw/step_07/clinicaltrials_api/full_records/2026-07-25/NCT05207891__v1__lastupdate-2023-04-14.json,17126,3191342a51a0fb12595bbcaaf1d643a3b79b03337567391a8c7174e5a03316a1,YES,Frozen complete official JSON for NCT05207891
INPUT0818,OFFICIAL_JSON_ANALYTICAL_INPUT,data/raw/step_07/clinicaltrials_api/full_records/2026-07-25/NCT05223270__v1__lastupdate-2024-08-12.json,7465,577508bdfb78f7518b3d4f77ddd82e2238b16baf3db6205452575e3523bf94c5,YES,Frozen complete official JSON for NCT05223270
INPUT0819,OFFICIAL_JSON_ANALYTICAL_INPUT,data/raw/step_07/clinicaltrials_api/full_records/2026-07-25/NCT05239416__v1__lastupdate-2022-02-14.json,10926,3f6267cdc9b047c05c52bd5ca91e7705f7ae8f98d8541884c9c3836cb5900deb,YES,Frozen complete official JSON for NCT05239416
INPUT0820,OFFICIAL_JSON_ANALYTICAL_INPUT,data/raw/step_07/clinicaltrials_api/full_records/2026-07-25/NCT05241704__v1__lastupdate-2022-02-16.json,11852,72179e31dd66660282b1ee6d6da3e47ad6ee2ecdc7758e77ba372312eeb0d3a0,YES,Frozen complete official JSON for NCT05241704
INPUT0821,OFFICIAL_JSON_ANALYTICAL_INPUT,data/raw/step_07/clinicaltrials_api/full_records/2026-07-25/NCT05247541__v1__lastupdate-2023-12-12.json,13877,fd8a1cbf81c46cc0a05abdf0632c13292db61a19f6c06125ded88b0b15ba85f3,YES,Frozen complete official JSON for NCT05247541
INPUT0822,OFFICIAL_JSON_ANALYTICAL_INPUT,data/raw/step_07/clinicaltrials_api/full_records/2026-07-25/NCT05255627__v1__lastupdate-2022-02-24.json,9208,d8fde5264ef3957a4868e3d66a7d25df059ab598f59a725f11305a7d4d5cefad,YES,Frozen complete official JSON for NCT05255627
INPUT0823,OFFICIAL_JSON_ANALYTICAL_INPUT,data/raw/step_07/clinicaltrials_api/full_records/2026-07-25/NCT05255679__v1__lastupdate-2024-09-19.json,22477,e21a5ca20e42936c18ceaf03542e6e491424ba0edf7258f73a88ee0df0e2a1e4,YES,Frozen complete official JSON for NCT05255679
INPUT0824,OFFICIAL_JSON_ANALYTICAL_INPUT,data/raw/step_07/clinicaltrials_api/full_records/2026-07-25/NCT05267951__v1__lastupdate-2025-03-05.json,15621,00e63eaee3b98f20c346d1d024ef383738d790d67e708d9a6c57ec972ddcc4a6,YES,Frozen complete official JSON for NCT05267951
INPUT0825,OFFICIAL_JSON_ANALYTICAL_INPUT,data/raw/step_07/clinicaltrials_api/full_records/2026-07-25/NCT05284708__v1__lastupdate-2022-03-17.json,8676,d31b1a6d62bef88ef15c98582eb8fc60a6b98f4351c2c125c0240a6f4ef3087a,YES,Frozen complete official JSON for NCT05284708
INPUT0826,OFFICIAL_JSON_ANALYTICAL_INPUT,data/raw/step_07/clinicaltrials_api/full_records/2026-07-25/NCT05285930__v1__lastupdate-2022-03-18.json,13216,f155a977f9795c16cb694560fb0b0986b3484348d51971d6da392b942872326d,YES,Frozen complete official JSON for NCT05285930
INPUT0827,OFFICIAL_JSON_ANALYTICAL_INPUT,data/raw/step_07/clinicaltrials_api/full_records/2026-07-25/NCT05291169__v1__lastupdate-2024-06-06.json,14764,f19187e9e6cd89ccfa2ba221e5a0e33e3cf81f230b041a31d34c8b36a7db2bad,YES,Frozen complete official JSON for NCT05291169
INPUT0828,OFFICIAL_JSON_ANALYTICAL_INPUT,data/raw/step_07/clinicaltrials_api/full_records/2026-07-25/NCT05292326__v1__lastupdate-2025-09-22.json,12209,9e11f66a9ca4e309eaa03b96d2e08c281d9e4d1f2aa7211b480bd67ec22535e7,YES,Frozen complete official JSON for NCT05292326
INPUT0829,OFFICIAL_JSON_ANALYTICAL_INPUT,data/raw/step_07/clinicaltrials_api/full_records/2026-07-25/NCT05303805__v1__lastupdate-2024-08-27.json,8901,ee1777f14f4bb007dc8a39b8c9fbbc2b2bb679a19b4752dc75247abdb186fd0a,YES,Frozen complete official JSON for NCT05303805
INPUT0830,OFFICIAL_JSON_ANALYTICAL_INPUT,data/raw/step_07/clinicaltrials_api/full_records/2026-07-25/NCT05308862__v1__lastupdate-2025-05-09.json,17217,b95756c7056a44f266c358d007c96272e5382cbbd239171a3eb1e2a6168697d1,YES,Frozen complete official JSON for NCT05308862
INPUT0831,OFFICIAL_JSON_ANALYTICAL_INPUT,data/raw/step_07/clinicaltrials_api/full_records/2026-07-25/NCT05311124__v1__lastupdate-2022-10-18.json,17397,f5d97401dc2f9c057a79b8bdbe06536657a2550ea117003b5dcb8845fdf7246c,YES,Frozen complete official JSON for NCT05311124
INPUT0832,OFFICIAL_JSON_ANALYTICAL_INPUT,data/raw/step_07/clinicaltrials_api/full_records/2026-07-25/NCT05312762__v1__lastupdate-2023-10-26.json,7559,510dd621e6d686c97a982204b673c3d7cbbb74d62e8b940ffb2fccbf00accb50,YES,Frozen complete official JSON for NCT05312762
INPUT0833,OFFICIAL_JSON_ANALYTICAL_INPUT,data/raw/step_07/clinicaltrials_api/full_records/2026-07-25/NCT05317442__v1__lastupdate-2024-05-01.json,9775,dfb256631422eb7332e3e4cd475afa6b77765acb00025b96b7204abbabf023e7,YES,Frozen complete official JSON for NCT05317442
INPUT0834,OFFICIAL_JSON_ANALYTICAL_INPUT,data/raw/step_07/clinicaltrials_api/full_records/2026-07-25/NCT05319106__v1__lastupdate-2023-03-15.json,9339,2025aaf515df071b95dd123bf764504aef647dfd6ec5d671395bf0b9d85a1378,YES,Frozen complete official JSON for NCT05319106
INPUT0835,OFFICIAL_JSON_ANALYTICAL_INPUT,data/raw/step_07/clinicaltrials_api/full_records/2026-07-25/NCT05322525__v1__lastupdate-2025-03-12.json,12643,65e2509d0d4da4ac4757b448bf2357c94bc5c9d295718e516fe56fc5fa172fd4,YES,Frozen complete official JSON for NCT05322525
INPUT0836,OFFICIAL_JSON_ANALYTICAL_INPUT,data/raw/step_07/clinicaltrials_api/full_records/2026-07-25/NCT05332080__v1__lastupdate-2022-10-24.json,23208,c57d752e70f9efba2778d81f3cf7471a14a95c844694185fa01d245299468b22,YES,Frozen complete official JSON for NCT05332080
INPUT0837,OFFICIAL_JSON_ANALYTICAL_INPUT,data/raw/step_07/clinicaltrials_api/full_records/2026-07-25/NCT05334030__v1__lastupdate-2022-04-19.json,19102,a3b31f73459812c93c737463b6cb60a905a43e9050edc2c540bf1f7e9aa873fa,YES,Frozen complete official JSON for NCT05334030
INPUT0838,OFFICIAL_JSON_ANALYTICAL_INPUT,data/raw/step_07/clinicaltrials_api/full_records/2026-07-25/NCT05339802__v1__lastupdate-2022-04-21.json,18794,86a020ce57dc7a33a21638acd20b9250f0cbf1369859f8263a37131bb41f0128,YES,Frozen complete official JSON for NCT05339802
INPUT0839,OFFICIAL_JSON_ANALYTICAL_INPUT,data/raw/step_07/clinicaltrials_api/full_records/2026-07-25/NCT05351827__v1__lastupdate-2025-09-22.json,12790,ce45c8ad208c77525390b91dff7afba91a8e6442e677f76eb56a250aed18e0b5,YES,Frozen complete official JSON for NCT05351827
INPUT0840,OFFICIAL_JSON_ANALYTICAL_INPUT,data/raw/step_07/clinicaltrials_api/full_records/2026-07-25/NCT05354206__v1__lastupdate-2024-11-22.json,28335,55ff12191ed9b8176f510502c4e30bd540bc0bda97c3172ce187ef7236d73366,YES,Frozen complete official JSON for NCT05354206
INPUT0841,OFFICIAL_JSON_ANALYTICAL_INPUT,data/raw/step_07/clinicaltrials_api/full_records/2026-07-25/NCT05354687__v1__lastupdate-2023-01-17.json,11260,106dd9be9e7eaa6e8bb1d596e29ad6a7e77c3f9213e537f0c66a8e8231307d38,YES,Frozen complete official JSON for NCT05354687
INPUT0842,OFFICIAL_JSON_ANALYTICAL_INPUT,data/raw/step_07/clinicaltrials_api/full_records/2026-07-25/NCT05357391__v1__lastupdate-2022-05-02.json,11489,71ea883d4fce941333f1d9e805e2b6f67212fbae3bdeaf2440bf2b73d430af0e,YES,Frozen complete official JSON for NCT05357391
INPUT0843,OFFICIAL_JSON_ANALYTICAL_INPUT,data/raw/step_07/clinicaltrials_api/full_records/2026-07-25/NCT05362422__v1__lastupdate-2023-09-25.json,6912,d78c36a958d0d2721c49007d2c746ed85734de3fe8043526ee97b10c906b2aff,YES,Frozen complete official JSON for NCT05362422
INPUT0844,OFFICIAL_JSON_ANALYTICAL_INPUT,data/raw/step_07/clinicaltrials_api/full_records/2026-07-25/NCT05363475__v1__lastupdate-2022-05-06.json,10395,13d78cfbc3ee1493095593150ce99cf2a6a6c955285446e2b9dc985b5b370109,YES,Frozen complete official JSON for NCT05363475
INPUT0845,OFFICIAL_JSON_ANALYTICAL_INPUT,data/raw/step_07/clinicaltrials_api/full_records/2026-07-25/NCT05364112__v1__lastupdate-2022-10-25.json,10400,b804b9d521e302bf210811dfca812bf4cd2bd2360715fd61ce5f38beec916033,YES,Frozen complete official JSON for NCT05364112
INPUT0846,OFFICIAL_JSON_ANALYTICAL_INPUT,data/raw/step_07/clinicaltrials_api/full_records/2026-07-25/NCT05369520__v1__lastupdate-2025-12-08.json,34044,eb162775fcb86efc6e91423654419df6dca7268e2716d8899e2f991b541461f6,YES,Frozen complete official JSON for NCT05369520
INPUT0847,OFFICIAL_JSON_ANALYTICAL_INPUT,data/raw/step_07/clinicaltrials_api/full_records/2026-07-25/NCT05378997__v1__lastupdate-2024-03-26.json,35307,366352b43a1b4f8594075b5f1fe841f7c82d66da640afdba6276cf2d2992c22b,YES,Frozen complete official JSON for NCT05378997
INPUT0848,OFFICIAL_JSON_ANALYTICAL_INPUT,data/raw/step_07/clinicaltrials_api/full_records/2026-07-25/NCT05403606__v1__lastupdate-2026-04-20.json,7308,e85accc19547e8e56ab3adec1ed6c5b8bab89207a2690407c3231c6188f6e3c9,YES,Frozen complete official JSON for NCT05403606
INPUT0849,OFFICIAL_JSON_ANALYTICAL_INPUT,data/raw/step_07/clinicaltrials_api/full_records/2026-07-25/NCT05403762__v1__lastupdate-2026-03-18.json,59168,b20b1a28406c7b3a982647390e418c1e25d0681a53d54bee6ef20a976e9d555f,YES,Frozen complete official JSON for NCT05403762
INPUT0850,OFFICIAL_JSON_ANALYTICAL_INPUT,data/raw/step_07/clinicaltrials_api/full_records/2026-07-25/NCT05409976__v1__lastupdate-2026-04-29.json,63369,77cb65f831c4263b5d9dfbadab87b3f04a0f53ab6776b3a84c0d7b22796d6011,YES,Frozen complete official JSON for NCT05409976
INPUT0851,OFFICIAL_JSON_ANALYTICAL_INPUT,data/raw/step_07/clinicaltrials_api/full_records/2026-07-25/NCT05410613__v1__lastupdate-2022-06-08.json,6423,e2f4157d2560056628018e99d8fbe4250ba09789710538ce49b4dbc9b508d5f4,YES,Frozen complete official JSON for NCT05410613
INPUT0852,OFFICIAL_JSON_ANALYTICAL_INPUT,data/raw/step_07/clinicaltrials_api/full_records/2026-07-25/NCT05422716__v1__lastupdate-2022-06-16.json,11727,a3dd4247e4b2af244132c24c20dd864c867d7acb56406462843d459cb406605e,YES,Frozen complete official JSON for NCT05422716
INPUT0853,OFFICIAL_JSON_ANALYTICAL_INPUT,data/raw/step_07/clinicaltrials_api/full_records/2026-07-25/NCT05422846__v1__lastupdate-2023-07-19.json,8029,9a7979a82d529d855d19aa0e4199ed5acea578ee081ea87ffaa3e4772c76dc37,YES,Frozen complete official JSON for NCT05422846
INPUT0854,OFFICIAL_JSON_ANALYTICAL_INPUT,data/raw/step_07/clinicaltrials_api/full_records/2026-07-25/NCT05423600__v1__lastupdate-2026-07-06.json,16134,d03d2d606f74692a4c924e2c92557808b2ed81e9a5924e8937217b5cc06c6271,YES,Frozen complete official JSON for NCT05423600
INPUT0855,OFFICIAL_JSON_ANALYTICAL_INPUT,data/raw/step_07/clinicaltrials_api/full_records/2026-07-25/NCT05423626__v1__lastupdate-2022-06-21.json,33316,f80d7fe9bffde13bf8dfdafb3ac4ca91ffbbc79b8f6aad72e7a35b82e915eb68,YES,Frozen complete official JSON for NCT05423626
INPUT0856,OFFICIAL_JSON_ANALYTICAL_INPUT,data/raw/step_07/clinicaltrials_api/full_records/2026-07-25/NCT05433064__v1__lastupdate-2026-07-22.json,9085,55080789d2c6391d46edf49d8ad35489c536d93e8f9c009e4500584a21e2237f,YES,Frozen complete official JSON for NCT05433064
INPUT0857,OFFICIAL_JSON_ANALYTICAL_INPUT,data/raw/step_07/clinicaltrials_api/full_records/2026-07-25/NCT05436340__v1__lastupdate-2022-11-01.json,6197,2659eedc89ca50b11379c97bea9be2cd017595bfced0245429818557d912c93a,YES,Frozen complete official JSON for NCT05436340
INPUT0858,OFFICIAL_JSON_ANALYTICAL_INPUT,data/raw/step_07/clinicaltrials_api/full_records/2026-07-25/NCT05447754__v1__lastupdate-2022-07-07.json,12982,3f205c6d87e5737859016c1e6a790670328d107786b539c690ecf4e0ecb03843,YES,Frozen complete official JSON for NCT05447754
INPUT0859,OFFICIAL_JSON_ANALYTICAL_INPUT,data/raw/step_07/clinicaltrials_api/full_records/2026-07-25/NCT05449743__v1__lastupdate-2024-12-19.json,16001,5aee33f5f84f24fbc39d35038c63e39a7dab0436316f29aa09cc62ac9c6189df,YES,Frozen complete official JSON for NCT05449743
INPUT0860,OFFICIAL_JSON_ANALYTICAL_INPUT,data/raw/step_07/clinicaltrials_api/full_records/2026-07-25/NCT05456594__v1__lastupdate-2023-11-30.json,12345,2899b80eff6ae623b4572b6138da397ebe564846766e6644bf25da2485f6c267,YES,Frozen complete official JSON for NCT05456594
INPUT0861,OFFICIAL_JSON_ANALYTICAL_INPUT,data/raw/step_07/clinicaltrials_api/full_records/2026-07-25/NCT05457907__v1__lastupdate-2024-09-23.json,12216,71ef8635d3e56d6bcd4f6d4a83e0040a46e10b9da38e2b56225f3a7162591b4a,YES,Frozen complete official JSON for NCT05457907
INPUT0862,OFFICIAL_JSON_ANALYTICAL_INPUT,data/raw/step_07/clinicaltrials_api/full_records/2026-07-25/NCT05458947__v1__lastupdate-2026-04-08.json,8759,9d155fca6ef833e54c7b5623ba53dd52f30ac658f36a51603e0f8f6032115751,YES,Frozen complete official JSON for NCT05458947
INPUT0863,OFFICIAL_JSON_ANALYTICAL_INPUT,data/raw/step_07/clinicaltrials_api/full_records/2026-07-25/NCT05459207__v1__lastupdate-2026-03-19.json,6610,d98d934f35cabd706d04c882fffd43d54bda9f017614a7856ba576ab9a642b89,YES,Frozen complete official JSON for NCT05459207
INPUT0864,OFFICIAL_JSON_ANALYTICAL_INPUT,data/raw/step_07/clinicaltrials_api/full_records/2026-07-25/NCT05462912__v1__lastupdate-2025-08-01.json,12193,bd7812f7d95861e464cc202d452a63bbee0906447952fbb1e53c676342afaeba,YES,Frozen complete official JSON for NCT05462912
INPUT0865,OFFICIAL_JSON_ANALYTICAL_INPUT,data/raw/step_07/clinicaltrials_api/full_records/2026-07-25/NCT05467215__v1__lastupdate-2025-08-26.json,11278,96ca79e289bb508a1ccfeb21cc9377acc509bb922b9d7c83ff0ef6178c7225b2,YES,Frozen complete official JSON for NCT05467215
INPUT0866,OFFICIAL_JSON_ANALYTICAL_INPUT,data/raw/step_07/clinicaltrials_api/full_records/2026-07-25/NCT05471180__v1__lastupdate-2023-06-29.json,23081,dc235c041a75c1cbb6d8dc49fc540ee815d7ff69d2c06f6c3b278f8d1e4bf852,YES,Frozen complete official JSON for NCT05471180
INPUT0867,OFFICIAL_JSON_ANALYTICAL_INPUT,data/raw/step_07/clinicaltrials_api/full_records/2026-07-25/NCT05472584__v1__lastupdate-2026-04-02.json,14387,32f1cff651223d5cd4ce767986c7a4c433204a420765601770810a64e8e6b475,YES,Frozen complete official JSON for NCT05472584
INPUT0868,OFFICIAL_JSON_ANALYTICAL_INPUT,data/raw/step_07/clinicaltrials_api/full_records/2026-07-25/NCT05485051__v1__lastupdate-2024-06-13.json,12264,9c2e234983d94ffd653fe6081ffcbabc9400274e9857f95b926161233597afbe,YES,Frozen complete official JSON for NCT05485051
INPUT0869,OFFICIAL_JSON_ANALYTICAL_INPUT,data/raw/step_07/clinicaltrials_api/full_records/2026-07-25/NCT05487482__v1__lastupdate-2022-08-04.json,27964,cbcc689f2095f79cec807d79c92e7719be37134fdae1409936daec28a49ed87a,YES,Frozen complete official JSON for NCT05487482
INPUT0870,OFFICIAL_JSON_ANALYTICAL_INPUT,data/raw/step_07/clinicaltrials_api/full_records/2026-07-25/NCT05487898__v1__lastupdate-2022-08-04.json,4248,755137b796d3f84ac00708cbff79f5eb16d336fef92ddefd96067ab37feb447e,YES,Frozen complete official JSON for NCT05487898
INPUT0871,OFFICIAL_JSON_ANALYTICAL_INPUT,data/raw/step_07/clinicaltrials_api/full_records/2026-07-25/NCT05489588__v1__lastupdate-2026-04-09.json,29625,879912fdec9a7aa78faafc3196ceaeecde32db2524b55533048f31952e87486b,YES,Frozen complete official JSON for NCT05489588
INPUT0872,OFFICIAL_JSON_ANALYTICAL_INPUT,data/raw/step_07/clinicaltrials_api/full_records/2026-07-25/NCT05491837__v1__lastupdate-2026-05-22.json,17339,71221512a48016ddbd513a35ee02cb38ef3d0407b11f05fda68e08ec9390a406,YES,Frozen complete official JSON for NCT05491837
INPUT0873,OFFICIAL_JSON_ANALYTICAL_INPUT,data/raw/step_07/clinicaltrials_api/full_records/2026-07-25/NCT05492097__v1__lastupdate-2022-12-22.json,12461,72965587d7de3faf345ca659dc54062052e9c3d736a508592a41995539d654c4,YES,Frozen complete official JSON for NCT05492097
INPUT0874,OFFICIAL_JSON_ANALYTICAL_INPUT,data/raw/step_07/clinicaltrials_api/full_records/2026-07-25/NCT05493943__v1__lastupdate-2024-04-05.json,13069,cbd7e3fad92a6021f6b2abf175d52c4f615d23299ab4ee1735ba813ca6af9b83,YES,Frozen complete official JSON for NCT05493943
INPUT0875,OFFICIAL_JSON_ANALYTICAL_INPUT,data/raw/step_07/clinicaltrials_api/full_records/2026-07-25/NCT05494450__v1__lastupdate-2023-04-06.json,6048,ff4fc2c74e94b4e6f2e302c24f4e936a754500236e3e5137fdaa0718efa4d704,YES,Frozen complete official JSON for NCT05494450
INPUT0876,OFFICIAL_JSON_ANALYTICAL_INPUT,data/raw/step_07/clinicaltrials_api/full_records/2026-07-25/NCT05496296__v1__lastupdate-2025-11-20.json,21805,70530558915671268addb0dad288efb9e2ec7ac18a9e844a1c7e735cb8acbe73,YES,Frozen complete official JSON for NCT05496296
INPUT0877,OFFICIAL_JSON_ANALYTICAL_INPUT,data/raw/step_07/clinicaltrials_api/full_records/2026-07-25/NCT05504980__v1__lastupdate-2024-08-28.json,11989,e676a01b173dd01e76603560e5e037e6c76bf00ca96a0605d8436f5da1e1ac70,YES,Frozen complete official JSON for NCT05504980
INPUT0878,OFFICIAL_JSON_ANALYTICAL_INPUT,data/raw/step_07/clinicaltrials_api/full_records/2026-07-25/NCT05513508__v1__lastupdate-2024-11-14.json,41417,0e0b667f76e21a5405f7a2d21cd1211b6285419fd83024c749e6960647958a6f,YES,Frozen complete official JSON for NCT05513508
INPUT0879,OFFICIAL_JSON_ANALYTICAL_INPUT,data/raw/step_07/clinicaltrials_api/full_records/2026-07-25/NCT05515484__v1__lastupdate-2025-05-28.json,4955,be33d14f891d3789bb590b8290fd780e08bdceeb93b5650b51a9e1030b86d631,YES,Frozen complete official JSON for NCT05515484
INPUT0880,OFFICIAL_JSON_ANALYTICAL_INPUT,data/raw/step_07/clinicaltrials_api/full_records/2026-07-25/NCT05522920__v1__lastupdate-2022-08-31.json,8621,69aa85b467f2b0d4d23e430ec1d09624b620a3e953ceb25026c9b063c915c034,YES,Frozen complete official JSON for NCT05522920
INPUT0881,OFFICIAL_JSON_ANALYTICAL_INPUT,data/raw/step_07/clinicaltrials_api/full_records/2026-07-25/NCT05541198__v1__lastupdate-2022-09-15.json,8953,6fff6e11d38574d6337d3c8b151773794788ebc36e191d8f40902bc52a93b433,YES,Frozen complete official JSON for NCT05541198
INPUT0882,OFFICIAL_JSON_ANALYTICAL_INPUT,data/raw/step_07/clinicaltrials_api/full_records/2026-07-25/NCT05542589__v1__lastupdate-2024-04-16.json,5899,76d07d6541dd4371e841ec4d60079821108993050514fdc739054a022a0755f9,YES,Frozen complete official JSON for NCT05542589
INPUT0883,OFFICIAL_JSON_ANALYTICAL_INPUT,data/raw/step_07/clinicaltrials_api/full_records/2026-07-25/NCT05546684__v1__lastupdate-2023-10-04.json,10633,0ff918a6829ede9451a6df92ebc69317abc08fec6a6db38e397abb47fa3b5a4f,YES,Frozen complete official JSON for NCT05546684
INPUT0884,OFFICIAL_JSON_ANALYTICAL_INPUT,data/raw/step_07/clinicaltrials_api/full_records/2026-07-25/NCT05547191__v1__lastupdate-2023-12-04.json,9761,f3cacc1cc2a8ba8a6a509d5b1706875a48be7e34d9eba258b641adfaca542b0e,YES,Frozen complete official JSON for NCT05547191
INPUT0885,OFFICIAL_JSON_ANALYTICAL_INPUT,data/raw/step_07/clinicaltrials_api/full_records/2026-07-25/NCT05547295__v1__lastupdate-2025-07-30.json,7892,8d99204e07b405b88656ce3f80b1b8bed1a67372dec3c1e271a485a9db508e78,YES,Frozen complete official JSON for NCT05547295
INPUT0886,OFFICIAL_JSON_ANALYTICAL_INPUT,data/raw/step_07/clinicaltrials_api/full_records/2026-07-25/NCT05549609__v1__lastupdate-2026-06-26.json,8105,9d6392e4a9abb11dcfb0920ebd2d75040fa92d881d7848b971cfb4c729ac5d30,YES,Frozen complete official JSON for NCT05549609
INPUT0887,OFFICIAL_JSON_ANALYTICAL_INPUT,data/raw/step_07/clinicaltrials_api/full_records/2026-07-25/NCT05549830__v1__lastupdate-2022-09-22.json,22197,d3745fdc52114750c2fdf3c887d4ecdd5bc154be4135c11732dcc5cc6aaaf422,YES,Frozen complete official JSON for NCT05549830
INPUT0888,OFFICIAL_JSON_ANALYTICAL_INPUT,data/raw/step_07/clinicaltrials_api/full_records/2026-07-25/NCT05550311__v1__lastupdate-2024-01-29.json,10586,3ec488607ddf8e5bf1d175fcc38bc5dec48f62762a0181bbf2d6dced94a2f593,YES,Frozen complete official JSON for NCT05550311
INPUT0889,OFFICIAL_JSON_ANALYTICAL_INPUT,data/raw/step_07/clinicaltrials_api/full_records/2026-07-25/NCT05550987__v1__lastupdate-2022-11-08.json,27205,2705c6a7731b161560544c8deab04b3e45e0ba41dc0a9cd94a3ccdefe9c1b606,YES,Frozen complete official JSON for NCT05550987
INPUT0890,OFFICIAL_JSON_ANALYTICAL_INPUT,data/raw/step_07/clinicaltrials_api/full_records/2026-07-25/NCT05552599__v1__lastupdate-2022-09-26.json,8269,697e41a9137763778925357bef2600d21b88765c44ed9cdb6a76a539f7026cf0,YES,Frozen complete official JSON for NCT05552599
INPUT0891,OFFICIAL_JSON_ANALYTICAL_INPUT,data/raw/step_07/clinicaltrials_api/full_records/2026-07-25/NCT05563402__v1__lastupdate-2026-07-09.json,13734,9f9bc2df9d4941c6a1afb452fdd9f9430da7b1ab22c8b692bc52c47ee467c43a,YES,Frozen complete official JSON for NCT05563402
INPUT0892,OFFICIAL_JSON_ANALYTICAL_INPUT,data/raw/step_07/clinicaltrials_api/full_records/2026-07-25/NCT05570877__v1__lastupdate-2025-02-19.json,8846,c5d2657933fc048169baf1de566df6202eec3bd301b44e4d3c2a7f8e5fb153cf,YES,Frozen complete official JSON for NCT05570877
INPUT0893,OFFICIAL_JSON_ANALYTICAL_INPUT,data/raw/step_07/clinicaltrials_api/full_records/2026-07-25/NCT05575869__v1__lastupdate-2023-11-14.json,8068,5150ad5f2c82b3e20b1e7080e8888b7f003d5e7603d50b2f168c4de8b412616c,YES,Frozen complete official JSON for NCT05575869
INPUT0894,OFFICIAL_JSON_ANALYTICAL_INPUT,data/raw/step_07/clinicaltrials_api/full_records/2026-07-25/NCT05578638__v1__lastupdate-2024-09-20.json,9055,55aa0a885049775876e78efb39a6cbf3a069fc4cc3958dd9e6d013b19e4db151,YES,Frozen complete official JSON for NCT05578638
INPUT0895,OFFICIAL_JSON_ANALYTICAL_INPUT,data/raw/step_07/clinicaltrials_api/full_records/2026-07-25/NCT05586646__v1__lastupdate-2022-10-19.json,6233,4480a23ccb011cdea4aad3387eb2516a5a8d34ffe5d0a392b29ba94c9be3f19b,YES,Frozen complete official JSON for NCT05586646
INPUT0896,OFFICIAL_JSON_ANALYTICAL_INPUT,data/raw/step_07/clinicaltrials_api/full_records/2026-07-25/NCT05588583__v1__lastupdate-2023-04-20.json,27157,ec0a896b95085127ebab0155874c6214092e95b861d0f519db4c1ab23d600224,YES,Frozen complete official JSON for NCT05588583
INPUT0897,OFFICIAL_JSON_ANALYTICAL_INPUT,data/raw/step_07/clinicaltrials_api/full_records/2026-07-25/NCT05589402__v1__lastupdate-2026-03-06.json,12979,da2c01afe493581cddafc8d5e050471fc5bb2e1ef1e7c9b443f601aac98108fc,YES,Frozen complete official JSON for NCT05589402
INPUT0898,OFFICIAL_JSON_ANALYTICAL_INPUT,data/raw/step_07/clinicaltrials_api/full_records/2026-07-25/NCT05589415__v1__lastupdate-2026-07-24.json,16583,d541db1c2b202992b4148e3cbfc0f49b0e8328d60d3f15f2bcb781c88966f670,YES,Frozen complete official JSON for NCT05589415
INPUT0899,OFFICIAL_JSON_ANALYTICAL_INPUT,data/raw/step_07/clinicaltrials_api/full_records/2026-07-25/NCT05590065__v1__lastupdate-2023-04-07.json,13325,c1d6e6ccd87d36fc4c4f207397fe793ad542d6875f49a0cc010e2a6b7666859f,YES,Frozen complete official JSON for NCT05590065
INPUT0900,OFFICIAL_JSON_ANALYTICAL_INPUT,data/raw/step_07/clinicaltrials_api/full_records/2026-07-25/NCT05597176__v1__lastupdate-2025-01-28.json,7107,15c8f900c52c67ef7d3fb2dc4497eab5e179f52fdd3bb6b211135dd86210e800,YES,Frozen complete official JSON for NCT05597176
INPUT0901,OFFICIAL_JSON_ANALYTICAL_INPUT,data/raw/step_07/clinicaltrials_api/full_records/2026-07-25/NCT05598398__v1__lastupdate-2026-03-25.json,7754,dcbd8759694e7a46e2efcd275e5f2e6436ca4daec6f883f52f3e7a4f1af1933e,YES,Frozen complete official JSON for NCT05598398
INPUT0902,OFFICIAL_JSON_ANALYTICAL_INPUT,data/raw/step_07/clinicaltrials_api/full_records/2026-07-25/NCT05604352__v1__lastupdate-2022-11-03.json,7936,4106ca4522cce42a145f4949b432fd0ae793342ec517fd1cf3fe32e94ef6b04a,YES,Frozen complete official JSON for NCT05604352
INPUT0903,OFFICIAL_JSON_ANALYTICAL_INPUT,data/raw/step_07/clinicaltrials_api/full_records/2026-07-25/NCT05607979__v1__lastupdate-2024-10-08.json,7286,44607703c57068b7ac0c91fc1baf5a773b8d5b05526fb05970958c42d4852e7c,YES,Frozen complete official JSON for NCT05607979
INPUT0904,OFFICIAL_JSON_ANALYTICAL_INPUT,data/raw/step_07/clinicaltrials_api/full_records/2026-07-25/NCT05608317__v1__lastupdate-2024-05-06.json,24465,e2d6fe0be69ba03f36c6888b6f246d3c613ecffa3cad2ed6673bd8329eccfae8,YES,Frozen complete official JSON for NCT05608317
INPUT0905,OFFICIAL_JSON_ANALYTICAL_INPUT,data/raw/step_07/clinicaltrials_api/full_records/2026-07-25/NCT05610241__v1__lastupdate-2023-09-07.json,13438,3d14ff99019291e268cf4d9a95ce7b563b1628acfdfeeaa7022fbcd2c4ac2b78,YES,Frozen complete official JSON for NCT05610241
INPUT0906,OFFICIAL_JSON_ANALYTICAL_INPUT,data/raw/step_07/clinicaltrials_api/full_records/2026-07-25/NCT05618509__v1__lastupdate-2024-09-05.json,6925,5dd6bf746744ba6ebcc83dcd08d0d916b7f6fd0cb3ffc094aea616a4e571824d,YES,Frozen complete official JSON for NCT05618509
INPUT0907,OFFICIAL_JSON_ANALYTICAL_INPUT,data/raw/step_07/clinicaltrials_api/full_records/2026-07-25/NCT05619003__v1__lastupdate-2026-05-29.json,13717,fd324699a625aa662d5503a51a154e52647e33445e545266444f0143e16dca71,YES,Frozen complete official JSON for NCT05619003
INPUT0908,OFFICIAL_JSON_ANALYTICAL_INPUT,data/raw/step_07/clinicaltrials_api/full_records/2026-07-25/NCT05619237__v1__lastupdate-2023-11-07.json,22111,e847b2a7f83f540543da293e9deddee6f2d195dc872a044915bd3f73db7edb6b,YES,Frozen complete official JSON for NCT05619237
INPUT0909,OFFICIAL_JSON_ANALYTICAL_INPUT,data/raw/step_07/clinicaltrials_api/full_records/2026-07-25/NCT05632250__v1__lastupdate-2024-04-30.json,8637,420c5a0f77d00a5f030a8f8ce7212a31a7eeee14fd0bc090f25e19f3ec88bc1d,YES,Frozen complete official JSON for NCT05632250
INPUT0910,OFFICIAL_JSON_ANALYTICAL_INPUT,data/raw/step_07/clinicaltrials_api/full_records/2026-07-25/NCT05633277__v1__lastupdate-2022-12-01.json,25824,54fb33e514256a3677761f51d2c0aaf88aa36425875f2685b9aff156dfef3f3f,YES,Frozen complete official JSON for NCT05633277
INPUT0911,OFFICIAL_JSON_ANALYTICAL_INPUT,data/raw/step_07/clinicaltrials_api/full_records/2026-07-25/NCT05635851__v1__lastupdate-2026-04-23.json,9335,312c899452e7a9a48f9138b71e5aa792964b03057f587110a176c43871e1659d,YES,Frozen complete official JSON for NCT05635851
INPUT0912,OFFICIAL_JSON_ANALYTICAL_INPUT,data/raw/step_07/clinicaltrials_api/full_records/2026-07-25/NCT05643313__v1__lastupdate-2023-10-19.json,19092,53cfbbd87329e174114301e1f9f31d63fed0bc38547e983a27d29e13d2391580,YES,Frozen complete official JSON for NCT05643313
INPUT0913,OFFICIAL_JSON_ANALYTICAL_INPUT,data/raw/step_07/clinicaltrials_api/full_records/2026-07-25/NCT05649332__v1__lastupdate-2024-12-03.json,22037,20d922f27a762c1a2bccec501e210674e246884c196364d4f87b953b829d8e62,YES,Frozen complete official JSON for NCT05649332
INPUT0914,OFFICIAL_JSON_ANALYTICAL_INPUT,data/raw/step_07/clinicaltrials_api/full_records/2026-07-25/NCT05653089__v1__lastupdate-2023-08-31.json,6497,7ef345102fc97bf5421d49ecd76803bae396c67026e95a75ea571d8110746b60,YES,Frozen complete official JSON for NCT05653089
INPUT0915,OFFICIAL_JSON_ANALYTICAL_INPUT,data/raw/step_07/clinicaltrials_api/full_records/2026-07-25/NCT05659394__v1__lastupdate-2024-04-17.json,33727,413d7efbb8f9e09a8e8f33a7049a465b804942e23c91b5ec7f095ed58a987a5a,YES,Frozen complete official JSON for NCT05659394
INPUT0916,OFFICIAL_JSON_ANALYTICAL_INPUT,data/raw/step_07/clinicaltrials_api/full_records/2026-07-25/NCT05661214__v1__lastupdate-2023-02-15.json,10997,b0c2897cfdd462b73b7d77e0a878eb5f419813557acc848bc0e9fbd0bd2fbcc9,YES,Frozen complete official JSON for NCT05661214
INPUT0917,OFFICIAL_JSON_ANALYTICAL_INPUT,data/raw/step_07/clinicaltrials_api/full_records/2026-07-25/NCT05667831__v1__lastupdate-2022-12-29.json,10976,4439d6314e366e84e54108ad9f2f99580fac7e761816f3ef7c92fcefb850813e,YES,Frozen complete official JSON for NCT05667831
INPUT0918,OFFICIAL_JSON_ANALYTICAL_INPUT,data/raw/step_07/clinicaltrials_api/full_records/2026-07-25/NCT05685628__v1__lastupdate-2026-05-28.json,12373,c034f63c5edf36b65f6756449752c73710a18b36c119d7aabe422d78402ce3f3,YES,Frozen complete official JSON for NCT05685628
INPUT0919,OFFICIAL_JSON_ANALYTICAL_INPUT,data/raw/step_07/clinicaltrials_api/full_records/2026-07-25/NCT05690685__v1__lastupdate-2025-11-25.json,10185,508f766510027dfb2cb34e5b88ddd77857c7e621039077fee13eba995e284fc0,YES,Frozen complete official JSON for NCT05690685
INPUT0920,OFFICIAL_JSON_ANALYTICAL_INPUT,data/raw/step_07/clinicaltrials_api/full_records/2026-07-25/NCT05699122__v1__lastupdate-2023-09-13.json,16626,83cc3c4360de089b625ecde645f6454b67fba2a3843eff4ef75e5d1d486cf82d,YES,Frozen complete official JSON for NCT05699122
INPUT0921,OFFICIAL_JSON_ANALYTICAL_INPUT,data/raw/step_07/clinicaltrials_api/full_records/2026-07-25/NCT05705908__v1__lastupdate-2023-07-24.json,13925,0a9842fb45e8c7935d169ccad2d7c5fb6161efe706e76f8e3585fe3ac5fc8264,YES,Frozen complete official JSON for NCT05705908
INPUT0922,OFFICIAL_JSON_ANALYTICAL_INPUT,data/raw/step_07/clinicaltrials_api/full_records/2026-07-25/NCT05707169__v1__lastupdate-2023-01-31.json,13035,2e889eedf539b5fe1016d3995612b77806d055daefd689076f18db073c396726,YES,Frozen complete official JSON for NCT05707169
INPUT0923,OFFICIAL_JSON_ANALYTICAL_INPUT,data/raw/step_07/clinicaltrials_api/full_records/2026-07-25/NCT05708274__v1__lastupdate-2025-12-08.json,17769,d0df5b722108793a3e0b40def60c107bba6088217039a7b7f9f4e7eaaf5b99a0,YES,Frozen complete official JSON for NCT05708274
INPUT0924,OFFICIAL_JSON_ANALYTICAL_INPUT,data/raw/step_07/clinicaltrials_api/full_records/2026-07-25/NCT05710094__v1__lastupdate-2023-02-02.json,14739,932a1c04c26c3bae8c505a5a2d9d4c035c3ecf4fbc26c47e5f14e69a43561e12,YES,Frozen complete official JSON for NCT05710094
INPUT0925,OFFICIAL_JSON_ANALYTICAL_INPUT,data/raw/step_07/clinicaltrials_api/full_records/2026-07-25/NCT05710653__v1__lastupdate-2024-05-29.json,32309,e12c1f06dae11fc6b9905cc4fd921720bafdca97c479a5d6d6c347eae3cc1c6f,YES,Frozen complete official JSON for NCT05710653
INPUT0926,OFFICIAL_JSON_ANALYTICAL_INPUT,data/raw/step_07/clinicaltrials_api/full_records/2026-07-25/NCT05739149__v1__lastupdate-2026-01-22.json,6132,c83e1a3433e0bb1bf8deaf927fe7b987b0a1924e2971842bb6e4b3f28573aadb,YES,Frozen complete official JSON for NCT05739149
INPUT0927,OFFICIAL_JSON_ANALYTICAL_INPUT,data/raw/step_07/clinicaltrials_api/full_records/2026-07-25/NCT05743283__v1__lastupdate-2024-05-16.json,7272,93f2fc72583d853701914f81a4f158b590cbe012b89af38e8b05520b6ad9f42a,YES,Frozen complete official JSON for NCT05743283
INPUT0928,OFFICIAL_JSON_ANALYTICAL_INPUT,data/raw/step_07/clinicaltrials_api/full_records/2026-07-25/NCT05745155__v1__lastupdate-2024-12-04.json,11566,edff4765bddaf9499117b5c401b6246c2f5a2d6c082bab6ceef5ce89cd59e5cf,YES,Frozen complete official JSON for NCT05745155
INPUT0929,OFFICIAL_JSON_ANALYTICAL_INPUT,data/raw/step_07/clinicaltrials_api/full_records/2026-07-25/NCT05762341__v1__lastupdate-2023-03-31.json,7747,3d1ad11d24c40af833aae4f717c757c8d8d6b5f3da0db8b6b0b32370a7342a42,YES,Frozen complete official JSON for NCT05762341
INPUT0930,OFFICIAL_JSON_ANALYTICAL_INPUT,data/raw/step_07/clinicaltrials_api/full_records/2026-07-25/NCT05772507__v1__lastupdate-2023-09-26.json,8039,dd49c7966708fbcc4bd423ea3d9cce326b6d70c0759414c25fa7e115a2de35f8,YES,Frozen complete official JSON for NCT05772507
INPUT0931,OFFICIAL_JSON_ANALYTICAL_INPUT,data/raw/step_07/clinicaltrials_api/full_records/2026-07-25/NCT05779852__v1__lastupdate-2025-05-21.json,6139,715eec054e552fbff339f092f1345638e22ae3a1f4116d1082055888e30058f3,YES,Frozen complete official JSON for NCT05779852
INPUT0932,OFFICIAL_JSON_ANALYTICAL_INPUT,data/raw/step_07/clinicaltrials_api/full_records/2026-07-25/NCT05782855__v1__lastupdate-2025-09-08.json,17769,cdb290c3e218c6859e59f40c275f6431e7fc3cc34865b83c628d2a3f090d3e8e,YES,Frozen complete official JSON for NCT05782855
INPUT0933,OFFICIAL_JSON_ANALYTICAL_INPUT,data/raw/step_07/clinicaltrials_api/full_records/2026-07-25/NCT05786612__v1__lastupdate-2025-03-05.json,26052,f6e26822dad35cce8891aa38e3d052edd71ec512834b2cd48b873c33b5405516,YES,Frozen complete official JSON for NCT05786612
INPUT0934,OFFICIAL_JSON_ANALYTICAL_INPUT,data/raw/step_07/clinicaltrials_api/full_records/2026-07-25/NCT05797688__v1__lastupdate-2023-04-04.json,7780,9c130209fb21574588e87b170798fc06d28d2492a6bbda82d5cf38d7edbaedba,YES,Frozen complete official JSON for NCT05797688
INPUT0935,OFFICIAL_JSON_ANALYTICAL_INPUT,data/raw/step_07/clinicaltrials_api/full_records/2026-07-25/NCT05798169__v1__lastupdate-2025-03-27.json,9904,34961783fda162a6678b11e6ea2db2de15a32fcf501a82532dc39a50d957be3a,YES,Frozen complete official JSON for NCT05798169
INPUT0936,OFFICIAL_JSON_ANALYTICAL_INPUT,data/raw/step_07/clinicaltrials_api/full_records/2026-07-25/NCT05801536__v1__lastupdate-2024-06-20.json,13966,c50823869993379927f93bf2db20a44aa6fd28197251ec3320979e824ede3210,YES,Frozen complete official JSON for NCT05801536
INPUT0937,OFFICIAL_JSON_ANALYTICAL_INPUT,data/raw/step_07/clinicaltrials_api/full_records/2026-07-25/NCT05805137__v1__lastupdate-2026-03-17.json,11015,423da81c4d54da07dd07079f4316c7d23829dec455374ffc3e1b90bab06305de,YES,Frozen complete official JSON for NCT05805137
INPUT0938,OFFICIAL_JSON_ANALYTICAL_INPUT,data/raw/step_07/clinicaltrials_api/full_records/2026-07-25/NCT05822297__v1__lastupdate-2026-07-16.json,11583,e2646475989ac3f028749e450107d23671cdfe1d45878ff9aa9067cf51fa6fb6,YES,Frozen complete official JSON for NCT05822297
INPUT0939,OFFICIAL_JSON_ANALYTICAL_INPUT,data/raw/step_07/clinicaltrials_api/full_records/2026-07-25/NCT05852236__v1__lastupdate-2023-05-10.json,8375,4216236528c8ccd3f016f46225c3003248060f027e8c3ea6987601cf18d7a06a,YES,Frozen complete official JSON for NCT05852236
INPUT0940,OFFICIAL_JSON_ANALYTICAL_INPUT,data/raw/step_07/clinicaltrials_api/full_records/2026-07-25/NCT05863754__v1__lastupdate-2025-12-19.json,10885,bd1abee5e41c9831ed8870362608c46f29161ee23bb914d8d4ab31b82753cfb1,YES,Frozen complete official JSON for NCT05863754
INPUT0941,OFFICIAL_JSON_ANALYTICAL_INPUT,data/raw/step_07/clinicaltrials_api/full_records/2026-07-25/NCT05873257__v1__lastupdate-2025-06-03.json,15410,4661795536b29eef643f8a77969a2b2670585f871c847403aca80fd3f1015679,YES,Frozen complete official JSON for NCT05873257
INPUT0942,OFFICIAL_JSON_ANALYTICAL_INPUT,data/raw/step_07/clinicaltrials_api/full_records/2026-07-25/NCT05874284__v1__lastupdate-2024-02-26.json,7227,a15a56f8006263e7f5bd8c8871210f41ee76e834eb73f862968ee23936e9d49d,YES,Frozen complete official JSON for NCT05874284
INPUT0943,OFFICIAL_JSON_ANALYTICAL_INPUT,data/raw/step_07/clinicaltrials_api/full_records/2026-07-25/NCT05877378__v1__lastupdate-2023-05-26.json,7602,1d8461fe114de450f3c593c9d555adc99a4d9ecc23864feaea6e3f4fa50a2e71,YES,Frozen complete official JSON for NCT05877378
INPUT0944,OFFICIAL_JSON_ANALYTICAL_INPUT,data/raw/step_07/clinicaltrials_api/full_records/2026-07-25/NCT05887752__v1__lastupdate-2025-09-16.json,17689,b3486cd3f73da0cd5f9f910b191f8d6196b5cff1bc6b75bb96d062065a28b2b0,YES,Frozen complete official JSON for NCT05887752
INPUT0945,OFFICIAL_JSON_ANALYTICAL_INPUT,data/raw/step_07/clinicaltrials_api/full_records/2026-07-25/NCT05892341__v1__lastupdate-2025-12-02.json,29843,95fe7d126241253b1a59c0fe1b711508506f70222cbe5a44029606edfc8c4c6f,YES,Frozen complete official JSON for NCT05892341
INPUT0946,OFFICIAL_JSON_ANALYTICAL_INPUT,data/raw/step_07/clinicaltrials_api/full_records/2026-07-25/NCT05894096__v1__lastupdate-2025-01-03.json,16986,9fff4cae2b40d982fbb6a40c55c5153f496a5de4a7e0efeab22ce7d5a06e2b82,YES,Frozen complete official JSON for NCT05894096
INPUT0947,OFFICIAL_JSON_ANALYTICAL_INPUT,data/raw/step_07/clinicaltrials_api/full_records/2026-07-25/NCT05894291__v1__lastupdate-2026-06-12.json,11291,5477d646f0864ead9cabe67029ceb038e048a2dac5d8a804af320bdf9be00e32,YES,Frozen complete official JSON for NCT05894291
INPUT0948,OFFICIAL_JSON_ANALYTICAL_INPUT,data/raw/step_07/clinicaltrials_api/full_records/2026-07-25/NCT05899140__v1__lastupdate-2024-12-09.json,11000,4cdaf255ca6dfaf745dc4e0c15690164a16ef92510cd3284608c196d842b97f6,YES,Frozen complete official JSON for NCT05899140
INPUT0949,OFFICIAL_JSON_ANALYTICAL_INPUT,data/raw/step_07/clinicaltrials_api/full_records/2026-07-25/NCT05902182__v1__lastupdate-2024-04-05.json,5943,c6145f2944e55e8415c8c3515fba10c814dee2972fb5da5372176928a6317430,YES,Frozen complete official JSON for NCT05902182
INPUT0950,OFFICIAL_JSON_ANALYTICAL_INPUT,data/raw/step_07/clinicaltrials_api/full_records/2026-07-25/NCT05912712__v1__lastupdate-2023-06-22.json,16935,f1ff5f00b4d85d461932f69ea23c5d75947cfd4e0f7bf36c4f2c558b5a51bbc6,YES,Frozen complete official JSON for NCT05912712
INPUT0951,OFFICIAL_JSON_ANALYTICAL_INPUT,data/raw/step_07/clinicaltrials_api/full_records/2026-07-25/NCT05915169__v1__lastupdate-2024-08-12.json,6459,f379241765cf79b8e8d089fba7937868485a4bb735318645fb8cf061224e465e,YES,Frozen complete official JSON for NCT05915169
INPUT0952,OFFICIAL_JSON_ANALYTICAL_INPUT,data/raw/step_07/clinicaltrials_api/full_records/2026-07-25/NCT05921292__v1__lastupdate-2024-06-21.json,15779,fcbe12c0b62b3f6b1399dc45fb796fdad8081c4d2dea081f9abf5b024e079e95,YES,Frozen complete official JSON for NCT05921292
INPUT0953,OFFICIAL_JSON_ANALYTICAL_INPUT,data/raw/step_07/clinicaltrials_api/full_records/2026-07-25/NCT05923749__v1__lastupdate-2025-05-22.json,8059,50ac0355ce22693c077df5fc1ca22e14255f8edaf472aa9bb1dfe7dd7af90b22,YES,Frozen complete official JSON for NCT05923749
INPUT0954,OFFICIAL_JSON_ANALYTICAL_INPUT,data/raw/step_07/clinicaltrials_api/full_records/2026-07-25/NCT05926843__v1__lastupdate-2023-07-03.json,13145,8d229a499c8473ef0839f8aa5458b7497476375d7de363256edfcd5c2cbe65fe,YES,Frozen complete official JSON for NCT05926843
INPUT0955,OFFICIAL_JSON_ANALYTICAL_INPUT,data/raw/step_07/clinicaltrials_api/full_records/2026-07-25/NCT05939973__v1__lastupdate-2026-05-15.json,13734,a2b859acc9c831f7eb86c42bb9905f4d20cce210191979b02b573c748641be01,YES,Frozen complete official JSON for NCT05939973
INPUT0956,OFFICIAL_JSON_ANALYTICAL_INPUT,data/raw/step_07/clinicaltrials_api/full_records/2026-07-25/NCT05940636__v1__lastupdate-2026-03-16.json,11072,4c978fb68e2cb17d9c05279a0fb124d958f4be6ac3e8c3cc1762d45bf449f380,YES,Frozen complete official JSON for NCT05940636
INPUT0957,OFFICIAL_JSON_ANALYTICAL_INPUT,data/raw/step_07/clinicaltrials_api/full_records/2026-07-25/NCT05941819__v1__lastupdate-2023-11-01.json,7050,14328b199814aa237c0d8c4b898b9bf0ec19d18c0e9a0017d511f80724c66114,YES,Frozen complete official JSON for NCT05941819
INPUT0958,OFFICIAL_JSON_ANALYTICAL_INPUT,data/raw/step_07/clinicaltrials_api/full_records/2026-07-25/NCT05948306__v1__lastupdate-2025-03-11.json,12499,c31bab82e282837436741c969aead19cf1ae2f403787179aa3429663dad536c3,YES,Frozen complete official JSON for NCT05948306
INPUT0959,OFFICIAL_JSON_ANALYTICAL_INPUT,data/raw/step_07/clinicaltrials_api/full_records/2026-07-25/NCT05957588__v1__lastupdate-2023-07-24.json,16995,c09059caf372560332408c14cd458239b042c3a620fc69465b6fff5dad7a666a,YES,Frozen complete official JSON for NCT05957588
INPUT0960,OFFICIAL_JSON_ANALYTICAL_INPUT,data/raw/step_07/clinicaltrials_api/full_records/2026-07-25/NCT05957757__v1__lastupdate-2023-08-31.json,17572,f9d95b76b1a4f15751709a1f511e2179cfecf5e67c902b876b9cd724d437fbc3,YES,Frozen complete official JSON for NCT05957757
INPUT0961,OFFICIAL_JSON_ANALYTICAL_INPUT,data/raw/step_07/clinicaltrials_api/full_records/2026-07-25/NCT05960578__v1__lastupdate-2026-04-14.json,19895,3bbafa37ef8cdaf5262ceb7ddf3f9c6d0fd43a5b42706c35145f9b13e4161431,YES,Frozen complete official JSON for NCT05960578
INPUT0962,OFFICIAL_JSON_ANALYTICAL_INPUT,data/raw/step_07/clinicaltrials_api/full_records/2026-07-25/NCT05962931__v1__lastupdate-2023-07-27.json,7891,bf0a2fa9bf77268e757abb36ba09e39cbae8a261b30127e171e8dc875be4ec57,YES,Frozen complete official JSON for NCT05962931
INPUT0963,OFFICIAL_JSON_ANALYTICAL_INPUT,data/raw/step_07/clinicaltrials_api/full_records/2026-07-25/NCT05966896__v1__lastupdate-2026-06-08.json,10177,f2a539c53a8f083e01b1fba04f4a168b369e4a1315c544e09c534a043a7507e8,YES,Frozen complete official JSON for NCT05966896
INPUT0964,OFFICIAL_JSON_ANALYTICAL_INPUT,data/raw/step_07/clinicaltrials_api/full_records/2026-07-25/NCT05974982__v1__lastupdate-2023-08-03.json,7524,c046e0ff5f8bbd1a4b277f71f1522e04cdcd9740a289f98eace2cbe5e9700322,YES,Frozen complete official JSON for NCT05974982
INPUT0965,OFFICIAL_JSON_ANALYTICAL_INPUT,data/raw/step_07/clinicaltrials_api/full_records/2026-07-25/NCT05979402__v1__lastupdate-2026-06-24.json,9497,e20fa6163a9b9bf41b9e1ab1a597e1d5f58a91af88d878b40810a7d07504ad50,YES,Frozen complete official JSON for NCT05979402
INPUT0966,OFFICIAL_JSON_ANALYTICAL_INPUT,data/raw/step_07/clinicaltrials_api/full_records/2026-07-25/NCT06003686__v1__lastupdate-2026-04-20.json,9772,2cf22df73c3c5b6f18db7d97a0e81fed97275fcedc7e0fc15170946244b960fe,YES,Frozen complete official JSON for NCT06003686
INPUT0967,OFFICIAL_JSON_ANALYTICAL_INPUT,data/raw/step_07/clinicaltrials_api/full_records/2026-07-25/NCT06003712__v1__lastupdate-2026-05-12.json,6131,4948031bf91f5ccbe3fe6d4c9aef973af8da7712db7c9a83f3dda66e25ef1b33,YES,Frozen complete official JSON for NCT06003712
INPUT0968,OFFICIAL_JSON_ANALYTICAL_INPUT,data/raw/step_07/clinicaltrials_api/full_records/2026-07-25/NCT06007235__v1__lastupdate-2024-02-13.json,15109,fd49180a5beb56cb883a72910e41208c4868e667a29ebf7c90397691c5a923e0,YES,Frozen complete official JSON for NCT06007235
INPUT0969,OFFICIAL_JSON_ANALYTICAL_INPUT,data/raw/step_07/clinicaltrials_api/full_records/2026-07-25/NCT06011876__v1__lastupdate-2025-11-05.json,9906,05cfd3cedb9bc902f516b9a5e3b1f689ba9cfc97c7fe2d07727fc9da8b49aafe,YES,Frozen complete official JSON for NCT06011876
INPUT0970,OFFICIAL_JSON_ANALYTICAL_INPUT,data/raw/step_07/clinicaltrials_api/full_records/2026-07-25/NCT06013046__v1__lastupdate-2026-01-29.json,13789,6525a1e2b17096aa686759f519d883f399671860e2d3b0e9df25053a6dbeaabd,YES,Frozen complete official JSON for NCT06013046
INPUT0971,OFFICIAL_JSON_ANALYTICAL_INPUT,data/raw/step_07/clinicaltrials_api/full_records/2026-07-25/NCT06015139__v1__lastupdate-2024-07-23.json,7548,74c866ff46a9ce83c382c16b4e0c1e1b38cb24eb6e276f82569535f834a89725,YES,Frozen complete official JSON for NCT06015139
INPUT0972,OFFICIAL_JSON_ANALYTICAL_INPUT,data/raw/step_07/clinicaltrials_api/full_records/2026-07-25/NCT06019949__v1__lastupdate-2026-03-13.json,17308,84bd8c74fa93a4af77664786661a86933dadcf93ce8a2c4c06c3764fe48e1cec,YES,Frozen complete official JSON for NCT06019949
INPUT0973,OFFICIAL_JSON_ANALYTICAL_INPUT,data/raw/step_07/clinicaltrials_api/full_records/2026-07-25/NCT06025370__v1__lastupdate-2024-01-17.json,5164,f94bfb641353b41e40dc101d75f780ce517c9df66f6b201611c4b41c92f2ce90,YES,Frozen complete official JSON for NCT06025370
INPUT0974,OFFICIAL_JSON_ANALYTICAL_INPUT,data/raw/step_07/clinicaltrials_api/full_records/2026-07-25/NCT06027502__v1__lastupdate-2023-09-07.json,18033,df178b44e1a66c559ee1ac019606f2426b13543c7d24285c0bce41b02639e1dd,YES,Frozen complete official JSON for NCT06027502
INPUT0975,OFFICIAL_JSON_ANALYTICAL_INPUT,data/raw/step_07/clinicaltrials_api/full_records/2026-07-25/NCT06031714__v1__lastupdate-2025-09-12.json,10043,e75e381079701147faaaba1d38a23666094baefb570ab7b696662bc083d5f930,YES,Frozen complete official JSON for NCT06031714
INPUT0976,OFFICIAL_JSON_ANALYTICAL_INPUT,data/raw/step_07/clinicaltrials_api/full_records/2026-07-25/NCT06040749__v1__lastupdate-2025-04-06.json,11154,897d7d8ad6ecad68608ef2cfeddb36fc97e03ddaedc097dd01ba236a66a44e40,YES,Frozen complete official JSON for NCT06040749
INPUT0977,OFFICIAL_JSON_ANALYTICAL_INPUT,data/raw/step_07/clinicaltrials_api/full_records/2026-07-25/NCT06060470__v1__lastupdate-2023-10-18.json,17543,304e5167493a6444fa71735b619e91be83148fdf34453814fb293a135d32aa00,YES,Frozen complete official JSON for NCT06060470
INPUT0978,OFFICIAL_JSON_ANALYTICAL_INPUT,data/raw/step_07/clinicaltrials_api/full_records/2026-07-25/NCT06061796__v1__lastupdate-2024-01-25.json,20073,89b0f76400178ed1fe02dc0f99d77d3048ca4244c2b218c5c000b460be19e68a,YES,Frozen complete official JSON for NCT06061796
INPUT0979,OFFICIAL_JSON_ANALYTICAL_INPUT,data/raw/step_07/clinicaltrials_api/full_records/2026-07-25/NCT06071039__v1__lastupdate-2023-10-06.json,6996,29143d2754ea78a616a6e3de572e8ed969c47a715d777b353402479e8379ebfa,YES,Frozen complete official JSON for NCT06071039
INPUT0980,OFFICIAL_JSON_ANALYTICAL_INPUT,data/raw/step_07/clinicaltrials_api/full_records/2026-07-25/NCT06078488__v1__lastupdate-2023-12-29.json,23918,b3ce328a1da47a4950d283de65c7338a65f930231ce442380899c8c89dcfb39d,YES,Frozen complete official JSON for NCT06078488
INPUT0981,OFFICIAL_JSON_ANALYTICAL_INPUT,data/raw/step_07/clinicaltrials_api/full_records/2026-07-25/NCT06083935__v1__lastupdate-2023-10-16.json,7853,1cd2e95f329731ceab560b6148644515f5d8bdd133ab78b34945087f69346a33,YES,Frozen complete official JSON for NCT06083935
INPUT0982,OFFICIAL_JSON_ANALYTICAL_INPUT,data/raw/step_07/clinicaltrials_api/full_records/2026-07-25/NCT06089408__v1__lastupdate-2025-08-08.json,9862,d4f1409d9de7537a1714dbfe9b99dbeab9ba745c5d98e0feb26c9c828c50094f,YES,Frozen complete official JSON for NCT06089408
INPUT0983,OFFICIAL_JSON_ANALYTICAL_INPUT,data/raw/step_07/clinicaltrials_api/full_records/2026-07-25/NCT06101199__v1__lastupdate-2025-08-17.json,46182,15f971f2f0077ae2a6a43fb512cfe7899972b33fb23e9c439440819c5b5cf8de,YES,Frozen complete official JSON for NCT06101199
INPUT0984,OFFICIAL_JSON_ANALYTICAL_INPUT,data/raw/step_07/clinicaltrials_api/full_records/2026-07-25/NCT06107010__v1__lastupdate-2025-02-04.json,15833,e01f83d2666acde77f8f9d148ab1839e3c597090334564ce69f208d21b5d1287,YES,Frozen complete official JSON for NCT06107010
INPUT0985,OFFICIAL_JSON_ANALYTICAL_INPUT,data/raw/step_07/clinicaltrials_api/full_records/2026-07-25/NCT06108999__v1__lastupdate-2024-05-09.json,8798,a05c55b5e0c47a9a6d5b0eaaed8a0c1177228889e62eafbecf75227645f15517,YES,Frozen complete official JSON for NCT06108999
INPUT0986,OFFICIAL_JSON_ANALYTICAL_INPUT,data/raw/step_07/clinicaltrials_api/full_records/2026-07-25/NCT06111183__v1__lastupdate-2026-02-12.json,17371,d579d88d64204a00402857a54c6b10254f9bf2c31b7328407ebf76966b171486,YES,Frozen complete official JSON for NCT06111183
INPUT0987,OFFICIAL_JSON_ANALYTICAL_INPUT,data/raw/step_07/clinicaltrials_api/full_records/2026-07-25/NCT06116123__v1__lastupdate-2023-11-03.json,6212,dabe51ced91c7adc78ebe0f28f57eafd1fd58ce693a5f62bd98cbaa651204ce0,YES,Frozen complete official JSON for NCT06116123
INPUT0988,OFFICIAL_JSON_ANALYTICAL_INPUT,data/raw/step_07/clinicaltrials_api/full_records/2026-07-25/NCT06127524__v1__lastupdate-2026-06-12.json,34620,61140493a2b4ee503cc3ae77cc782fb7ab2601fc745363ab0a9393159f29381e,YES,Frozen complete official JSON for NCT06127524
INPUT0989,OFFICIAL_JSON_ANALYTICAL_INPUT,data/raw/step_07/clinicaltrials_api/full_records/2026-07-25/NCT06128005__v1__lastupdate-2024-03-21.json,12388,443870ceaad4b2621c964ac234b0028991b705521a278019a07922d5f87e0a1f,YES,Frozen complete official JSON for NCT06128005
INPUT0990,OFFICIAL_JSON_ANALYTICAL_INPUT,data/raw/step_07/clinicaltrials_api/full_records/2026-07-25/NCT06135246__v1__lastupdate-2023-11-18.json,9277,7f70a6709f322b5988208292192e89248188fce132eecd6a6ea58e974048bb9e,YES,Frozen complete official JSON for NCT06135246
INPUT0991,OFFICIAL_JSON_ANALYTICAL_INPUT,data/raw/step_07/clinicaltrials_api/full_records/2026-07-25/NCT06140355__v1__lastupdate-2025-08-24.json,10453,51502d9d8ab4050e90daeb765775d45d9b9f41ed4893f742c7abbce012748b39,YES,Frozen complete official JSON for NCT06140355
INPUT0992,OFFICIAL_JSON_ANALYTICAL_INPUT,data/raw/step_07/clinicaltrials_api/full_records/2026-07-25/NCT06140706__v1__lastupdate-2025-04-10.json,7828,4d5faced24faef8dd01327d8fcdb18b009864428ccca96298f4666f7ba62835c,YES,Frozen complete official JSON for NCT06140706
INPUT0993,OFFICIAL_JSON_ANALYTICAL_INPUT,data/raw/step_07/clinicaltrials_api/full_records/2026-07-25/NCT06142123__v1__lastupdate-2023-11-21.json,14579,cb85433a21e1a7b24c148881317b3dee24b551e807179954b646d66a05668248,YES,Frozen complete official JSON for NCT06142123
INPUT0994,OFFICIAL_JSON_ANALYTICAL_INPUT,data/raw/step_07/clinicaltrials_api/full_records/2026-07-25/NCT06150326__v1__lastupdate-2026-04-06.json,9800,31e060a0d0bb07e0783c858fad7ec4d65752e326db9ff4e5e82b574684e63044,YES,Frozen complete official JSON for NCT06150326
INPUT0995,OFFICIAL_JSON_ANALYTICAL_INPUT,data/raw/step_07/clinicaltrials_api/full_records/2026-07-25/NCT06151769__v1__lastupdate-2024-02-20.json,17262,1ea6b5c1c417f255c909bcd943583edb93cb600197169d3a57cdcb2ec0bf0fa9,YES,Frozen complete official JSON for NCT06151769
INPUT0996,OFFICIAL_JSON_ANALYTICAL_INPUT,data/raw/step_07/clinicaltrials_api/full_records/2026-07-25/NCT06153589__v1__lastupdate-2025-03-31.json,9044,e111ab51971a7b638d373a704fe23691fe14405230787c1fca2915e294dd9db9,YES,Frozen complete official JSON for NCT06153589
INPUT0997,OFFICIAL_JSON_ANALYTICAL_INPUT,data/raw/step_07/clinicaltrials_api/full_records/2026-07-25/NCT06161480__v1__lastupdate-2026-02-24.json,27390,857aa4be5dd81a6c17eec662b02c2bcce23c780a46d45a4a11fc4096ec5adc1a,YES,Frozen complete official JSON for NCT06161480
INPUT0998,OFFICIAL_JSON_ANALYTICAL_INPUT,data/raw/step_07/clinicaltrials_api/full_records/2026-07-25/NCT06163352__v1__lastupdate-2023-12-21.json,15337,b56042fd7beae3d713ecdf2fd4f70bdeb224357d59c15916d4fde4fe8c3a24f2,YES,Frozen complete official JSON for NCT06163352
INPUT0999,OFFICIAL_JSON_ANALYTICAL_INPUT,data/raw/step_07/clinicaltrials_api/full_records/2026-07-25/NCT06185465__v1__lastupdate-2024-02-23.json,14939,8b74310ae23354ec00ea78f78b8647af90c715a473521a0289455d11c947f7e5,YES,Frozen complete official JSON for NCT06185465
INPUT1000,OFFICIAL_JSON_ANALYTICAL_INPUT,data/raw/step_07/clinicaltrials_api/full_records/2026-07-25/NCT06187506__v1__lastupdate-2026-07-20.json,13187,86b19892725b1cac0dc6edd78cd0a0e0b0c1d2dd991150bac98ef19ab569541f,YES,Frozen complete official JSON for NCT06187506
INPUT1001,OFFICIAL_JSON_ANALYTICAL_INPUT,data/raw/step_07/clinicaltrials_api/full_records/2026-07-25/NCT06197399__v1__lastupdate-2024-01-09.json,11317,509990a8b972fceb3e6bd87a8bd8a7688b91b4811bfdb6d67a2e329f965e9cf3,YES,Frozen complete official JSON for NCT06197399
INPUT1002,OFFICIAL_JSON_ANALYTICAL_INPUT,data/raw/step_07/clinicaltrials_api/full_records/2026-07-25/NCT06210399__v1__lastupdate-2025-05-25.json,16670,16acd3af669264574c33d3aa44a8df1a41b5d46ef935d3487a716000103e953e,YES,Frozen complete official JSON for NCT06210399
INPUT1003,OFFICIAL_JSON_ANALYTICAL_INPUT,data/raw/step_07/clinicaltrials_api/full_records/2026-07-25/NCT06213012__v1__lastupdate-2026-03-30.json,19676,e2cae588e253159472bc65fe55a07bc56554da28dd42e683301f064829dd9afb,YES,Frozen complete official JSON for NCT06213012
INPUT1004,OFFICIAL_JSON_ANALYTICAL_INPUT,data/raw/step_07/clinicaltrials_api/full_records/2026-07-25/NCT06225245__v1__lastupdate-2026-04-08.json,11732,15f32df0f4647d42d81e8424b580545e6d852a0cda08e8efda6eafd27075ecd0,YES,Frozen complete official JSON for NCT06225245
INPUT1005,OFFICIAL_JSON_ANALYTICAL_INPUT,data/raw/step_07/clinicaltrials_api/full_records/2026-07-25/NCT06235463__v1__lastupdate-2024-11-18.json,6992,f55a0b7092b8e68dd8404929b0b3328e3f625d961a022eead65a118184bd1a68,YES,Frozen complete official JSON for NCT06235463
INPUT1006,OFFICIAL_JSON_ANALYTICAL_INPUT,data/raw/step_07/clinicaltrials_api/full_records/2026-07-25/NCT06236750__v1__lastupdate-2024-02-01.json,7696,a30ead1a8c3bdb6600e4acc646f4516d470393941c52135e7bad60821eb74cbc,YES,Frozen complete official JSON for NCT06236750
INPUT1007,OFFICIAL_JSON_ANALYTICAL_INPUT,data/raw/step_07/clinicaltrials_api/full_records/2026-07-25/NCT06243328__v1__lastupdate-2024-02-06.json,7678,63efa31d68b7ef7ed8689655a6794efcaae921530040621ddcd39926794d9f23,YES,Frozen complete official JSON for NCT06243328
INPUT1008,OFFICIAL_JSON_ANALYTICAL_INPUT,data/raw/step_07/clinicaltrials_api/full_records/2026-07-25/NCT06255288__v1__lastupdate-2025-02-19.json,13044,8f06fc42f912a7c8c665a91fc9e16bf7590c2cbec0d87b070132127590ca6541,YES,Frozen complete official JSON for NCT06255288
INPUT1009,OFFICIAL_JSON_ANALYTICAL_INPUT,data/raw/step_07/clinicaltrials_api/full_records/2026-07-25/NCT06270264__v1__lastupdate-2024-02-21.json,9380,5d245eb76c329128969bc8e0e6a84e6e43b11abf6637459df1cc39bd5b952c4f,YES,Frozen complete official JSON for NCT06270264
INPUT1010,OFFICIAL_JSON_ANALYTICAL_INPUT,data/raw/step_07/clinicaltrials_api/full_records/2026-07-25/NCT06274021__v1__lastupdate-2024-07-01.json,17687,f33eac4890bbb6dade2c8c80e9b98f9a01bea14befd5bc6cb4f3edd2d04ab150,YES,Frozen complete official JSON for NCT06274021
INPUT1011,OFFICIAL_JSON_ANALYTICAL_INPUT,data/raw/step_07/clinicaltrials_api/full_records/2026-07-25/NCT06280053__v1__lastupdate-2024-02-28.json,9543,1aa7bb238a7154d77a83378af3891745416fc2d702e690238bb679cc13ac8c6f,YES,Frozen complete official JSON for NCT06280053
INPUT1012,OFFICIAL_JSON_ANALYTICAL_INPUT,data/raw/step_07/clinicaltrials_api/full_records/2026-07-25/NCT06283979__v1__lastupdate-2026-05-06.json,12039,66ea6580d0058d3c9e6b9ca43c065d651274eb2b7853e5be6625fe7a607dc084,YES,Frozen complete official JSON for NCT06283979
INPUT1013,OFFICIAL_JSON_ANALYTICAL_INPUT,data/raw/step_07/clinicaltrials_api/full_records/2026-07-25/NCT06294327__v1__lastupdate-2024-03-07.json,8199,ecd45865f8e92362bcb624d4563be5dd5c853e0d5a2a16d6b86561a435e5c66c,YES,Frozen complete official JSON for NCT06294327
INPUT1014,OFFICIAL_JSON_ANALYTICAL_INPUT,data/raw/step_07/clinicaltrials_api/full_records/2026-07-25/NCT06296771__v1__lastupdate-2024-03-06.json,14039,e422a9c5ebb609d72fdb1dbceb66d70a119c9f20d470d48fa7acbf25ab5f070f,YES,Frozen complete official JSON for NCT06296771
INPUT1015,OFFICIAL_JSON_ANALYTICAL_INPUT,data/raw/step_07/clinicaltrials_api/full_records/2026-07-25/NCT06300762__v1__lastupdate-2025-01-31.json,10382,e273f1d26f5dc1960f95a91cdded45d89e90165d5bda8c61a745d1b481a8c32b,YES,Frozen complete official JSON for NCT06300762
INPUT1016,OFFICIAL_JSON_ANALYTICAL_INPUT,data/raw/step_07/clinicaltrials_api/full_records/2026-07-25/NCT06302582__v1__lastupdate-2024-03-12.json,10757,c198b6d5f748a29728508869e53be6905f151acb7ad92b672eaa85539d597e2d,YES,Frozen complete official JSON for NCT06302582
INPUT1017,OFFICIAL_JSON_ANALYTICAL_INPUT,data/raw/step_07/clinicaltrials_api/full_records/2026-07-25/NCT06308211__v1__lastupdate-2024-10-15.json,11642,9f909773f77c075e0117b7ece485c2a3c35be861d31362cb103eaac009fc1731,YES,Frozen complete official JSON for NCT06308211
INPUT1018,OFFICIAL_JSON_ANALYTICAL_INPUT,data/raw/step_07/clinicaltrials_api/full_records/2026-07-25/NCT06313515__v1__lastupdate-2026-05-06.json,17202,c1b96e41123c4d14f2beee1ed2db63ebd52dbad144aa3503b6b5fd3c0db3b3f5,YES,Frozen complete official JSON for NCT06313515
INPUT1019,OFFICIAL_JSON_ANALYTICAL_INPUT,data/raw/step_07/clinicaltrials_api/full_records/2026-07-25/NCT06316726__v1__lastupdate-2024-03-18.json,7841,6d97536b43d9fff8a864d45825e83243f99c5db12bf674326b7ea1c91af8f919,YES,Frozen complete official JSON for NCT06316726
INPUT1020,OFFICIAL_JSON_ANALYTICAL_INPUT,data/raw/step_07/clinicaltrials_api/full_records/2026-07-25/NCT06327113__v1__lastupdate-2026-04-23.json,22118,60ff6b05a4151c839070e29e6bd5fc165516fc5e7596497b39e13caf7e724465,YES,Frozen complete official JSON for NCT06327113
INPUT1021,OFFICIAL_JSON_ANALYTICAL_INPUT,data/raw/step_07/clinicaltrials_api/full_records/2026-07-25/NCT06329934__v1__lastupdate-2024-03-26.json,15618,6bb4da56585c4c32d92628da85e781a9e7cb3f644172ef03154504ee61153c82,YES,Frozen complete official JSON for NCT06329934
INPUT1022,OFFICIAL_JSON_ANALYTICAL_INPUT,data/raw/step_07/clinicaltrials_api/full_records/2026-07-25/NCT06330493__v1__lastupdate-2026-06-24.json,23830,958443f2f19490b66caa02477075a4c3916dba62cb186e11e9152a2f09d547a1,YES,Frozen complete official JSON for NCT06330493
INPUT1023,OFFICIAL_JSON_ANALYTICAL_INPUT,data/raw/step_07/clinicaltrials_api/full_records/2026-07-25/NCT06330506__v1__lastupdate-2024-08-23.json,5179,bbbefe4e557d8897a0866d3579559606c40f6358574571016da909152d9b9f3b,YES,Frozen complete official JSON for NCT06330506
INPUT1024,OFFICIAL_JSON_ANALYTICAL_INPUT,data/raw/step_07/clinicaltrials_api/full_records/2026-07-25/NCT06346119__v1__lastupdate-2025-09-03.json,7089,1c26c744a1a04a87747ce77c38a6d2d69e30098edeedfa3e00ac1bc2c21413d1,YES,Frozen complete official JSON for NCT06346119
INPUT1025,OFFICIAL_JSON_ANALYTICAL_INPUT,data/raw/step_07/clinicaltrials_api/full_records/2026-07-25/NCT06350695__v1__lastupdate-2024-10-02.json,14452,4c555e756ad3b7437e9fcf225eef8a0e6e0bd59062b86b1e501d5674571d96a6,YES,Frozen complete official JSON for NCT06350695
INPUT1026,OFFICIAL_JSON_ANALYTICAL_INPUT,data/raw/step_07/clinicaltrials_api/full_records/2026-07-25/NCT06353763__v1__lastupdate-2024-04-09.json,9498,41d3979e34377856eb369bc256a2940d73d2e40ce868e1ad5e08399529f5456d,YES,Frozen complete official JSON for NCT06353763
INPUT1027,OFFICIAL_JSON_ANALYTICAL_INPUT,data/raw/step_07/clinicaltrials_api/full_records/2026-07-25/NCT06354231__v1__lastupdate-2024-04-11.json,10209,d13d990b38f7101a21872da953e9a37bc3eca9c4278cee2494706659972e71c6,YES,Frozen complete official JSON for NCT06354231
INPUT1028,OFFICIAL_JSON_ANALYTICAL_INPUT,data/raw/step_07/clinicaltrials_api/full_records/2026-07-25/NCT06362135__v1__lastupdate-2024-04-15.json,10687,c78927f7b2fecf8653adf3171248bec2bb3882239714ced65e5043941bd11fed,YES,Frozen complete official JSON for NCT06362135
INPUT1029,OFFICIAL_JSON_ANALYTICAL_INPUT,data/raw/step_07/clinicaltrials_api/full_records/2026-07-25/NCT06367179__v1__lastupdate-2024-04-16.json,9269,5831ae8f26f0431e6b45460e34e882d479e6291a54dabe21f4be108e55906752,YES,Frozen complete official JSON for NCT06367179
INPUT1030,OFFICIAL_JSON_ANALYTICAL_INPUT,data/raw/step_07/clinicaltrials_api/full_records/2026-07-25/NCT06369688__v1__lastupdate-2024-04-17.json,15839,3c0e9f647159ee00e93cf315666bbe1e61f40e1e7d2356acaef8eb9f430e2f04,YES,Frozen complete official JSON for NCT06369688
INPUT1031,OFFICIAL_JSON_ANALYTICAL_INPUT,data/raw/step_07/clinicaltrials_api/full_records/2026-07-25/NCT06374563__v1__lastupdate-2024-04-18.json,4927,4ec4505cdcf3ec40724d7f16c5451ef89ed5031e54b16b4feac1fbc0c906f9c2,YES,Frozen complete official JSON for NCT06374563
INPUT1032,OFFICIAL_JSON_ANALYTICAL_INPUT,data/raw/step_07/clinicaltrials_api/full_records/2026-07-25/NCT06379711__v1__lastupdate-2024-04-23.json,21867,524e651bb77ea879036f4408c6af6ad0e28ec0cb281400c055f6c1ad444a4a03,YES,Frozen complete official JSON for NCT06379711
INPUT1033,OFFICIAL_JSON_ANALYTICAL_INPUT,data/raw/step_07/clinicaltrials_api/full_records/2026-07-25/NCT06406855__v1__lastupdate-2025-09-12.json,11679,e33e48590a176f60fc1b39807b9b836d04a3f187fabea4673525e09e69368ce6,YES,Frozen complete official JSON for NCT06406855
INPUT1034,OFFICIAL_JSON_ANALYTICAL_INPUT,data/raw/step_07/clinicaltrials_api/full_records/2026-07-25/NCT06410001__v1__lastupdate-2026-03-27.json,10381,0fc83d263518ecf231a7952e514b8c00670d5594f9fac3bd0e35cd1758ec9377,YES,Frozen complete official JSON for NCT06410001
INPUT1035,OFFICIAL_JSON_ANALYTICAL_INPUT,data/raw/step_07/clinicaltrials_api/full_records/2026-07-25/NCT06410833__v1__lastupdate-2024-05-16.json,12663,84b57de713b00a7f3b83abe37cc75331ce319aa230147f53e6588f50404d1f55,YES,Frozen complete official JSON for NCT06410833
INPUT1036,OFFICIAL_JSON_ANALYTICAL_INPUT,data/raw/step_07/clinicaltrials_api/full_records/2026-07-25/NCT06416878__v1__lastupdate-2026-02-19.json,15674,a755a3739f213813c8df355c02529617ba2dcc3ff1e08c8be2fb3e41386ebca9,YES,Frozen complete official JSON for NCT06416878
INPUT1037,OFFICIAL_JSON_ANALYTICAL_INPUT,data/raw/step_07/clinicaltrials_api/full_records/2026-07-25/NCT06420245__v1__lastupdate-2026-06-05.json,18556,7a391ac957be6218eb205c0ca9a2317d2d97d46db4d3e9304f0a55eb15535a43,YES,Frozen complete official JSON for NCT06420245
INPUT1038,OFFICIAL_JSON_ANALYTICAL_INPUT,data/raw/step_07/clinicaltrials_api/full_records/2026-07-25/NCT06421454__v1__lastupdate-2024-05-20.json,7212,80579eb72d5f83d8466a0bf97ce107d56741287bf47a1547990365f8a0e2b81a,YES,Frozen complete official JSON for NCT06421454
INPUT1039,OFFICIAL_JSON_ANALYTICAL_INPUT,data/raw/step_07/clinicaltrials_api/full_records/2026-07-25/NCT06435143__v1__lastupdate-2024-05-30.json,10832,3c2030472b7485788110b63b158a28030e4f3d41a243352f8a8e2b3cf417a393,YES,Frozen complete official JSON for NCT06435143
INPUT1040,OFFICIAL_JSON_ANALYTICAL_INPUT,data/raw/step_07/clinicaltrials_api/full_records/2026-07-25/NCT06440538__v1__lastupdate-2026-03-24.json,10568,5a14c67bd25fa95b339abb80f62183edb761ddd975ea0c208cc39bead6820cde,YES,Frozen complete official JSON for NCT06440538
INPUT1041,OFFICIAL_JSON_ANALYTICAL_INPUT,data/raw/step_07/clinicaltrials_api/full_records/2026-07-25/NCT06442657__v1__lastupdate-2025-03-25.json,7959,f1efb67082753ad220a4825e6ec6e0ca96bda3f975af96577706422fa5251ca2,YES,Frozen complete official JSON for NCT06442657
INPUT1042,OFFICIAL_JSON_ANALYTICAL_INPUT,data/raw/step_07/clinicaltrials_api/full_records/2026-07-25/NCT06453187__v1__lastupdate-2026-04-14.json,21473,e3b326a289e79daddc943cd8c5f9c38f55d039007d41a2aa4fc541bcd6b848ea,YES,Frozen complete official JSON for NCT06453187
INPUT1043,OFFICIAL_JSON_ANALYTICAL_INPUT,data/raw/step_07/clinicaltrials_api/full_records/2026-07-25/NCT06455137__v1__lastupdate-2026-07-22.json,9838,4df80de92770b799ee059dc6a0277ace12b6385c802887de0897efa0498f0bd5,YES,Frozen complete official JSON for NCT06455137
INPUT1044,OFFICIAL_JSON_ANALYTICAL_INPUT,data/raw/step_07/clinicaltrials_api/full_records/2026-07-25/NCT06465290__v1__lastupdate-2026-07-17.json,20879,1e24e55b016dced3fd1c8dc1b59532720f6bc101f4e83c7bc8443956848a57cc,YES,Frozen complete official JSON for NCT06465290
INPUT1045,OFFICIAL_JSON_ANALYTICAL_INPUT,data/raw/step_07/clinicaltrials_api/full_records/2026-07-25/NCT06489028__v1__lastupdate-2025-10-01.json,10377,54321fae0a650583acb566ad74915a113679f28f14c37b6636cdfe1671ff92fa,YES,Frozen complete official JSON for NCT06489028
INPUT1046,OFFICIAL_JSON_ANALYTICAL_INPUT,data/raw/step_07/clinicaltrials_api/full_records/2026-07-25/NCT06494020__v1__lastupdate-2025-08-19.json,8749,9528db335f3308b519c6779daf8d6be6a20e011e1ad7a555d2b7544e6829f44e,YES,Frozen complete official JSON for NCT06494020
INPUT1047,OFFICIAL_JSON_ANALYTICAL_INPUT,data/raw/step_07/clinicaltrials_api/full_records/2026-07-25/NCT06494059__v1__lastupdate-2026-04-23.json,13398,0f1a9ae60af6c605ecb6343f6c6e6f001f9759a9c9be138098d90396e8a6bf20,YES,Frozen complete official JSON for NCT06494059
INPUT1048,OFFICIAL_JSON_ANALYTICAL_INPUT,data/raw/step_07/clinicaltrials_api/full_records/2026-07-25/NCT06499506__v1__lastupdate-2025-06-26.json,8603,6373de886661911d9cd7700ddff3cae80b06d653cf45de9a89ccd7cc66267830,YES,Frozen complete official JSON for NCT06499506
INPUT1049,OFFICIAL_JSON_ANALYTICAL_INPUT,data/raw/step_07/clinicaltrials_api/full_records/2026-07-25/NCT06503406__v1__lastupdate-2025-02-21.json,8074,14f15f825e7ff5eeef51721e7432034904d0c2bf1b1b38650616d5044305b8cf,YES,Frozen complete official JSON for NCT06503406
INPUT1050,OFFICIAL_JSON_ANALYTICAL_INPUT,data/raw/step_07/clinicaltrials_api/full_records/2026-07-25/NCT06509399__v1__lastupdate-2024-07-19.json,7118,11331d8000b594477caa9c7935ab84ea6c53fe9901af07a325b566c2565c2b96,YES,Frozen complete official JSON for NCT06509399
INPUT1051,OFFICIAL_JSON_ANALYTICAL_INPUT,data/raw/step_07/clinicaltrials_api/full_records/2026-07-25/NCT06510777__v1__lastupdate-2026-01-08.json,23408,a37dfbe7766174881ecc7f454fe4a8efaf26f01c628bf41476666bff7d0f1786,YES,Frozen complete official JSON for NCT06510777
INPUT1052,OFFICIAL_JSON_ANALYTICAL_INPUT,data/raw/step_07/clinicaltrials_api/full_records/2026-07-25/NCT06513936__v1__lastupdate-2025-02-06.json,11254,e93d2ca373ea478e31e59838bc242cb609d62376965b9c9421de433d8a915367,YES,Frozen complete official JSON for NCT06513936
INPUT1053,OFFICIAL_JSON_ANALYTICAL_INPUT,data/raw/step_07/clinicaltrials_api/full_records/2026-07-25/NCT06515093__v1__lastupdate-2026-04-07.json,7221,c5bfabed3acb66649c695bd2ce37659b00a3ea1d95d8bd3204e48d5d12f754de,YES,Frozen complete official JSON for NCT06515093
INPUT1054,OFFICIAL_JSON_ANALYTICAL_INPUT,data/raw/step_07/clinicaltrials_api/full_records/2026-07-25/NCT06522529__v1__lastupdate-2024-07-26.json,69057,fad8c0651b650b6095ab9a720b038bfa407067a0429d519c86fbc433539126e2,YES,Frozen complete official JSON for NCT06522529
INPUT1055,OFFICIAL_JSON_ANALYTICAL_INPUT,data/raw/step_07/clinicaltrials_api/full_records/2026-07-25/NCT06527716__v1__lastupdate-2024-07-30.json,13797,bd1d9743564a4c33f19678454600a62575247aa7dbadb6fd4cbc55f640d4b622,YES,Frozen complete official JSON for NCT06527716
INPUT1056,OFFICIAL_JSON_ANALYTICAL_INPUT,data/raw/step_07/clinicaltrials_api/full_records/2026-07-25/NCT06528873__v1__lastupdate-2026-05-08.json,23864,880742ee61008cded8377f0c984f7c8a0082f119a3274535ac63e89739a3c86a,YES,Frozen complete official JSON for NCT06528873
INPUT1057,OFFICIAL_JSON_ANALYTICAL_INPUT,data/raw/step_07/clinicaltrials_api/full_records/2026-07-25/NCT06529094__v1__lastupdate-2025-11-14.json,26736,af62ed0887d036814f1a14016812b6c6c9e0114d5ac59dde15c6c97ca4bda333,YES,Frozen complete official JSON for NCT06529094
INPUT1058,OFFICIAL_JSON_ANALYTICAL_INPUT,data/raw/step_07/clinicaltrials_api/full_records/2026-07-25/NCT06533436__v1__lastupdate-2026-06-11.json,12339,587accdc90fef2d7864ac7742eac7939381c3cb1e8ecf130e3d4a8ab0a76387e,YES,Frozen complete official JSON for NCT06533436
INPUT1059,OFFICIAL_JSON_ANALYTICAL_INPUT,data/raw/step_07/clinicaltrials_api/full_records/2026-07-25/NCT06538974__v1__lastupdate-2024-08-06.json,19542,25312a7d6a3834c6f99ef4ae71ec76b25d2f62f7fd0c9b3c774b486516187bff,YES,Frozen complete official JSON for NCT06538974
INPUT1060,OFFICIAL_JSON_ANALYTICAL_INPUT,data/raw/step_07/clinicaltrials_api/full_records/2026-07-25/NCT06540859__v1__lastupdate-2025-03-27.json,20509,59cd011de9e74f4afafeef9fce4dec1047dddec4e380167b0f3cff84023583b1,YES,Frozen complete official JSON for NCT06540859
INPUT1061,OFFICIAL_JSON_ANALYTICAL_INPUT,data/raw/step_07/clinicaltrials_api/full_records/2026-07-25/NCT06541197__v1__lastupdate-2025-12-05.json,11752,1a089b0c0449d6754a1107da2412cec48ed3c0faec16be174f1ab8ca438478a1,YES,Frozen complete official JSON for NCT06541197
INPUT1062,OFFICIAL_JSON_ANALYTICAL_INPUT,data/raw/step_07/clinicaltrials_api/full_records/2026-07-25/NCT06544564__v1__lastupdate-2026-05-27.json,11310,ffec7a7277415400fdb2181a13be4ee272c8a41d59a56d70cce3b552e3aac2fa,YES,Frozen complete official JSON for NCT06544564
INPUT1063,OFFICIAL_JSON_ANALYTICAL_INPUT,data/raw/step_07/clinicaltrials_api/full_records/2026-07-25/NCT06559657__v1__lastupdate-2024-08-19.json,10191,ac5d6d27da6fb1cc23da6721502d962f7a649f090991801e57ce960ad5cc5ea7,YES,Frozen complete official JSON for NCT06559657
INPUT1064,OFFICIAL_JSON_ANALYTICAL_INPUT,data/raw/step_07/clinicaltrials_api/full_records/2026-07-25/NCT06560502__v1__lastupdate-2025-01-20.json,13112,cd72e94080d42fe49205f2b09576b8308e7b2aec86450c3c97079c7fd26129ba,YES,Frozen complete official JSON for NCT06560502
INPUT1065,OFFICIAL_JSON_ANALYTICAL_INPUT,data/raw/step_07/clinicaltrials_api/full_records/2026-07-25/NCT06562296__v1__lastupdate-2026-04-13.json,20043,9d3aad97352e20f6cb329cd66501c5062f5c37471bb9bfe03cab915f623c56e8,YES,Frozen complete official JSON for NCT06562296
INPUT1066,OFFICIAL_JSON_ANALYTICAL_INPUT,data/raw/step_07/clinicaltrials_api/full_records/2026-07-25/NCT06563830__v1__lastupdate-2024-10-16.json,17314,8cfd8435a59779fc6b4cb7357a90924b449198773246afbac2f3694bc21ecd94,YES,Frozen complete official JSON for NCT06563830
INPUT1067,OFFICIAL_JSON_ANALYTICAL_INPUT,data/raw/step_07/clinicaltrials_api/full_records/2026-07-25/NCT06564090__v1__lastupdate-2024-08-21.json,9739,7e208298e6144fbac99456caa45e96a736330125a32e04b7f637645fa2f68759,YES,Frozen complete official JSON for NCT06564090
INPUT1068,OFFICIAL_JSON_ANALYTICAL_INPUT,data/raw/step_07/clinicaltrials_api/full_records/2026-07-25/NCT06564480__v1__lastupdate-2024-08-21.json,10054,0ea9386f5cbcd74abd2b31a785c821b785cf629633d9805143b45fb4cef3e526,YES,Frozen complete official JSON for NCT06564480
INPUT1069,OFFICIAL_JSON_ANALYTICAL_INPUT,data/raw/step_07/clinicaltrials_api/full_records/2026-07-25/NCT06565949__v1__lastupdate-2025-03-12.json,7711,b1ca3ea39491cf78226f0288b3109e5e80d1ea938f46c19e780223e043fbddb4,YES,Frozen complete official JSON for NCT06565949
INPUT1070,OFFICIAL_JSON_ANALYTICAL_INPUT,data/raw/step_07/clinicaltrials_api/full_records/2026-07-25/NCT06568627__v1__lastupdate-2026-04-02.json,23150,ce5e10443228f85545a587648323525f7d77dd820948f6296828c0e5d584f86b,YES,Frozen complete official JSON for NCT06568627
INPUT1071,OFFICIAL_JSON_ANALYTICAL_INPUT,data/raw/step_07/clinicaltrials_api/full_records/2026-07-25/NCT06583538__v1__lastupdate-2024-11-22.json,10545,aab3e001ec4d522ff53c71e57aa30d3db947e9c01357001a1aa957c9e4f589ec,YES,Frozen complete official JSON for NCT06583538
INPUT1072,OFFICIAL_JSON_ANALYTICAL_INPUT,data/raw/step_07/clinicaltrials_api/full_records/2026-07-25/NCT06587841__v1__lastupdate-2026-02-27.json,63378,05a94c987e3b72c9a8f96afe5c2eb4e8538385407a89f15cbaa76da93bde7b14,YES,Frozen complete official JSON for NCT06587841
INPUT1073,OFFICIAL_JSON_ANALYTICAL_INPUT,data/raw/step_07/clinicaltrials_api/full_records/2026-07-25/NCT06588010__v1__lastupdate-2026-03-17.json,10833,6dc4006e9ab012fbc2b1a99959894885c2d972b3c9d5034fd68f3ddf78e978a8,YES,Frozen complete official JSON for NCT06588010
INPUT1074,OFFICIAL_JSON_ANALYTICAL_INPUT,data/raw/step_07/clinicaltrials_api/full_records/2026-07-25/NCT06603961__v1__lastupdate-2026-02-09.json,15387,c53f2394c01a3bd41eeac62359f02cbf029ddebb59d6271801905ec1da231e91,YES,Frozen complete official JSON for NCT06603961
INPUT1075,OFFICIAL_JSON_ANALYTICAL_INPUT,data/raw/step_07/clinicaltrials_api/full_records/2026-07-25/NCT06606210__v1__lastupdate-2025-08-22.json,10963,14e4d1ac4cd9c0eb08549378097f436b2dbd06e787ab0fbbecb198cb954dbdac,YES,Frozen complete official JSON for NCT06606210
INPUT1076,OFFICIAL_JSON_ANALYTICAL_INPUT,data/raw/step_07/clinicaltrials_api/full_records/2026-07-25/NCT06608121__v1__lastupdate-2025-12-03.json,6663,8eccfe2a151278bd7d33a876d3169a0c59c2c4fceb8209d903f6d3f37bef45be,YES,Frozen complete official JSON for NCT06608121
INPUT1077,OFFICIAL_JSON_ANALYTICAL_INPUT,data/raw/step_07/clinicaltrials_api/full_records/2026-07-25/NCT06608303__v1__lastupdate-2025-11-17.json,22550,3715908bee04d1705c5b348860050c4ec257c86b6cafa085e1eb72abb4f4cd60,YES,Frozen complete official JSON for NCT06608303
INPUT1078,OFFICIAL_JSON_ANALYTICAL_INPUT,data/raw/step_07/clinicaltrials_api/full_records/2026-07-25/NCT06611748__v1__lastupdate-2026-02-24.json,14359,0b2165b3b82d52d1b4d0bab52775ee7b9846ed563722b9abc7de3a25b69f3dac,YES,Frozen complete official JSON for NCT06611748
INPUT1079,OFFICIAL_JSON_ANALYTICAL_INPUT,data/raw/step_07/clinicaltrials_api/full_records/2026-07-25/NCT06612996__v1__lastupdate-2024-09-25.json,5241,3fac0763631f6afe74fdfc0605fa892d244e8c0f99057fe61b93367bb067ae01,YES,Frozen complete official JSON for NCT06612996
INPUT1080,OFFICIAL_JSON_ANALYTICAL_INPUT,data/raw/step_07/clinicaltrials_api/full_records/2026-07-25/NCT06615947__v1__lastupdate-2026-04-22.json,16416,9fd396321575ebcd6b65f158c5f031f4a2edee659ff1ae8eb7cec51108c61790,YES,Frozen complete official JSON for NCT06615947
INPUT1081,OFFICIAL_JSON_ANALYTICAL_INPUT,data/raw/step_07/clinicaltrials_api/full_records/2026-07-25/NCT06621966__v1__lastupdate-2024-10-03.json,5999,9113e2d243d7f1256f1df4fa03b92ed9b1590fb30ef73724257c3d84586baa69,YES,Frozen complete official JSON for NCT06621966
INPUT1082,OFFICIAL_JSON_ANALYTICAL_INPUT,data/raw/step_07/clinicaltrials_api/full_records/2026-07-25/NCT06624540__v1__lastupdate-2025-12-15.json,15222,baa68d76f3056cb771cd9cedb473eb15b98f51382c59542480b61f688e11d68f,YES,Frozen complete official JSON for NCT06624540
INPUT1083,OFFICIAL_JSON_ANALYTICAL_INPUT,data/raw/step_07/clinicaltrials_api/full_records/2026-07-25/NCT06625385__v1__lastupdate-2026-02-13.json,10625,560260cf85a54097fabd1886c2021f947a8661610f9278dacef0d7d3f9268615,YES,Frozen complete official JSON for NCT06625385
INPUT1084,OFFICIAL_JSON_ANALYTICAL_INPUT,data/raw/step_07/clinicaltrials_api/full_records/2026-07-25/NCT06629506__v1__lastupdate-2026-03-05.json,9521,813385f85f076ada0072e0a9bd73357c540dc141c1dbd4fdfc120fcb2352895f,YES,Frozen complete official JSON for NCT06629506
INPUT1085,OFFICIAL_JSON_ANALYTICAL_INPUT,data/raw/step_07/clinicaltrials_api/full_records/2026-07-25/NCT06634095__v1__lastupdate-2025-06-03.json,9860,9b2ecd3a607eed4def082c1282afa29ed18e715b1123496043c649a5992b6ade,YES,Frozen complete official JSON for NCT06634095
INPUT1086,OFFICIAL_JSON_ANALYTICAL_INPUT,data/raw/step_07/clinicaltrials_api/full_records/2026-07-25/NCT06640985__v1__lastupdate-2025-12-23.json,9273,6cad40bc47b3d420766bff01b8c7112775c4821f9eba91e3eca42eb31ea3a78e,YES,Frozen complete official JSON for NCT06640985
INPUT1087,OFFICIAL_JSON_ANALYTICAL_INPUT,data/raw/step_07/clinicaltrials_api/full_records/2026-07-25/NCT06642051__v1__lastupdate-2026-02-19.json,9112,cf02d6b116b8b61ea0b81275ed0e1d8be308de6a54e14618b60a6eca1499bff3,YES,Frozen complete official JSON for NCT06642051
INPUT1088,OFFICIAL_JSON_ANALYTICAL_INPUT,data/raw/step_07/clinicaltrials_api/full_records/2026-07-25/NCT06644235__v1__lastupdate-2024-10-17.json,7392,50e41a2b93f401706d09d49778b4aa7af39b5cc07594a28fdc836055a68185e6,YES,Frozen complete official JSON for NCT06644235
INPUT1089,OFFICIAL_JSON_ANALYTICAL_INPUT,data/raw/step_07/clinicaltrials_api/full_records/2026-07-25/NCT06650982__v1__lastupdate-2025-05-22.json,7895,5f315c93e0b793082d5b7eeaacd7be53e0b99856a2cd5868a95cbfdd07466748,YES,Frozen complete official JSON for NCT06650982
INPUT1090,OFFICIAL_JSON_ANALYTICAL_INPUT,data/raw/step_07/clinicaltrials_api/full_records/2026-07-25/NCT06652360__v1__lastupdate-2026-02-24.json,7153,e0647c3d36a05ba8dbd638551c28a7893e5eeb2246a4db39bf1c023fd3a84030,YES,Frozen complete official JSON for NCT06652360
INPUT1091,OFFICIAL_JSON_ANALYTICAL_INPUT,data/raw/step_07/clinicaltrials_api/full_records/2026-07-25/NCT06667570__v1__lastupdate-2025-11-25.json,11623,7a4589cf74468c3bccd71137dea0c37f7d7957eadf1593a9ea926a40670d4040,YES,Frozen complete official JSON for NCT06667570
INPUT1092,OFFICIAL_JSON_ANALYTICAL_INPUT,data/raw/step_07/clinicaltrials_api/full_records/2026-07-25/NCT06672458__v1__lastupdate-2026-04-23.json,12235,0181e19464a1e493186a85ad9e1079ea4fa86b7a69221d967e5951f1f667b85b,YES,Frozen complete official JSON for NCT06672458
INPUT1093,OFFICIAL_JSON_ANALYTICAL_INPUT,data/raw/step_07/clinicaltrials_api/full_records/2026-07-25/NCT06674980__v1__lastupdate-2024-12-27.json,18133,7894d972271cafeedcc598bdb4ac262229d01af6da599babe0261b38546df353,YES,Frozen complete official JSON for NCT06674980
INPUT1094,OFFICIAL_JSON_ANALYTICAL_INPUT,data/raw/step_07/clinicaltrials_api/full_records/2026-07-25/NCT06675760__v1__lastupdate-2024-11-05.json,7823,041583a1ea456bbf3f09b2a02c9e3815639f3150c73fa632f34f718a187cb7c5,YES,Frozen complete official JSON for NCT06675760
INPUT1095,OFFICIAL_JSON_ANALYTICAL_INPUT,data/raw/step_07/clinicaltrials_api/full_records/2026-07-25/NCT06681194__v1__lastupdate-2026-07-22.json,16260,f44f8f36fac5a2d3c819f146b80906c3b68ecb74971854a63ef44867d6f5575d,YES,Frozen complete official JSON for NCT06681194
INPUT1096,OFFICIAL_JSON_ANALYTICAL_INPUT,data/raw/step_07/clinicaltrials_api/full_records/2026-07-25/NCT06690177__v1__lastupdate-2024-11-15.json,11661,a3084a809af797db19acab4c9ccda4c03cb9e5ea687dc39463ee5957c71314ce,YES,Frozen complete official JSON for NCT06690177
INPUT1097,OFFICIAL_JSON_ANALYTICAL_INPUT,data/raw/step_07/clinicaltrials_api/full_records/2026-07-25/NCT06691165__v1__lastupdate-2025-11-18.json,12982,4cfaf3497dc2b9c302d45ed2bb20d6efb7428ac47727e1964e91d769d820582d,YES,Frozen complete official JSON for NCT06691165
INPUT1098,OFFICIAL_JSON_ANALYTICAL_INPUT,data/raw/step_07/clinicaltrials_api/full_records/2026-07-25/NCT06693570__v1__lastupdate-2025-01-24.json,11935,9d56aca1edd15503b6ead7eadebbc037a8bb12fa57ee11d36576563c3c036fcf,YES,Frozen complete official JSON for NCT06693570
INPUT1099,OFFICIAL_JSON_ANALYTICAL_INPUT,data/raw/step_07/clinicaltrials_api/full_records/2026-07-25/NCT06700551__v1__lastupdate-2025-08-03.json,10257,3abba739fcf526b0f29b548357f8c83b587628c5c683e76c89feba17e1e953e1,YES,Frozen complete official JSON for NCT06700551
INPUT1100,OFFICIAL_JSON_ANALYTICAL_INPUT,data/raw/step_07/clinicaltrials_api/full_records/2026-07-25/NCT06705790__v1__lastupdate-2026-05-08.json,13692,1586fca4c251ff34157e8514a41c311b61111574e6634a6351dc1712488a6f2b,YES,Frozen complete official JSON for NCT06705790
INPUT1101,OFFICIAL_JSON_ANALYTICAL_INPUT,data/raw/step_07/clinicaltrials_api/full_records/2026-07-25/NCT06707090__v1__lastupdate-2026-02-12.json,18111,97c51cb0d9185819fbc57a5f77a677ac4c612ec8880a85ebd3f80f45875c24ad,YES,Frozen complete official JSON for NCT06707090
INPUT1102,OFFICIAL_JSON_ANALYTICAL_INPUT,data/raw/step_07/clinicaltrials_api/full_records/2026-07-25/NCT06707103__v1__lastupdate-2025-04-02.json,12209,fbcf10a9cf67257e306bddd6cc104d717c621144b8ca3a921644d9ad0d1449af,YES,Frozen complete official JSON for NCT06707103
INPUT1103,OFFICIAL_JSON_ANALYTICAL_INPUT,data/raw/step_07/clinicaltrials_api/full_records/2026-07-25/NCT06718777__v1__lastupdate-2024-12-05.json,7660,938b906c8994bed8262d4cd9197ce8db53f4f9746d0cb7c8bc180f41b5b57243,YES,Frozen complete official JSON for NCT06718777
INPUT1104,OFFICIAL_JSON_ANALYTICAL_INPUT,data/raw/step_07/clinicaltrials_api/full_records/2026-07-25/NCT06725797__v1__lastupdate-2024-12-10.json,24654,38022ca9c0dfaaa9b5a6830ae15603c2ac8d05fbb24cf8b9e8e169bde69633c0,YES,Frozen complete official JSON for NCT06725797
INPUT1105,OFFICIAL_JSON_ANALYTICAL_INPUT,data/raw/step_07/clinicaltrials_api/full_records/2026-07-25/NCT06726486__v1__lastupdate-2024-12-10.json,13392,a7b092aaa0122a8208f0c380fc1c5956763f1a8bbc5e34942aba8628d97cb534,YES,Frozen complete official JSON for NCT06726486
INPUT1106,OFFICIAL_JSON_ANALYTICAL_INPUT,data/raw/step_07/clinicaltrials_api/full_records/2026-07-25/NCT06743607__v1__lastupdate-2026-03-31.json,12687,5219e380c22b73afb0dcbad7afd5b5ab4d5ea116046e91211d132101e7ae31d0,YES,Frozen complete official JSON for NCT06743607
INPUT1107,OFFICIAL_JSON_ANALYTICAL_INPUT,data/raw/step_07/clinicaltrials_api/full_records/2026-07-25/NCT06754735__v1__lastupdate-2025-11-19.json,19830,128e47f4000e9da480ebe9f2b51cd6d6103b924bbaf7570b9f54e6abb0e08569,YES,Frozen complete official JSON for NCT06754735
INPUT1108,OFFICIAL_JSON_ANALYTICAL_INPUT,data/raw/step_07/clinicaltrials_api/full_records/2026-07-25/NCT06756386__v1__lastupdate-2025-01-03.json,9801,4eb8a85a24f6409d1e4b253576c7f259957f6cc7f9230dd8b1e3d3d7d92fa990,YES,Frozen complete official JSON for NCT06756386
INPUT1109,OFFICIAL_JSON_ANALYTICAL_INPUT,data/raw/step_07/clinicaltrials_api/full_records/2026-07-25/NCT06758674__v1__lastupdate-2025-01-06.json,10798,9576d05bc1952689717db21f7804d90f66eff57efcdd7280191dcfe36a3fbf33,YES,Frozen complete official JSON for NCT06758674
INPUT1110,OFFICIAL_JSON_ANALYTICAL_INPUT,data/raw/step_07/clinicaltrials_api/full_records/2026-07-25/NCT06764095__v1__lastupdate-2026-02-12.json,24889,e686ab3788d459549223d160cf2e39244b2ee287dfa98d17678c5b423967f1a9,YES,Frozen complete official JSON for NCT06764095
INPUT1111,OFFICIAL_JSON_ANALYTICAL_INPUT,data/raw/step_07/clinicaltrials_api/full_records/2026-07-25/NCT06764953__v1__lastupdate-2025-01-09.json,9267,9c1238bc1929403a87c6ec4855bfee6a52071747235554daec55bb3565edcdcf,YES,Frozen complete official JSON for NCT06764953
INPUT1112,OFFICIAL_JSON_ANALYTICAL_INPUT,data/raw/step_07/clinicaltrials_api/full_records/2026-07-25/NCT06766903__v1__lastupdate-2025-01-22.json,26354,5d4484c23e55dc3a625163e0d30743ccb35d2c91ef621ff65872e6d87b65925e,YES,Frozen complete official JSON for NCT06766903
INPUT1113,OFFICIAL_JSON_ANALYTICAL_INPUT,data/raw/step_07/clinicaltrials_api/full_records/2026-07-25/NCT06770686__v1__lastupdate-2025-01-13.json,7716,8a04aea5f7fb264d4b71c1ea31df6e54a2af32aed376d41cfc603ad08e8a9f27,YES,Frozen complete official JSON for NCT06770686
INPUT1114,OFFICIAL_JSON_ANALYTICAL_INPUT,data/raw/step_07/clinicaltrials_api/full_records/2026-07-25/NCT06773286__v1__lastupdate-2025-01-14.json,24821,f821ca66c58b902e9f436b3214be48c0673f38b21f006bb968a20cbfe7e85f9c,YES,Frozen complete official JSON for NCT06773286
INPUT1115,OFFICIAL_JSON_ANALYTICAL_INPUT,data/raw/step_07/clinicaltrials_api/full_records/2026-07-25/NCT06775171__v1__lastupdate-2025-12-18.json,14470,9f67ab5342992856297ac509dc664004096f9b436e334e1ef2c7b47730b17e5e,YES,Frozen complete official JSON for NCT06775171
INPUT1116,OFFICIAL_JSON_ANALYTICAL_INPUT,data/raw/step_07/clinicaltrials_api/full_records/2026-07-25/NCT06777576__v1__lastupdate-2026-02-02.json,16254,499b2166bdc29d86a0fd3b2bf5a6ddec8bf5739159f5bf32042d1b076175cdac,YES,Frozen complete official JSON for NCT06777576
INPUT1117,OFFICIAL_JSON_ANALYTICAL_INPUT,data/raw/step_07/clinicaltrials_api/full_records/2026-07-25/NCT06780371__v1__lastupdate-2025-12-04.json,8250,5af761aa7fd1aec7d65ff35edfed231a10e7e6f104c103e014ffc172eba84180,YES,Frozen complete official JSON for NCT06780371
INPUT1118,OFFICIAL_JSON_ANALYTICAL_INPUT,data/raw/step_07/clinicaltrials_api/full_records/2026-07-25/NCT06790277__v1__lastupdate-2025-01-24.json,9065,442e34cbf52d4251f85e52d0e4cdead355dbba743502431633b1a385ace20f58,YES,Frozen complete official JSON for NCT06790277
INPUT1119,OFFICIAL_JSON_ANALYTICAL_INPUT,data/raw/step_07/clinicaltrials_api/full_records/2026-07-25/NCT06791044__v1__lastupdate-2025-06-08.json,17312,d27fbf150948842e19dba823fb56900477dd00e9a5ebe1803cb0a4004e64ad0c,YES,Frozen complete official JSON for NCT06791044
INPUT1120,OFFICIAL_JSON_ANALYTICAL_INPUT,data/raw/step_07/clinicaltrials_api/full_records/2026-07-25/NCT06801431__v1__lastupdate-2025-01-30.json,11580,01fc31b969a6ea111e4715992a396f9e82f65de84d22ac34a2845db7c1b4b494,YES,Frozen complete official JSON for NCT06801431
INPUT1121,OFFICIAL_JSON_ANALYTICAL_INPUT,data/raw/step_07/clinicaltrials_api/full_records/2026-07-25/NCT06811909__v1__lastupdate-2026-01-23.json,17981,632afffc9e40944773ae2b85bc1f8822838564d529b7daefc0a2f606d6db0676,YES,Frozen complete official JSON for NCT06811909
INPUT1122,OFFICIAL_JSON_ANALYTICAL_INPUT,data/raw/step_07/clinicaltrials_api/full_records/2026-07-25/NCT06812520__v1__lastupdate-2025-03-27.json,10826,b4c97c69664f3481269aef2ee9a6d44583a8a9db6a9c93e3430cf97082656b41,YES,Frozen complete official JSON for NCT06812520
INPUT1123,OFFICIAL_JSON_ANALYTICAL_INPUT,data/raw/step_07/clinicaltrials_api/full_records/2026-07-25/NCT06814015__v1__lastupdate-2026-02-02.json,16887,2401d117133855b66311a7eb1fee098b7301518d9e058c41561976ec0464f63a,YES,Frozen complete official JSON for NCT06814015
INPUT1124,OFFICIAL_JSON_ANALYTICAL_INPUT,data/raw/step_07/clinicaltrials_api/full_records/2026-07-25/NCT06819800__v1__lastupdate-2025-02-11.json,29613,2795b6c0c105f6659512eb2ff6c1676e78877d5e586df52e0b2c0b030d63544e,YES,Frozen complete official JSON for NCT06819800
INPUT1125,OFFICIAL_JSON_ANALYTICAL_INPUT,data/raw/step_07/clinicaltrials_api/full_records/2026-07-25/NCT06819943__v1__lastupdate-2025-06-22.json,19882,39cfef73c2f424d49936b106229d50a11d71e74cb7002649aad26ad6df99552f,YES,Frozen complete official JSON for NCT06819943
INPUT1126,OFFICIAL_JSON_ANALYTICAL_INPUT,data/raw/step_07/clinicaltrials_api/full_records/2026-07-25/NCT06826339__v1__lastupdate-2025-02-13.json,18225,594e84e73417804cce2fef20d6813286c892d34cc0aa7720229918afd0ffa0b9,YES,Frozen complete official JSON for NCT06826339
INPUT1127,OFFICIAL_JSON_ANALYTICAL_INPUT,data/raw/step_07/clinicaltrials_api/full_records/2026-07-25/NCT06827925__v1__lastupdate-2025-02-14.json,5844,a932a96753b4433ec724eb72a0ec239161bb4887767ca75439b8e326698b69b0,YES,Frozen complete official JSON for NCT06827925
INPUT1128,OFFICIAL_JSON_ANALYTICAL_INPUT,data/raw/step_07/clinicaltrials_api/full_records/2026-07-25/NCT06831760__v1__lastupdate-2025-09-22.json,56037,c80b307caa5da21ccf85f09adfcfa4454f75af87739081363727912771b0143d,YES,Frozen complete official JSON for NCT06831760
INPUT1129,OFFICIAL_JSON_ANALYTICAL_INPUT,data/raw/step_07/clinicaltrials_api/full_records/2026-07-25/NCT06832345__v1__lastupdate-2025-02-18.json,8874,d77cf42691579ca8f78301b6f86efd8b4d37a9da1fc67ed67ec4f67708dce726,YES,Frozen complete official JSON for NCT06832345
INPUT1130,OFFICIAL_JSON_ANALYTICAL_INPUT,data/raw/step_07/clinicaltrials_api/full_records/2026-07-25/NCT06834555__v1__lastupdate-2025-02-19.json,6125,9235cdf9751ad7946246083ee9538e67fda9ee9eee650d5f7cf7bfb98fb236bf,YES,Frozen complete official JSON for NCT06834555
INPUT1131,OFFICIAL_JSON_ANALYTICAL_INPUT,data/raw/step_07/clinicaltrials_api/full_records/2026-07-25/NCT06838390__v1__lastupdate-2025-02-20.json,9996,6423291717480ab2111c2e5a4872afbf99b219afddf780aa94324341b28f3d52,YES,Frozen complete official JSON for NCT06838390
INPUT1132,OFFICIAL_JSON_ANALYTICAL_INPUT,data/raw/step_07/clinicaltrials_api/full_records/2026-07-25/NCT06838637__v1__lastupdate-2025-02-20.json,12118,6bada674666f52d2d59d5737e8d9ae7ebb02f0006c0b3d7ee634f6b03af310c5,YES,Frozen complete official JSON for NCT06838637
INPUT1133,OFFICIAL_JSON_ANALYTICAL_INPUT,data/raw/step_07/clinicaltrials_api/full_records/2026-07-25/NCT06841198__v1__lastupdate-2026-07-01.json,15695,aa6391507d9e27e9f19e958cd94db4db2c60871a1786b8b459088be411fce0ce,YES,Frozen complete official JSON for NCT06841198
INPUT1134,OFFICIAL_JSON_ANALYTICAL_INPUT,data/raw/step_07/clinicaltrials_api/full_records/2026-07-25/NCT06844617__v1__lastupdate-2026-07-02.json,15794,bd7a79ae225a7a118a852b9b8fa4995e79eb2880b5a0d0ccadc84d1420cfde50,YES,Frozen complete official JSON for NCT06844617
INPUT1135,OFFICIAL_JSON_ANALYTICAL_INPUT,data/raw/step_07/clinicaltrials_api/full_records/2026-07-25/NCT06845904__v1__lastupdate-2025-07-14.json,28494,eef28460f47ed0fe985a8d2e97fc01de9ac68bd87997213139d9ad29ee27c5f6,YES,Frozen complete official JSON for NCT06845904
INPUT1136,OFFICIAL_JSON_ANALYTICAL_INPUT,data/raw/step_07/clinicaltrials_api/full_records/2026-07-25/NCT06847295__v1__lastupdate-2025-02-26.json,28443,09b215289a1fb043da1822db53c5e03d4ed414b8ea809f2e7c1cd98d1371a62b,YES,Frozen complete official JSON for NCT06847295
INPUT1137,OFFICIAL_JSON_ANALYTICAL_INPUT,data/raw/step_07/clinicaltrials_api/full_records/2026-07-25/NCT06848049__v1__lastupdate-2026-06-22.json,9575,d883c51e6031e1cee3d3e7231d965141135e5fa99750ead55eb1c6dbafa5a9a3,YES,Frozen complete official JSON for NCT06848049
INPUT1138,OFFICIAL_JSON_ANALYTICAL_INPUT,data/raw/step_07/clinicaltrials_api/full_records/2026-07-25/NCT06848660__v1__lastupdate-2026-04-14.json,20767,b54cc94e4625ffd9c3ed0e42201626de10a40e604eb86d881476257984c7d4b5,YES,Frozen complete official JSON for NCT06848660
INPUT1139,OFFICIAL_JSON_ANALYTICAL_INPUT,data/raw/step_07/clinicaltrials_api/full_records/2026-07-25/NCT06849024__v1__lastupdate-2025-02-27.json,6518,c1982f4e7dc8ab50ed8dd38fd0650a7882ecfba65fb2d6bad0ec89c36e12c911,YES,Frozen complete official JSON for NCT06849024
INPUT1140,OFFICIAL_JSON_ANALYTICAL_INPUT,data/raw/step_07/clinicaltrials_api/full_records/2026-07-25/NCT06853210__v1__lastupdate-2025-08-29.json,54318,06e16e533859df469a4823d466cb2799e92e6e482ce253f036e638648b741538,YES,Frozen complete official JSON for NCT06853210
INPUT1141,OFFICIAL_JSON_ANALYTICAL_INPUT,data/raw/step_07/clinicaltrials_api/full_records/2026-07-25/NCT06871254__v1__lastupdate-2025-08-08.json,13431,b122e9be59532ef5cab57eb312fbe7697886227e640dcd830cc6353299af305e,YES,Frozen complete official JSON for NCT06871254
INPUT1142,OFFICIAL_JSON_ANALYTICAL_INPUT,data/raw/step_07/clinicaltrials_api/full_records/2026-07-25/NCT06899282__v1__lastupdate-2025-09-03.json,14166,ca0cb9980d6ed9fe35f7e621ca52d8a03a653e78a927f312c283f2698127b0d7,YES,Frozen complete official JSON for NCT06899282
INPUT1143,OFFICIAL_JSON_ANALYTICAL_INPUT,data/raw/step_07/clinicaltrials_api/full_records/2026-07-25/NCT06906536__v1__lastupdate-2025-04-04.json,8983,b3334ed166458d3ab5c5da9b662139887cefbcfe0df6b7a6990bf436b8641568,YES,Frozen complete official JSON for NCT06906536
INPUT1144,OFFICIAL_JSON_ANALYTICAL_INPUT,data/raw/step_07/clinicaltrials_api/full_records/2026-07-25/NCT06918548__v1__lastupdate-2026-04-07.json,10466,f449a353af7559d628f9ad13db57c01fd3d4d99c9cca5aa2f01d7136ea3fd0d0,YES,Frozen complete official JSON for NCT06918548
INPUT1145,OFFICIAL_JSON_ANALYTICAL_INPUT,data/raw/step_07/clinicaltrials_api/full_records/2026-07-25/NCT06921551__v1__lastupdate-2026-06-02.json,14253,a470db5adaf3046bb661d2c3deb065cce292da521d7a40586d1aa31e618c1ecf,YES,Frozen complete official JSON for NCT06921551
INPUT1146,OFFICIAL_JSON_ANALYTICAL_INPUT,data/raw/step_07/clinicaltrials_api/full_records/2026-07-25/NCT06927479__v1__lastupdate-2025-04-15.json,8375,8dbda459c6069bcde5ac022813df8967e1e024b729d8ac6bab920d2f4d2df0cc,YES,Frozen complete official JSON for NCT06927479
INPUT1147,OFFICIAL_JSON_ANALYTICAL_INPUT,data/raw/step_07/clinicaltrials_api/full_records/2026-07-25/NCT06930716__v1__lastupdate-2026-06-18.json,13473,52841762b48dc1c07bbf947ce497dcfc67cc4d918479119b762bb48f73f9722c,YES,Frozen complete official JSON for NCT06930716
INPUT1148,OFFICIAL_JSON_ANALYTICAL_INPUT,data/raw/step_07/clinicaltrials_api/full_records/2026-07-25/NCT06930768__v1__lastupdate-2026-04-13.json,10192,fbf235f350572c15d29f3010cec246ad7ddb07d5db76d9c5e95bd37db2b6f7ed,YES,Frozen complete official JSON for NCT06930768
INPUT1149,OFFICIAL_JSON_ANALYTICAL_INPUT,data/raw/step_07/clinicaltrials_api/full_records/2026-07-25/NCT06936228__v1__lastupdate-2025-04-20.json,6071,4a56183c4a48528251f1ab5d59b0dfb1cf4cffc6ab58dd40ea7a893d6fcc5eec,YES,Frozen complete official JSON for NCT06936228
INPUT1150,OFFICIAL_JSON_ANALYTICAL_INPUT,data/raw/step_07/clinicaltrials_api/full_records/2026-07-25/NCT06939673__v1__lastupdate-2025-12-24.json,17785,dcf5a7d0c52ed91111b3b47fa5fb3e0bf1e360f02c60a5e87bc2abdebf2afc31,YES,Frozen complete official JSON for NCT06939673
INPUT1151,OFFICIAL_JSON_ANALYTICAL_INPUT,data/raw/step_07/clinicaltrials_api/full_records/2026-07-25/NCT06944431__v1__lastupdate-2025-04-25.json,8762,db1a403aa290f00589a178c67784c2a2125e992306932feaa10c48f96f8a0c65,YES,Frozen complete official JSON for NCT06944431
INPUT1152,OFFICIAL_JSON_ANALYTICAL_INPUT,data/raw/step_07/clinicaltrials_api/full_records/2026-07-25/NCT06945926__v1__lastupdate-2025-05-25.json,22694,9a5c51738ce0539714902df1b649b19c2d87751d373c3b7c6d84e3c4ad1147f4,YES,Frozen complete official JSON for NCT06945926
INPUT1153,OFFICIAL_JSON_ANALYTICAL_INPUT,data/raw/step_07/clinicaltrials_api/full_records/2026-07-25/NCT06954857__v1__lastupdate-2025-07-10.json,24233,958b39e47904e0ad993687e48a65d317b82a47de3d1e5b50c11b11533cb1ebeb,YES,Frozen complete official JSON for NCT06954857
INPUT1154,OFFICIAL_JSON_ANALYTICAL_INPUT,data/raw/step_07/clinicaltrials_api/full_records/2026-07-25/NCT06964048__v1__lastupdate-2025-05-09.json,14603,b14330ba14cd453ea7fe4b0d77fcde50671535b4adc8fa951fde8af5a989d536,YES,Frozen complete official JSON for NCT06964048
INPUT1155,OFFICIAL_JSON_ANALYTICAL_INPUT,data/raw/step_07/clinicaltrials_api/full_records/2026-07-25/NCT06965127__v1__lastupdate-2025-11-26.json,9796,52ab05c28b7cffae65daa889fc28dd6e85ca3fcd75408e244f1a8a6990d4ac4d,YES,Frozen complete official JSON for NCT06965127
INPUT1156,OFFICIAL_JSON_ANALYTICAL_INPUT,data/raw/step_07/clinicaltrials_api/full_records/2026-07-25/NCT06967116__v1__lastupdate-2025-05-13.json,10935,84524f578d7e81bd86045ceea9343215706d1ed9696923bf5431d4d55aeb6c6c,YES,Frozen complete official JSON for NCT06967116
INPUT1157,OFFICIAL_JSON_ANALYTICAL_INPUT,data/raw/step_07/clinicaltrials_api/full_records/2026-07-25/NCT06974552__v1__lastupdate-2025-05-16.json,10059,d047595f31fdc8d975f050d4bdd090b6b92536a5b021514a850c8e3e2ab41458,YES,Frozen complete official JSON for NCT06974552
INPUT1158,OFFICIAL_JSON_ANALYTICAL_INPUT,data/raw/step_07/clinicaltrials_api/full_records/2026-07-25/NCT06978283__v1__lastupdate-2025-05-18.json,8376,0a7953395c3e944d2dd5286b5689bd8f56126565cebb294d96d852b09980f057,YES,Frozen complete official JSON for NCT06978283
INPUT1159,OFFICIAL_JSON_ANALYTICAL_INPUT,data/raw/step_07/clinicaltrials_api/full_records/2026-07-25/NCT06981962__v1__lastupdate-2025-09-23.json,6318,ff34b0f7750bddbe8f07204d67109d695f0a243a5b3f80876a497d045545f945,YES,Frozen complete official JSON for NCT06981962
INPUT1160,OFFICIAL_JSON_ANALYTICAL_INPUT,data/raw/step_07/clinicaltrials_api/full_records/2026-07-25/NCT06999265__v1__lastupdate-2025-07-16.json,47550,ad5962ce169365e72b5c5cb16efae0d49cbd86341c6f5f54aaf8767e560a2ad8,YES,Frozen complete official JSON for NCT06999265
INPUT1161,OFFICIAL_JSON_ANALYTICAL_INPUT,data/raw/step_07/clinicaltrials_api/full_records/2026-07-25/NCT06999590__v1__lastupdate-2025-06-05.json,10038,33983dcb29a592b93cec28839fb827f05fb66dc60bf235c1bc2498db34919960,YES,Frozen complete official JSON for NCT06999590
INPUT1162,OFFICIAL_JSON_ANALYTICAL_INPUT,data/raw/step_07/clinicaltrials_api/full_records/2026-07-25/NCT07002151__v1__lastupdate-2025-06-03.json,10452,b68dd75b4adceb003a5e9eefec0b8e0a9b43058b00c6e738c891111287ec81bc,YES,Frozen complete official JSON for NCT07002151
INPUT1163,OFFICIAL_JSON_ANALYTICAL_INPUT,data/raw/step_07/clinicaltrials_api/full_records/2026-07-25/NCT07002437__v1__lastupdate-2025-12-03.json,16263,336a7049b78df61e86aa8f8df46f433679959e23265c129dc079355c6c40c4f2,YES,Frozen complete official JSON for NCT07002437
INPUT1164,OFFICIAL_JSON_ANALYTICAL_INPUT,data/raw/step_07/clinicaltrials_api/full_records/2026-07-25/NCT07013877__v1__lastupdate-2026-01-30.json,9489,f9034268597270ecce1a1573c15f9cba8a12c935bceff21bdea7aff34463cd7f,YES,Frozen complete official JSON for NCT07013877
INPUT1165,OFFICIAL_JSON_ANALYTICAL_INPUT,data/raw/step_07/clinicaltrials_api/full_records/2026-07-25/NCT07023185__v1__lastupdate-2026-04-02.json,9564,9be3002d3948fa7ee738f5ffa41490be2231831364f0a8f84c4dfc88e42ce5e1,YES,Frozen complete official JSON for NCT07023185
INPUT1166,OFFICIAL_JSON_ANALYTICAL_INPUT,data/raw/step_07/clinicaltrials_api/full_records/2026-07-25/NCT07023770__v1__lastupdate-2025-06-17.json,33122,ca7bec7b03123ef0360525f2720a1d28ad7fb5f6a45d9b0de4130807ebb4dfb9,YES,Frozen complete official JSON for NCT07023770
INPUT1167,OFFICIAL_JSON_ANALYTICAL_INPUT,data/raw/step_07/clinicaltrials_api/full_records/2026-07-25/NCT07025629__v1__lastupdate-2026-02-23.json,22522,9d1e23737da08f27e1d64dd36184199ca504b6acb62caf3caf10e8d97088e7d9,YES,Frozen complete official JSON for NCT07025629
INPUT1168,OFFICIAL_JSON_ANALYTICAL_INPUT,data/raw/step_07/clinicaltrials_api/full_records/2026-07-25/NCT07027358__v1__lastupdate-2025-06-18.json,5136,260d8343597920f8891cef6719eb0dc570dc2cde9268cb3888e698ecc3fba7ee,YES,Frozen complete official JSON for NCT07027358
INPUT1169,OFFICIAL_JSON_ANALYTICAL_INPUT,data/raw/step_07/clinicaltrials_api/full_records/2026-07-25/NCT07028892__v1__lastupdate-2025-06-19.json,8648,63ff2955f81a31daf0cba7260619a7729c75d92dcde75dea34c4cca3fdcf6fcc,YES,Frozen complete official JSON for NCT07028892
INPUT1170,OFFICIAL_JSON_ANALYTICAL_INPUT,data/raw/step_07/clinicaltrials_api/full_records/2026-07-25/NCT07029594__v1__lastupdate-2025-06-19.json,8557,762c061d4fdbaabe1e42c25cfc35ea1b41369d4d9caa8c7e933b6ac7c1c17289,YES,Frozen complete official JSON for NCT07029594
INPUT1171,OFFICIAL_JSON_ANALYTICAL_INPUT,data/raw/step_07/clinicaltrials_api/full_records/2026-07-25/NCT07031180__v1__lastupdate-2025-07-03.json,22515,8ca51bdf68cc9dbd92b1b2f9d5b8ed1f74b8f9b25a6e1d4a0510b5ae7e69af16,YES,Frozen complete official JSON for NCT07031180
INPUT1172,OFFICIAL_JSON_ANALYTICAL_INPUT,data/raw/step_07/clinicaltrials_api/full_records/2026-07-25/NCT07036107__v1__lastupdate-2026-01-27.json,19471,e20574d4c95bbc6e401c11d3e4a5e8bb85c95cd226e4062f9b3699d6c3c2fc0b,YES,Frozen complete official JSON for NCT07036107
INPUT1173,OFFICIAL_JSON_ANALYTICAL_INPUT,data/raw/step_07/clinicaltrials_api/full_records/2026-07-25/NCT07044739__v1__lastupdate-2025-07-01.json,10158,7984e930b68c44417920cfe98ac28851c816044c4ac938f8e84c8766a77b6134,YES,Frozen complete official JSON for NCT07044739
INPUT1174,OFFICIAL_JSON_ANALYTICAL_INPUT,data/raw/step_07/clinicaltrials_api/full_records/2026-07-25/NCT07046767__v1__lastupdate-2025-10-22.json,15298,476f7a0b6e575a7f24fc1a6487dbc4cda831ed20d3e95665793a4c0a3241beed,YES,Frozen complete official JSON for NCT07046767
INPUT1175,OFFICIAL_JSON_ANALYTICAL_INPUT,data/raw/step_07/clinicaltrials_api/full_records/2026-07-25/NCT07048054__v1__lastupdate-2025-07-02.json,15010,69a6d05c39d91252c0efdf46f8e213a0fd7dd26be618131726468993038f4bde,YES,Frozen complete official JSON for NCT07048054
INPUT1176,OFFICIAL_JSON_ANALYTICAL_INPUT,data/raw/step_07/clinicaltrials_api/full_records/2026-07-25/NCT07054424__v1__lastupdate-2026-06-11.json,18646,c5f4ae8a11fb6f6e0391de8ca97df8704cf3e0b4cf50ee3538571b1b96bb4f92,YES,Frozen complete official JSON for NCT07054424
INPUT1177,OFFICIAL_JSON_ANALYTICAL_INPUT,data/raw/step_07/clinicaltrials_api/full_records/2026-07-25/NCT07061613__v1__lastupdate-2026-05-06.json,8176,e502224601459497975eaaf60a242244fd3f8a64a301b5bb431d48ce86173d8a,YES,Frozen complete official JSON for NCT07061613
INPUT1178,OFFICIAL_JSON_ANALYTICAL_INPUT,data/raw/step_07/clinicaltrials_api/full_records/2026-07-25/NCT07074743__v1__lastupdate-2026-04-29.json,13596,5f231a96f1cf998cf3cd36af85d6b1c6cb3d1e0e28ffba5714a9705c0defb8cb,YES,Frozen complete official JSON for NCT07074743
INPUT1179,OFFICIAL_JSON_ANALYTICAL_INPUT,data/raw/step_07/clinicaltrials_api/full_records/2026-07-25/NCT07089602__v1__lastupdate-2025-07-28.json,21485,21b2d9ecad4ffbba3380ebc9d51902f49c1e4bcf761fa4bade9633d164aa87c4,YES,Frozen complete official JSON for NCT07089602
INPUT1180,OFFICIAL_JSON_ANALYTICAL_INPUT,data/raw/step_07/clinicaltrials_api/full_records/2026-07-25/NCT07093437__v1__lastupdate-2025-12-10.json,17812,7b2efdbf76bb9101008f1600e3e6943cee9ee1e2575bc0d1f20b951923309fc5,YES,Frozen complete official JSON for NCT07093437
INPUT1181,OFFICIAL_JSON_ANALYTICAL_INPUT,data/raw/step_07/clinicaltrials_api/full_records/2026-07-25/NCT07096830__v1__lastupdate-2025-08-05.json,10060,b7459bd159f75719d9217ca0890aeb4f3f412dcbb8ce3d71927817d3ae091967,YES,Frozen complete official JSON for NCT07096830
INPUT1182,OFFICIAL_JSON_ANALYTICAL_INPUT,data/raw/step_07/clinicaltrials_api/full_records/2026-07-25/NCT07099911__v1__lastupdate-2025-08-07.json,10599,082b3df31fd617cf654d9ecd46d10c9f6c01a7f7db9571063add02f35d109452,YES,Frozen complete official JSON for NCT07099911
INPUT1183,OFFICIAL_JSON_ANALYTICAL_INPUT,data/raw/step_07/clinicaltrials_api/full_records/2026-07-25/NCT07109804__v1__lastupdate-2026-06-12.json,10189,e6964fb7cb9d4141d99aea615a894a82f99950bbc17a04061a26021282e0e4e2,YES,Frozen complete official JSON for NCT07109804
INPUT1184,OFFICIAL_JSON_ANALYTICAL_INPUT,data/raw/step_07/clinicaltrials_api/full_records/2026-07-25/NCT07114003__v1__lastupdate-2025-12-04.json,17482,85051306793785ebe6274ac6bbe3bb0337c4d54f8046347f2a1681d6dd67a4b3,YES,Frozen complete official JSON for NCT07114003
INPUT1185,OFFICIAL_JSON_ANALYTICAL_INPUT,data/raw/step_07/clinicaltrials_api/full_records/2026-07-25/NCT07123285__v1__lastupdate-2026-04-29.json,15199,67a5b627bae72d9011d3ee56b45013c01f6bb18ec983de71bb6a6e1968ef74ca,YES,Frozen complete official JSON for NCT07123285
INPUT1186,OFFICIAL_JSON_ANALYTICAL_INPUT,data/raw/step_07/clinicaltrials_api/full_records/2026-07-25/NCT07126886__v1__lastupdate-2026-02-11.json,9832,f00dd70e9bc6d1db00a08cc35d8ae93c0ae3c94d070e7ccfe4f6757c9793730a,YES,Frozen complete official JSON for NCT07126886
INPUT1187,OFFICIAL_JSON_ANALYTICAL_INPUT,data/raw/step_07/clinicaltrials_api/full_records/2026-07-25/NCT07132320__v1__lastupdate-2025-08-20.json,10261,914b054d00aa9363fdeae56a0a3a7ddf61fd9fd7dbb15b903fb36aa45c87a5a9,YES,Frozen complete official JSON for NCT07132320
INPUT1188,OFFICIAL_JSON_ANALYTICAL_INPUT,data/raw/step_07/clinicaltrials_api/full_records/2026-07-25/NCT07135583__v1__lastupdate-2026-02-05.json,19339,0016ce480e65a60613264e258d74a3f71bd8ac6f957f289210f1fdbb220bdb69,YES,Frozen complete official JSON for NCT07135583
INPUT1189,OFFICIAL_JSON_ANALYTICAL_INPUT,data/raw/step_07/clinicaltrials_api/full_records/2026-07-25/NCT07141134__v1__lastupdate-2025-09-08.json,11059,e820aaa92a45ed195631458e22e29652539a0c3b52755c82ce2bad02b6bcb03f,YES,Frozen complete official JSON for NCT07141134
INPUT1190,OFFICIAL_JSON_ANALYTICAL_INPUT,data/raw/step_07/clinicaltrials_api/full_records/2026-07-25/NCT07141342__v1__lastupdate-2026-02-23.json,27005,a1cdae876886788f4c2490a5082a162edc09abdf8d4098757697f6083b72451c,YES,Frozen complete official JSON for NCT07141342
INPUT1191,OFFICIAL_JSON_ANALYTICAL_INPUT,data/raw/step_07/clinicaltrials_api/full_records/2026-07-25/NCT07147296__v1__lastupdate-2026-06-16.json,15205,a06cb7c42848dd8bde480935e23a3b640937ae4936cded5d03fd864a13881186,YES,Frozen complete official JSON for NCT07147296
INPUT1192,OFFICIAL_JSON_ANALYTICAL_INPUT,data/raw/step_07/clinicaltrials_api/full_records/2026-07-25/NCT07152717__v1__lastupdate-2025-09-03.json,8436,08dd15228d9186a9a03cca5500acc1b09df4935b3eb9bc5b6f55b191ac2118c6,YES,Frozen complete official JSON for NCT07152717
INPUT1193,OFFICIAL_JSON_ANALYTICAL_INPUT,data/raw/step_07/clinicaltrials_api/full_records/2026-07-25/NCT07158658__v1__lastupdate-2026-05-06.json,8548,e6ccf72bedc684f9941c59b1288c3ef55995f4a9e907d4cc9e17d80553890b84,YES,Frozen complete official JSON for NCT07158658
INPUT1194,OFFICIAL_JSON_ANALYTICAL_INPUT,data/raw/step_07/clinicaltrials_api/full_records/2026-07-25/NCT07163195__v1__lastupdate-2026-06-04.json,12336,ba84519febde8124e6011d00168fd4e3b63b9bdf9db1783c71ad67d8208a54be,YES,Frozen complete official JSON for NCT07163195
INPUT1195,OFFICIAL_JSON_ANALYTICAL_INPUT,data/raw/step_07/clinicaltrials_api/full_records/2026-07-25/NCT07170969__v1__lastupdate-2026-01-21.json,21613,96568dcfc810d50195877f6ea3fa1024ad5492307d83204713cdb334c513f8dd,YES,Frozen complete official JSON for NCT07170969
INPUT1196,OFFICIAL_JSON_ANALYTICAL_INPUT,data/raw/step_07/clinicaltrials_api/full_records/2026-07-25/NCT07171138__v1__lastupdate-2026-05-05.json,5156,7c3b740e1eceec0a36a9cedbad3807ef03cf4eb3bacc5afaadf954e9a1c295d3,YES,Frozen complete official JSON for NCT07171138
INPUT1197,OFFICIAL_JSON_ANALYTICAL_INPUT,data/raw/step_07/clinicaltrials_api/full_records/2026-07-25/NCT07172893__v1__lastupdate-2025-12-23.json,16734,7c7643a510c3f1b3e2cfb2baa63c03b7843c66ecb57321ff6af8b44dd4599c3a,YES,Frozen complete official JSON for NCT07172893
INPUT1198,OFFICIAL_JSON_ANALYTICAL_INPUT,data/raw/step_07/clinicaltrials_api/full_records/2026-07-25/NCT07193849__v1__lastupdate-2025-09-26.json,16638,ec5ca9c241156e58f56553b018903ac54e7204dde5e06f2c159d5ea779e7edc4,YES,Frozen complete official JSON for NCT07193849
INPUT1199,OFFICIAL_JSON_ANALYTICAL_INPUT,data/raw/step_07/clinicaltrials_api/full_records/2026-07-25/NCT07203937__v1__lastupdate-2026-01-26.json,9472,38c1ae2de878b2f1be576d1b38242d2c640d23d9959fb51abad4eedf8a8e4937,YES,Frozen complete official JSON for NCT07203937
INPUT1200,OFFICIAL_JSON_ANALYTICAL_INPUT,data/raw/step_07/clinicaltrials_api/full_records/2026-07-25/NCT07204184__v1__lastupdate-2026-03-18.json,26823,c8a50fb3e5ce9da49f7305f112c8cf32b506e6d64803f98ca38bc6153df8a78c,YES,Frozen complete official JSON for NCT07204184
INPUT1201,OFFICIAL_JSON_ANALYTICAL_INPUT,data/raw/step_07/clinicaltrials_api/full_records/2026-07-25/NCT07211243__v1__lastupdate-2026-04-01.json,12336,eaefddc9dfc88514fe74b633e05a93c1fbc7c72215756544c30799d44406ddaa,YES,Frozen complete official JSON for NCT07211243
INPUT1202,OFFICIAL_JSON_ANALYTICAL_INPUT,data/raw/step_07/clinicaltrials_api/full_records/2026-07-25/NCT07212608__v1__lastupdate-2025-10-08.json,28778,d0a42340d8acc572cb4b3a80d3ee235aa402a05188514812e4d4e2844c29ff46,YES,Frozen complete official JSON for NCT07212608
INPUT1203,OFFICIAL_JSON_ANALYTICAL_INPUT,data/raw/step_07/clinicaltrials_api/full_records/2026-07-25/NCT07213739__v1__lastupdate-2025-10-09.json,5172,936597e9fb38701f2e20abb16f29b529c69e170f43013c0ec89ae7be0c495f1f,YES,Frozen complete official JSON for NCT07213739
INPUT1204,OFFICIAL_JSON_ANALYTICAL_INPUT,data/raw/step_07/clinicaltrials_api/full_records/2026-07-25/NCT07218107__v1__lastupdate-2025-10-20.json,28121,ebbc36d17a56567bb0fd9a4417c87d15fad304676aaea2d9248c200ff09960ac,YES,Frozen complete official JSON for NCT07218107
INPUT1205,OFFICIAL_JSON_ANALYTICAL_INPUT,data/raw/step_07/clinicaltrials_api/full_records/2026-07-25/NCT07219329__v1__lastupdate-2025-10-21.json,6760,d890d5aebe1313f44353b589d5f34abb4e65bfda65f8fc3696b33e6bd1ae150e,YES,Frozen complete official JSON for NCT07219329
INPUT1206,OFFICIAL_JSON_ANALYTICAL_INPUT,data/raw/step_07/clinicaltrials_api/full_records/2026-07-25/NCT07220733__v1__lastupdate-2025-10-24.json,16373,c3224f5aaf5b97a40b3926af2511035c43c485a6ea8536732e83ad64fe0411c6,YES,Frozen complete official JSON for NCT07220733
INPUT1207,OFFICIAL_JSON_ANALYTICAL_INPUT,data/raw/step_07/clinicaltrials_api/full_records/2026-07-25/NCT07222033__v1__lastupdate-2026-02-02.json,16348,497aa23590a78b9f43bc79ea35e6ed1b70825814680d2c7f8d9fcfe8295cd07b,YES,Frozen complete official JSON for NCT07222033
INPUT1208,OFFICIAL_JSON_ANALYTICAL_INPUT,data/raw/step_07/clinicaltrials_api/full_records/2026-07-25/NCT07223892__v1__lastupdate-2025-11-06.json,8015,09da53809e08962265dcda507c06e67abb641177dc63b004d81f154c2ce61109,YES,Frozen complete official JSON for NCT07223892
INPUT1209,OFFICIAL_JSON_ANALYTICAL_INPUT,data/raw/step_07/clinicaltrials_api/full_records/2026-07-25/NCT07227181__v1__lastupdate-2026-07-24.json,10269,5a1afc5abe7e3cd8f6cb9aa6e9a489679e399f03bb528161c8b020c2716012dd,YES,Frozen complete official JSON for NCT07227181
INPUT1210,OFFICIAL_JSON_ANALYTICAL_INPUT,data/raw/step_07/clinicaltrials_api/full_records/2026-07-25/NCT07230340__v1__lastupdate-2025-12-16.json,11923,f70a3f2854f740c872df79e677dba004268d96503a7dff1cd55c6587e6867618,YES,Frozen complete official JSON for NCT07230340
INPUT1211,OFFICIAL_JSON_ANALYTICAL_INPUT,data/raw/step_07/clinicaltrials_api/full_records/2026-07-25/NCT07240649__v1__lastupdate-2026-07-06.json,19349,61b62dee04133bbed69f1fb046937e67763a2b3c844a50254e3b3555f91a3547,YES,Frozen complete official JSON for NCT07240649
INPUT1212,OFFICIAL_JSON_ANALYTICAL_INPUT,data/raw/step_07/clinicaltrials_api/full_records/2026-07-25/NCT07251426__v1__lastupdate-2025-11-26.json,12548,e73892e27a6761a4c562461169ff92b7203de55451fac76f7effe33d9d2e57cc,YES,Frozen complete official JSON for NCT07251426
INPUT1213,OFFICIAL_JSON_ANALYTICAL_INPUT,data/raw/step_07/clinicaltrials_api/full_records/2026-07-25/NCT07255937__v1__lastupdate-2026-07-08.json,7192,cc6fea54e6f0dce3de06741b7ee0874b7a23d72a28509e39c0174577cd1eaed7,YES,Frozen complete official JSON for NCT07255937
INPUT1214,OFFICIAL_JSON_ANALYTICAL_INPUT,data/raw/step_07/clinicaltrials_api/full_records/2026-07-25/NCT07268482__v1__lastupdate-2025-12-05.json,11176,5f97535c601472b6bcb6e42fb08b6430cc2ebe013a459d91974c14be778f5b91,YES,Frozen complete official JSON for NCT07268482
INPUT1215,OFFICIAL_JSON_ANALYTICAL_INPUT,data/raw/step_07/clinicaltrials_api/full_records/2026-07-25/NCT07281638__v1__lastupdate-2026-03-27.json,26817,5ad288b41fe8e76b2e185af2bedbd3f5788a01b93bbe2cf94fc4fffd1a160825,YES,Frozen complete official JSON for NCT07281638
INPUT1216,OFFICIAL_JSON_ANALYTICAL_INPUT,data/raw/step_07/clinicaltrials_api/full_records/2026-07-25/NCT07287254__v1__lastupdate-2025-12-17.json,9024,fe61c68dccf8d9d79973832c5af63943b89c8ccd2f3debe82eab026583e3c947,YES,Frozen complete official JSON for NCT07287254
INPUT1217,OFFICIAL_JSON_ANALYTICAL_INPUT,data/raw/step_07/clinicaltrials_api/full_records/2026-07-25/NCT07299799__v1__lastupdate-2026-02-11.json,16010,20938fd7a784da2474c360decb873fbac6d559b6cd5ca2436c1b0bd7218e8330,YES,Frozen complete official JSON for NCT07299799
INPUT1218,OFFICIAL_JSON_ANALYTICAL_INPUT,data/raw/step_07/clinicaltrials_api/full_records/2026-07-25/NCT07307885__v1__lastupdate-2026-03-09.json,6741,bbaf4663be8edc3e359cb939f446b7400546361fc2ee1112dde07ce57c5a2cd9,YES,Frozen complete official JSON for NCT07307885
INPUT1219,OFFICIAL_JSON_ANALYTICAL_INPUT,data/raw/step_07/clinicaltrials_api/full_records/2026-07-25/NCT07310160__v1__lastupdate-2025-12-30.json,14255,f1218fca3fd1433367fe2f6c40eaf5eda9c92d086dbd309e40150617f4d95714,YES,Frozen complete official JSON for NCT07310160
INPUT1220,OFFICIAL_JSON_ANALYTICAL_INPUT,data/raw/step_07/clinicaltrials_api/full_records/2026-07-25/NCT07312513__v1__lastupdate-2025-12-31.json,10605,a07150cbf7eb16795bc0540734afb2f377b8f88ad3b4d5eb334ecd616c2d2a7c,YES,Frozen complete official JSON for NCT07312513
INPUT1221,OFFICIAL_JSON_ANALYTICAL_INPUT,data/raw/step_07/clinicaltrials_api/full_records/2026-07-25/NCT07313046__v1__lastupdate-2025-12-31.json,8084,a129a234c75268b93da0b78a9890c66f47cc24fd6997e76355fb875de77e763b,YES,Frozen complete official JSON for NCT07313046
