NCT_ID,Frozen_JSON_SHA256,Frozen_JSON_Size_Bytes,Source
NCT00596752,b3afcfe45ccbc739537db5cff9609e21c4ccbc13a92e8a94b21a900fd5e6019e,82377,ClinicalTrials.gov complete official JSON
NCT00607646,54957a339c58ff64a58ece24e4e6b36be348a91db58c98ee8b16174ba475a9c5,7517,ClinicalTrials.gov complete official JSON
NCT00613808,3e3a0b170f818563c34708a7d14595a92e9b11f33a631cd590f265e9b976c2b2,5509,ClinicalTrials.gov complete official JSON
NCT00617825,1a1694c60f1d5895be8837fd91114a79db46657e41df1e6a89202b5e5d0a1d19,7704,ClinicalTrials.gov complete official JSON
NCT00623948,3fc99e7a6ea73617726d768a4a21d1c33c729fcca49d583949245a87eb2eb6d3,7906,ClinicalTrials.gov complete official JSON
NCT00624806,76fa1a69e061f9f53cf23c4f246f6fe6ff0987cbb84a18cab0f4fed300d04f10,32487,ClinicalTrials.gov complete official JSON
NCT00627094,e2e873c02c9a0eee8d0c7c3f080090c82aac39a070fce73db2b5cbc2a4ce6539,19580,ClinicalTrials.gov complete official JSON
NCT00627107,ab4f20098b97b5ee020dab2b33820b1fae26b85d12f10978a336133690eafe6f,5091,ClinicalTrials.gov complete official JSON
NCT00628004,68741b58f2d726ec7b7e326ba49d179ae5f416c27ce4825361fbe257d1a90dba,4682,ClinicalTrials.gov complete official JSON
NCT00628602,5542e79321c4fe92c8a51d8349ca246d0004c8a84f17d84a050c5cde84c57870,8171,ClinicalTrials.gov complete official JSON
NCT00629642,efef25ff1e10133b8fbaf0ebf99bc1c96ab0f8dca4df9c95af30ea4a516e1bd6,14818,ClinicalTrials.gov complete official JSON
NCT00646958,ab7df7a6aeaf487c11483642b9ccd3d55855981ad0696bfd556900b96486a26b,23521,ClinicalTrials.gov complete official JSON
NCT00648674,8f7b671f9d587aa1508c42f093a1490dbd5c4934a486a82c511b7e62ef5eea57,6712,ClinicalTrials.gov complete official JSON
NCT00656383,bd2372b6a3d8a9bc6bec626f0b8d7696eb9fa6280dbe009a23d8be2c4a7bb6c4,9773,ClinicalTrials.gov complete official JSON
NCT00660049,f476363bffb5bcd155d6eb92cc8e3319a6269f8f3bd0f8e78a1daeded28d1cd7,10636,ClinicalTrials.gov complete official JSON
NCT00660348,9492f7ce93829feecceda29f38d082a239bae5bed44ba9fa6b5eb9e014e69965,20742,ClinicalTrials.gov complete official JSON
NCT00663091,3ce6a2875d73a98a3fdb51f3e825f26b3ec3c8dadf8f9727a72cab262aac2e9d,9052,ClinicalTrials.gov complete official JSON
NCT00665535,bf5de46fb4e2b82077c3da62cd55c6f2a968e94cfcc1336a0e7829b04589bc69,15936,ClinicalTrials.gov complete official JSON
NCT00671580,f63959a87990835499c4e87d45e985d8f2da2c56d635f4213c022f0266fda09f,15555,ClinicalTrials.gov complete official JSON
NCT00676260,682bc558665b4272a6a8eb3768b35c3badd734fd8844887cab9049931a768adf,8674,ClinicalTrials.gov complete official JSON
NCT00678847,a4373a5c8f99ca7b667ac3ac88ae554601fb6fa65dde81d6763821edcbe12fa8,6641,ClinicalTrials.gov complete official JSON
NCT00691821,0afcd4f2ba739ed84ebc2cd50ac53f1a3eec91ae2c4447386c45c80ee16b080e,11601,ClinicalTrials.gov complete official JSON
NCT00719810,3a3c29b2633606a4e7e456ca7d878d4ab8b77360499fdbb29e885186301f11eb,23846,ClinicalTrials.gov complete official JSON
NCT00720239,57f710da23771984f0e9919451f201f13ddc9cca0cf1eeb9b8ea2d7b5f232c24,5721,ClinicalTrials.gov complete official JSON
NCT00727701,7d577b6857f82280e71ff2baa3327303ada05ce466bd2b2b15ed2f40d184ba66,5603,ClinicalTrials.gov complete official JSON
NCT00759434,4edba2e628d83915db8cd1922b5c29d1e2af691779ddbf68a122a6d9971aaac6,9742,ClinicalTrials.gov complete official JSON
NCT00761839,da29c01caae1c6969406239d96ef2504f2383b916b43ab08f1f66990fa668b97,5111,ClinicalTrials.gov complete official JSON
NCT00762138,e8265109364431296f8d3b5999a747aab40a81bfbba8d0aac699a9453df33f52,11605,ClinicalTrials.gov complete official JSON
NCT00762723,b090fb7ec19df022e8286a02a4b8d36b6d4102b5ca66538d5952c413eff3a173,19145,ClinicalTrials.gov complete official JSON
NCT00762905,2bc4b7e1bebd20fffc9b1013173913820ffb9f0c237d1ccb3b89976b5635894e,7938,ClinicalTrials.gov complete official JSON
NCT00763282,6b178884623a868bf1f0a9ce1af01572a154f42a838e850808892b0807ba705b,46805,ClinicalTrials.gov complete official JSON
NCT00765544,0f9b8393c5544e3e1b2f3c826cb242fa3d140d0cd805c791b642ad47f1934f1e,6244,ClinicalTrials.gov complete official JSON
NCT00766272,68e8346ad344a43159853fdebe4b6155d11030459efe0c9cffcb55de7ee5aff3,7970,ClinicalTrials.gov complete official JSON
NCT00771238,1f77b56e3a0da5f7b68c771a6b8d5f01a1a6edcb5f52527438236120f07a4ac4,12164,ClinicalTrials.gov complete official JSON
NCT00771368,be6a524d4e8ca1aba263d01397615aca41211fb95cd4b6a7f3f75e5029137a06,5026,ClinicalTrials.gov complete official JSON
NCT00796042,daca4fed7fb69a432eb518982b57393318e0f02fcc6f67b207b8a84811a798a9,26541,ClinicalTrials.gov complete official JSON
NCT00796588,1e9502e5dc9a8d0802c6b0f1c86b44025c9b236b7d37d64029e8d0d7fd7ed077,8314,ClinicalTrials.gov complete official JSON
NCT00797706,bd5fccfae78f04a679d03bacb6a2dc8ad729c281f330634000f44f58ecea1503,9101,ClinicalTrials.gov complete official JSON
NCT00807664,3b7707706fd73209545e5a074884bb93cc327bef70a6059a9fc8f65bee131d9f,19253,ClinicalTrials.gov complete official JSON
NCT00815217,88afa1a347a89be249723772c0d4030727c7b5a50ced3c56675a20cc1777b975,9690,ClinicalTrials.gov complete official JSON
NCT00819949,46dff954ae547fc3ab1a710a6539b3c724d2d4f6d6e440120e09977bd35ce555,8410,ClinicalTrials.gov complete official JSON
NCT00820196,aca15d54a7f6f223cff21fc7781500cc6d2ad3db2281b15d891e743e7e5fe9a0,8329,ClinicalTrials.gov complete official JSON
NCT00820274,4e3ca94d5698c53fb5480cbae4707c4b2a7daf2347181950d4f1c29bf84c69ac,4618,ClinicalTrials.gov complete official JSON
NCT00821431,a3288fb89e88473dacec34dacf6ebbdd982ffcba69753cbaba58547821443871,26381,ClinicalTrials.gov complete official JSON
NCT00822224,5d6509d82f51fb688b41e125c1f141c848ebe50409573afc51f1048b66444021,3980,ClinicalTrials.gov complete official JSON
NCT00823446,e486fb26a61db58e740f44ccaa4e10ce7b449b23baee5000c717facea3cb8f8a,5467,ClinicalTrials.gov complete official JSON
NCT00828971,8ef44160d4eb44b14026ead79225e8def4ee7899c329b0d55e998a09f1d8904c,10335,ClinicalTrials.gov complete official JSON
NCT00832091,3ba9d69d6a84049a10325d2620d3275b97504ccdccff3c11561e82671881cca2,36910,ClinicalTrials.gov complete official JSON
NCT00837096,4d1da545fe89a9b981423292c60432c4b58f9ebbaefd0b8fbfd08679dcffb3b4,21198,ClinicalTrials.gov complete official JSON
NCT00838500,4d15cd2e2d8e43ff9ca17add16d06c22da602e69892ea2ac9d265651657ea3eb,12790,ClinicalTrials.gov complete official JSON
NCT00839098,f22a921db076c8fa327a97997aaede3051010ee48d7a718e32ed153a875a8e62,38086,ClinicalTrials.gov complete official JSON
NCT00847002,637dd69506809bbb99f2f583c88678f770289fef7717249b4189e6806114cc80,22304,ClinicalTrials.gov complete official JSON
NCT00847665,956d3b668de393ae70cadd43073efd9c0cfa91d8363b4418303f9698c343fb5b,19181,ClinicalTrials.gov complete official JSON
NCT00852995,80205c68052864a6a650c849931da6a16bea85c9b21df4507ce9ffe7b92dac96,97150,ClinicalTrials.gov complete official JSON
NCT00858130,d6742643dd249b29fc58418eafff558ce8db6746bbe79e4012605a3fb6042c79,26995,ClinicalTrials.gov complete official JSON
NCT00872053,ebf3b34328ada35bc5c9343e2cc531eee0eedf63744fade7736ada0295bafa9a,6382,ClinicalTrials.gov complete official JSON
NCT00878644,21377cd49c68bb34ba91174b1f34cdf80874f657b2e91275f5263cbadfe2ab9a,201534,ClinicalTrials.gov complete official JSON
NCT00880087,51378d09a94dcdf4a236af043a7ccac37d9984887c07c79eee36f38ad80813ac,268422,ClinicalTrials.gov complete official JSON
NCT00909870,a3336ca00d67e8c25dbd1f3681facf7d209952114e9948fa085595fb09333381,44997,ClinicalTrials.gov complete official JSON
NCT00933348,e0ff034d977bf8e45331e34b36b43beca1741e3dc7aa78529873305062ba933b,8183,ClinicalTrials.gov complete official JSON
NCT00945087,adffb792d926aabf67f428d993a16fa3f2ae833910aacce02c148d644d922613,8002,ClinicalTrials.gov complete official JSON
NCT00951080,0fed7cd95d66046ee34230317ce4b2037113eee8288c638a8405c889181d93cc,16205,ClinicalTrials.gov complete official JSON
NCT00953563,cc29ca8c6d17dbdf94beb53cbfbb9a676b9881a6c0468b34a983798ad990070e,5111,ClinicalTrials.gov complete official JSON
NCT00953797,94a65040f64a89f5af038ef5bf2283a154bc2c29a5e079ef588922a2f86c5ee6,10886,ClinicalTrials.gov complete official JSON
NCT00961012,b6bc937161cd2b01984d44665963e42e5d100893ccee8474084a9757df85f7f5,9868,ClinicalTrials.gov complete official JSON
NCT00971048,3eff679bf7bb7fe39e301e995a1001d600110451b5e1aab679087fc943f7bec3,30492,ClinicalTrials.gov complete official JSON
NCT00977041,92931b1c32278ed5439baf7fb76d72472e65fbf946a74c9a5f39341ee0bbd6f6,9318,ClinicalTrials.gov complete official JSON
NCT00979836,141977c8d404181fe94973fd9a7a676ed705046c491279fe98318781e208c19f,11838,ClinicalTrials.gov complete official JSON
NCT00983749,0a4339cff683254bcd0fc56e5c3663bf80daa426eba38acca85f8aaa50be8aed,28860,ClinicalTrials.gov complete official JSON
NCT00998673,f88d9b85b5e21fa1f2b1590e7d09fc023e0d8ad22ede397784146eb35e7bf5c6,7705,ClinicalTrials.gov complete official JSON
NCT01008254,66edd146fef7968333771cbbb32c09bdac27fa30c849848df284c11de7bb0915,4296,ClinicalTrials.gov complete official JSON
NCT01022216,63b2d90b3e4a8b9f0ab42279286609ce12f3f891d353ee51612c2b657c61fc32,6052,ClinicalTrials.gov complete official JSON
NCT01032239,15f120d531b17f13583e899baa22936c93c181a4c91859c48940304f15932124,91786,ClinicalTrials.gov complete official JSON
NCT01035944,f1d8565f9041ccfff268add454e78a32f319c64a49bafeb217168eab36bce0fc,25479,ClinicalTrials.gov complete official JSON
NCT01036438,7c2002811810f7a4b99b229c2f95aff6cf6a7556e2bbd39b0a4f7caf61ffd7b4,21262,ClinicalTrials.gov complete official JSON
NCT01045915,98f9cbe6a4fdc116cba8dfb8d717881987120b4b1e95ea757ee264591c02c148,7811,ClinicalTrials.gov complete official JSON
NCT01048307,ffa07cf141a966bd6d0a9172199941d9a19005fedbe62024c94c2b88be910f49,10039,ClinicalTrials.gov complete official JSON
NCT01050023,1e16017a848cd100ed15656ba51e0b88223828bd60a3c2ddccf4d68e804c7d59,8674,ClinicalTrials.gov complete official JSON
NCT01066715,08fb9f7c797ba5658c0836f5b23ec719fee96390195a1c19d224eed3c1a74ed3,12564,ClinicalTrials.gov complete official JSON
NCT01079299,f10570e4cc9a1f24c19d3e9eb3da29ea8012fc80fa2c1597cd5e0b6cd229985d,9385,ClinicalTrials.gov complete official JSON
NCT01084577,54f59ca1a5c10c3df320f6377743c09e6d07f52ab15a3b69b91303f821277e41,14068,ClinicalTrials.gov complete official JSON
NCT01090076,bb01a04e596e8ba868b78bad0c7eb9ebc0917754b4d73dacc95054821b199617,20401,ClinicalTrials.gov complete official JSON
NCT01094002,9a8933198f62c171c701132b6a74b4156ea0f04716ff719aed890633ecc84c28,7486,ClinicalTrials.gov complete official JSON
NCT01107197,e3beea95258f90b1b0f76548b688b1bbcf8498837193d0219525bdeebf453358,23587,ClinicalTrials.gov complete official JSON
NCT01107821,d31a440344d72577bac5727d749b4735add3a711aa903e568e7d9517ab57a192,7668,ClinicalTrials.gov complete official JSON
NCT01113658,39ea197466e7dd016b3e06a185f3fe8b9cc603f7f11899bb0dda8e2393b98639,5668,ClinicalTrials.gov complete official JSON
NCT01118819,3922e23c0d1b650d93f9a605cd6d82ef320246c68407b89da1e0e58f505c9134,9067,ClinicalTrials.gov complete official JSON
NCT01129986,74c0e04d12135e6ed46cebd7c04367a1949eabaf14b605f852acf8352bdd5043,7021,ClinicalTrials.gov complete official JSON
NCT01138436,40a9842644619bf4c276fc9c78aac0db42f9449aeeb00c43a0ca1c6c84880cfe,5127,ClinicalTrials.gov complete official JSON
NCT01138462,284a27a03178dbecc73565bd7291b0cbcc67307d82c5342d3ccef2c58aa3c9e4,6000,ClinicalTrials.gov complete official JSON
NCT01139879,de0eb15ab4cdff46519f6dcfb2b03febadf9a961f808c8d2b77fe7ff61eef91c,10041,ClinicalTrials.gov complete official JSON
NCT01152411,64ff5d080b24818042b8cf299c8dc850023d4baa50e7034fc872f711ed5d95d4,6962,ClinicalTrials.gov complete official JSON
NCT01153633,a2e19fe1da644660278be8193b911521a28fa8545ab6ff5869b266594238e4a4,28318,ClinicalTrials.gov complete official JSON
NCT01166828,0c8244b4269b06c96ebc0f9df8f0a113826c577eab3f1bc465ffc1ca3160d480,8527,ClinicalTrials.gov complete official JSON
NCT01176110,9bb38b9b973cdcafecc252e939e69f31e504f16004bf00ac6e5e65fec6087dea,5741,ClinicalTrials.gov complete official JSON
NCT01183273,ef094d02f8e06dd3b34fdda9aae1a91d9a7082ce93df305500af6e97d607dbe1,9506,ClinicalTrials.gov complete official JSON
NCT01184872,43f002e08a3692913c35684e8e3d2548cd6d8aaae0fa3156157c6db0b62b4d54,34304,ClinicalTrials.gov complete official JSON
NCT01186679,b35008e59ae8ee3ab0efc198017fb9db95bc53c61b584b99b35eaa52f7b4a512,7138,ClinicalTrials.gov complete official JSON
NCT01199588,c3cb67a9fe19285700263bc49465d4174ccefb911acf8a08c97339e57e72beee,11052,ClinicalTrials.gov complete official JSON
NCT01201759,e869ff1391062212b38e35804ddc80cbabd3b4805664bdafaedd0a572a56272d,25900,ClinicalTrials.gov complete official JSON
NCT01208220,61641601ec39649f4aa42759c63d6e9b7ae4c0b24678452c6e2186cf8d5516c6,12528,ClinicalTrials.gov complete official JSON
NCT01211236,893badd7b0af358efbd56b673c9ec5ff47a3ee11f6118aa2e3b4ab80878073e9,5447,ClinicalTrials.gov complete official JSON
NCT01214811,b0826630deca97af80074d3f284e2abd02ac6708976e7ffbc5521886b0f08efc,9471,ClinicalTrials.gov complete official JSON
NCT01214980,ce2a088a6e2f2f0d28d283fd72c1f7d1997f17a18508374c96068d572e3822f5,25195,ClinicalTrials.gov complete official JSON
NCT01217047,f8974f58c6c45641e5bd76ed08569a05141a60b2a16594ea578edcd46c86f0ba,87964,ClinicalTrials.gov complete official JSON
NCT01232764,5daf81c7b3d41fe5d23667e3849d5005ef73ccd699906a3d0380736516b5f29f,6760,ClinicalTrials.gov complete official JSON
NCT01236976,14bf2a74a39807782078c5cbefe4696e34704d0b8d53b0c4932255a94827e769,13020,ClinicalTrials.gov complete official JSON
NCT01238419,1772d9673a48b047b5e606302bbbdf22fa1cd3bfa9edbf21788b4a9b12531ca4,9256,ClinicalTrials.gov complete official JSON
NCT01244594,0261478d587248ff1e2bfeb562b6ec56e7745acc947decbed5e1d2367189ac1c,10152,ClinicalTrials.gov complete official JSON
NCT01246882,544d3dc21957ef1eac36221a7555a23793df1331f3de11313de8c2bebc1222df,12861,ClinicalTrials.gov complete official JSON
NCT01251549,4f3a8c7aac38cdc9988abeef45afe44ba4232e7ceffdfa8d57420527028c65bc,5174,ClinicalTrials.gov complete official JSON
NCT01255631,a5db7161dee72821fe8fb91e149256b4203856acc1e0a0917f7729077ec2e9b7,27906,ClinicalTrials.gov complete official JSON
NCT01273428,227eb67eaf7556eba73987b01540b06e79caee55d37b6f0945ed26bf561057b2,5804,ClinicalTrials.gov complete official JSON
NCT01275313,55041018aaa077e81620728294ceb9fba0577bb90c4c3d8fa05add4531d6e525,20039,ClinicalTrials.gov complete official JSON
NCT01283581,5ff283c55c1d9595f8cb01ec24ec4fb174fd2873e9f2989c065c79074f7cb491,51517,ClinicalTrials.gov complete official JSON
NCT01292811,076b83457b8b560b1e8ac5531a4605f61325d3fb35110035dbb3ca830d1d73a4,14415,ClinicalTrials.gov complete official JSON
NCT01294254,0f9ad08afc355278f63248a10ccf519432fc993abc7fe31f80a8ca21ba8ab972,9936,ClinicalTrials.gov complete official JSON
NCT01319097,11f8e4a36e03e73e2573e4983dbd352ec2c8ab8a57e7fdb90846da2605f26dc9,5465,ClinicalTrials.gov complete official JSON
NCT01319123,a2aa30ba5f8c24fdaed47d9ce0a599705c37085882db56301d973dbabd971950,6887,ClinicalTrials.gov complete official JSON
NCT01320605,e8ad88e2ee960c69820cceedbd36e8b731dd3afd3db742e1e7b1922b0767211f,5014,ClinicalTrials.gov complete official JSON
NCT01327937,09554b8cd2baab578c5020b5f8bec4b873dd6ebca6cbfec29a911d52fb07983c,12081,ClinicalTrials.gov complete official JSON
NCT01333358,15d2c6b258fd8e5d8f33c6d55246288b94700c7a6c3f01518f604f414b203d9b,14835,ClinicalTrials.gov complete official JSON
NCT01333670,6f62a62c2d16b5ed4d7252455b7ec61ca551e9bfcfe5f475d1e98fb069406423,6086,ClinicalTrials.gov complete official JSON
NCT01339091,c6e1b1714160885bcf0e7af103038404dc63919b426fbe533be1c0551080d7f9,38804,ClinicalTrials.gov complete official JSON
NCT01348581,8dc904792ad0cf9d92f6078bb52a8fda3638220ec6a34c4b2764ea422eee1afb,4717,ClinicalTrials.gov complete official JSON
NCT01349478,5dfa16bc1bbecddb49a345cba0800e8d0a4b3e3fdf50ceee1af63f7856955bd0,10597,ClinicalTrials.gov complete official JSON
NCT01351493,6234517e88c5a56f36cef5a0ef71e62843a7dacd76f909a2a2fe95e3eac5a758,7237,ClinicalTrials.gov complete official JSON
NCT01353937,83ee8ee8950e39a955a8c6e22f75ffb3ae35bb0d652184299cdb626bcac64e5b,10805,ClinicalTrials.gov complete official JSON
NCT01355666,9477d03aee7d291b311104d209708299cc760bf8dc0578d7e8fb071defba0ddc,6558,ClinicalTrials.gov complete official JSON
NCT01356459,dcb1aa95f80984800812dbac48e06757a17f78bb625bf0ac69ee7f5279454d5d,11580,ClinicalTrials.gov complete official JSON
NCT01372020,9648f79cfc677ad80f8e490579f48c27a96b6f968c74a7c5200761818374bf61,6139,ClinicalTrials.gov complete official JSON
NCT01376050,6412cf9c5f16e6076eb16738ffbccd13ee1e18a37cb82869ade77b84237ee0ba,21180,ClinicalTrials.gov complete official JSON
NCT01384500,c60908f5e4507633c702d2b9cbd4540110c443198863c3d2db87193c0b3e06e9,18914,ClinicalTrials.gov complete official JSON
NCT01396304,9d1f54ebe85071bb2e20822546ad09bdaad4c9482a1671855ede6e84a621ecb1,6488,ClinicalTrials.gov complete official JSON
NCT01396837,ef8837e1f8fd0ce9a52500e57a3fb5275a07eb874df5e9f5b566f7d0002fa326,22537,ClinicalTrials.gov complete official JSON
NCT01402765,e44e3949b507f5adc390533da3ef8d6de6382a3f76d849e098f4e78ef7c8a730,5754,ClinicalTrials.gov complete official JSON
NCT01403272,825f19ff206851686fd0b61ebd333717720c0c2c73cca6d6943da9c76f032ea5,5946,ClinicalTrials.gov complete official JSON
NCT01415622,9e3bd72f65beb229c61c0b20b00fa1d79f593aaf4cf139e8639d9726073f5a48,8142,ClinicalTrials.gov complete official JSON
NCT01426555,f3aa76c257e7d784141345782edb35a224d74849835bda5ed8289bac15a9d53e,26098,ClinicalTrials.gov complete official JSON
NCT01431339,ebd50dc5a24acd31e477edbc78009325f8dd173dcb5367740f3a54541268d2bf,45048,ClinicalTrials.gov complete official JSON
NCT01433159,174715882b608f39aeff995f260c0d153c45a488c7cf12cfba4f4a770886f82d,15101,ClinicalTrials.gov complete official JSON
NCT01434914,4d64b04ee25f54ba0c9a78062cf66575ed44ee8a13dfab486f0cc86fd4a85036,6098,ClinicalTrials.gov complete official JSON
NCT01438541,df45e6e87a5330ec29c41ed6f2a55387444abc312d3c1dc7d50a6a5b1e50864e,12045,ClinicalTrials.gov complete official JSON
NCT01439581,6f1393058b996fe371bfad576fd6db675aafc9e58a6a5b36af4364bff59d815d,9099,ClinicalTrials.gov complete official JSON
NCT01440452,a2102f62670c7460e927da6b44e22734780c0cf3ed73d6fb499fa75dc8c73263,60517,ClinicalTrials.gov complete official JSON
NCT01449422,0c02cd23ce7498c94b53c15e85c4f21d5554c0352f41f821b2b3d96aec3fb4a3,7901,ClinicalTrials.gov complete official JSON
NCT01453816,58dfe26a274b3f47a07a87feabc13a1e9513ced8f903f4217f4cea30c20ed4f2,7205,ClinicalTrials.gov complete official JSON
NCT01454570,4680dde55d2930bb78fc326f10317ffea1424f638a4d6688d563c983ea7f965f,20069,ClinicalTrials.gov complete official JSON
NCT01467817,f20035bf1b37eb25c646ba7d83f8780bf0f66f7d44c62b57e96ef3d497039591,9896,ClinicalTrials.gov complete official JSON
NCT01484184,610876c7a8f9e9d74fed05fe5cacdc46fc05409e575764145a7210d06229950b,15318,ClinicalTrials.gov complete official JSON
NCT01491438,9e0691a0b3e54d22e36843a841f43160ed7ffc38a213d59800c4a874ddc888d0,9466,ClinicalTrials.gov complete official JSON
NCT01497210,6f738517e4fc573e108e74206d0202dca0b00fb25f95aac6ba3ae314ef5483a8,5774,ClinicalTrials.gov complete official JSON
NCT01499277,47f3cbcb70af10887234ce107a62096922db291be876333fbbf27bdcb51ffd2e,64683,ClinicalTrials.gov complete official JSON
NCT01499784,c5d6d743c8bc218eec936c413f355ade0993667ff289eb708a550ca3ffb0e573,22429,ClinicalTrials.gov complete official JSON
NCT01500174,a16d4d358084f00712566748b484c1204d7f70ccb41366f147eb4c729e1f8d1d,8224,ClinicalTrials.gov complete official JSON
NCT01509599,2bbcebf61d084d4249873643c0e8a66fc3479134deb5be3c5da86920a3928bad,13236,ClinicalTrials.gov complete official JSON
NCT01528293,fbb366b9fae1467f86eaad3241614b2af7ee8d9d07c395414317a3d934dfe252,37161,ClinicalTrials.gov complete official JSON
NCT01537003,6c5e353fe3fb6b6d4111051225e46d6ae78a8cf8d9b139a59ea09905c0d394a5,10419,ClinicalTrials.gov complete official JSON
NCT01539980,cdc6a0d682029255d2f53d39a69f109f749d13c860c41c425d81fa62b9f5000b,18315,ClinicalTrials.gov complete official JSON
NCT01540981,33a8605281a3182e77fa8386856f997fe977536129980c2eb35100aaabcec91f,18970,ClinicalTrials.gov complete official JSON
NCT01549860,908f5c63073394a22cce2a576360eaea8cad5d909398b40c60bed889ec963d85,21943,ClinicalTrials.gov complete official JSON
NCT01552447,40ee2d1ef4e9b1fb090f4f5609d53c37f9c2bb118cf6a9b0f098e285efd3c6d2,8094,ClinicalTrials.gov complete official JSON
NCT01567150,4bd779e69312785af17ba0bf5eecbe3d0dcc805f17f4071ef83f19ed4caf8bbc,10962,ClinicalTrials.gov complete official JSON
NCT01567605,a7b068ed23c2ac54fcd309bbfe289db14d7e7a723ef1cf443eef9fdac4754330,22622,ClinicalTrials.gov complete official JSON
NCT01570816,21cd4caa2a3a1b247e0b0b31eee9d74e0d437a85501b211d4bf0cb2f2c8f6bd4,9492,ClinicalTrials.gov complete official JSON
NCT01572376,e867fc57aed0077af6b7fb454dae4b085ccf225932fe425715cf4ce5cc7b2f0d,5675,ClinicalTrials.gov complete official JSON
NCT01573234,6126a2710b3de2a7273f07ca60fee2f7bdfc4b0058c57dc28af9b7d1c56cf45b,5165,ClinicalTrials.gov complete official JSON
NCT01591434,36c56ad984729c37956ead7b1e30f05fc96c4e8a62a26957718a2b7ba71e6296,7086,ClinicalTrials.gov complete official JSON
NCT01595347,7a66f1a43c1f24b4d5ba60c21bd1441157d482ff19f29ae7c01bf8b6acea1cfa,10127,ClinicalTrials.gov complete official JSON
NCT01608438,09f7aebb4d3a82b6bf960d55194f9f43f596a82151b384fb34f4f043a5ef166f,11449,ClinicalTrials.gov complete official JSON
NCT01612806,6413a39375914d8cc5f3bd2648b5cf6658be7faa9b425caf35f498aecaf82eb9,4908,ClinicalTrials.gov complete official JSON
NCT01640418,f9c5ce87c5a819221de8aa50a6eb483730e78668b79da72028a754ed1b92ba54,3984,ClinicalTrials.gov complete official JSON
NCT01647321,f556ecbc816b2997015ee241de78c4b8bb70fc74e1e5abe9c374fbf09dd5d1ae,8517,ClinicalTrials.gov complete official JSON
NCT01651260,2b5d0920f69a25ea1dbdca5d8d840cf004d0b4b2a6ffab7ea784dd73925f1411,14109,ClinicalTrials.gov complete official JSON
NCT01656889,e4082562ea187f961d4172b8cd061c34dab21565fc7e5c92f3f89b891b8ef56e,68846,ClinicalTrials.gov complete official JSON
NCT01671748,2559094b2a12ccc6df531a31819fabf62c24778bd07523d4fb9629c37efd2b51,33385,ClinicalTrials.gov complete official JSON
NCT01672255,88e517752dbad7cdf090817ba002ba18c3be1cf829ea829a89b9f656a2052b6a,6770,ClinicalTrials.gov complete official JSON
NCT01673412,f0f3e46fd210a531a686a478430f88d8373f3e3da8b0e1472656d823c47bdd51,12708,ClinicalTrials.gov complete official JSON
NCT01710774,8c8ad67ce4d42a7880cf5bb3a8cee0363f2c1a138f8d48a7774779f548468ff5,14438,ClinicalTrials.gov complete official JSON
NCT01734109,7b0f5d3a83627676afd573a890d428ac766990a208a43aee18335c4164116505,6006,ClinicalTrials.gov complete official JSON
NCT01737762,a21744321a841b4c809e6df659050a9232413fb9aab5584d7a61476c0f4d444f,29552,ClinicalTrials.gov complete official JSON
NCT01743053,190d4af118de6e31345fea52712d9f1e837651195c3a1a5de9502f23905d80eb,7116,ClinicalTrials.gov complete official JSON
NCT01747993,adaaf80e9d9f344cddb2421813324990535e841dc5e4de584d8c313229e93b32,8355,ClinicalTrials.gov complete official JSON
NCT01750749,f12346da6c49a6113ee68b9e3e05a2a98e55ef8214268fa9a6a5c68e4abe3171,6880,ClinicalTrials.gov complete official JSON
NCT01754506,0366486ef6befcdd16628c4cc5e223e29b52146b67f4266827bc271b3c863e23,6536,ClinicalTrials.gov complete official JSON
NCT01757574,4d397a685b29e3c39e45ae5a73e692b14ace7620b813b36c142d652825b5cb8f,12304,ClinicalTrials.gov complete official JSON
NCT01762423,7a9b0ca9429dbef94de95e47fc1cc8ef22f0f6db3a734d0f5485c906e6280eca,15620,ClinicalTrials.gov complete official JSON
NCT01770509,5c6ba015b3c47b643582d8bcbbcaa1d86db0ef041ab8bc860f612d512bfbc81e,16941,ClinicalTrials.gov complete official JSON
NCT01772303,b07606f970e8e239cc3ec466e766f0424b6332520d62b94256e8a85b5cb9015e,5152,ClinicalTrials.gov complete official JSON
NCT01788033,5109d2216f4fa003aac8e88d3929267b1d8e837be9ce4556d909854c3f8acbd9,9699,ClinicalTrials.gov complete official JSON
NCT01801891,09211ce630dfa9b064885521dca0c5dd83047638e56735d318bf750783c3cd4a,8968,ClinicalTrials.gov complete official JSON
NCT01811732,d3c5334105cfc1bea4f3742d84e1ab794e19174fed873bab5f165cdfbe6bc8fb,44981,ClinicalTrials.gov complete official JSON
NCT01817218,a4ca32b7c34ef3cdc52ebd22943fc78fdb35b163c5afdccfdcb9628e9da5532f,8309,ClinicalTrials.gov complete official JSON
NCT01817543,14019c4cfdefb28154e8090b2fe6a2f7530c0d619e8aee57a504d9b9cfe8d04c,7071,ClinicalTrials.gov complete official JSON
NCT01819142,38b56762d3eacec7bd50d928df68929335afe445922e3f80ca11f7ab6cf1c4b7,6999,ClinicalTrials.gov complete official JSON
NCT01820663,e6e4014b27d9823fdb94c26e657fe2d2ea61231d3d35407f398a769ed16b0e88,7657,ClinicalTrials.gov complete official JSON
NCT01834417,ef198154d54c7bda8481b07ddfae8b4d0c68533b7d20f6f1dad8c2ebf16c56a6,5925,ClinicalTrials.gov complete official JSON
NCT01852279,0995fe2bf56b720571c751ccd0e9ca1a493bdb2abf1815894154bb2a86d9b6cb,8675,ClinicalTrials.gov complete official JSON
NCT01853384,fabcb0cc7a9f009af73e6825dca8fe5b764426bfa068a92282f9c32f22479509,68307,ClinicalTrials.gov complete official JSON
NCT01857089,300021f3e04ba6c5e6b77e83666d57db5434bf1572b0545b173d5f99735bd70a,4837,ClinicalTrials.gov complete official JSON
NCT01858272,d539686f477a24ef38908147e1bb1dc0ba86048707cacd4e1b1e0b93f11cbe9f,7091,ClinicalTrials.gov complete official JSON
NCT01858896,2acb48461e4628f1a643b0c07909b281180a80d21c3985652a74e00a85c9116f,5167,ClinicalTrials.gov complete official JSON
NCT01876017,211ad0ce9b6736521599ea9281a35ff6218c92cd3b073890f586cffbb27d4af0,8033,ClinicalTrials.gov complete official JSON
NCT01877681,993ba7d940ff1b92523515f7dbd9f9b4463e0b338a79d26fa8e72116da3f4b02,5315,ClinicalTrials.gov complete official JSON
NCT01885962,c514ae240710045714852495ff366824a9aa384fdab069a0fd74634c2df6c70d,7076,ClinicalTrials.gov complete official JSON
NCT01891565,8258a409d70d9cfb768dd65dfa9b3d10931ea8dbc83e71621f9cba6f4e6b3df2,7034,ClinicalTrials.gov complete official JSON
NCT01891760,f3c400b40aaac05ee65d67105d9307e4d2348a1033528ab07efc119a7b2d4d83,9824,ClinicalTrials.gov complete official JSON
NCT01894802,9f44fa01fa0fc8c423682cec4a865f79c941c9121199d3304ec9d83eba30ba3e,19019,ClinicalTrials.gov complete official JSON
NCT01900067,21bde815a1754aa06ffc9ae934bcc42088a235a9bede9f5c503f367389f464e6,12064,ClinicalTrials.gov complete official JSON
NCT01904591,98d373fe42fd86bcdbd0618fdfcbdbd77e26b36f8c2e618b959f7f65331d9f76,10363,ClinicalTrials.gov complete official JSON
NCT01906424,6c72cf73c8d8351b5eae4cf5323e4ff8b7969a3ae78bcec8d099ffb1ed16f346,7701,ClinicalTrials.gov complete official JSON
NCT01909908,2d09d19765ae79fb3bd4112a55f050336d6832a533c9eebdf6bb974737404fe5,4903,ClinicalTrials.gov complete official JSON
NCT01924806,709600e4bfbce3e12c3f20ca6c660e3818adf370b69750945feccf68a88542ae,106154,ClinicalTrials.gov complete official JSON
NCT01943669,bc3d3ddb11d94abd981063c27ca9df26783ca970dc1c7867a5d9593b1c78de0f,8516,ClinicalTrials.gov complete official JSON
NCT01949285,40b60b5ab28f765c014026a9d875205aa79c92e8fb88772864de71da7f60d71b,7822,ClinicalTrials.gov complete official JSON
NCT01958177,70f80ec8535f7a009f7dd67111d1b2c1e05e781dc4668b676372ed6b55750225,6032,ClinicalTrials.gov complete official JSON
NCT01966380,ce5ac4f230f25711abeaef6973e2aa17c086d57a9765d4caa9e18b54579b7787,9470,ClinicalTrials.gov complete official JSON
NCT01970163,18790c03a9a446ff9468b8471180d30f1b335a816090444471878395b2dc1ded,11766,ClinicalTrials.gov complete official JSON
NCT01972633,dcd6339ede03984ad0b3545186dd0ed664016d403ea0a84a631a30ac4eb1ba0c,7805,ClinicalTrials.gov complete official JSON
NCT01973361,a2923f34897fd20469241b6a168b4dd3bf1f83c7e36ece05d39c60c7dc8901c2,8109,ClinicalTrials.gov complete official JSON
NCT01982318,fff65a84438fedb5797f154b3ee8efccbba1a31d2fdf90a0a7c09371696f55b2,10415,ClinicalTrials.gov complete official JSON
NCT01984684,a75cd67b294623ca554d655ac4f3d52df23fc8a502c151f3288c98af33610775,51719,ClinicalTrials.gov complete official JSON
NCT01999816,2e09650af156ffb1f76b21e37faa9e1e04d994647abb6d91076b1f09aab8ce92,11017,ClinicalTrials.gov complete official JSON
NCT02001558,01c4eb17931d04269de819cac8b0b4b6a4016964d67d32aab744e8e629b7d1b6,39369,ClinicalTrials.gov complete official JSON
NCT02004626,ff61138120f0083c75c5571646aeb25ea8d5a276ef1d889977d5f4504f0bac10,12441,ClinicalTrials.gov complete official JSON
NCT02005068,68a65f0685ecb4fb4f4228c331089fc13a60274006bfeb60d67fb41d9155fb22,9403,ClinicalTrials.gov complete official JSON
NCT02005692,5461cd45b46b2183231c85f18b32cffea59c52f4a60bc7920e7fec1a38490137,12675,ClinicalTrials.gov complete official JSON
NCT02007824,a140c0e8281333f9da11d37b63f542a02d973a39e8b010c747c51811df2c9668,5142,ClinicalTrials.gov complete official JSON
NCT02008149,580590dd93c012167858826a120252fa66e83117646028769370ecdbf59415ca,19833,ClinicalTrials.gov complete official JSON
NCT02008487,21ea3d241bf4514885b844deaa6e92f2b3db606994cbc853cafd2345caa2ac39,7389,ClinicalTrials.gov complete official JSON
NCT02009501,c8db7eb391dc7bda30e68b18b209f949093fa5aebf844f8975e59180ad36c905,13552,ClinicalTrials.gov complete official JSON
NCT02011503,b2d28273f28667eba9028b787a55740ddfda5619e4bce3ac42d3e7de5edff44c,10394,ClinicalTrials.gov complete official JSON
NCT02011724,571be380eac7da16be09e92f0616952f47c0e1c37885bfd4d0d63f49aa00b37d,7366,ClinicalTrials.gov complete official JSON
NCT02014948,400768787f104cec7cad31858acae2268af9d5f31f6ace1ecee535ec0ca5f21d,20367,ClinicalTrials.gov complete official JSON
NCT02015221,05f16edd66e13131f3fc025e3c93452c0cf6e3415bff1271e905e3b99abd0612,16310,ClinicalTrials.gov complete official JSON
NCT02020746,d1345c9ed1e965e62ea9011198c77024dfbd34ed9611fce4a612398cc36204ee,10497,ClinicalTrials.gov complete official JSON
NCT02028923,8fcce6b95a20ead49a51c2fa450b29cbbf9e3e3ba18e05301496b7abc1ea59e0,8659,ClinicalTrials.gov complete official JSON
NCT02034331,9e1a4f9ab6720ffef035da594f0882de1ad7eeba03e4449b5041a01b42cf4911,16995,ClinicalTrials.gov complete official JSON
NCT02034396,4c5383b473893646d2f69c4bd1b5cb31017b23d04b58f951d269001103ad222a,6822,ClinicalTrials.gov complete official JSON
NCT02042508,1a5973a8184a12b023a09c7ad320c6ee1e5b1c7234c86041598af5de96c6a0e9,4940,ClinicalTrials.gov complete official JSON
NCT02045797,d3e444e53c668a18fd57076b37af87e895627192988753a1977ba28903355a3c,366093,ClinicalTrials.gov complete official JSON
NCT02068027,4b59069e0a93db230f94599671dd45ee4d9da64ccb748942faf4bd5d2ac515f9,35287,ClinicalTrials.gov complete official JSON
NCT02071979,4e27a060d1f5ae058fed01d434af522d66136f4d27fa26bc4a56cba5266ccf6c,18228,ClinicalTrials.gov complete official JSON
NCT02079311,fb09a7e266418e10b56a96dca1a9f31e9ecfd4e100daa08c9dbbf68185fa29d5,16037,ClinicalTrials.gov complete official JSON
NCT02087397,ac952b30668ce2baf09d1c6c2ce0f56fa279632b79c932f996990c7f39e3aa5f,7601,ClinicalTrials.gov complete official JSON
NCT02090387,ad49186747aa8f94aa6befb461a20c0758ecb65621755ad922d2103e31db92f3,8139,ClinicalTrials.gov complete official JSON
NCT02092870,9840d593d4dbee2e402348bfc2e0e2a8725c3f905d00ef784f2533fcfb564fba,9008,ClinicalTrials.gov complete official JSON
NCT02101645,7fd7b762614999de558ecbca38dd55d7e9e368ba8201191c39daf6a4293664ec,10169,ClinicalTrials.gov complete official JSON
NCT02104180,c52321a28dd95a697a4d3cbccb8ef76b58ac20324823058f09828f4ad8ed17ce,22096,ClinicalTrials.gov complete official JSON
NCT02116010,bf413789de10ff135812e8ea6aca3b2541f2ec8b86e5a47c8ff50830f67df2c0,10685,ClinicalTrials.gov complete official JSON
NCT02116114,5f50d7f0492a91ca9f821c1b8a8df38a081cddbca6f00632664252a48702d333,5924,ClinicalTrials.gov complete official JSON
NCT02119078,8e6c8b3d13d5467c02d1ddc3a3c60b14230eac9d84fee5e34e540b922460564c,7105,ClinicalTrials.gov complete official JSON
NCT02120820,79a4fc7e84647484be71a4cbc82dbe716a2eb9ef76660140b918752b0940261b,16586,ClinicalTrials.gov complete official JSON
NCT02127970,585e881dc43e03c63aff44d95c48d03b873bf8dbd902206db485fb86c70dfdf0,66055,ClinicalTrials.gov complete official JSON
NCT02130310,0f23549a94d2c97c11d388043645e5ea831d33a021a0d13303a69f6b9064f279,9507,ClinicalTrials.gov complete official JSON
NCT02139436,7c9998538c4f01c449d43f87ab9fa5db4fa59439af2ab21420933fc96163364a,29574,ClinicalTrials.gov complete official JSON
NCT02144610,76d97f3cad5caa08acb6e02775c1709dfc68adece5c955ac36fba74b40fa56ec,106477,ClinicalTrials.gov complete official JSON
NCT02148302,f5624eede94333c27c63a75b0f2db9012609b3f1336d760945bfd1d8ba6bbea2,29687,ClinicalTrials.gov complete official JSON
NCT02154087,1356add1185f42f502732d1cbb036fb8e2846a4772d042366e8e6ef6ba5e1644,12449,ClinicalTrials.gov complete official JSON
NCT02158806,45726348abc79e03ef70584d7b0017d11f1bdb140ecb8c53c29a1130cd2a74a0,58642,ClinicalTrials.gov complete official JSON
NCT02167815,7eb337107f487056dad5a7d020ef7abc6f05185e91cfd787f5455b44e19ef2bc,21003,ClinicalTrials.gov complete official JSON
NCT02179216,e8deebe903d10a211f923bd9c84d16be4cb67e8d90ed5f8ea2de92007ffc73b3,8677,ClinicalTrials.gov complete official JSON
NCT02184234,920b2f52015dffee9785feaf6c8250f1ffe16afb2970fb44b17cd3e52a9b5cff,4758,ClinicalTrials.gov complete official JSON
NCT02184793,4048c9da8aadb8d01252440bd7ef6b112e8f9d1ab4128240aea84de6a35372d0,7157,ClinicalTrials.gov complete official JSON
NCT02202135,2f0a480532f942745e337da4b788ab1c35f1573e76f28819b3c8c74c6212fe27,18325,ClinicalTrials.gov complete official JSON
NCT02203994,b5b3f0cc41eba40c9cc85cc9cac08b786071cea01194d10951221cec30bf0dfa,6518,ClinicalTrials.gov complete official JSON
NCT02211898,fafef42c6e972578f8a4d88265fb55a7d2e4309ffc42564c98fdabdebaf68502,5713,ClinicalTrials.gov complete official JSON
NCT02213952,5dfadde1742100bd557a1e4d4c83fbef1634dac5b829edd4063a31d15475e563,11374,ClinicalTrials.gov complete official JSON
NCT02222454,aa20416da3e149c36930fa268e54e3036ef1d854728466548e2e68678e777e69,8332,ClinicalTrials.gov complete official JSON
NCT02222467,135a069d789313f783eed5a8aca035ee20159ea9650e826b876a58ba5b38b809,8161,ClinicalTrials.gov complete official JSON
NCT02222506,4caa4d8bb86f1bfa869bfcfdf3abd488a76a25c8144078f69187e1ceb6a77177,9537,ClinicalTrials.gov complete official JSON
NCT02224300,5e29e75c1a45fd80f152522bb21a0ee6773cfcf74184a208a5f99b084a0b5af4,9189,ClinicalTrials.gov complete official JSON
NCT02224404,5f90693a674f5d6d1129a5a40ca07b8591a7a4d69d626f449fce525281fe9c57,8249,ClinicalTrials.gov complete official JSON
NCT02224638,c8278e02b1d36994eab7ef2c408698c2bfd04580c1cba54bf2bef37daa2afb75,10281,ClinicalTrials.gov complete official JSON
NCT02225028,424aad1bbd1ddfafe858a5783c1c433aaed090a1e44fca9a3f4cb6fe70c95cf4,18746,ClinicalTrials.gov complete official JSON
NCT02236338,c99ddf84bc08b3655fc994a9efa23e13644e60f64aca4a41c132e24678a707a3,23273,ClinicalTrials.gov complete official JSON
NCT02237287,fcdb2eafe3e9ec7dce395298722ca3cc2467ebe1a92d53d650bb907743778dc8,6074,ClinicalTrials.gov complete official JSON
NCT02244931,121cbf95db0fe9c75ea16de4185eca78b08cdb7cfb14ef4d61de8990591b6c84,7875,ClinicalTrials.gov complete official JSON
NCT02248077,0d7d937272ce2982dc7f000e3910bdbb59de38a56dc412b02ef14ce9f3983c8f,6889,ClinicalTrials.gov complete official JSON
NCT02248740,a07cf4deae9d9f04e3b8025a90c30415bcb5b26d1f2d55d2ab559dc50db566eb,20468,ClinicalTrials.gov complete official JSON
NCT02266771,c540500450a027dfac570b1e4cff200a69d5cac484e83ada87737cdce08f51ac,7693,ClinicalTrials.gov complete official JSON
NCT02270385,ddf21e277b98178b546b072498c744c0ffd55d7a240e15d7285be039c4fb8cf4,7512,ClinicalTrials.gov complete official JSON
NCT02272881,47d9328b14c403a69f04782a24893b05a8783bca45d655ef5e5dc99bc7fdfb60,5775,ClinicalTrials.gov complete official JSON
NCT02284373,49f49c5434214d446fe1f62db0f3ae2486b071ca6a00f3aa2511950796553023,15497,ClinicalTrials.gov complete official JSON
NCT02295735,9802a1c358eba0f7721dc97c7d577d7adb5ed5b435c28bad34a43935ecb300a8,35963,ClinicalTrials.gov complete official JSON
NCT02296697,fd95464e82a65961f2b91577d349983e9b19875cd2bf3273d524acc1cd7f1ba6,8969,ClinicalTrials.gov complete official JSON
NCT02300896,15f9822725da10ca7547f156eeb2a8e524fa7e862650d48c9c63bdf01fe65124,10379,ClinicalTrials.gov complete official JSON
NCT02307448,d90dd80b1d89060d6ee4b3c0ae3ae528dd8bf93b3ab415c7c6cbf4c956280db1,9259,ClinicalTrials.gov complete official JSON
NCT02312518,3434c22cbe8069f5dff400a7214332d36b487dc115149c905ab4574d6a95e25d,8995,ClinicalTrials.gov complete official JSON
NCT02312570,74a6973c9f3fd01e9d09b320e47f6022bff4261e6cb13c1fd1960408b93dd8dc,9402,ClinicalTrials.gov complete official JSON
NCT02313194,620de22ccd54ca62007fb8667bde37701fa53e9e5db18948d79d76a5457c9628,5562,ClinicalTrials.gov complete official JSON
NCT02322125,02f1cab967a353eb7dcdfffa37ed9466a0a404e70d9507bcc9ddb2917e5c06b9,28732,ClinicalTrials.gov complete official JSON
NCT02324322,8874d07f4079a48cf5867b059d840889a213c25a09490db5ef5d93a8724fcb45,10488,ClinicalTrials.gov complete official JSON
NCT02325388,6ac74e79cc90f5428b4427ffa9f68cd8d8cfb84160b3485384223bb435262674,10636,ClinicalTrials.gov complete official JSON
NCT02329652,a2c7740d7241f46017f2b68a010163dbd68cf6bea0c9ea7b601846aa40ad565e,13212,ClinicalTrials.gov complete official JSON
NCT02331979,a09259820c53a0bd35a25b4d1b8d0cbed43f1d59f7a568cce9872cad41b9debc,5489,ClinicalTrials.gov complete official JSON
NCT02333123,401eaf310f1d1ab99a4139dab087c9a7466371bc7ab9a7696976fe283f93cc29,11706,ClinicalTrials.gov complete official JSON
NCT02339233,3ec9c15123c253779f1bb138ae2d86a2953a8b52347a9402d7a6c90b8687eb39,20247,ClinicalTrials.gov complete official JSON
NCT02342080,0f15fd291e6055d3ba9508bd3fb12b5d00a5fdfa18a82a503e0aed7e13ab3889,5839,ClinicalTrials.gov complete official JSON
NCT02348294,488812a32016e1b13192663a5116e84c78dda1564dc3f5d87bc8fd1e637a21c7,10426,ClinicalTrials.gov complete official JSON
NCT02352454,d85da17270b22ff016acb49245909ea079a2d19e56675cae2ea0750910ee8de0,13835,ClinicalTrials.gov complete official JSON
NCT02352467,e82353b47a17c649688d57ed9e5f9ac28c15dbba59f823fdaecbe415c04c88a1,13900,ClinicalTrials.gov complete official JSON
NCT02355158,df729726b8f31870765ed20cb63c50179ccd28958101eb5a1ccf00b187b1341c,22971,ClinicalTrials.gov complete official JSON
NCT02360358,7190f274b51d8a4dcc1190317d8233fdc08fe05603eac87cdf9164dc3a043158,8848,ClinicalTrials.gov complete official JSON
NCT02363842,8c0b19bb7966e042d72842396e45e5429aecf8c5ab27068b1cc76982bbc592bc,10026,ClinicalTrials.gov complete official JSON
NCT02364921,c069ef42aa499aba6597474395b09b0ee1e53c33c2a71c71a817a8cb8c1b50dd,7810,ClinicalTrials.gov complete official JSON
NCT02369770,e3a4f2bbd57cc8d773ca7d178fd7facf12e5d0489081af8b2c3284e85f9853e0,20237,ClinicalTrials.gov complete official JSON
NCT02371239,e56b27bc2996ec11ebf8d4c236ea0a3b9823e4e8c1147c99284daf7ef469ab5b,10812,ClinicalTrials.gov complete official JSON
NCT02373956,fc6c2baf929c025da2ee063251b7f5aff955d26c33d92d74fdda2d531358726b,17541,ClinicalTrials.gov complete official JSON
NCT02375802,d219468bd73d0d428e2eaafcf1397dc0b4337cf347157d11890e25a2cba9162e,12350,ClinicalTrials.gov complete official JSON
NCT02380820,05890a22ca33a937229be32778a2773fdfc892876fe83dfd88d6f3db87052fe2,7871,ClinicalTrials.gov complete official JSON
NCT02382302,f09a3adba75df21a1235387b7c695539adfe47ccd9232203e232f4cd62920fe7,6980,ClinicalTrials.gov complete official JSON
NCT02385942,84bfc7972aeb334a716b6069d70ba61e7d8ef4b2a85a85d09ad18952c90378f4,4940,ClinicalTrials.gov complete official JSON
NCT02394821,f929057107ec985823b5c71f247ae34417bf75794c7a7383b5fff70dd2017339,8265,ClinicalTrials.gov complete official JSON
NCT02395302,54b7a2116b2abfd5752dbc45e575223d68cb0c90d5da7a6a6fb33fdb1f95b5d4,17955,ClinicalTrials.gov complete official JSON
NCT02408991,c693b122124b7cbeb9af1949eff92007bcb9c7eba4a304f93a3d78c18c08e135,19214,ClinicalTrials.gov complete official JSON
NCT02412046,96cb0112ac293d4aa231539d7be1513143cb55446d80955f357bfc8360eef021,7891,ClinicalTrials.gov complete official JSON
NCT02418676,f827f2609c78ea28ec4617dda87e32302ea0326257136534386f438c5434ec1f,36054,ClinicalTrials.gov complete official JSON
NCT02419378,898739f462137ace07111361eef09389ef0a950c126c68bd1f21a755e89a6d32,47179,ClinicalTrials.gov complete official JSON
NCT02422017,d3f6ccc8457bee69103fb56adf5302dd34df3d72f028095406f5634161e1df0d,8254,ClinicalTrials.gov complete official JSON
NCT02441179,3d242c63c49345abaa68b1872584790d804c46a36fb3a24793b8daa3d2cbe178,45282,ClinicalTrials.gov complete official JSON
NCT02458859,78f4d46e1115c680c5ebf317e4a4f8cf82c3c1a6d4456ebf2e2bb6627624195f,8700,ClinicalTrials.gov complete official JSON
NCT02470806,9ddacfd02276aacb7c7050eaa1ba268468ae17cd4c9f8cb4f5d2f3b800a493f3,77554,ClinicalTrials.gov complete official JSON
NCT02472743,51ac0d27cd4f3ae41a43a5ccd121c35c05277e5adf5c6388cbfb854b817486bb,10120,ClinicalTrials.gov complete official JSON
NCT02474979,c5871029cd210bb0abd55c71abf87373499512658631d3725bf804db62bdfbb7,7473,ClinicalTrials.gov complete official JSON
NCT02475512,385cd23982cdb385bf08be098c7689616eebae46f5783b7f6606c4f9eb79d505,10141,ClinicalTrials.gov complete official JSON
NCT02479425,5d2d91c5894c8b472c29baff7160a804e129b437ac2b18525e78840fb62dde11,6000,ClinicalTrials.gov complete official JSON
NCT02482038,33bffdd8e29a6f33b302539e9c085285a2b67a73ea066d3041197e43e142459e,4510,ClinicalTrials.gov complete official JSON
NCT02482948,a5377a9d42cf14652cf0628ef5c960f05ae7e42be814159fa4800c2a0b99e2ab,8205,ClinicalTrials.gov complete official JSON
NCT02483962,59b30260468d30cb44e5ce57d4256ac82e23d887402e5b91f2c8990ccaaab0cc,10897,ClinicalTrials.gov complete official JSON
NCT02485860,57c9082e2e2f10c315c38b2f302ed69c9ef8a40a7a6c335d29286c6c2c5115db,11686,ClinicalTrials.gov complete official JSON
NCT02498327,912d23ed466df2a2cd8ddead7383b62b578b7298deeb52ab40560ed7f2c357ad,11492,ClinicalTrials.gov complete official JSON
NCT02510365,8eb68da6db2c8ab530f068e61fc017aeec5d89c8bba66e8981e9dc323ac55fe1,9340,ClinicalTrials.gov complete official JSON
NCT02512159,2488f847b63ad2611dd90568147602981ee967e6357ab5296aaa83ec8c9725ed,8018,ClinicalTrials.gov complete official JSON
NCT02519621,f564d52b724f634422faa485abb246ec01d10418b84f5f78b40e2b44c42df7e6,24536,ClinicalTrials.gov complete official JSON
NCT02526862,f67a9169131a61c61f09d8dc83cae031c8326cf2e5aed6a3cfa1f4b35fa45750,10140,ClinicalTrials.gov complete official JSON
NCT02533726,98092772fc18506e11add757f1649dbc924c31fb62698604e9dd0be81e3dda9f,17027,ClinicalTrials.gov complete official JSON
NCT02533882,5b9b96bf2628bde5b040476e7c5f251325d1270314e09ea1fcf5c4adbb737c22,9302,ClinicalTrials.gov complete official JSON
NCT02554058,a718585275209b24d5dfc6edba5fede2fd078c7f495c19a1b3ca4068d71e1fd8,11011,ClinicalTrials.gov complete official JSON
NCT02559453,3f5bac81e1617fd0dc389798fba28020229bfe795f5cf67974c1c5b601892fd0,6674,ClinicalTrials.gov complete official JSON
NCT02561013,76da7de933fe6bfbc1c8a58b14ed7cc4e91f81628b5476609b5b1e1c29ca9290,8575,ClinicalTrials.gov complete official JSON
NCT02562001,22f0d4cb16cb5646a0183a04fbd1d576439168d680490756334c4b7bfa54aeca,16031,ClinicalTrials.gov complete official JSON
NCT02565745,5a317eef6dc7506317335ad3cff8dae9212c2a947fcfaaf4a45e1f824a0e7e17,7598,ClinicalTrials.gov complete official JSON
NCT02565797,38396c859433b56e2d04ce2a46402381e6d141303a3658faa1acf4c79ed33f78,11472,ClinicalTrials.gov complete official JSON
NCT02570139,e54405f58cff3bd7fee12421094a52172c685643fa34310ade35ac3d36c929fb,28719,ClinicalTrials.gov complete official JSON
NCT02577120,e29a4c9a375bff784e3e37e6c18fd0631d91c14cdf471e623045c4aa10a0cdeb,16806,ClinicalTrials.gov complete official JSON
NCT02577900,75d07a0ed8e36c1368a0c792195441d3c3d79679bc0234c9cec211b31212f65f,23011,ClinicalTrials.gov complete official JSON
NCT02578823,e2e9f8e255365461d24fb8541c602f71fb8507f64e9ab58277709026765caaaf,12996,ClinicalTrials.gov complete official JSON
NCT02583958,68c5c9b9e5564b12fe1f5ba11e1b0c7f12f6efb8400d43d9757d46d8cc7dfc24,4713,ClinicalTrials.gov complete official JSON
NCT02584335,5ef6e281f2f89a4e9cbadfed599b707fbb023d7e327f1e2dd82936fbb0907b9a,23992,ClinicalTrials.gov complete official JSON
NCT02584426,4610cd1cba3e67d628972108692b0ccf2de48877e55112df32ee6b7b250d5f82,8423,ClinicalTrials.gov complete official JSON
NCT02585765,7e432688385ea917c7b37648812ebc3c96d8dd89e0cea95d7ff955e37aef018a,11332,ClinicalTrials.gov complete official JSON
NCT02586142,ac5e40e4c1aa006de727a6817089246efcd261b483c66e43f07c7bd36b32e839,17705,ClinicalTrials.gov complete official JSON
NCT02587130,602b92e895f95640431d41ae1d36643efdc5d5832f2dc2fdf795c61f2946a65b,9647,ClinicalTrials.gov complete official JSON
NCT02591537,8b8a8f3ce8a4076f62c0edb0f0a397071eae7c990939ea654be1def97358953a,28795,ClinicalTrials.gov complete official JSON
NCT02600611,31a05f19ec4782a976aa1ec9a18e5ec0bdc5c223999ecf13aa3c910dfed65961,23054,ClinicalTrials.gov complete official JSON
NCT02607618,f31a45da7282da43dba9e896ef0c4c57cf429070f0f188720af61d5ac7997fb9,23742,ClinicalTrials.gov complete official JSON
NCT02609594,27cfcda3d3def7c735b0dae01ecf91e9c5e133ccd99811e40baa3f70e980257d,15322,ClinicalTrials.gov complete official JSON
NCT02619409,e9191eebe96a0fd66eb64af49c00c34daff566441f6313546a6acfa07d9c3275,19078,ClinicalTrials.gov complete official JSON
NCT02621632,6ea245c327014307c4b26f14ced0bdb37c11c5722c24894fb188747d951779db,4831,ClinicalTrials.gov complete official JSON
NCT02622295,a2ffe14f88452f3661723f51b32e5d57dc603e252d7ff4be7effb9d5cdd2381e,44355,ClinicalTrials.gov complete official JSON
NCT02626156,f8af4af5f7186e787f7fd17347ff4f4d61ebd9813baa2a03824ec9d31203c309,89919,ClinicalTrials.gov complete official JSON
NCT02632695,d78860838e77fe715583b21d7d831aeec1372430fa04d885b9733b1ff1876389,9666,ClinicalTrials.gov complete official JSON
NCT02634892,6c891ae6c44c43d5e407cee8d7191663434fa86e8f97bd056242bd07a0829be0,7400,ClinicalTrials.gov complete official JSON
NCT02650440,7047caf25f9e56d8667023df3a308a93dd1eae612d5819cad492a619535d6e37,32867,ClinicalTrials.gov complete official JSON
NCT02652169,3da6acfc6aa6b83b6f6dee6c3910d088d65381504dd733a4507bff217196b751,10882,ClinicalTrials.gov complete official JSON
NCT02652572,6b344cf721150610961f2a7d4b333755fcfe85329738247a25df8a849f8b3709,10216,ClinicalTrials.gov complete official JSON
NCT02658656,31b7ad411dc03bff8049071921e782dccdfff4505995920aaf748f2315d2c594,158366,ClinicalTrials.gov complete official JSON
NCT02662127,3891656faedf0ce093c9cddda748995198c3aca71c687a395c1f957fb9b6bc13,8415,ClinicalTrials.gov complete official JSON
NCT02680834,b12d26a6fc18152e16f9854e25d9dde52c9e7a0323195ae9730586a9556640c4,27291,ClinicalTrials.gov complete official JSON
NCT02682069,d635f2e747970b138c63518c1c14a54e7f1167eef18f61fbe354988c0c425a5b,13569,ClinicalTrials.gov complete official JSON
NCT02685033,e149a16f3150b10e0a1c484e68d95a94ae72b383cd13664e25ec1763ad9629a7,63994,ClinicalTrials.gov complete official JSON
NCT02689310,ffa0c8542b7b05db842b77fd6b620555017b2e84a196fcac80db624b3a64291e,8208,ClinicalTrials.gov complete official JSON
NCT02689817,d2f0a1043cf6473321dbe83ca6835cb8bab889e16d526797577605112e166b78,17405,ClinicalTrials.gov complete official JSON
NCT02690753,f1e3fdb4c2b9d14cd060d90075cea266e4164ead5633cdf8d47b8759129a01d5,12303,ClinicalTrials.gov complete official JSON
NCT02692482,1893d0c0ab19b515125ad12f446b4c354c88678a69b207130c8ffad3bfdb1dcb,20349,ClinicalTrials.gov complete official JSON
NCT02694302,0ab8c0e160b47059c9f8350a9b2b1434e633988cf90472f9cc5ecae8a95016db,6493,ClinicalTrials.gov complete official JSON
NCT02701101,c0c5c9e2c1a002f73990a5ef85e0a5a4f36b5ba2199f2b7194a07841efbbd542,26973,ClinicalTrials.gov complete official JSON
NCT02711839,76de0bcd695fcbb4b69d723425de6ec8b059628d81a87155b31e37de1c51729e,14950,ClinicalTrials.gov complete official JSON
NCT02716519,ce8cbc8d24845f9e4b806a638ec0f44e839733cd5ad23f47840c226d911c6d57,13219,ClinicalTrials.gov complete official JSON
NCT02718625,4cb5241ae07519794c280c78d5f75b1377fa715a49c67d6443b63be7fe90ee5e,45777,ClinicalTrials.gov complete official JSON
NCT02724449,5b885e123e6f0c504dbcdffc2fd8db9153c6394d7493f4a665bbae12d31a1903,13846,ClinicalTrials.gov complete official JSON
NCT02728986,ba541e679da12c99a6fa218860321b55f32336e52d254d95e0c87c6c16d50de1,5226,ClinicalTrials.gov complete official JSON
NCT02729688,288ca389d6f8c5186d30c29141adcdad87adeaf72128f8bc2036c9a26c91314d,6355,ClinicalTrials.gov complete official JSON
NCT02732548,c535d05ef20d1269f95a4f9b14e0cd104d48dc7d2d6fd66864815f6a724c55ad,6091,ClinicalTrials.gov complete official JSON
NCT02735135,caf6e50255c812976e547e06483327d6dc3fbfefdaee59cc7e4e48b305583db3,7000,ClinicalTrials.gov complete official JSON
NCT02735460,5414d807a56f30272b353121241b20769de7cde188c04af72811485d67741439,6914,ClinicalTrials.gov complete official JSON
NCT02742844,e6884e5663574515997bbccf36035d03cb4a0c83f90815ae7e6e6f7fcbe00798,12783,ClinicalTrials.gov complete official JSON
NCT02763904,8f7cf3ac8c7e7a9ff82075c6a8bc2bfb34d8bd2641f2bfbd36942ec531dd69a5,8001,ClinicalTrials.gov complete official JSON
NCT02782689,f13f55287f71f42d28776ec4dc4ccc870146475928af3e199ed13a2d6d0e1efe,6074,ClinicalTrials.gov complete official JSON
NCT02790593,5c1c6f056ce7bc3b36685187405291458028c596bfca30f8f67911de3ad3e764,10995,ClinicalTrials.gov complete official JSON
NCT02798445,603d8ec917c684058406d8fc2e9ddf5768659eb0af0545a40726fa9dae9fa15f,6688,ClinicalTrials.gov complete official JSON
NCT02800915,da60fdb01949410f834ebbb7ed5ce131e6084424b1b9f67f88fd025a11950b92,10348,ClinicalTrials.gov complete official JSON
NCT02802852,e19039bd041b59e6dcf34f7f14130f4d1cf5d582d6842c1408452c46494b6f44,20678,ClinicalTrials.gov complete official JSON
NCT02802995,3189f66484b52bc9695caf747896d085847b09682c83266fd1d53c8e59bd8dd2,10074,ClinicalTrials.gov complete official JSON
NCT02811965,dd2038c82af46c4e037e807b25d2821967e1fc28dfca9ee5a960716862c070c7,29125,ClinicalTrials.gov complete official JSON
NCT02814513,59dc080e792547f9f992b3b567fd7cbb658ecc385a8f6ab22f9e5bc5736846cb,26343,ClinicalTrials.gov complete official JSON
NCT02838784,162442ebf97b43c0efa4efe4519ae154273e049d571059649a11acc791ca97f5,10914,ClinicalTrials.gov complete official JSON
NCT02839226,725f06d346967560725463afa594bc40e45ada336aafe90c77d293259f5b5e77,12511,ClinicalTrials.gov complete official JSON
NCT02840318,07611a9480789d40d02244b18c1dead6e3a9ff3740cbb0e9a82b20f7fd064957,18978,ClinicalTrials.gov complete official JSON
NCT02844166,76808e91ade8adca29c682951366858b64a2d46c14b3dae2abc38880914f9d9f,13941,ClinicalTrials.gov complete official JSON
NCT02845466,a4b029c10800c9300d7fc00cab3a579362ac5939e33cfb904518f1fe23aa6381,8582,ClinicalTrials.gov complete official JSON
NCT02852148,064e06dae75e8dc19555994b0f03b0fb7b82837e3ae143f936dec29bc9402757,11415,ClinicalTrials.gov complete official JSON
NCT02853149,3f0bd5e64ef4ce1ecde7529f91155e0e504f0e951c941da6b74bb880d6e8db50,27173,ClinicalTrials.gov complete official JSON
NCT02859792,8096761381e2eadc2db6e2e6a8fbc927c274bdb2a555f66e60ab015ced423e55,9490,ClinicalTrials.gov complete official JSON
NCT02861560,acfc305e10a32a7f0dc64d1c085193cb2c0cd58de754917a28cabac8244ec7be,5849,ClinicalTrials.gov complete official JSON
NCT02862080,769164c88fd598db1500257222efdff3f9b6ec116a36f54176215834aa3296e9,58395,ClinicalTrials.gov complete official JSON
NCT02863263,b39a8e70978648e2690ef3ba95c1153fda828883d35f8764ef81aba8255110cb,34285,ClinicalTrials.gov complete official JSON
NCT02865343,0550582a64ae22a7bbd9cd7e3ca860e18cfb13057f0244740258a473ad9a46d8,21638,ClinicalTrials.gov complete official JSON
NCT02873728,337170f72877b09388183797a2bfdab97d8cfa436b91157e2eee41bd9f2032cc,6814,ClinicalTrials.gov complete official JSON
NCT02875665,7aa04e3117b5e2d6089b70d44fa88e5e5b2fed425e313ed57153b5ae3529ee4e,5809,ClinicalTrials.gov complete official JSON
NCT02876666,c67e5f740e0de1060442f297b82a4890ae750c43bca62f82763811f618a182a3,5304,ClinicalTrials.gov complete official JSON
NCT02888899,8b9dd8e984ad70f7b46c995ef5e56a5c0980bd46b7e8b66b10d2e2dcafae6c91,8858,ClinicalTrials.gov complete official JSON
NCT02889926,cc90b53de6484cf7d05f063dd46fe79259b1f21046c61e96eeda769bc47ffbce,9583,ClinicalTrials.gov complete official JSON
NCT02896725,2fc8e4789c7537dfcdad3ae5df23550076360eff97abc84305181e93e5c4d2fa,10600,ClinicalTrials.gov complete official JSON
NCT02904200,0e1d156d1050c60ac5a344e643b29d7bf1fb8633ff5182402656cf2062f4eeb5,17441,ClinicalTrials.gov complete official JSON
NCT02912858,6c22a3cef858d2da55701bf520d9562fd753011335534dcd2736d5ef325e4956,7206,ClinicalTrials.gov complete official JSON
NCT02921750,d1f01750b0e40ce9888ced3bd1c56da2aacac2107244a24dbad62ad09415a705,45797,ClinicalTrials.gov complete official JSON
NCT02925741,8b1a9a6034bdf17f3e1791eb0a01ef460279fc5d02f616d49afaf0141ef51cee,24735,ClinicalTrials.gov complete official JSON
NCT02929056,eeaaa08ca0010e06ffddbf2b43f5e419eb926ddb36984d55ece5e798e24799fc,19441,ClinicalTrials.gov complete official JSON
NCT02930499,a5725eda2deadf4f604c19000db35bcf48534a0c663490fb51533574ba9424a5,5786,ClinicalTrials.gov complete official JSON
NCT02930590,78342a0c52754ae9d83ce57d3e30d61ca400b993f1833be994a1ca2cc5208e69,203698,ClinicalTrials.gov complete official JSON
NCT02936128,fcd639521064dc3595ec9f33d2ac6c660994d0c397915b7c44865af57e689ffc,7118,ClinicalTrials.gov complete official JSON
NCT02940587,a9853aa8a0fc7bd50a83faccc306dbbff00479fadbf6e073d7004f3a85ef8a02,6716,ClinicalTrials.gov complete official JSON
NCT02946021,69f859e1a234d8f1e017c977800f411fba9abafcc721e96ca9ebc87db4614dba,35979,ClinicalTrials.gov complete official JSON
NCT02952573,6ecd6abfc32134fdbfbfc0900ddb660477ea56e60ccce46f04db077f26da7734,12559,ClinicalTrials.gov complete official JSON
NCT02952664,8f5b3c89ddb031a86c08e5cae027eefee6b2264dbdf3003f79cf9ecb17bab56c,5751,ClinicalTrials.gov complete official JSON
NCT02958072,e1c712e7a35b9416b03c8a69f087b56ae727fbf16669d9211270c2ce32d5e555,8030,ClinicalTrials.gov complete official JSON
NCT02960178,fe06fc6f88e2cc2317d5f232333d43d221ce3504e95ae8301f1a1be5d42856f3,14094,ClinicalTrials.gov complete official JSON
NCT02961699,54dc732ff927440aebd79fbf73fb29d86dc9c78e249cfc5671fe943571e0779e,9178,ClinicalTrials.gov complete official JSON
NCT02962882,767e135fc3b26492c328ca8ff57791fad0a454d61d8dae419fac203413aecb4e,27160,ClinicalTrials.gov complete official JSON
NCT02963649,fa6acd1faca0254253ec5262920ce5ca4ee6bf129e85e3c83ba5d58f5fd8c655,108414,ClinicalTrials.gov complete official JSON
NCT02969343,a973dfff835c9066a937b4da71d54bffc472e97d6556ffbc2a7def3d586278c5,21752,ClinicalTrials.gov complete official JSON
NCT02973893,6e267a847384433e3bfd904b26931797206f9800b1a298b098a8495d76799dd0,17204,ClinicalTrials.gov complete official JSON
NCT02978638,295c0bc976175885a893b829d3398752597c74b8f34757330fc055fd3c375dc1,17086,ClinicalTrials.gov complete official JSON
NCT02983955,f4a3d695ac26db1bff896be2853cbe0233809daaf87efb093a0eef8556ee9082,5546,ClinicalTrials.gov complete official JSON
NCT02988063,fdfaa27eed84251f2630d136b991ac599d8ca16c8a86261a30c515b88f183c1f,12096,ClinicalTrials.gov complete official JSON
NCT02991833,1a7ef34877d07ef5c8a73f938ba86aa1b2f4567ed0439352c3e0d7163e473694,10115,ClinicalTrials.gov complete official JSON
NCT02996331,6ee2de0bce3d307b35e143f277d7fab246509434fd88ad9ec5bf6b58c17d267b,13956,ClinicalTrials.gov complete official JSON
NCT03004144,275b7d7e8cef673ec4b05571b538f10befac02a112f4e1ea3e29f49ceb50a9d7,4727,ClinicalTrials.gov complete official JSON
NCT03011099,f6861d161b0cd573ec80f62765f5c5809ae62da362c979237e208b3e078dffc7,38315,ClinicalTrials.gov complete official JSON
NCT03020446,e661bb3fea310d092d9058920b2d3a996c97a57569acfca7085b94d6a992bbd4,8145,ClinicalTrials.gov complete official JSON
NCT03021811,771a979ef1d177a42c400af889233c0c4765e28d7f5a5f984c9664edd88496da,5191,ClinicalTrials.gov complete official JSON
NCT03026816,8a2066e0c5607c308a0de4af57fa53ad4225add49d8ee4800eb5f3ade0fd2383,10242,ClinicalTrials.gov complete official JSON
NCT03036527,b917a879aa1fffee2ddbd2ddc0f0018c51aa5eca9d52cc8631110e7f10fa62e0,39508,ClinicalTrials.gov complete official JSON
NCT03038490,770db566107e80a91e21e492e8b56d4b15dfc5fd89909e816a2ae7434575861c,6775,ClinicalTrials.gov complete official JSON
NCT03041844,26401d4e3fdae86968f0e1ac2392ec5426f7495c6596c0c7f693b0507c27a2c0,9444,ClinicalTrials.gov complete official JSON
NCT03046810,2f52c11d09aa76431143904b32c44a955a8165983ea61d1ed3a3deb93ce2b98c,9300,ClinicalTrials.gov complete official JSON
NCT03048357,4911f0171fa8ca812891e93041172594fbcb58f6b3c19539ade4df2eba99f65b,6821,ClinicalTrials.gov complete official JSON
NCT03057652,56ab1f214dbbf377b7b2521b85e02285073f87b3b0f5751de4d267c0a1e7e37d,23967,ClinicalTrials.gov complete official JSON
NCT03077165,823f94b72e27b0a16e0d1b8de198f0a521e79dc2af18cbeb0c4ce53bfa6a13b6,73647,ClinicalTrials.gov complete official JSON
NCT03091439,343b3e52ff3f8b45737bd7e626a1386fff967189ea283d073cc7766fb5a69ba7,30426,ClinicalTrials.gov complete official JSON
NCT03107143,5406cbd4de6dced14e1d2ffb58c7f286ac8c35dbd0a6a30e90b0d6bfa8f1310a,7167,ClinicalTrials.gov complete official JSON
NCT03108950,fbc65778b56856681c8413456749c418a617f1ec051a46bd58633f559ae9797d,12331,ClinicalTrials.gov complete official JSON
NCT03112395,78c205eed98e7dcc217e39c73823edb0837aeaa62d8e534f320872d249672ee5,7847,ClinicalTrials.gov complete official JSON
NCT03114345,4626aa7c14f98edbf211c8ef42687ec628900d7d7678cd89ec05e48aa71580dc,8088,ClinicalTrials.gov complete official JSON
NCT03114800,65c3ecb3712b8f4ef1435296f5976bc32c441620e5e82b5a93e7f04b42af83e9,4908,ClinicalTrials.gov complete official JSON
NCT03117881,74d8c5762978870a77f47e4a7a7cdd395952f1058a7c62e1a0a5b6d7db70d449,109128,ClinicalTrials.gov complete official JSON
NCT03118960,21cb81c5c0289f201c5e578cf138b16a41deefa69af912aff6a61819491c9863,7442,ClinicalTrials.gov complete official JSON
NCT03121144,a1369fbf8ac6c1b66df9bdc87e4c1008568b93120702709263e695a421f24d60,7620,ClinicalTrials.gov complete official JSON
NCT03125421,249de51e28bb3d93a0feeb8d662323e97a28f4644a49aa0ccb1fb70c7ca5bcf7,6935,ClinicalTrials.gov complete official JSON
NCT03127904,0002edf0dc089eb22837dcb50796ea96ecc974a5cc538a6e2b24f1d92850bfee,12831,ClinicalTrials.gov complete official JSON
NCT03135964,8efc554f892b8caa040ad0daafbd47eea90e01319e6b9b912f909b39e2c7065d,5807,ClinicalTrials.gov complete official JSON
NCT03146845,b3a4e5b8411f74a83881e1fb92e86cfc5e4514c19f9b4a8922c0fb4573b48303,111370,ClinicalTrials.gov complete official JSON
NCT03154619,60dbb6f37c2cbf157fd6af77933564d5a745aaa57e8a5a3198dc8f45f27ee3c5,9866,ClinicalTrials.gov complete official JSON
NCT03171207,9c5066f6083d8c627d77f5e5ad21d28e58bde6d8f88418baff775ed2389c0d0c,10193,ClinicalTrials.gov complete official JSON
NCT03175055,3d2d6dd93e32a2a870140bf6e8712071d6dab2ea4253189ebd2b5cd0105d1bda,6503,ClinicalTrials.gov complete official JSON
NCT03184792,6f1357def98b84d2093284871ad815e2ac6af4ec18295f5237fe35f00c7befdb,29159,ClinicalTrials.gov complete official JSON
NCT03204851,2654fadc74ae6a1ee3517f00766f2d01b632b6d42d8c3b906c862327a7aa0f70,5068,ClinicalTrials.gov complete official JSON
NCT03207737,8b1993558d5899157ea7d0c33982eed93efe50d5a76ed0fbb3275d5a8897ee0c,7455,ClinicalTrials.gov complete official JSON
NCT03211910,cdede2e376e8096ebbcdf875f566aa0761f13a659af9e08311f8fcf2dfdd5849,7065,ClinicalTrials.gov complete official JSON
NCT03215953,fb1375c655f5af18750834d05c076fd5ca8f4cef03925c9bed3eb225c8a82937,8046,ClinicalTrials.gov complete official JSON
NCT03217838,5276ebe20bf6257ba112e7ab6843bba035d393695b7c1ba5dd907cac9cf47250,39453,ClinicalTrials.gov complete official JSON
NCT03220451,4403792f0728434149b4593d1e82fa404fd1d912124cc866f5238a1f0ab356c7,16559,ClinicalTrials.gov complete official JSON
NCT03228732,0e5412a69244be2704ec30c6771e9d7db90ae2620fafaea8785df75c0b3c7503,10267,ClinicalTrials.gov complete official JSON
NCT03229330,6b3434032957ebce5fa46e9cb78705063473c128f0ea4c04ce078bf637a87025,8297,ClinicalTrials.gov complete official JSON
NCT03231150,8bf2e862b072a51bbee424ba21aa8556a01f9e13c098e5ec8c623c288ffe0257,15373,ClinicalTrials.gov complete official JSON
NCT03240042,91191c233c167d8d187352a4f4896b9b12ab85a4c94fa29bf2fa6f4154f3e98f,9851,ClinicalTrials.gov complete official JSON
NCT03249909,4e05d477b6fd04fb5d9552d30d795be5bff92c35d4b5ceb24d38371c62812695,60633,ClinicalTrials.gov complete official JSON
NCT03250247,27d764ed880ae393969b2b762eaad43b8f0728f6f3fefb03b5ca74f9acf73fd8,19041,ClinicalTrials.gov complete official JSON
NCT03257098,8f715512b7b68fca8e85fd8541a1498299bba1382cb9fd21cad07c9165b6bb7a,13436,ClinicalTrials.gov complete official JSON
NCT03267212,64c2e6bb8b7cd713f0a21a72a0a47fc3e9e49b9a41c8d39bcecf246c1d86aaca,24423,ClinicalTrials.gov complete official JSON
NCT03275831,591ef7000f108a13e7ae1362fc03bcadf1a0da75269d26e91acb644db6c36343,10390,ClinicalTrials.gov complete official JSON
NCT03277131,ed83dfb93b7b2a0ffbea0d7a44d690f917b63fb4b0679160632b75797648fe35,8019,ClinicalTrials.gov complete official JSON
NCT03283787,84d5b6d927a107f755363f32e71b03e52083d3de1753aacfdebb097ca43665b2,23575,ClinicalTrials.gov complete official JSON
NCT03286140,f5d2a7d9a81cf3b96736823f49a5e4f07623bc145543aba38b60fde8383fc4d0,40713,ClinicalTrials.gov complete official JSON
NCT03293836,87c9ae641293a2502cf2c9aaa690c3f09a3d727c34264a28b9b4774aecc47d98,8382,ClinicalTrials.gov complete official JSON
NCT03298113,6762bc27af3a25fe66568f2f5bb76ddff45f980b597fb848123bba2adef61c02,54182,ClinicalTrials.gov complete official JSON
NCT03304834,f134c2e54f61828b15d177be87ad2747c0d2862ffc8d6e2296bc3a7bcb911a46,8449,ClinicalTrials.gov complete official JSON
NCT03317288,98e78c2580711d5a97549ae797e73615edb1381a3290b4c9f20f585abc15e786,36465,ClinicalTrials.gov complete official JSON
NCT03332160,cabc593a65343798c824f32faf48e941778063a688219d89902fa48809e9c331,75169,ClinicalTrials.gov complete official JSON
NCT03345576,0e0894957b13584e976b26e9c183a1a3963e840efc17d3932d9f6473846796d9,31584,ClinicalTrials.gov complete official JSON
NCT03348098,e909a1883f99d36074876ed2b2aa3ac4a34a97fcf2ee2a98262efc8665831aa1,9627,ClinicalTrials.gov complete official JSON
NCT03351049,8bba224555ac90fde425b52843370ec5d189c76c71be70bafe7273e706dd8a67,22139,ClinicalTrials.gov complete official JSON
NCT03363633,bec1964dfdecd5bef7b4276dd978438ba2b5f01583229f0a233c902e095d1af8,17222,ClinicalTrials.gov complete official JSON
NCT03369756,e27ea545d625ee3477536d137007e896c2a8d3d5cba4c9e9ab5af0252694bd80,33195,ClinicalTrials.gov complete official JSON
NCT03372941,66780b14e15b8eced85c4db23175efd02a504e613e2a75262a9566f1e66e27b5,29259,ClinicalTrials.gov complete official JSON
NCT03385005,a01ba9bf20ec5ea92819bd1c783e234d3a791fe0014490b6071e7d550dfafadd,16271,ClinicalTrials.gov complete official JSON
NCT03390504,0481430554a0a351ec74d64b0448c7ff2c8195da94331920a237ebb3e3016837,345562,ClinicalTrials.gov complete official JSON
NCT03395236,f3987e729bf9ee02c6271128c72c3ebd35de3783e8d5f7daf6a631f29f8c5b00,21629,ClinicalTrials.gov complete official JSON
NCT03396731,fbd9afda023c18db4fca4126765fa91ac9a0665acbdc7cfd57dee39a59b7b123,12721,ClinicalTrials.gov complete official JSON
NCT03404297,5b1460eacc2958b0b4f56fc7f301deb5d7e904a1f76dbfb0ad8c30366980fb99,14625,ClinicalTrials.gov complete official JSON
NCT03408639,604e179843933fd3c76cda640e7a4661348e3974eb6b6049b70fd7f1837c00ce,78191,ClinicalTrials.gov complete official JSON
NCT03411720,7c1a9e5e61fa31ae6517c8119cade07d1c38f52e6cc4e53ec5e561f72c6ec16a,9978,ClinicalTrials.gov complete official JSON
NCT03412929,84e98169d5a9db6e6b3e2a709c33aa5812469a00113a9579450ba06f5104fc32,19145,ClinicalTrials.gov complete official JSON
NCT03424551,770e2549fed82e9ef864698f5fc347382513581f93127eee2424738942674c3b,7608,ClinicalTrials.gov complete official JSON
NCT03428711,ae63ab115c9740e380d4f99fc38e3ed148bd92b247d174970cf46e44ba4cfef4,15152,ClinicalTrials.gov complete official JSON
NCT03442777,b0d9d84234427dbde0a8746e8042a01aad4f47ae25302d43e4d7353d0a007412,41289,ClinicalTrials.gov complete official JSON
NCT03445975,ce2f19222e626ef341c6b833b82cb5ca7e6f1e12dbaccb46f33c60c25e76d050,9360,ClinicalTrials.gov complete official JSON
NCT03450616,cbb3a787f840802a6fb6746d00c827e66a5881cbd222a6693964afbc8ca5b72b,5801,ClinicalTrials.gov complete official JSON
NCT03454230,2167cb8248c023fc99ee58820577b61f8df927e8e49c45f1b5a6f1ef0ff91c51,13246,ClinicalTrials.gov complete official JSON
NCT03454698,203c69cb730a8eaacb36a234bf2edbfbff208ded5cdacb861814ca92c1469d36,9091,ClinicalTrials.gov complete official JSON
NCT03463434,4cb34e8b26caeea1ef7b0fae22c4d209f9357e14449cdfa368e581adbd50ecf1,10511,ClinicalTrials.gov complete official JSON
NCT03469141,c3b58cedff602eb8966e4ef0e52bba8ce2b4bc06288aedd5ce9b947688a69626,13826,ClinicalTrials.gov complete official JSON
NCT03475641,005c166d8703b580a8ab38d3354e60e4ee0003fe8155d27dc0f37aef10959f64,7274,ClinicalTrials.gov complete official JSON
NCT03495986,d1062e6df63cefc4a30198f230990471022c39710c40a144f6e0386b874d752f,35995,ClinicalTrials.gov complete official JSON
NCT03502824,adb2887010c52f222f6e69eecf25b3950b1db5e5aae815dbb194646777593164,8140,ClinicalTrials.gov complete official JSON
NCT03509558,90bcd4b9126154f68dffdf615f4710c45738b2cb762971595638c6c2c11061e0,15256,ClinicalTrials.gov complete official JSON
NCT03513822,c037a2e52d1bd5378d942c16ecb10e1287fa043015d8b6daaae52849d300c912,18391,ClinicalTrials.gov complete official JSON
NCT03522714,93c668e7f0aabf189f0f252414304cfaef8b56a77e0fb9331f4d8a9708f93911,20802,ClinicalTrials.gov complete official JSON
NCT03526068,a0662fcbb6d6bcabda3f1bfe0ba1e459f4ad6ecf1e191691759147509fae30dc,5809,ClinicalTrials.gov complete official JSON
NCT03526913,8f554a8255162378dda98898c6064303a5f717cf89d86571497ce591c0be0596,9341,ClinicalTrials.gov complete official JSON
NCT03529578,20d53cf8ccda59f75530faed09f237bc3549e1fd164a43f9483e175d675788d1,7168,ClinicalTrials.gov complete official JSON
NCT03534518,b8654e07a2938c396852a7df68bb7f409abc98de9f9e9a778819f2e25055dc1b,7063,ClinicalTrials.gov complete official JSON
NCT03544788,480e04a8006205e37dcbbde6fbb43011316dfef51ce2d429ab4cdc610899e0b4,6828,ClinicalTrials.gov complete official JSON
NCT03545867,e72a6757695501881370cd874d7773f50c95de3aa233b6addc1383e427e37aa5,9449,ClinicalTrials.gov complete official JSON
NCT03548649,27478326a0879ef6ab4988ff326edc8b63800fe31791ef3118f44947e2bbc34f,8967,ClinicalTrials.gov complete official JSON
NCT03554642,eb883fbfc8e6d944bb4fe2241e77e9ca29dfac0764cb83d3c30a6139521b74f5,11671,ClinicalTrials.gov complete official JSON
NCT03557489,5b71d183dcc72044427c27beda4722bc7e1f69180ea8a2aa177be51ff427d961,5407,ClinicalTrials.gov complete official JSON
NCT03565640,ef4cb3779097579c63f32ac22b04701c1f8a5ce9542763cad7676b1d66c27e0a,33177,ClinicalTrials.gov complete official JSON
NCT03576989,beb43f307d28d8de8d7a7a570a57f0b13b3974c032be7dfa0173c4441fba2fed,76074,ClinicalTrials.gov complete official JSON
NCT03588130,14ad2105fba76ee8f854009dc6911419b1ec8c2f6de576bc7572d19344cd8241,17605,ClinicalTrials.gov complete official JSON
NCT03589586,a0444fc08286a28b795285232042066823420a79876e776548a947a4e1276325,9651,ClinicalTrials.gov complete official JSON
NCT03593369,6d2f6b6318253799a7c8c8ccd31882bf502d2443a32c822f34b9ea537459f3fb,9680,ClinicalTrials.gov complete official JSON
NCT03597750,a1014db151ddea08ac12891f902fc27302146e774435233fc9fe0c575773d70b,11763,ClinicalTrials.gov complete official JSON
NCT03621592,c669c9d8296fe99f9ecca12e6f706faa3f94c2c94cb5420e1e0f666dfec994c1,26332,ClinicalTrials.gov complete official JSON
NCT03627910,f733c3b27fa15404cf6363e213e4fe88913142eefea8a5048eb4e54affb8d900,11411,ClinicalTrials.gov complete official JSON
NCT03628469,a4750bbb238415a74db4ae2eeb9ed4cf686076d11ba4a1b751c3e1f93815527e,7911,ClinicalTrials.gov complete official JSON
NCT03629236,4ee2dff5572f2e7368de1bb93018d3c347f23210ef4d1cf552e18fb19124257d,8328,ClinicalTrials.gov complete official JSON
NCT03630185,af72d5a283d76aea925ea812361e6beef5bbfc2b20235b30e6ffd4626eea3f06,70295,ClinicalTrials.gov complete official JSON
NCT03640689,f5856186f8d2aae132ba6ac91393868898c0a126a6f9c28d17f81387cf55675c,8720,ClinicalTrials.gov complete official JSON
NCT03640871,9a009f2e8cf8cd31ef770ea201c32c6e4d36ccc848f8cd9ec9f7e677e7fd24eb,6024,ClinicalTrials.gov complete official JSON
NCT03658278,4534b21254b70b9e7afa2aa5eb4ac5c3459aacf405cafdb8939e59408e0724e6,10458,ClinicalTrials.gov complete official JSON
NCT03658798,e98896fba1a5bb6c721d8bff7e514e9b6e4f63c9cc0d49d76e6abd5f8ce3548c,14426,ClinicalTrials.gov complete official JSON
NCT03661294,8007691690c44f6030e62ed6dc29daa8c6e797b9a82a81cb0832bd1fbe667fa5,11345,ClinicalTrials.gov complete official JSON
NCT03662997,b168a3790c4a525d94da8bf25b10688e0ab9d3358aab1a9184c902f0714e3462,56039,ClinicalTrials.gov complete official JSON
NCT03666754,2dcf0ff33a22046d4c0a091fc2c378325fa56e9188bbedba1c9268f5e2ee3abb,8704,ClinicalTrials.gov complete official JSON
NCT03667937,9d9cd011f039239d958b0594c1778bf8b036d484245d8d4384aba3a9a9a8273d,14648,ClinicalTrials.gov complete official JSON
NCT03669302,0a04db034250e04d6913d082ef05b3b6e76957ca8109ff19e4fb2d6508952466,27071,ClinicalTrials.gov complete official JSON
NCT03670199,f44498dd47e60369a5898be688cd6458b005c139044c075745e97e112f899aac,10998,ClinicalTrials.gov complete official JSON
NCT03670225,9c86df213b19ac0ccfc576a0d9a934a5f56b49fe3b7e2b17d8e3705076af4685,7478,ClinicalTrials.gov complete official JSON
NCT03670329,6088f4f2ff0c1e50d320a44654c7e91cddebe50a2f9733b84a52adbbb2577c31,6435,ClinicalTrials.gov complete official JSON
NCT03673241,4e610c6d854385ac240e18ab4b2412565fee9403596e89387025c52cb8456d48,9792,ClinicalTrials.gov complete official JSON
NCT03676556,18ef551d6ac11a546011831def0acde5e87b7d8b5097a86b13fb05a8e0da7f6f,18887,ClinicalTrials.gov complete official JSON
NCT03678636,d5136cfae6e551a658cdbfd71654e336883da1bc83fd8780a0c053a3e84b9da4,11024,ClinicalTrials.gov complete official JSON
NCT03680872,a320eda738c0f69d581dbbe44e9145ffb19324e30ea3a0ca0537b756a2a2e3aa,13285,ClinicalTrials.gov complete official JSON
NCT03688841,634e53f5d187876729d1d9b3d61b8f457ca4bba219b8d0deb749af4248efba06,8278,ClinicalTrials.gov complete official JSON
NCT03691532,49108ee553713bd3162ab8e1580169f0815c356a25bdc5d6c5627d3dc6a629ea,9669,ClinicalTrials.gov complete official JSON
NCT03698968,ed17b83b5522adbd1448186e32ed56768eac0b606f9980df3d0ac4858829e020,13008,ClinicalTrials.gov complete official JSON
NCT03699072,44e57772107d6518f1338cd0967e75c7b402cf970cfcd2d281b98ba31e6e46c1,7728,ClinicalTrials.gov complete official JSON
NCT03708835,15060d7bc2cd626ddde7118a1c35ff88b88583b25d7392a96467d2d1e2c944b0,21674,ClinicalTrials.gov complete official JSON
NCT03716167,b3fbd281246d536726015f6d4a8712b134eb1a3b87cf6f626a71d3fbf06a84c9,8106,ClinicalTrials.gov complete official JSON
NCT03723577,1077282f42737243f4174624277d9b774f7cc7c0627203944ba6e6e6297d5f1b,6608,ClinicalTrials.gov complete official JSON
NCT03723603,4b808ca269381ab627d47b8459a5d511d3f1b89ef85c5fdc6ff164315920de63,13885,ClinicalTrials.gov complete official JSON
NCT03725111,e997d5dd534ca114d8356a131f29fae929386ec1207d085ddaa82e6895b4b82d,3709,ClinicalTrials.gov complete official JSON
NCT03725787,769d42a3ab01b91654426e1125011fb827db66c5f68cd825778abef6d5d59a31,8172,ClinicalTrials.gov complete official JSON
NCT03725917,516d4add7cfe81c308167ae4445b5592824baa3459ea54cf507dd8c6c5faad22,13839,ClinicalTrials.gov complete official JSON
NCT03732365,38a0ebc86f21e8aa403c9b7bee2cceb30448f2fbef2bfe5b0f526acd5a7453c1,14103,ClinicalTrials.gov complete official JSON
NCT03736941,6edfbb6cd981359ac7616756fbbaae357794a5baf2a3ce406c26242b78730864,13361,ClinicalTrials.gov complete official JSON
NCT03752749,d8dcedc73aae032b6a749254a31294ee21b0d952cca2777c7d59083b99caa7e5,7853,ClinicalTrials.gov complete official JSON
NCT03753581,c77f06d35c6060dac613ff62f7d36023c6d54e18618192629c06acca08f93f9c,18904,ClinicalTrials.gov complete official JSON
NCT03761446,4376ebd035633180e790a93fdb3d9d67033e216888a562a15ad3a475d89930cc,13700,ClinicalTrials.gov complete official JSON
NCT03781609,6905660a52d8740b27209aa12ec72da108613f7545a36c7248eba9fc96a3ff27,50867,ClinicalTrials.gov complete official JSON
NCT03783819,00dba8416eca6fbd0724f9c225c3ebc436192acbb5a9f920f43e6898cb93d60e,13927,ClinicalTrials.gov complete official JSON
NCT03795064,71fbd356bb74680fe8c72cd47f3b37cafb427a2b6ebd7926ff5ac40839c8b4ce,5611,ClinicalTrials.gov complete official JSON
NCT03796793,163702faddebee8580188503a34dd104e6369a26c0092c96c9481f4630a11af1,17589,ClinicalTrials.gov complete official JSON
NCT03797378,b35fc9538b4da297d2b62cfca9d5d9d7306b44ef34f1dbc4bf0e00476bae4381,17582,ClinicalTrials.gov complete official JSON
NCT03812991,bf275f809328678e51562c6ed076bf39ab51a9e9cea24abeeef82a8672e89696,26042,ClinicalTrials.gov complete official JSON
NCT03815240,d6c5df50774a3aa65fb7f4361bf64052e61ee6771132b4c41ca17366fb371ede,45430,ClinicalTrials.gov complete official JSON
NCT03818828,c0155f165bcb63af7a6e53c0b624f72b51426e783e15ea80b60ef8bc7e8881ec,11352,ClinicalTrials.gov complete official JSON
NCT03820947,b845e1eec0843798189b1e24c711613a62879b3fde36b599cf8b5096b79d73d3,265224,ClinicalTrials.gov complete official JSON
NCT03823963,dd30e7210e88e2f0081a880c036d1f1102cfd7b511fbbc3e698d3699f1edca68,6213,ClinicalTrials.gov complete official JSON
NCT03824886,02413d56394ab4a63c6f9a7f4d63ac92bc3e9d98551580a7ad264cdae5254b21,19829,ClinicalTrials.gov complete official JSON
NCT03827850,54a0053fde6a6ab162f16b09ecf5d2fdcd43b9c5e6115b5375741b0a29b9bf42,17361,ClinicalTrials.gov complete official JSON
NCT03837691,6ca13f9d48c1b34d4cc9a1e18e0006770c896397086b94d5abb7a2c6f0fb43d2,11672,ClinicalTrials.gov complete official JSON
NCT03840759,d0e633061f7179aae2d8b27d4030fbff53ab265ec21fcec3a733369bb29ff54e,9160,ClinicalTrials.gov complete official JSON
NCT03841695,5226d67f3a60e6738cdc85c70afab7c769e9d5e69ac1507da6a277fbf4f20d7e,11319,ClinicalTrials.gov complete official JSON
NCT03857022,869053d331093efb30c81696839c4278e5e71f0cf38b110929ba38746aa9b16e,8908,ClinicalTrials.gov complete official JSON
NCT03864770,33349c1333935710f070886bc4d4032601acee3e5818ab17323d95da9274a2ea,11745,ClinicalTrials.gov complete official JSON
NCT03869138,1d30d31f2ff5e4e80861988613a130c36ddada9c44171f488988ced90c486deb,17251,ClinicalTrials.gov complete official JSON
NCT03874988,351bbf27a7d7296826b76fcfda39216506846ee130fd14bcee4df4f499054273,15560,ClinicalTrials.gov complete official JSON
NCT03877653,f9e845e8c4c33cec0e34c7ddcbef0a1efacc68bb8b437e84dbcc309008756a94,22216,ClinicalTrials.gov complete official JSON
NCT03881267,194416710cdf79a14e6e877fe4d2f38af8a8d90534637160f1eb3265428766f3,13480,ClinicalTrials.gov complete official JSON
NCT03892746,514440c425f418d0cfab24ee5609aa7e9ede1b1107bd29e3d0fec1597edb1d7b,50689,ClinicalTrials.gov complete official JSON
NCT03894267,86a06077c804a60e7c84e7e34f8f59e4ef4cb887cf91da9e26c9463ff93c7f45,9550,ClinicalTrials.gov complete official JSON
NCT03900455,7951bd391e7cea93a60a11f5d4838e358767319154ae67ca52abb33cbc5e782a,8825,ClinicalTrials.gov complete official JSON
NCT03903692,a709df18f244b6642c82a67c15d2735a4d2a899fbf48c5d92394dd4bf1c573e9,25835,ClinicalTrials.gov complete official JSON
NCT03904602,b8cbf075078c105335a751c2312f6a5f5e4f83d428a8efc8c69f02c4c0276408,13007,ClinicalTrials.gov complete official JSON
NCT03906864,248168cd0efeb6e517cda136244756795ef84f70554fe3b46957864171b5e849,10186,ClinicalTrials.gov complete official JSON
NCT03909503,7e5ce4cd345c5136ae052306446b1e379b5c6ce16aeb9bf65f6ea65e674645c0,6903,ClinicalTrials.gov complete official JSON
NCT03922802,4acb3fec02bc166b66044e422c9350c736a6e494d661cf720f64fb76d1598f6f,36731,ClinicalTrials.gov complete official JSON
NCT03924388,958b0cd84f2266105e906296323d5f25cbeef0b0b8e1d6a696be8327109afaa6,58261,ClinicalTrials.gov complete official JSON
NCT03924622,9dc95d529d622fdc10b73de9213a53002bec095ba56ab91e2eb127e7bd625ad7,44833,ClinicalTrials.gov complete official JSON
NCT03934671,4f42d2d2999d8db93e131b2cf01b8fec1562bea0d52ee39dfc4e4b54a85d8785,8157,ClinicalTrials.gov complete official JSON
NCT03935386,c533b59de522a49e098b8a5f88bf8a1d9ecea8e2765216bb60760bfb107d6bae,10956,ClinicalTrials.gov complete official JSON
NCT03940274,70eddb0f5dc3e036252663258f616037e09ba54249d5fa310a3ab63917a6d484,14434,ClinicalTrials.gov complete official JSON
NCT03948308,8a38895bb0fc50c14066c7458fadecb916ccff489b828063f16ca5828fd06ced,6193,ClinicalTrials.gov complete official JSON
NCT03954496,36cc6e85afd040843897e27dd1595c803227e1097841763a3efadd70c069768f,10374,ClinicalTrials.gov complete official JSON
NCT03965169,7a25d478921a7d0fef8bc68a20768f856aab5f187f2cdb79d9338a3dc7d608ba,7855,ClinicalTrials.gov complete official JSON
NCT03987243,4fa45f7a2df07a534d65bc133e4b66cac830df70acfb6490717498fd35c48ba6,18132,ClinicalTrials.gov complete official JSON
NCT03991273,7851b3deb4e07c86cdc84e4d0bf3b094155c10037a41489dd8a688d39bde27aa,14847,ClinicalTrials.gov complete official JSON
NCT03992690,2e3457a8be33fdf1f5bf5db0e971d3a66ad22cea8c6eeb9c8e1f888c4b31aa62,9108,ClinicalTrials.gov complete official JSON
NCT03995407,8ce90bf14524896ea00b70231ff3be806387994e29d425591af5b9049c6ddcaa,10479,ClinicalTrials.gov complete official JSON
NCT03999515,b3a92c7cd1b7ac089b2e391935e08fdbce956609f82a2ead4f7eaee624d93dae,29497,ClinicalTrials.gov complete official JSON
NCT04011137,94f0b98b61305497c614a32105bbe914115f63cee9600495c2255d5af8a0baaf,10221,ClinicalTrials.gov complete official JSON
NCT04011371,cb0bb7fee1d544064cba49407264c97bc39eef73b13a30e59d4437367ea25f89,9624,ClinicalTrials.gov complete official JSON
NCT04018924,7777a4119b69e134cd4dee37de15b95e56211c34dcbe7d9ba7c7278cecdf91ac,46106,ClinicalTrials.gov complete official JSON
NCT04019340,d222a9467b489123dfceb4de3e53823a7e098d156687bc1c61afd7597cf097a9,13478,ClinicalTrials.gov complete official JSON
NCT04021316,d4925f82414c2f704e883fc6964cea68b73a40166e63cc265b7c02ca41c2a242,13344,ClinicalTrials.gov complete official JSON
NCT04023981,9145607eb8e8736e3329a17237788df35a6a0a47e95d2883be3cb94867ecc971,6882,ClinicalTrials.gov complete official JSON
NCT04033900,7de35a2fc0565abea763881908b4a2570a1ac0ff290d9227720443f4a8ddf37b,10114,ClinicalTrials.gov complete official JSON
NCT04039789,373b0503805c09a204063d6a87ed8f44a8a369549f56f9d2fded5f5a5302815e,17788,ClinicalTrials.gov complete official JSON
NCT04043715,e61d2e8b8e5fe01c282dc53a06e759b5912bb0f3c92665003884fa73ae9bcdef,16113,ClinicalTrials.gov complete official JSON
NCT04046120,008b552f701ecb6fd4a65c1764b00b914a76874a6a3fef2383969cb29ba19d41,22839,ClinicalTrials.gov complete official JSON
NCT04047992,38a61d7c762e3bcfb320fc223c3a8e9d5a6049634411b50a1fde50eec38df17e,10970,ClinicalTrials.gov complete official JSON
NCT04057677,650d2bf4bdbb9ce4d0d18048df5d0bb6dab31c94e761d3c4982891f1cd193aff,15454,ClinicalTrials.gov complete official JSON
NCT04071782,6eaa7a1d1d0f9d73f754727637702040e22b0a94e6588559c1cdc8450b04cbf5,12077,ClinicalTrials.gov complete official JSON
NCT04078477,afa65c4de86a9383a1c4913f234003e91416fb7fda6d3304cf8da98db12720f4,6119,ClinicalTrials.gov complete official JSON
NCT04078555,c7c5c159807492686e98ab90e98079555b408bc196a7ba4a4384bf609f0605b5,9010,ClinicalTrials.gov complete official JSON
NCT04094571,9efd571a91c89a3226de1c3ebea941a3405f7ad79da095ec7f85119e91e9c6c2,8013,ClinicalTrials.gov complete official JSON
NCT04101916,9c19c554addeca770a7ce69450e181f9f0acc76109a3fed268d0b21c3d63ef05,8572,ClinicalTrials.gov complete official JSON
NCT04102735,ab5cfb29c2c6adb32ef4d0183465a1b8a8204ad14c1296d2161f80cc0bcff63d,9655,ClinicalTrials.gov complete official JSON
NCT04105322,e207edc9a7172a38d9d058adf49808be22b42b6fafafbef51b74f69269a8c069,9962,ClinicalTrials.gov complete official JSON
NCT04116671,2ee6896ff20c5f27ee96031e20af1a98b2a773395d32ff7e40fb66f9a80bd8f0,24037,ClinicalTrials.gov complete official JSON
NCT04132596,e9bd76800f385a3d04da8f05e1724c5e0c1909fd3f1e9ad081b453d75503c544,11795,ClinicalTrials.gov complete official JSON
NCT04136951,294198390db0a8d8fba3d9e1046d87fe074844917cedbe3fbb88c6f3eed61bbf,19104,ClinicalTrials.gov complete official JSON
NCT04137159,9e60e513d541b5b9f694f2a34ad777dc922b8e97b5d908b245014b041f155838,14786,ClinicalTrials.gov complete official JSON
NCT04161274,22acb7588b7e89f8728c6990e021e43a7aeda6ae1f9a934c1e07629e9ef554a5,15178,ClinicalTrials.gov complete official JSON
NCT04163796,b5c7e5b63d0bc01db7dbfdcfb127345bbee47478d967e8bc8bc1933336fdeebe,14929,ClinicalTrials.gov complete official JSON
NCT04165395,ce1ae8a672dede47f86f829b54d82e3682c6cf71a3bf054edc69d230f7c89d08,13512,ClinicalTrials.gov complete official JSON
NCT04168450,52ead31b8205f0288da5f0571e65fb7d181475f37bc165fac2d576cf230d3c43,9981,ClinicalTrials.gov complete official JSON
NCT04171375,f2feb853867a1c1db26c06bdfe650877e71d1d2f35803d9ead2aaad2da7ff0a5,12564,ClinicalTrials.gov complete official JSON
NCT04176445,f5ec4c1a87136cbeeda06fb364c27878a9d9eab3f2414048bf3cbd2c82801404,32219,ClinicalTrials.gov complete official JSON
NCT04179123,caf265306adfd5cf313bd025d3386cd6805fb4408ebe59831293b91a7cf1e05e,8056,ClinicalTrials.gov complete official JSON
NCT04181320,0150ecabc7c8331edc23de8a02ad2a4d812b061757218d75f005eb72dd069c0c,24971,ClinicalTrials.gov complete official JSON
NCT04183998,a58a94699a264f0e9233cc2c7adac8bbb8c310ff3b2df4c7437db56cf3232b53,12988,ClinicalTrials.gov complete official JSON
NCT04185558,eab15b7a9503525f43a7ce26a3f13e2f3a07f6326de24ce7fce299a4475b0cda,12551,ClinicalTrials.gov complete official JSON
NCT04186325,b2dad8d36c64a1e24167ab8deef619a691e04e51ce5c81e62df3b6a52c0bb471,5481,ClinicalTrials.gov complete official JSON
NCT04198441,3bc9d29cda7cae526a1c763c8cb78e18b69b90cb909dc4f06b4e2a0342f8b074,8827,ClinicalTrials.gov complete official JSON
NCT04202900,fc772a38e96f213c94ffe72f965755b72c6aa63b135e6655d4a9f0d1a0b24b2f,8664,ClinicalTrials.gov complete official JSON
NCT04203576,185564c0dddd0323ea4d752d0a2c4d23fd19788207af8b4a89a87036b4dd8bba,8068,ClinicalTrials.gov complete official JSON
NCT04211311,5a77348762e221d36c4eccea14afb50ea6ac21f95d971f50ad19183edee02896,8319,ClinicalTrials.gov complete official JSON
NCT04219696,600bbd328b23e99ca4f837188c91c1baea644b16615e37230b9d64b6f8e1a77b,12696,ClinicalTrials.gov complete official JSON
NCT04240574,4d26dcf5d868983200c6af675c906b04ac3301415b7ef81449bcc0a356552801,14850,ClinicalTrials.gov complete official JSON
NCT04241250,ef68de357bc270195bd44183d71198ce170afbdfa466bff33fabb3ac81a063bb,38290,ClinicalTrials.gov complete official JSON
NCT04243161,6036f1814c99a9c1f8272fa052a24c59aa1a567022eb96dd0d8079d0a670f3b6,11861,ClinicalTrials.gov complete official JSON
NCT04244201,dd0f824a377d0f17c499034bb624f6db8b011606f84dac65133455d99ea79288,4444,ClinicalTrials.gov complete official JSON
NCT04250025,91328262d0e460e01323c7206672579c8004e9d60a131dce401b5b7781fbfd85,10767,ClinicalTrials.gov complete official JSON
NCT04251091,6fff6b0af5f16f4e7072f7ba53faee0114272aa0e1d26096b73cd61818a95c19,8193,ClinicalTrials.gov complete official JSON
NCT04251897,b9be2fdd307e15f24c287d4ae72f297dae2b1a9b39c85235cdb1912f5cef9e05,5626,ClinicalTrials.gov complete official JSON
NCT04262414,58dc58535544ba121e98d487dcca3ee4d3306421ef3b41c3a7f71f87abbfe9ca,7398,ClinicalTrials.gov complete official JSON
NCT04265170,e0dff2b9c7e60fd032094c3bcab73f0c3929540bb2c8d666dcb045da303de0c7,7833,ClinicalTrials.gov complete official JSON
NCT04266808,b676bf1a972683c972cbd05ab504dedff42ffcc02a6aef64c42cf5d7a7297225,12593,ClinicalTrials.gov complete official JSON
NCT04278105,fef93239120ae9def1b8b8e4f027b3dd19d9793c0db90266221df65ffcec0f56,10856,ClinicalTrials.gov complete official JSON
NCT04280679,d563827254c26dfec3b626386f6dc2a9e7bbe073b792ed5413a6eb958dcdd14d,6579,ClinicalTrials.gov complete official JSON
NCT04281992,f9ea159271e6335a477bd3ec5576cea1f4e2b637344ec910a02658249072ecbe,14154,ClinicalTrials.gov complete official JSON
NCT04300205,f0b9b89eef8e1367d01136a9ab89253498005d99eb1af5b48ffba01a35e976bf,9499,ClinicalTrials.gov complete official JSON
NCT04309864,e2fd00079b774aaf3ebe420ab0da22f88ca6e871ad335d9499d5e14da2553f69,21615,ClinicalTrials.gov complete official JSON
NCT04310280,26cd0cd77208079986ba57387f16999715b8be0bc8529775f48ae3e7cc93d2c7,8717,ClinicalTrials.gov complete official JSON
NCT04311229,523031104735c42b15941d11b76a9819240487fdcea47fe3327d8ed62ef14cb6,13482,ClinicalTrials.gov complete official JSON
NCT04312555,bc9f874b9e423ffda1d0606e449b0eb452d585d30747d9f8345e3bcd52af7fe0,10911,ClinicalTrials.gov complete official JSON
NCT04328246,262958d5f041d94eedcafe4d8b4711881f480ab4657cc19fb06c4b86f392c9a4,8164,ClinicalTrials.gov complete official JSON
NCT04335942,63a5c91a53355493705ffa9f04689980ef2be27b6f852fec8f4746a31cde7060,11098,ClinicalTrials.gov complete official JSON
NCT04355832,6797df7613c96bcf0d4cd4d53d965e6931a0e6cdb05eea27ad3e3ca5bd05ce1e,6214,ClinicalTrials.gov complete official JSON
NCT04359095,ac10177af0f7d4b51a25e26575f302d9ed74e28aa968a5200abf52adde488765,34018,ClinicalTrials.gov complete official JSON
NCT04369235,b25f32a960c9dcb8ec30e99e878fe6f129f4add3837996f2f8ff4efbea25cb2d,10179,ClinicalTrials.gov complete official JSON
NCT04370106,21ea9ba0c23dcfd354ae796523ee30def3dd9bea1f2b3168c61f0ae49ed28cbc,12727,ClinicalTrials.gov complete official JSON
NCT04383873,731cfbf4951f52f33a51b309e4384a2ea360cd21eb97e9ee189b7a7a17748b3e,21229,ClinicalTrials.gov complete official JSON
NCT04386174,7ce846fb6039b115a4424156ac85b284722e085fb0052b81202f7b3aa11cbed4,11160,ClinicalTrials.gov complete official JSON
NCT04390087,563987fca40c54b8bb1daec45164ec5b2a98cb8595358aabe29121bfc0ac92ab,15693,ClinicalTrials.gov complete official JSON
NCT04391257,d47bf40d7afc102860e7330b6fead9bba99179eb718b27377d5b614865808607,6574,ClinicalTrials.gov complete official JSON
NCT04397250,85582131794bf1e415e13cad7bf0b15123863a197717be43b1ea3e48ffe4d821,10498,ClinicalTrials.gov complete official JSON
NCT04411264,8576f5b5fb98fc5a06241430492beba0a5768def6cb1f2a96645382d02f21335,6665,ClinicalTrials.gov complete official JSON
NCT04453943,c2df96a489d8efcf602aa1e44ae033433759f5fae1a9be3ca1420a3b7c637f48,25213,ClinicalTrials.gov complete official JSON
NCT04458324,71aa560c4309442652aecced2239305b68db7835ede90d81406e6d80588564f9,14115,ClinicalTrials.gov complete official JSON
NCT04461132,43cf88266ae58e3cd82933b6c31c8826ab50ede94c57aa650b572cd4419c8497,9125,ClinicalTrials.gov complete official JSON
NCT04465825,89a092971311b527caa4075b013f2828ce49e4fc9f6bfad2f9d5d5ecb8cb621e,7923,ClinicalTrials.gov complete official JSON
NCT04467749,a3b20e80279ec31233b4e9343275265dbb7fa2790fc012b7bb8ca873645dca72,9789,ClinicalTrials.gov complete official JSON
NCT04472260,bf4a51c9e56905a95e2edef9cdcee29d1be223b5a89eead801fc59cc888825f3,14221,ClinicalTrials.gov complete official JSON
NCT04484168,7335de29b220d54426dc45d7ef2b963abf0fdff3f2f4d376adf1399e3846fd12,8140,ClinicalTrials.gov complete official JSON
NCT04496609,aa4431b089c25cd2c5e0ca919ba37cc4994df2f2d3cf92d837fcc90c8a00b944,15148,ClinicalTrials.gov complete official JSON
NCT04534192,61ed58118230487402559e59a4aa7c3185318fe007c35c4182d6155663f6746d,14315,ClinicalTrials.gov complete official JSON
NCT04534244,2590429f297f2f2489e1e1ec2210457bb062852f7fb0e5b460c2229dfd4c9475,8679,ClinicalTrials.gov complete official JSON
NCT04534257,31e35beb0c04b82072530706fff566cd24bf5b0fbb441ac659017697a4e24fc4,12370,ClinicalTrials.gov complete official JSON
NCT04550182,080982f12bfd8927ffa90b15f4b92b507b8c42abed1be6659620e83befda7f58,13722,ClinicalTrials.gov complete official JSON
NCT04559165,9ba021e3ed8cd01f86051190ac18c52ef837cd3474ff65b4d292a71c3230e176,5736,ClinicalTrials.gov complete official JSON
NCT04577183,663b743565183ed4e9749759d686d4fdc33c1f0ffc0e274b1f415d748bfd19cc,18000,ClinicalTrials.gov complete official JSON
NCT04578665,d4e75aee08f3303fdb3ef88649c89209361881da5f5a6fed675406a1e499a517,24189,ClinicalTrials.gov complete official JSON
NCT04586777,97a4a8cf4e36c24bc16844cca4f1bf1a232a1c0702d41da90d57b46067ed54da,6445,ClinicalTrials.gov complete official JSON
NCT04593693,641c216a073cb50cafd05d983877d1c30721043001eebeb8c7ab831c35c1cec4,9506,ClinicalTrials.gov complete official JSON
NCT04600453,06af3630785bc3c1a9d56ef58be106f2bf91f7e5d359e61f51e05483a02831c4,11476,ClinicalTrials.gov complete official JSON
NCT04604665,c41f8d2709847656ff373feff057dab229c2ee13d9c835451104ed2f5c730676,12740,ClinicalTrials.gov complete official JSON
NCT04604951,0eaf68be0101b638186f2cef83cafd60e6242068c6ca5bb14f8d792c9c9ae052,26868,ClinicalTrials.gov complete official JSON
NCT04613687,431d75bb13c0dcacdea7cbb8eee36dc43ab5aba6b6ce71f9fe72b900db952cbe,7616,ClinicalTrials.gov complete official JSON
NCT04621825,d6d4380badac191e3267fd353afe0582ccfed0b8994d9d10881d934b1e6c489e,10592,ClinicalTrials.gov complete official JSON
NCT04622683,434cf024e6d068c3549db137785b47e504c6107eb2013390de19ae2d3d3a5f80,7498,ClinicalTrials.gov complete official JSON
NCT04624607,8718f9f19a15f33fca0ca33b350d73a32543e18020f773546939ad4943da4197,16590,ClinicalTrials.gov complete official JSON
NCT04625348,1fffdeafb07c0deac2c43850428119c0654288c72e47ca0cecbb9fa7eba920ce,6631,ClinicalTrials.gov complete official JSON
NCT04634838,75e8c113c1143f73692ca3e69d6de76b52b9926f82e9a15ac6a79120983884c6,8775,ClinicalTrials.gov complete official JSON
NCT04641793,6ec5426af4a455994e631f89ccef2a8232afda955eaab20a57f71106eb056eaa,12962,ClinicalTrials.gov complete official JSON
NCT04647240,d095d230531fbbe000b669393e1d8809de4750884d22dca788a47c28fa9afdc4,14906,ClinicalTrials.gov complete official JSON
NCT04652531,2f0925f7cc4db9b1c6e4340bc92a1f9474996c7a18a6e424bbe55645a358dd58,11117,ClinicalTrials.gov complete official JSON
NCT04653896,62cba70867d0034ff26cdfc3e52d798eeae0c2f8beec21330d4c7c9b0854ef2a,12849,ClinicalTrials.gov complete official JSON
NCT04667416,9e6dce69c2a35be6711975e755f68e568712adcb0205e93c34c5e5d4d88f6f03,9776,ClinicalTrials.gov complete official JSON
NCT04668326,b8ecfce32cac302987e34f6556cb06053bdb58613bda24d45805dd294ecc7d54,14148,ClinicalTrials.gov complete official JSON
NCT04682925,53d08f894538a14c95e901ad3103c5f8c3307e303a7ba0305ce387e50698dcdf,15246,ClinicalTrials.gov complete official JSON
NCT04689009,cd04b4cf1d7ca7e9247dc5834351e7f7d546b4d4d8dbd624b7484d489435e3a3,71619,ClinicalTrials.gov complete official JSON
NCT04689620,18edd99cedd98e211ea27536af48cda803266270e771b2e272d2cfb55ebd0758,5448,ClinicalTrials.gov complete official JSON
NCT04690803,d9cf910cde3c2fce50e9ff5f00613ce479c44d314ac59cbbcd2b101446559378,8200,ClinicalTrials.gov complete official JSON
NCT04694001,f1594466df8b1692bac94a72a962b6d96f0be5d773d4e0d4a36aa848f68f4820,11320,ClinicalTrials.gov complete official JSON
NCT04694417,f6be0e905e0fd9b43179aa80de7769263aadd5b6d3be23b471502f8d330269d1,13490,ClinicalTrials.gov complete official JSON
NCT04696354,18dc29c1807c9cf8348b88db0eec1154a53ba3371e1a710d43231c0f740a69ed,25947,ClinicalTrials.gov complete official JSON
NCT04703569,0b064c3db89c389ddfd6c1e8c994c5b7c6dfb682be632ea43ba4334577431787,10636,ClinicalTrials.gov complete official JSON
NCT04714749,e9b03addac8355aa2b0983c1ad72a74882a547c6460772f742f701e00c550b2e,11728,ClinicalTrials.gov complete official JSON
NCT04717141,b656423dc5f74c629d52b8c0dc0251366bf3b578bb25c79339db45c375e40d1f,11449,ClinicalTrials.gov complete official JSON
NCT04726059,eb077320a70a33a85ece461bb2caf5cb7743d8ec83bbe01aa7823c558d29bc30,25781,ClinicalTrials.gov complete official JSON
NCT04726891,1515f35753f1ccfbbb963101fd227b166f2102e0b6d211b798d69cd39ef0a3b1,15703,ClinicalTrials.gov complete official JSON
NCT04729556,bf5960156afe2f79988745080633f9be59ab191e9c98a849d956b6ae0b4d3967,5644,ClinicalTrials.gov complete official JSON
NCT04737941,3245b1dd0d236539bb72ccfd2526a09d1ad9d03cc5e1a9340ac658658b2d6e1e,8795,ClinicalTrials.gov complete official JSON
NCT04745806,bce262818dbe97d2dc430467d52c8a841563d692ba8d9d19ae5db5ceed03ba0b,6052,ClinicalTrials.gov complete official JSON
NCT04753294,a994cbdb8a3733b0c9714b3d5405c7fa23a39a0f70ab70bc373f815e26aec6e4,15926,ClinicalTrials.gov complete official JSON
NCT04754425,1f7a40a3955c992dfbeabc6186d7d1310d793aad7016231b4a051c87a6574525,15811,ClinicalTrials.gov complete official JSON
NCT04755699,8f5dfea17dd93f7010b5662b83f90c1ba016b42f6c358d28dec75173f3f384b5,17805,ClinicalTrials.gov complete official JSON
NCT04761679,3a8840444ac0a6e18aa1baab9105ba8cfd278dde09eabe921ef2f7553b21cb9f,6570,ClinicalTrials.gov complete official JSON
NCT04772300,a5ccc0573bf4fb4383444e525951777d40f65c93f560556bb8d8b3c0f8593824,25292,ClinicalTrials.gov complete official JSON
NCT04775693,c989630a7107f2603d7e9b5fc2c5dc554f5bf942800842c1c523103f21b44e8b,9626,ClinicalTrials.gov complete official JSON
NCT04776967,de1052a622a91a83dfded78f6192c0190b2548c10252e177ba49950fa66540bf,19750,ClinicalTrials.gov complete official JSON
NCT04782947,ad869fa0d23e0e932ecc879bb150a213fee880a8a69f5a096307fc8ffc21a2de,15551,ClinicalTrials.gov complete official JSON
NCT04793074,63ec89a7728eff94fde977d28917ff070c8684a856438481b44642d655d5072a,5657,ClinicalTrials.gov complete official JSON
NCT04804098,d0d59e0489d519f39eefa0b37ea216bba8977e70a39a4f8b8fecf6e6239ba439,21999,ClinicalTrials.gov complete official JSON
NCT04807764,b84b3fca3e7d4b4e5b5163c289408e455e77338d313704d99ae364c5bbdd5b3b,56946,ClinicalTrials.gov complete official JSON
NCT04815798,aee9aaf30f576d0595803202978a19aa3389482eed58c07981cab48c0a6c6383,10047,ClinicalTrials.gov complete official JSON
NCT04816968,0d5801dff87d2abe258dd1489bd7aab58e25ac0798d887cfe3aeefd8e7de3627,16947,ClinicalTrials.gov complete official JSON
NCT04817228,35a54011357c0579aa2edb09f955fc36b6a20b565b1e713854a86fea8924a55e,12915,ClinicalTrials.gov complete official JSON
NCT04819425,f5d9ee4bfa16011e5cc4e506776066cda871d855c99d1dbc2bdc4b095c8b5bac,8749,ClinicalTrials.gov complete official JSON
NCT04819529,2bb6de84af3778b7f76591b58ae0ffb9ef5a3b9d79a616f769968f503c47a6c8,15902,ClinicalTrials.gov complete official JSON
NCT04823078,b62f87fe1055f309fda57d168a3caa3f369b96d810092532ad0ecf48b64e0135,12983,ClinicalTrials.gov complete official JSON
NCT04823962,3eff384bb1d5cb8430d6b9c79637c2ef89a122312376393cb616d82dbfbd4764,11982,ClinicalTrials.gov complete official JSON
NCT04825132,d3a2d13557a67f67828a083cb27bba820d181e7dfb1cc7fe76a919bcada65218,18904,ClinicalTrials.gov complete official JSON
NCT04828304,a72cfb76516805f5f2a102a2a543e56ee4b5b94c8422801a9d8ec2bdd3f548ff,11117,ClinicalTrials.gov complete official JSON
NCT04831606,058a292fd3a92164a228e8f620f81f5d8f9cee2c9d78b0cb677679da350b8d3e,18493,ClinicalTrials.gov complete official JSON
NCT04847115,e8455a491111e799e484145c5beb2e42be91fadb2a67f914e5fa6b2036397473,6529,ClinicalTrials.gov complete official JSON
NCT04854057,f6c0da751252b7737cfb508f1ea1f0e8a3bf6fd33a94e2d4b942f35bd47b9845,49136,ClinicalTrials.gov complete official JSON
NCT04855825,a90b634d919167b7cdadd03749c653037efcc69562085d031b52161b48ea354f,9979,ClinicalTrials.gov complete official JSON
NCT04860973,6b120f41898d8be637fc06541ac1ee5ff8ae7c76d9f5261834cf590aeaa61ab0,5222,ClinicalTrials.gov complete official JSON
NCT04881565,3f1d79714f8e68379f0b88326da8a751302f3584d65b10b9e50d4285907332bc,9611,ClinicalTrials.gov complete official JSON
NCT04883463,5240129515523fcde2d4f66d59ffe318de076bacff951ba30a76c505a1997c71,17736,ClinicalTrials.gov complete official JSON
NCT04884737,c756ba53cb01392392e62d26ab03029726e346e96b05d9839a27e557b8f00104,46719,ClinicalTrials.gov complete official JSON
NCT04890678,dd4b9caa350900be2904e1eae518e4040e6181c8463b1e25156206befe5e9fb2,7363,ClinicalTrials.gov complete official JSON
NCT04901013,6716a9c3d6c97e3f450b8ff96d1453648dc1d6554460428d26304e44cd6e1848,8309,ClinicalTrials.gov complete official JSON
NCT04902612,5801b00b8f8d17cf87c97ce97a4519cc4d4496a60e85499c0995f8e8fea14c8f,8238,ClinicalTrials.gov complete official JSON
NCT04902651,a6f6aaca55d04a1a9f7218e2656438a997f731ef83ec67696d04d1f8616efca2,7563,ClinicalTrials.gov complete official JSON
NCT04904497,ddb58f577bf73bff51b2635be59ff00a916f29bc9f2bdde054a0f447079dd23d,12255,ClinicalTrials.gov complete official JSON
NCT04920253,8b6ebc9589fe9b84a2ebe4a630482b6d3bc3e69e84b36c61038c566e3f71641a,13681,ClinicalTrials.gov complete official JSON
NCT04922463,e10adfc35fe8ac19aa9708c45e22e067505952c9637be01e646af8b621ca037a,10054,ClinicalTrials.gov complete official JSON
NCT04927702,6cdab23beee55cc13ffb2776e816c26a600b6673b5d51a362d6c9579720557eb,52320,ClinicalTrials.gov complete official JSON
NCT04934137,c1a0163d197659ed279390eab9dece4b50839a6c86b46ec23158705b16357ac9,25943,ClinicalTrials.gov complete official JSON
NCT04936087,4d734fd715a0141099c1a7153fb1981ba6ee895fe0d117a555814d6b254b0f48,28313,ClinicalTrials.gov complete official JSON
NCT04942470,c8a54fbf0f20ec7ab6082b8f3a2a3999ce29b84985167c23e6e1437bc1477ed4,29086,ClinicalTrials.gov complete official JSON
NCT04944186,a1845be79e91675eef4913e9e318e9566d476b036429fc8094021dd79352187b,19730,ClinicalTrials.gov complete official JSON
NCT04955106,b31405e39b98ec89077c168848a56a21693c472b47f294ac7999025720bfce57,7629,ClinicalTrials.gov complete official JSON
NCT04956900,34bd93c81f84fbdc8d6ea0ab7393c20a34f1ac26a17059fdcc9371cbec73991e,10998,ClinicalTrials.gov complete official JSON
NCT04956952,25a41fcf60157a91612c57cfb9d941bd091decf37372241770aefb6ebc0de2de,7482,ClinicalTrials.gov complete official JSON
NCT04960553,fb4d0f64f5a592ddecc8de846be36b1bdbd162f5107390f35d0b97b48eb8896d,9591,ClinicalTrials.gov complete official JSON
NCT04971161,48ae593a8bbd3461f754ce1251c885e8699777e3670377f4fd74a10048cbb1fa,20573,ClinicalTrials.gov complete official JSON
NCT04973852,0d7a3316508b8abdb01d1c88fe1d7a9b3921f81d99a9fb3bd66b7d94c7952dcf,51584,ClinicalTrials.gov complete official JSON
NCT04977284,ae4b834b55185f078991c4b25e45749b5bdf9eb40ac167e09dcfcd95f81b957e,7679,ClinicalTrials.gov complete official JSON
NCT04980898,93b7887c382cb32643d79a1a18da4bf46c45930fb6d4901f93eaca6eca40c559,7923,ClinicalTrials.gov complete official JSON
NCT04994886,2bf17b1210344fbbcd2372ede59182ebec78ba97483452df1fbc42ca03e1407d,19476,ClinicalTrials.gov complete official JSON
NCT04996537,2051bce4ea56b1e27182a7fcfbe118593913317ac7ee2fd05e35a02faccb7bb5,8057,ClinicalTrials.gov complete official JSON
NCT05005052,eceb9dc86b32255f78f847de89be22cbe66b61f56953063e80d3563404bbb2a5,17698,ClinicalTrials.gov complete official JSON
NCT05011110,221b796ead9660a4bab464e5eccdb25851c5320f708348ebb5ee7fe4a659a28a,15950,ClinicalTrials.gov complete official JSON
NCT05011591,7a4585fe71606687676d1b39eff505df961f17f9a9fa6452cc416e93f0d5921e,11937,ClinicalTrials.gov complete official JSON
NCT05030935,27ea6d6c26dabfcaf4baafdb31795a85bb646f1650191541bd492bd3ea18e62c,6545,ClinicalTrials.gov complete official JSON
NCT05033470,131d1a53dd81a52294cc3dd12e4632fb1f868c42c013b52847e93e25f97a66d8,8308,ClinicalTrials.gov complete official JSON
NCT05041322,fa88df11dbc4d4ff2da633cacdefdc29c41391145fb07ec83305923420c946a1,20986,ClinicalTrials.gov complete official JSON
NCT05044923,0c6213a793cdb13b1aae9e3eda4a7f0acd7fef48541ecd8ca5df1ce8e6db43f2,17891,ClinicalTrials.gov complete official JSON
NCT05045430,724d94f905823bd200eaa6836e495fd0de4e1a5e6bf317d5f338fbbbf050d8d0,8211,ClinicalTrials.gov complete official JSON
NCT05057793,b6879b0f32619d64676270213b471f1c2608978c4011f16f2b9aa9dad9dd7758,10033,ClinicalTrials.gov complete official JSON
NCT05068258,7f2f06d09e5449618b8a5ba501238c3ced6c73a5c730cf2309c1aa2a6897c4b7,7588,ClinicalTrials.gov complete official JSON
NCT05071235,0b2b890b5b9dbe2b731569b1da1bf81060bd5ef7da7a9cb0bfe5e19a92d1885a,13287,ClinicalTrials.gov complete official JSON
NCT05076578,8cfb85b655c8aa078ab3b0f93d6609a44a43a8a6bb16512ab0ca70dcf7d5914f,11159,ClinicalTrials.gov complete official JSON
NCT05085288,b541e736b8343694770ff6c739ecc24e4d9e818901bb2f4caf03d664e79223cb,9640,ClinicalTrials.gov complete official JSON
NCT05089890,61ef964437551481545609abde3f405f5bc1f3282dfeed0e376c33e48accadad,9221,ClinicalTrials.gov complete official JSON
NCT05107050,9c2205d09bb88c6c04fa0e3e79e17fe7b3f280693508231571f1e61d90478a3c,11574,ClinicalTrials.gov complete official JSON
NCT05111093,c8ceb81387b4e522f981e3c29e53a625c815715fbb47139b401de7561f581bcb,14457,ClinicalTrials.gov complete official JSON
NCT05122325,69f0ed625fa1a668d2346d798d4cb3f7c697760f54521419ff987d1727cb5716,10348,ClinicalTrials.gov complete official JSON
NCT05123417,de6b6d61b1c4e7053743d956ca04f97aad1ad1a927100431bdd5db8cfa60daa5,11174,ClinicalTrials.gov complete official JSON
NCT05130658,6bd661e1e9dfd31f49f5ed03c7f152d9d75fd040a8a2f2c1b481d70cb59f862d,16114,ClinicalTrials.gov complete official JSON
NCT05130814,bbf89f476af927c331ab08a4f8c6a9f7d1a09d0ca7f15c2fd0521e945285ef3c,38686,ClinicalTrials.gov complete official JSON
NCT05132634,406efe96f7b75586d228cb73c3a815998beaba05de36cf3aefb6fc8f073f7c23,10548,ClinicalTrials.gov complete official JSON
NCT05142579,21d8b88f647aceed005d0e27f1129aea2bb6879557ff0b0efd606b9fb1055896,8376,ClinicalTrials.gov complete official JSON
NCT05142878,df11bc20dd196f7c8718d4c60abe590d841d65c4e35a2955c7c1227cdbb1f51a,9201,ClinicalTrials.gov complete official JSON
NCT05144646,845be68376b5cd9743dda41de2be9b90b8b41bdc7e94f0496cca4a79081a2833,21237,ClinicalTrials.gov complete official JSON
NCT05149989,96ea3de2ee24c5c66143da255e8e20d246db78af752568b74b28480fb52f2ec5,13786,ClinicalTrials.gov complete official JSON
NCT05158764,23e94c93abc1d2c773ff6a575bc51f197655bb0bb09a619f490fce1a5988cd67,6306,ClinicalTrials.gov complete official JSON
NCT05165459,5d2a4ed4a1ceff846f534531ef01fdfdef6161107b99e729dab3584bf92624a1,12816,ClinicalTrials.gov complete official JSON
NCT05169814,ed7584c171fe231ddd81cd0d233148b762a9bf76ae64f55841801f2fecb8fe37,20347,ClinicalTrials.gov complete official JSON
NCT05170984,76d0e3f07e9af4628e4f86f365a43c7011fc16e883d0c47e8d1b3a7476aa30d4,11837,ClinicalTrials.gov complete official JSON
NCT05176327,32a24f9d7c6c77e7f3a5702800a0bb4dfe4fabb49b23dd1d284dbdbc6d155ad1,11568,ClinicalTrials.gov complete official JSON
NCT05194969,678bfb9a8acedf9d5e86f8bb4ce68c93a091aeb06e667f7e2f90e404457612fe,31947,ClinicalTrials.gov complete official JSON
NCT05198167,f20de4aeb0fc2afd907058d95d7b6bd0cde55288d39b9c3d6d3af227285d3767,21634,ClinicalTrials.gov complete official JSON
NCT05199077,566c5a695780053b3dd4a8d23523b4394a704938d79cfa1de6759e873dabaf92,12340,ClinicalTrials.gov complete official JSON
NCT05207891,3191342a51a0fb12595bbcaaf1d643a3b79b03337567391a8c7174e5a03316a1,17126,ClinicalTrials.gov complete official JSON
NCT05223270,577508bdfb78f7518b3d4f77ddd82e2238b16baf3db6205452575e3523bf94c5,7465,ClinicalTrials.gov complete official JSON
NCT05239416,3f6267cdc9b047c05c52bd5ca91e7705f7ae8f98d8541884c9c3836cb5900deb,10926,ClinicalTrials.gov complete official JSON
NCT05241704,72179e31dd66660282b1ee6d6da3e47ad6ee2ecdc7758e77ba372312eeb0d3a0,11852,ClinicalTrials.gov complete official JSON
NCT05247541,fd8a1cbf81c46cc0a05abdf0632c13292db61a19f6c06125ded88b0b15ba85f3,13877,ClinicalTrials.gov complete official JSON
NCT05255627,d8fde5264ef3957a4868e3d66a7d25df059ab598f59a725f11305a7d4d5cefad,9208,ClinicalTrials.gov complete official JSON
NCT05255679,e21a5ca20e42936c18ceaf03542e6e491424ba0edf7258f73a88ee0df0e2a1e4,22477,ClinicalTrials.gov complete official JSON
NCT05267951,00e63eaee3b98f20c346d1d024ef383738d790d67e708d9a6c57ec972ddcc4a6,15621,ClinicalTrials.gov complete official JSON
NCT05284708,d31b1a6d62bef88ef15c98582eb8fc60a6b98f4351c2c125c0240a6f4ef3087a,8676,ClinicalTrials.gov complete official JSON
NCT05285930,f155a977f9795c16cb694560fb0b0986b3484348d51971d6da392b942872326d,13216,ClinicalTrials.gov complete official JSON
NCT05291169,f19187e9e6cd89ccfa2ba221e5a0e33e3cf81f230b041a31d34c8b36a7db2bad,14764,ClinicalTrials.gov complete official JSON
NCT05292326,9e11f66a9ca4e309eaa03b96d2e08c281d9e4d1f2aa7211b480bd67ec22535e7,12209,ClinicalTrials.gov complete official JSON
NCT05303805,ee1777f14f4bb007dc8a39b8c9fbbc2b2bb679a19b4752dc75247abdb186fd0a,8901,ClinicalTrials.gov complete official JSON
NCT05308862,b95756c7056a44f266c358d007c96272e5382cbbd239171a3eb1e2a6168697d1,17217,ClinicalTrials.gov complete official JSON
NCT05311124,f5d97401dc2f9c057a79b8bdbe06536657a2550ea117003b5dcb8845fdf7246c,17397,ClinicalTrials.gov complete official JSON
NCT05312762,510dd621e6d686c97a982204b673c3d7cbbb74d62e8b940ffb2fccbf00accb50,7559,ClinicalTrials.gov complete official JSON
NCT05317442,dfb256631422eb7332e3e4cd475afa6b77765acb00025b96b7204abbabf023e7,9775,ClinicalTrials.gov complete official JSON
NCT05319106,2025aaf515df071b95dd123bf764504aef647dfd6ec5d671395bf0b9d85a1378,9339,ClinicalTrials.gov complete official JSON
NCT05322525,65e2509d0d4da4ac4757b448bf2357c94bc5c9d295718e516fe56fc5fa172fd4,12643,ClinicalTrials.gov complete official JSON
NCT05332080,c57d752e70f9efba2778d81f3cf7471a14a95c844694185fa01d245299468b22,23208,ClinicalTrials.gov complete official JSON
NCT05334030,a3b31f73459812c93c737463b6cb60a905a43e9050edc2c540bf1f7e9aa873fa,19102,ClinicalTrials.gov complete official JSON
NCT05339802,86a020ce57dc7a33a21638acd20b9250f0cbf1369859f8263a37131bb41f0128,18794,ClinicalTrials.gov complete official JSON
NCT05351827,ce45c8ad208c77525390b91dff7afba91a8e6442e677f76eb56a250aed18e0b5,12790,ClinicalTrials.gov complete official JSON
NCT05354206,55ff12191ed9b8176f510502c4e30bd540bc0bda97c3172ce187ef7236d73366,28335,ClinicalTrials.gov complete official JSON
NCT05354687,106dd9be9e7eaa6e8bb1d596e29ad6a7e77c3f9213e537f0c66a8e8231307d38,11260,ClinicalTrials.gov complete official JSON
NCT05357391,71ea883d4fce941333f1d9e805e2b6f67212fbae3bdeaf2440bf2b73d430af0e,11489,ClinicalTrials.gov complete official JSON
NCT05362422,d78c36a958d0d2721c49007d2c746ed85734de3fe8043526ee97b10c906b2aff,6912,ClinicalTrials.gov complete official JSON
NCT05363475,13d78cfbc3ee1493095593150ce99cf2a6a6c955285446e2b9dc985b5b370109,10395,ClinicalTrials.gov complete official JSON
NCT05364112,b804b9d521e302bf210811dfca812bf4cd2bd2360715fd61ce5f38beec916033,10400,ClinicalTrials.gov complete official JSON
NCT05369520,eb162775fcb86efc6e91423654419df6dca7268e2716d8899e2f991b541461f6,34044,ClinicalTrials.gov complete official JSON
NCT05378997,366352b43a1b4f8594075b5f1fe841f7c82d66da640afdba6276cf2d2992c22b,35307,ClinicalTrials.gov complete official JSON
NCT05403606,e85accc19547e8e56ab3adec1ed6c5b8bab89207a2690407c3231c6188f6e3c9,7308,ClinicalTrials.gov complete official JSON
NCT05403762,b20b1a28406c7b3a982647390e418c1e25d0681a53d54bee6ef20a976e9d555f,59168,ClinicalTrials.gov complete official JSON
NCT05409976,77cb65f831c4263b5d9dfbadab87b3f04a0f53ab6776b3a84c0d7b22796d6011,63369,ClinicalTrials.gov complete official JSON
NCT05410613,e2f4157d2560056628018e99d8fbe4250ba09789710538ce49b4dbc9b508d5f4,6423,ClinicalTrials.gov complete official JSON
NCT05422716,a3dd4247e4b2af244132c24c20dd864c867d7acb56406462843d459cb406605e,11727,ClinicalTrials.gov complete official JSON
NCT05422846,9a7979a82d529d855d19aa0e4199ed5acea578ee081ea87ffaa3e4772c76dc37,8029,ClinicalTrials.gov complete official JSON
NCT05423600,d03d2d606f74692a4c924e2c92557808b2ed81e9a5924e8937217b5cc06c6271,16134,ClinicalTrials.gov complete official JSON
NCT05423626,f80d7fe9bffde13bf8dfdafb3ac4ca91ffbbc79b8f6aad72e7a35b82e915eb68,33316,ClinicalTrials.gov complete official JSON
NCT05433064,55080789d2c6391d46edf49d8ad35489c536d93e8f9c009e4500584a21e2237f,9085,ClinicalTrials.gov complete official JSON
NCT05436340,2659eedc89ca50b11379c97bea9be2cd017595bfced0245429818557d912c93a,6197,ClinicalTrials.gov complete official JSON
NCT05447754,3f205c6d87e5737859016c1e6a790670328d107786b539c690ecf4e0ecb03843,12982,ClinicalTrials.gov complete official JSON
NCT05449743,5aee33f5f84f24fbc39d35038c63e39a7dab0436316f29aa09cc62ac9c6189df,16001,ClinicalTrials.gov complete official JSON
NCT05456594,2899b80eff6ae623b4572b6138da397ebe564846766e6644bf25da2485f6c267,12345,ClinicalTrials.gov complete official JSON
NCT05457907,71ef8635d3e56d6bcd4f6d4a83e0040a46e10b9da38e2b56225f3a7162591b4a,12216,ClinicalTrials.gov complete official JSON
NCT05458947,9d155fca6ef833e54c7b5623ba53dd52f30ac658f36a51603e0f8f6032115751,8759,ClinicalTrials.gov complete official JSON
NCT05459207,d98d934f35cabd706d04c882fffd43d54bda9f017614a7856ba576ab9a642b89,6610,ClinicalTrials.gov complete official JSON
NCT05462912,bd7812f7d95861e464cc202d452a63bbee0906447952fbb1e53c676342afaeba,12193,ClinicalTrials.gov complete official JSON
NCT05467215,96ca79e289bb508a1ccfeb21cc9377acc509bb922b9d7c83ff0ef6178c7225b2,11278,ClinicalTrials.gov complete official JSON
NCT05471180,dc235c041a75c1cbb6d8dc49fc540ee815d7ff69d2c06f6c3b278f8d1e4bf852,23081,ClinicalTrials.gov complete official JSON
NCT05472584,32f1cff651223d5cd4ce767986c7a4c433204a420765601770810a64e8e6b475,14387,ClinicalTrials.gov complete official JSON
NCT05485051,9c2e234983d94ffd653fe6081ffcbabc9400274e9857f95b926161233597afbe,12264,ClinicalTrials.gov complete official JSON
NCT05487482,cbcc689f2095f79cec807d79c92e7719be37134fdae1409936daec28a49ed87a,27964,ClinicalTrials.gov complete official JSON
NCT05487898,755137b796d3f84ac00708cbff79f5eb16d336fef92ddefd96067ab37feb447e,4248,ClinicalTrials.gov complete official JSON
NCT05489588,879912fdec9a7aa78faafc3196ceaeecde32db2524b55533048f31952e87486b,29625,ClinicalTrials.gov complete official JSON
NCT05491837,71221512a48016ddbd513a35ee02cb38ef3d0407b11f05fda68e08ec9390a406,17339,ClinicalTrials.gov complete official JSON
NCT05492097,72965587d7de3faf345ca659dc54062052e9c3d736a508592a41995539d654c4,12461,ClinicalTrials.gov complete official JSON
NCT05493943,cbd7e3fad92a6021f6b2abf175d52c4f615d23299ab4ee1735ba813ca6af9b83,13069,ClinicalTrials.gov complete official JSON
NCT05494450,ff4fc2c74e94b4e6f2e302c24f4e936a754500236e3e5137fdaa0718efa4d704,6048,ClinicalTrials.gov complete official JSON
NCT05496296,70530558915671268addb0dad288efb9e2ec7ac18a9e844a1c7e735cb8acbe73,21805,ClinicalTrials.gov complete official JSON
NCT05504980,e676a01b173dd01e76603560e5e037e6c76bf00ca96a0605d8436f5da1e1ac70,11989,ClinicalTrials.gov complete official JSON
NCT05513508,0e0b667f76e21a5405f7a2d21cd1211b6285419fd83024c749e6960647958a6f,41417,ClinicalTrials.gov complete official JSON
NCT05515484,be33d14f891d3789bb590b8290fd780e08bdceeb93b5650b51a9e1030b86d631,4955,ClinicalTrials.gov complete official JSON
NCT05522920,69aa85b467f2b0d4d23e430ec1d09624b620a3e953ceb25026c9b063c915c034,8621,ClinicalTrials.gov complete official JSON
NCT05541198,6fff6e11d38574d6337d3c8b151773794788ebc36e191d8f40902bc52a93b433,8953,ClinicalTrials.gov complete official JSON
NCT05542589,76d07d6541dd4371e841ec4d60079821108993050514fdc739054a022a0755f9,5899,ClinicalTrials.gov complete official JSON
NCT05546684,0ff918a6829ede9451a6df92ebc69317abc08fec6a6db38e397abb47fa3b5a4f,10633,ClinicalTrials.gov complete official JSON
NCT05547191,f3cacc1cc2a8ba8a6a509d5b1706875a48be7e34d9eba258b641adfaca542b0e,9761,ClinicalTrials.gov complete official JSON
NCT05547295,8d99204e07b405b88656ce3f80b1b8bed1a67372dec3c1e271a485a9db508e78,7892,ClinicalTrials.gov complete official JSON
NCT05549609,9d6392e4a9abb11dcfb0920ebd2d75040fa92d881d7848b971cfb4c729ac5d30,8105,ClinicalTrials.gov complete official JSON
NCT05549830,d3745fdc52114750c2fdf3c887d4ecdd5bc154be4135c11732dcc5cc6aaaf422,22197,ClinicalTrials.gov complete official JSON
NCT05550311,3ec488607ddf8e5bf1d175fcc38bc5dec48f62762a0181bbf2d6dced94a2f593,10586,ClinicalTrials.gov complete official JSON
NCT05550987,2705c6a7731b161560544c8deab04b3e45e0ba41dc0a9cd94a3ccdefe9c1b606,27205,ClinicalTrials.gov complete official JSON
NCT05552599,697e41a9137763778925357bef2600d21b88765c44ed9cdb6a76a539f7026cf0,8269,ClinicalTrials.gov complete official JSON
NCT05563402,9f9bc2df9d4941c6a1afb452fdd9f9430da7b1ab22c8b692bc52c47ee467c43a,13734,ClinicalTrials.gov complete official JSON
NCT05570877,c5d2657933fc048169baf1de566df6202eec3bd301b44e4d3c2a7f8e5fb153cf,8846,ClinicalTrials.gov complete official JSON
NCT05575869,5150ad5f2c82b3e20b1e7080e8888b7f003d5e7603d50b2f168c4de8b412616c,8068,ClinicalTrials.gov complete official JSON
NCT05578638,55aa0a885049775876e78efb39a6cbf3a069fc4cc3958dd9e6d013b19e4db151,9055,ClinicalTrials.gov complete official JSON
NCT05586646,4480a23ccb011cdea4aad3387eb2516a5a8d34ffe5d0a392b29ba94c9be3f19b,6233,ClinicalTrials.gov complete official JSON
NCT05588583,ec0a896b95085127ebab0155874c6214092e95b861d0f519db4c1ab23d600224,27157,ClinicalTrials.gov complete official JSON
NCT05589402,da2c01afe493581cddafc8d5e050471fc5bb2e1ef1e7c9b443f601aac98108fc,12979,ClinicalTrials.gov complete official JSON
NCT05589415,d541db1c2b202992b4148e3cbfc0f49b0e8328d60d3f15f2bcb781c88966f670,16583,ClinicalTrials.gov complete official JSON
NCT05590065,c1d6e6ccd87d36fc4c4f207397fe793ad542d6875f49a0cc010e2a6b7666859f,13325,ClinicalTrials.gov complete official JSON
NCT05597176,15c8f900c52c67ef7d3fb2dc4497eab5e179f52fdd3bb6b211135dd86210e800,7107,ClinicalTrials.gov complete official JSON
NCT05598398,dcbd8759694e7a46e2efcd275e5f2e6436ca4daec6f883f52f3e7a4f1af1933e,7754,ClinicalTrials.gov complete official JSON
NCT05604352,4106ca4522cce42a145f4949b432fd0ae793342ec517fd1cf3fe32e94ef6b04a,7936,ClinicalTrials.gov complete official JSON
NCT05607979,44607703c57068b7ac0c91fc1baf5a773b8d5b05526fb05970958c42d4852e7c,7286,ClinicalTrials.gov complete official JSON
NCT05608317,e2d6fe0be69ba03f36c6888b6f246d3c613ecffa3cad2ed6673bd8329eccfae8,24465,ClinicalTrials.gov complete official JSON
NCT05610241,3d14ff99019291e268cf4d9a95ce7b563b1628acfdfeeaa7022fbcd2c4ac2b78,13438,ClinicalTrials.gov complete official JSON
NCT05618509,5dd6bf746744ba6ebcc83dcd08d0d916b7f6fd0cb3ffc094aea616a4e571824d,6925,ClinicalTrials.gov complete official JSON
NCT05619003,fd324699a625aa662d5503a51a154e52647e33445e545266444f0143e16dca71,13717,ClinicalTrials.gov complete official JSON
NCT05619237,e847b2a7f83f540543da293e9deddee6f2d195dc872a044915bd3f73db7edb6b,22111,ClinicalTrials.gov complete official JSON
NCT05632250,420c5a0f77d00a5f030a8f8ce7212a31a7eeee14fd0bc090f25e19f3ec88bc1d,8637,ClinicalTrials.gov complete official JSON
NCT05633277,54fb33e514256a3677761f51d2c0aaf88aa36425875f2685b9aff156dfef3f3f,25824,ClinicalTrials.gov complete official JSON
NCT05635851,312c899452e7a9a48f9138b71e5aa792964b03057f587110a176c43871e1659d,9335,ClinicalTrials.gov complete official JSON
NCT05643313,53cfbbd87329e174114301e1f9f31d63fed0bc38547e983a27d29e13d2391580,19092,ClinicalTrials.gov complete official JSON
NCT05649332,20d922f27a762c1a2bccec501e210674e246884c196364d4f87b953b829d8e62,22037,ClinicalTrials.gov complete official JSON
NCT05653089,7ef345102fc97bf5421d49ecd76803bae396c67026e95a75ea571d8110746b60,6497,ClinicalTrials.gov complete official JSON
NCT05659394,413d7efbb8f9e09a8e8f33a7049a465b804942e23c91b5ec7f095ed58a987a5a,33727,ClinicalTrials.gov complete official JSON
NCT05661214,b0c2897cfdd462b73b7d77e0a878eb5f419813557acc848bc0e9fbd0bd2fbcc9,10997,ClinicalTrials.gov complete official JSON
NCT05667831,4439d6314e366e84e54108ad9f2f99580fac7e761816f3ef7c92fcefb850813e,10976,ClinicalTrials.gov complete official JSON
NCT05685628,c034f63c5edf36b65f6756449752c73710a18b36c119d7aabe422d78402ce3f3,12373,ClinicalTrials.gov complete official JSON
NCT05690685,508f766510027dfb2cb34e5b88ddd77857c7e621039077fee13eba995e284fc0,10185,ClinicalTrials.gov complete official JSON
NCT05699122,83cc3c4360de089b625ecde645f6454b67fba2a3843eff4ef75e5d1d486cf82d,16626,ClinicalTrials.gov complete official JSON
NCT05705908,0a9842fb45e8c7935d169ccad2d7c5fb6161efe706e76f8e3585fe3ac5fc8264,13925,ClinicalTrials.gov complete official JSON
NCT05707169,2e889eedf539b5fe1016d3995612b77806d055daefd689076f18db073c396726,13035,ClinicalTrials.gov complete official JSON
NCT05708274,d0df5b722108793a3e0b40def60c107bba6088217039a7b7f9f4e7eaaf5b99a0,17769,ClinicalTrials.gov complete official JSON
NCT05710094,932a1c04c26c3bae8c505a5a2d9d4c035c3ecf4fbc26c47e5f14e69a43561e12,14739,ClinicalTrials.gov complete official JSON
NCT05710653,e12c1f06dae11fc6b9905cc4fd921720bafdca97c479a5d6d6c347eae3cc1c6f,32309,ClinicalTrials.gov complete official JSON
NCT05739149,c83e1a3433e0bb1bf8deaf927fe7b987b0a1924e2971842bb6e4b3f28573aadb,6132,ClinicalTrials.gov complete official JSON
NCT05743283,93f2fc72583d853701914f81a4f158b590cbe012b89af38e8b05520b6ad9f42a,7272,ClinicalTrials.gov complete official JSON
NCT05745155,edff4765bddaf9499117b5c401b6246c2f5a2d6c082bab6ceef5ce89cd59e5cf,11566,ClinicalTrials.gov complete official JSON
NCT05762341,3d1ad11d24c40af833aae4f717c757c8d8d6b5f3da0db8b6b0b32370a7342a42,7747,ClinicalTrials.gov complete official JSON
NCT05772507,dd49c7966708fbcc4bd423ea3d9cce326b6d70c0759414c25fa7e115a2de35f8,8039,ClinicalTrials.gov complete official JSON
NCT05779852,715eec054e552fbff339f092f1345638e22ae3a1f4116d1082055888e30058f3,6139,ClinicalTrials.gov complete official JSON
NCT05782855,cdb290c3e218c6859e59f40c275f6431e7fc3cc34865b83c628d2a3f090d3e8e,17769,ClinicalTrials.gov complete official JSON
NCT05786612,f6e26822dad35cce8891aa38e3d052edd71ec512834b2cd48b873c33b5405516,26052,ClinicalTrials.gov complete official JSON
NCT05797688,9c130209fb21574588e87b170798fc06d28d2492a6bbda82d5cf38d7edbaedba,7780,ClinicalTrials.gov complete official JSON
NCT05798169,34961783fda162a6678b11e6ea2db2de15a32fcf501a82532dc39a50d957be3a,9904,ClinicalTrials.gov complete official JSON
NCT05801536,c50823869993379927f93bf2db20a44aa6fd28197251ec3320979e824ede3210,13966,ClinicalTrials.gov complete official JSON
NCT05805137,423da81c4d54da07dd07079f4316c7d23829dec455374ffc3e1b90bab06305de,11015,ClinicalTrials.gov complete official JSON
NCT05822297,e2646475989ac3f028749e450107d23671cdfe1d45878ff9aa9067cf51fa6fb6,11583,ClinicalTrials.gov complete official JSON
NCT05852236,4216236528c8ccd3f016f46225c3003248060f027e8c3ea6987601cf18d7a06a,8375,ClinicalTrials.gov complete official JSON
NCT05863754,bd1abee5e41c9831ed8870362608c46f29161ee23bb914d8d4ab31b82753cfb1,10885,ClinicalTrials.gov complete official JSON
NCT05873257,4661795536b29eef643f8a77969a2b2670585f871c847403aca80fd3f1015679,15410,ClinicalTrials.gov complete official JSON
NCT05874284,a15a56f8006263e7f5bd8c8871210f41ee76e834eb73f862968ee23936e9d49d,7227,ClinicalTrials.gov complete official JSON
NCT05877378,1d8461fe114de450f3c593c9d555adc99a4d9ecc23864feaea6e3f4fa50a2e71,7602,ClinicalTrials.gov complete official JSON
NCT05887752,b3486cd3f73da0cd5f9f910b191f8d6196b5cff1bc6b75bb96d062065a28b2b0,17689,ClinicalTrials.gov complete official JSON
NCT05892341,95fe7d126241253b1a59c0fe1b711508506f70222cbe5a44029606edfc8c4c6f,29843,ClinicalTrials.gov complete official JSON
NCT05894096,9fff4cae2b40d982fbb6a40c55c5153f496a5de4a7e0efeab22ce7d5a06e2b82,16986,ClinicalTrials.gov complete official JSON
NCT05894291,5477d646f0864ead9cabe67029ceb038e048a2dac5d8a804af320bdf9be00e32,11291,ClinicalTrials.gov complete official JSON
NCT05899140,4cdaf255ca6dfaf745dc4e0c15690164a16ef92510cd3284608c196d842b97f6,11000,ClinicalTrials.gov complete official JSON
NCT05902182,c6145f2944e55e8415c8c3515fba10c814dee2972fb5da5372176928a6317430,5943,ClinicalTrials.gov complete official JSON
NCT05912712,f1ff5f00b4d85d461932f69ea23c5d75947cfd4e0f7bf36c4f2c558b5a51bbc6,16935,ClinicalTrials.gov complete official JSON
NCT05915169,f379241765cf79b8e8d089fba7937868485a4bb735318645fb8cf061224e465e,6459,ClinicalTrials.gov complete official JSON
NCT05921292,fcbe12c0b62b3f6b1399dc45fb796fdad8081c4d2dea081f9abf5b024e079e95,15779,ClinicalTrials.gov complete official JSON
NCT05923749,50ac0355ce22693c077df5fc1ca22e14255f8edaf472aa9bb1dfe7dd7af90b22,8059,ClinicalTrials.gov complete official JSON
NCT05926843,8d229a499c8473ef0839f8aa5458b7497476375d7de363256edfcd5c2cbe65fe,13145,ClinicalTrials.gov complete official JSON
NCT05939973,a2b859acc9c831f7eb86c42bb9905f4d20cce210191979b02b573c748641be01,13734,ClinicalTrials.gov complete official JSON
NCT05940636,4c978fb68e2cb17d9c05279a0fb124d958f4be6ac3e8c3cc1762d45bf449f380,11072,ClinicalTrials.gov complete official JSON
NCT05941819,14328b199814aa237c0d8c4b898b9bf0ec19d18c0e9a0017d511f80724c66114,7050,ClinicalTrials.gov complete official JSON
NCT05948306,c31bab82e282837436741c969aead19cf1ae2f403787179aa3429663dad536c3,12499,ClinicalTrials.gov complete official JSON
NCT05957588,c09059caf372560332408c14cd458239b042c3a620fc69465b6fff5dad7a666a,16995,ClinicalTrials.gov complete official JSON
NCT05957757,f9d95b76b1a4f15751709a1f511e2179cfecf5e67c902b876b9cd724d437fbc3,17572,ClinicalTrials.gov complete official JSON
NCT05960578,3bbafa37ef8cdaf5262ceb7ddf3f9c6d0fd43a5b42706c35145f9b13e4161431,19895,ClinicalTrials.gov complete official JSON
NCT05962931,bf0a2fa9bf77268e757abb36ba09e39cbae8a261b30127e171e8dc875be4ec57,7891,ClinicalTrials.gov complete official JSON
NCT05966896,f2a539c53a8f083e01b1fba04f4a168b369e4a1315c544e09c534a043a7507e8,10177,ClinicalTrials.gov complete official JSON
NCT05974982,c046e0ff5f8bbd1a4b277f71f1522e04cdcd9740a289f98eace2cbe5e9700322,7524,ClinicalTrials.gov complete official JSON
NCT05979402,e20fa6163a9b9bf41b9e1ab1a597e1d5f58a91af88d878b40810a7d07504ad50,9497,ClinicalTrials.gov complete official JSON
NCT06003686,2cf22df73c3c5b6f18db7d97a0e81fed97275fcedc7e0fc15170946244b960fe,9772,ClinicalTrials.gov complete official JSON
NCT06003712,4948031bf91f5ccbe3fe6d4c9aef973af8da7712db7c9a83f3dda66e25ef1b33,6131,ClinicalTrials.gov complete official JSON
NCT06007235,fd49180a5beb56cb883a72910e41208c4868e667a29ebf7c90397691c5a923e0,15109,ClinicalTrials.gov complete official JSON
NCT06011876,05cfd3cedb9bc902f516b9a5e3b1f689ba9cfc97c7fe2d07727fc9da8b49aafe,9906,ClinicalTrials.gov complete official JSON
NCT06013046,6525a1e2b17096aa686759f519d883f399671860e2d3b0e9df25053a6dbeaabd,13789,ClinicalTrials.gov complete official JSON
NCT06015139,74c866ff46a9ce83c382c16b4e0c1e1b38cb24eb6e276f82569535f834a89725,7548,ClinicalTrials.gov complete official JSON
NCT06019949,84bd8c74fa93a4af77664786661a86933dadcf93ce8a2c4c06c3764fe48e1cec,17308,ClinicalTrials.gov complete official JSON
NCT06025370,f94bfb641353b41e40dc101d75f780ce517c9df66f6b201611c4b41c92f2ce90,5164,ClinicalTrials.gov complete official JSON
NCT06027502,df178b44e1a66c559ee1ac019606f2426b13543c7d24285c0bce41b02639e1dd,18033,ClinicalTrials.gov complete official JSON
NCT06031714,e75e381079701147faaaba1d38a23666094baefb570ab7b696662bc083d5f930,10043,ClinicalTrials.gov complete official JSON
NCT06040749,897d7d8ad6ecad68608ef2cfeddb36fc97e03ddaedc097dd01ba236a66a44e40,11154,ClinicalTrials.gov complete official JSON
NCT06060470,304e5167493a6444fa71735b619e91be83148fdf34453814fb293a135d32aa00,17543,ClinicalTrials.gov complete official JSON
NCT06061796,89b0f76400178ed1fe02dc0f99d77d3048ca4244c2b218c5c000b460be19e68a,20073,ClinicalTrials.gov complete official JSON
NCT06071039,29143d2754ea78a616a6e3de572e8ed969c47a715d777b353402479e8379ebfa,6996,ClinicalTrials.gov complete official JSON
NCT06078488,b3ce328a1da47a4950d283de65c7338a65f930231ce442380899c8c89dcfb39d,23918,ClinicalTrials.gov complete official JSON
NCT06083935,1cd2e95f329731ceab560b6148644515f5d8bdd133ab78b34945087f69346a33,7853,ClinicalTrials.gov complete official JSON
NCT06089408,d4f1409d9de7537a1714dbfe9b99dbeab9ba745c5d98e0feb26c9c828c50094f,9862,ClinicalTrials.gov complete official JSON
NCT06101199,15f971f2f0077ae2a6a43fb512cfe7899972b33fb23e9c439440819c5b5cf8de,46182,ClinicalTrials.gov complete official JSON
NCT06107010,e01f83d2666acde77f8f9d148ab1839e3c597090334564ce69f208d21b5d1287,15833,ClinicalTrials.gov complete official JSON
NCT06108999,a05c55b5e0c47a9a6d5b0eaaed8a0c1177228889e62eafbecf75227645f15517,8798,ClinicalTrials.gov complete official JSON
NCT06111183,d579d88d64204a00402857a54c6b10254f9bf2c31b7328407ebf76966b171486,17371,ClinicalTrials.gov complete official JSON
NCT06116123,dabe51ced91c7adc78ebe0f28f57eafd1fd58ce693a5f62bd98cbaa651204ce0,6212,ClinicalTrials.gov complete official JSON
NCT06127524,61140493a2b4ee503cc3ae77cc782fb7ab2601fc745363ab0a9393159f29381e,34620,ClinicalTrials.gov complete official JSON
NCT06128005,443870ceaad4b2621c964ac234b0028991b705521a278019a07922d5f87e0a1f,12388,ClinicalTrials.gov complete official JSON
NCT06135246,7f70a6709f322b5988208292192e89248188fce132eecd6a6ea58e974048bb9e,9277,ClinicalTrials.gov complete official JSON
NCT06140355,51502d9d8ab4050e90daeb765775d45d9b9f41ed4893f742c7abbce012748b39,10453,ClinicalTrials.gov complete official JSON
NCT06140706,4d5faced24faef8dd01327d8fcdb18b009864428ccca96298f4666f7ba62835c,7828,ClinicalTrials.gov complete official JSON
NCT06142123,cb85433a21e1a7b24c148881317b3dee24b551e807179954b646d66a05668248,14579,ClinicalTrials.gov complete official JSON
NCT06150326,31e060a0d0bb07e0783c858fad7ec4d65752e326db9ff4e5e82b574684e63044,9800,ClinicalTrials.gov complete official JSON
NCT06151769,1ea6b5c1c417f255c909bcd943583edb93cb600197169d3a57cdcb2ec0bf0fa9,17262,ClinicalTrials.gov complete official JSON
NCT06153589,e111ab51971a7b638d373a704fe23691fe14405230787c1fca2915e294dd9db9,9044,ClinicalTrials.gov complete official JSON
NCT06161480,857aa4be5dd81a6c17eec662b02c2bcce23c780a46d45a4a11fc4096ec5adc1a,27390,ClinicalTrials.gov complete official JSON
NCT06163352,b56042fd7beae3d713ecdf2fd4f70bdeb224357d59c15916d4fde4fe8c3a24f2,15337,ClinicalTrials.gov complete official JSON
NCT06185465,8b74310ae23354ec00ea78f78b8647af90c715a473521a0289455d11c947f7e5,14939,ClinicalTrials.gov complete official JSON
NCT06187506,86b19892725b1cac0dc6edd78cd0a0e0b0c1d2dd991150bac98ef19ab569541f,13187,ClinicalTrials.gov complete official JSON
NCT06197399,509990a8b972fceb3e6bd87a8bd8a7688b91b4811bfdb6d67a2e329f965e9cf3,11317,ClinicalTrials.gov complete official JSON
NCT06210399,16acd3af669264574c33d3aa44a8df1a41b5d46ef935d3487a716000103e953e,16670,ClinicalTrials.gov complete official JSON
NCT06213012,e2cae588e253159472bc65fe55a07bc56554da28dd42e683301f064829dd9afb,19676,ClinicalTrials.gov complete official JSON
NCT06225245,15f32df0f4647d42d81e8424b580545e6d852a0cda08e8efda6eafd27075ecd0,11732,ClinicalTrials.gov complete official JSON
NCT06235463,f55a0b7092b8e68dd8404929b0b3328e3f625d961a022eead65a118184bd1a68,6992,ClinicalTrials.gov complete official JSON
NCT06236750,a30ead1a8c3bdb6600e4acc646f4516d470393941c52135e7bad60821eb74cbc,7696,ClinicalTrials.gov complete official JSON
NCT06243328,63efa31d68b7ef7ed8689655a6794efcaae921530040621ddcd39926794d9f23,7678,ClinicalTrials.gov complete official JSON
NCT06255288,8f06fc42f912a7c8c665a91fc9e16bf7590c2cbec0d87b070132127590ca6541,13044,ClinicalTrials.gov complete official JSON
NCT06270264,5d245eb76c329128969bc8e0e6a84e6e43b11abf6637459df1cc39bd5b952c4f,9380,ClinicalTrials.gov complete official JSON
NCT06274021,f33eac4890bbb6dade2c8c80e9b98f9a01bea14befd5bc6cb4f3edd2d04ab150,17687,ClinicalTrials.gov complete official JSON
NCT06280053,1aa7bb238a7154d77a83378af3891745416fc2d702e690238bb679cc13ac8c6f,9543,ClinicalTrials.gov complete official JSON
NCT06283979,66ea6580d0058d3c9e6b9ca43c065d651274eb2b7853e5be6625fe7a607dc084,12039,ClinicalTrials.gov complete official JSON
NCT06294327,ecd45865f8e92362bcb624d4563be5dd5c853e0d5a2a16d6b86561a435e5c66c,8199,ClinicalTrials.gov complete official JSON
NCT06296771,e422a9c5ebb609d72fdb1dbceb66d70a119c9f20d470d48fa7acbf25ab5f070f,14039,ClinicalTrials.gov complete official JSON
NCT06300762,e273f1d26f5dc1960f95a91cdded45d89e90165d5bda8c61a745d1b481a8c32b,10382,ClinicalTrials.gov complete official JSON
NCT06302582,c198b6d5f748a29728508869e53be6905f151acb7ad92b672eaa85539d597e2d,10757,ClinicalTrials.gov complete official JSON
NCT06308211,9f909773f77c075e0117b7ece485c2a3c35be861d31362cb103eaac009fc1731,11642,ClinicalTrials.gov complete official JSON
NCT06313515,c1b96e41123c4d14f2beee1ed2db63ebd52dbad144aa3503b6b5fd3c0db3b3f5,17202,ClinicalTrials.gov complete official JSON
NCT06316726,6d97536b43d9fff8a864d45825e83243f99c5db12bf674326b7ea1c91af8f919,7841,ClinicalTrials.gov complete official JSON
NCT06327113,60ff6b05a4151c839070e29e6bd5fc165516fc5e7596497b39e13caf7e724465,22118,ClinicalTrials.gov complete official JSON
NCT06329934,6bb4da56585c4c32d92628da85e781a9e7cb3f644172ef03154504ee61153c82,15618,ClinicalTrials.gov complete official JSON
NCT06330493,958443f2f19490b66caa02477075a4c3916dba62cb186e11e9152a2f09d547a1,23830,ClinicalTrials.gov complete official JSON
NCT06330506,bbbefe4e557d8897a0866d3579559606c40f6358574571016da909152d9b9f3b,5179,ClinicalTrials.gov complete official JSON
NCT06346119,1c26c744a1a04a87747ce77c38a6d2d69e30098edeedfa3e00ac1bc2c21413d1,7089,ClinicalTrials.gov complete official JSON
NCT06350695,4c555e756ad3b7437e9fcf225eef8a0e6e0bd59062b86b1e501d5674571d96a6,14452,ClinicalTrials.gov complete official JSON
NCT06353763,41d3979e34377856eb369bc256a2940d73d2e40ce868e1ad5e08399529f5456d,9498,ClinicalTrials.gov complete official JSON
NCT06354231,d13d990b38f7101a21872da953e9a37bc3eca9c4278cee2494706659972e71c6,10209,ClinicalTrials.gov complete official JSON
NCT06362135,c78927f7b2fecf8653adf3171248bec2bb3882239714ced65e5043941bd11fed,10687,ClinicalTrials.gov complete official JSON
NCT06367179,5831ae8f26f0431e6b45460e34e882d479e6291a54dabe21f4be108e55906752,9269,ClinicalTrials.gov complete official JSON
NCT06369688,3c0e9f647159ee00e93cf315666bbe1e61f40e1e7d2356acaef8eb9f430e2f04,15839,ClinicalTrials.gov complete official JSON
NCT06374563,4ec4505cdcf3ec40724d7f16c5451ef89ed5031e54b16b4feac1fbc0c906f9c2,4927,ClinicalTrials.gov complete official JSON
NCT06379711,524e651bb77ea879036f4408c6af6ad0e28ec0cb281400c055f6c1ad444a4a03,21867,ClinicalTrials.gov complete official JSON
NCT06406855,e33e48590a176f60fc1b39807b9b836d04a3f187fabea4673525e09e69368ce6,11679,ClinicalTrials.gov complete official JSON
NCT06410001,0fc83d263518ecf231a7952e514b8c00670d5594f9fac3bd0e35cd1758ec9377,10381,ClinicalTrials.gov complete official JSON
NCT06410833,84b57de713b00a7f3b83abe37cc75331ce319aa230147f53e6588f50404d1f55,12663,ClinicalTrials.gov complete official JSON
NCT06416878,a755a3739f213813c8df355c02529617ba2dcc3ff1e08c8be2fb3e41386ebca9,15674,ClinicalTrials.gov complete official JSON
NCT06420245,7a391ac957be6218eb205c0ca9a2317d2d97d46db4d3e9304f0a55eb15535a43,18556,ClinicalTrials.gov complete official JSON
NCT06421454,80579eb72d5f83d8466a0bf97ce107d56741287bf47a1547990365f8a0e2b81a,7212,ClinicalTrials.gov complete official JSON
NCT06435143,3c2030472b7485788110b63b158a28030e4f3d41a243352f8a8e2b3cf417a393,10832,ClinicalTrials.gov complete official JSON
NCT06440538,5a14c67bd25fa95b339abb80f62183edb761ddd975ea0c208cc39bead6820cde,10568,ClinicalTrials.gov complete official JSON
NCT06442657,f1efb67082753ad220a4825e6ec6e0ca96bda3f975af96577706422fa5251ca2,7959,ClinicalTrials.gov complete official JSON
NCT06453187,e3b326a289e79daddc943cd8c5f9c38f55d039007d41a2aa4fc541bcd6b848ea,21473,ClinicalTrials.gov complete official JSON
NCT06455137,4df80de92770b799ee059dc6a0277ace12b6385c802887de0897efa0498f0bd5,9838,ClinicalTrials.gov complete official JSON
NCT06465290,1e24e55b016dced3fd1c8dc1b59532720f6bc101f4e83c7bc8443956848a57cc,20879,ClinicalTrials.gov complete official JSON
NCT06489028,54321fae0a650583acb566ad74915a113679f28f14c37b6636cdfe1671ff92fa,10377,ClinicalTrials.gov complete official JSON
NCT06494020,9528db335f3308b519c6779daf8d6be6a20e011e1ad7a555d2b7544e6829f44e,8749,ClinicalTrials.gov complete official JSON
NCT06494059,0f1a9ae60af6c605ecb6343f6c6e6f001f9759a9c9be138098d90396e8a6bf20,13398,ClinicalTrials.gov complete official JSON
NCT06499506,6373de886661911d9cd7700ddff3cae80b06d653cf45de9a89ccd7cc66267830,8603,ClinicalTrials.gov complete official JSON
NCT06503406,14f15f825e7ff5eeef51721e7432034904d0c2bf1b1b38650616d5044305b8cf,8074,ClinicalTrials.gov complete official JSON
NCT06509399,11331d8000b594477caa9c7935ab84ea6c53fe9901af07a325b566c2565c2b96,7118,ClinicalTrials.gov complete official JSON
NCT06510777,a37dfbe7766174881ecc7f454fe4a8efaf26f01c628bf41476666bff7d0f1786,23408,ClinicalTrials.gov complete official JSON
NCT06513936,e93d2ca373ea478e31e59838bc242cb609d62376965b9c9421de433d8a915367,11254,ClinicalTrials.gov complete official JSON
NCT06515093,c5bfabed3acb66649c695bd2ce37659b00a3ea1d95d8bd3204e48d5d12f754de,7221,ClinicalTrials.gov complete official JSON
NCT06522529,fad8c0651b650b6095ab9a720b038bfa407067a0429d519c86fbc433539126e2,69057,ClinicalTrials.gov complete official JSON
NCT06527716,bd1d9743564a4c33f19678454600a62575247aa7dbadb6fd4cbc55f640d4b622,13797,ClinicalTrials.gov complete official JSON
NCT06528873,880742ee61008cded8377f0c984f7c8a0082f119a3274535ac63e89739a3c86a,23864,ClinicalTrials.gov complete official JSON
NCT06529094,af62ed0887d036814f1a14016812b6c6c9e0114d5ac59dde15c6c97ca4bda333,26736,ClinicalTrials.gov complete official JSON
NCT06533436,587accdc90fef2d7864ac7742eac7939381c3cb1e8ecf130e3d4a8ab0a76387e,12339,ClinicalTrials.gov complete official JSON
NCT06538974,25312a7d6a3834c6f99ef4ae71ec76b25d2f62f7fd0c9b3c774b486516187bff,19542,ClinicalTrials.gov complete official JSON
NCT06540859,59cd011de9e74f4afafeef9fce4dec1047dddec4e380167b0f3cff84023583b1,20509,ClinicalTrials.gov complete official JSON
NCT06541197,1a089b0c0449d6754a1107da2412cec48ed3c0faec16be174f1ab8ca438478a1,11752,ClinicalTrials.gov complete official JSON
NCT06544564,ffec7a7277415400fdb2181a13be4ee272c8a41d59a56d70cce3b552e3aac2fa,11310,ClinicalTrials.gov complete official JSON
NCT06559657,ac5d6d27da6fb1cc23da6721502d962f7a649f090991801e57ce960ad5cc5ea7,10191,ClinicalTrials.gov complete official JSON
NCT06560502,cd72e94080d42fe49205f2b09576b8308e7b2aec86450c3c97079c7fd26129ba,13112,ClinicalTrials.gov complete official JSON
NCT06562296,9d3aad97352e20f6cb329cd66501c5062f5c37471bb9bfe03cab915f623c56e8,20043,ClinicalTrials.gov complete official JSON
NCT06563830,8cfd8435a59779fc6b4cb7357a90924b449198773246afbac2f3694bc21ecd94,17314,ClinicalTrials.gov complete official JSON
NCT06564090,7e208298e6144fbac99456caa45e96a736330125a32e04b7f637645fa2f68759,9739,ClinicalTrials.gov complete official JSON
NCT06564480,0ea9386f5cbcd74abd2b31a785c821b785cf629633d9805143b45fb4cef3e526,10054,ClinicalTrials.gov complete official JSON
NCT06565949,b1ca3ea39491cf78226f0288b3109e5e80d1ea938f46c19e780223e043fbddb4,7711,ClinicalTrials.gov complete official JSON
NCT06568627,ce5e10443228f85545a587648323525f7d77dd820948f6296828c0e5d584f86b,23150,ClinicalTrials.gov complete official JSON
NCT06583538,aab3e001ec4d522ff53c71e57aa30d3db947e9c01357001a1aa957c9e4f589ec,10545,ClinicalTrials.gov complete official JSON
NCT06587841,05a94c987e3b72c9a8f96afe5c2eb4e8538385407a89f15cbaa76da93bde7b14,63378,ClinicalTrials.gov complete official JSON
NCT06588010,6dc4006e9ab012fbc2b1a99959894885c2d972b3c9d5034fd68f3ddf78e978a8,10833,ClinicalTrials.gov complete official JSON
NCT06603961,c53f2394c01a3bd41eeac62359f02cbf029ddebb59d6271801905ec1da231e91,15387,ClinicalTrials.gov complete official JSON
NCT06606210,14e4d1ac4cd9c0eb08549378097f436b2dbd06e787ab0fbbecb198cb954dbdac,10963,ClinicalTrials.gov complete official JSON
NCT06608121,8eccfe2a151278bd7d33a876d3169a0c59c2c4fceb8209d903f6d3f37bef45be,6663,ClinicalTrials.gov complete official JSON
NCT06608303,3715908bee04d1705c5b348860050c4ec257c86b6cafa085e1eb72abb4f4cd60,22550,ClinicalTrials.gov complete official JSON
NCT06611748,0b2165b3b82d52d1b4d0bab52775ee7b9846ed563722b9abc7de3a25b69f3dac,14359,ClinicalTrials.gov complete official JSON
NCT06612996,3fac0763631f6afe74fdfc0605fa892d244e8c0f99057fe61b93367bb067ae01,5241,ClinicalTrials.gov complete official JSON
NCT06615947,9fd396321575ebcd6b65f158c5f031f4a2edee659ff1ae8eb7cec51108c61790,16416,ClinicalTrials.gov complete official JSON
NCT06621966,9113e2d243d7f1256f1df4fa03b92ed9b1590fb30ef73724257c3d84586baa69,5999,ClinicalTrials.gov complete official JSON
NCT06624540,baa68d76f3056cb771cd9cedb473eb15b98f51382c59542480b61f688e11d68f,15222,ClinicalTrials.gov complete official JSON
NCT06625385,560260cf85a54097fabd1886c2021f947a8661610f9278dacef0d7d3f9268615,10625,ClinicalTrials.gov complete official JSON
NCT06629506,813385f85f076ada0072e0a9bd73357c540dc141c1dbd4fdfc120fcb2352895f,9521,ClinicalTrials.gov complete official JSON
NCT06634095,9b2ecd3a607eed4def082c1282afa29ed18e715b1123496043c649a5992b6ade,9860,ClinicalTrials.gov complete official JSON
NCT06640985,6cad40bc47b3d420766bff01b8c7112775c4821f9eba91e3eca42eb31ea3a78e,9273,ClinicalTrials.gov complete official JSON
NCT06642051,cf02d6b116b8b61ea0b81275ed0e1d8be308de6a54e14618b60a6eca1499bff3,9112,ClinicalTrials.gov complete official JSON
NCT06644235,50e41a2b93f401706d09d49778b4aa7af39b5cc07594a28fdc836055a68185e6,7392,ClinicalTrials.gov complete official JSON
NCT06650982,5f315c93e0b793082d5b7eeaacd7be53e0b99856a2cd5868a95cbfdd07466748,7895,ClinicalTrials.gov complete official JSON
NCT06652360,e0647c3d36a05ba8dbd638551c28a7893e5eeb2246a4db39bf1c023fd3a84030,7153,ClinicalTrials.gov complete official JSON
NCT06667570,7a4589cf74468c3bccd71137dea0c37f7d7957eadf1593a9ea926a40670d4040,11623,ClinicalTrials.gov complete official JSON
NCT06672458,0181e19464a1e493186a85ad9e1079ea4fa86b7a69221d967e5951f1f667b85b,12235,ClinicalTrials.gov complete official JSON
NCT06674980,7894d972271cafeedcc598bdb4ac262229d01af6da599babe0261b38546df353,18133,ClinicalTrials.gov complete official JSON
NCT06675760,041583a1ea456bbf3f09b2a02c9e3815639f3150c73fa632f34f718a187cb7c5,7823,ClinicalTrials.gov complete official JSON
NCT06681194,f44f8f36fac5a2d3c819f146b80906c3b68ecb74971854a63ef44867d6f5575d,16260,ClinicalTrials.gov complete official JSON
NCT06690177,a3084a809af797db19acab4c9ccda4c03cb9e5ea687dc39463ee5957c71314ce,11661,ClinicalTrials.gov complete official JSON
NCT06691165,4cfaf3497dc2b9c302d45ed2bb20d6efb7428ac47727e1964e91d769d820582d,12982,ClinicalTrials.gov complete official JSON
NCT06693570,9d56aca1edd15503b6ead7eadebbc037a8bb12fa57ee11d36576563c3c036fcf,11935,ClinicalTrials.gov complete official JSON
NCT06700551,3abba739fcf526b0f29b548357f8c83b587628c5c683e76c89feba17e1e953e1,10257,ClinicalTrials.gov complete official JSON
NCT06705790,1586fca4c251ff34157e8514a41c311b61111574e6634a6351dc1712488a6f2b,13692,ClinicalTrials.gov complete official JSON
NCT06707090,97c51cb0d9185819fbc57a5f77a677ac4c612ec8880a85ebd3f80f45875c24ad,18111,ClinicalTrials.gov complete official JSON
NCT06707103,fbcf10a9cf67257e306bddd6cc104d717c621144b8ca3a921644d9ad0d1449af,12209,ClinicalTrials.gov complete official JSON
NCT06718777,938b906c8994bed8262d4cd9197ce8db53f4f9746d0cb7c8bc180f41b5b57243,7660,ClinicalTrials.gov complete official JSON
NCT06725797,38022ca9c0dfaaa9b5a6830ae15603c2ac8d05fbb24cf8b9e8e169bde69633c0,24654,ClinicalTrials.gov complete official JSON
NCT06726486,a7b092aaa0122a8208f0c380fc1c5956763f1a8bbc5e34942aba8628d97cb534,13392,ClinicalTrials.gov complete official JSON
NCT06743607,5219e380c22b73afb0dcbad7afd5b5ab4d5ea116046e91211d132101e7ae31d0,12687,ClinicalTrials.gov complete official JSON
NCT06754735,128e47f4000e9da480ebe9f2b51cd6d6103b924bbaf7570b9f54e6abb0e08569,19830,ClinicalTrials.gov complete official JSON
NCT06756386,4eb8a85a24f6409d1e4b253576c7f259957f6cc7f9230dd8b1e3d3d7d92fa990,9801,ClinicalTrials.gov complete official JSON
NCT06758674,9576d05bc1952689717db21f7804d90f66eff57efcdd7280191dcfe36a3fbf33,10798,ClinicalTrials.gov complete official JSON
NCT06764095,e686ab3788d459549223d160cf2e39244b2ee287dfa98d17678c5b423967f1a9,24889,ClinicalTrials.gov complete official JSON
NCT06764953,9c1238bc1929403a87c6ec4855bfee6a52071747235554daec55bb3565edcdcf,9267,ClinicalTrials.gov complete official JSON
NCT06766903,5d4484c23e55dc3a625163e0d30743ccb35d2c91ef621ff65872e6d87b65925e,26354,ClinicalTrials.gov complete official JSON
NCT06770686,8a04aea5f7fb264d4b71c1ea31df6e54a2af32aed376d41cfc603ad08e8a9f27,7716,ClinicalTrials.gov complete official JSON
NCT06773286,f821ca66c58b902e9f436b3214be48c0673f38b21f006bb968a20cbfe7e85f9c,24821,ClinicalTrials.gov complete official JSON
NCT06775171,9f67ab5342992856297ac509dc664004096f9b436e334e1ef2c7b47730b17e5e,14470,ClinicalTrials.gov complete official JSON
NCT06777576,499b2166bdc29d86a0fd3b2bf5a6ddec8bf5739159f5bf32042d1b076175cdac,16254,ClinicalTrials.gov complete official JSON
NCT06780371,5af761aa7fd1aec7d65ff35edfed231a10e7e6f104c103e014ffc172eba84180,8250,ClinicalTrials.gov complete official JSON
NCT06790277,442e34cbf52d4251f85e52d0e4cdead355dbba743502431633b1a385ace20f58,9065,ClinicalTrials.gov complete official JSON
NCT06791044,d27fbf150948842e19dba823fb56900477dd00e9a5ebe1803cb0a4004e64ad0c,17312,ClinicalTrials.gov complete official JSON
NCT06801431,01fc31b969a6ea111e4715992a396f9e82f65de84d22ac34a2845db7c1b4b494,11580,ClinicalTrials.gov complete official JSON
NCT06811909,632afffc9e40944773ae2b85bc1f8822838564d529b7daefc0a2f606d6db0676,17981,ClinicalTrials.gov complete official JSON
NCT06812520,b4c97c69664f3481269aef2ee9a6d44583a8a9db6a9c93e3430cf97082656b41,10826,ClinicalTrials.gov complete official JSON
NCT06814015,2401d117133855b66311a7eb1fee098b7301518d9e058c41561976ec0464f63a,16887,ClinicalTrials.gov complete official JSON
NCT06819800,2795b6c0c105f6659512eb2ff6c1676e78877d5e586df52e0b2c0b030d63544e,29613,ClinicalTrials.gov complete official JSON
NCT06819943,39cfef73c2f424d49936b106229d50a11d71e74cb7002649aad26ad6df99552f,19882,ClinicalTrials.gov complete official JSON
NCT06826339,594e84e73417804cce2fef20d6813286c892d34cc0aa7720229918afd0ffa0b9,18225,ClinicalTrials.gov complete official JSON
NCT06827925,a932a96753b4433ec724eb72a0ec239161bb4887767ca75439b8e326698b69b0,5844,ClinicalTrials.gov complete official JSON
NCT06831760,c80b307caa5da21ccf85f09adfcfa4454f75af87739081363727912771b0143d,56037,ClinicalTrials.gov complete official JSON
NCT06832345,d77cf42691579ca8f78301b6f86efd8b4d37a9da1fc67ed67ec4f67708dce726,8874,ClinicalTrials.gov complete official JSON
NCT06834555,9235cdf9751ad7946246083ee9538e67fda9ee9eee650d5f7cf7bfb98fb236bf,6125,ClinicalTrials.gov complete official JSON
NCT06838390,6423291717480ab2111c2e5a4872afbf99b219afddf780aa94324341b28f3d52,9996,ClinicalTrials.gov complete official JSON
NCT06838637,6bada674666f52d2d59d5737e8d9ae7ebb02f0006c0b3d7ee634f6b03af310c5,12118,ClinicalTrials.gov complete official JSON
NCT06841198,aa6391507d9e27e9f19e958cd94db4db2c60871a1786b8b459088be411fce0ce,15695,ClinicalTrials.gov complete official JSON
NCT06844617,bd7a79ae225a7a118a852b9b8fa4995e79eb2880b5a0d0ccadc84d1420cfde50,15794,ClinicalTrials.gov complete official JSON
NCT06845904,eef28460f47ed0fe985a8d2e97fc01de9ac68bd87997213139d9ad29ee27c5f6,28494,ClinicalTrials.gov complete official JSON
NCT06847295,09b215289a1fb043da1822db53c5e03d4ed414b8ea809f2e7c1cd98d1371a62b,28443,ClinicalTrials.gov complete official JSON
NCT06848049,d883c51e6031e1cee3d3e7231d965141135e5fa99750ead55eb1c6dbafa5a9a3,9575,ClinicalTrials.gov complete official JSON
NCT06848660,b54cc94e4625ffd9c3ed0e42201626de10a40e604eb86d881476257984c7d4b5,20767,ClinicalTrials.gov complete official JSON
NCT06849024,c1982f4e7dc8ab50ed8dd38fd0650a7882ecfba65fb2d6bad0ec89c36e12c911,6518,ClinicalTrials.gov complete official JSON
NCT06853210,06e16e533859df469a4823d466cb2799e92e6e482ce253f036e638648b741538,54318,ClinicalTrials.gov complete official JSON
NCT06871254,b122e9be59532ef5cab57eb312fbe7697886227e640dcd830cc6353299af305e,13431,ClinicalTrials.gov complete official JSON
NCT06899282,ca0cb9980d6ed9fe35f7e621ca52d8a03a653e78a927f312c283f2698127b0d7,14166,ClinicalTrials.gov complete official JSON
NCT06906536,b3334ed166458d3ab5c5da9b662139887cefbcfe0df6b7a6990bf436b8641568,8983,ClinicalTrials.gov complete official JSON
NCT06918548,f449a353af7559d628f9ad13db57c01fd3d4d99c9cca5aa2f01d7136ea3fd0d0,10466,ClinicalTrials.gov complete official JSON
NCT06921551,a470db5adaf3046bb661d2c3deb065cce292da521d7a40586d1aa31e618c1ecf,14253,ClinicalTrials.gov complete official JSON
NCT06927479,8dbda459c6069bcde5ac022813df8967e1e024b729d8ac6bab920d2f4d2df0cc,8375,ClinicalTrials.gov complete official JSON
NCT06930716,52841762b48dc1c07bbf947ce497dcfc67cc4d918479119b762bb48f73f9722c,13473,ClinicalTrials.gov complete official JSON
NCT06930768,fbf235f350572c15d29f3010cec246ad7ddb07d5db76d9c5e95bd37db2b6f7ed,10192,ClinicalTrials.gov complete official JSON
NCT06936228,4a56183c4a48528251f1ab5d59b0dfb1cf4cffc6ab58dd40ea7a893d6fcc5eec,6071,ClinicalTrials.gov complete official JSON
NCT06939673,dcf5a7d0c52ed91111b3b47fa5fb3e0bf1e360f02c60a5e87bc2abdebf2afc31,17785,ClinicalTrials.gov complete official JSON
NCT06944431,db1a403aa290f00589a178c67784c2a2125e992306932feaa10c48f96f8a0c65,8762,ClinicalTrials.gov complete official JSON
NCT06945926,9a5c51738ce0539714902df1b649b19c2d87751d373c3b7c6d84e3c4ad1147f4,22694,ClinicalTrials.gov complete official JSON
NCT06954857,958b39e47904e0ad993687e48a65d317b82a47de3d1e5b50c11b11533cb1ebeb,24233,ClinicalTrials.gov complete official JSON
NCT06964048,b14330ba14cd453ea7fe4b0d77fcde50671535b4adc8fa951fde8af5a989d536,14603,ClinicalTrials.gov complete official JSON
NCT06965127,52ab05c28b7cffae65daa889fc28dd6e85ca3fcd75408e244f1a8a6990d4ac4d,9796,ClinicalTrials.gov complete official JSON
NCT06967116,84524f578d7e81bd86045ceea9343215706d1ed9696923bf5431d4d55aeb6c6c,10935,ClinicalTrials.gov complete official JSON
NCT06974552,d047595f31fdc8d975f050d4bdd090b6b92536a5b021514a850c8e3e2ab41458,10059,ClinicalTrials.gov complete official JSON
NCT06978283,0a7953395c3e944d2dd5286b5689bd8f56126565cebb294d96d852b09980f057,8376,ClinicalTrials.gov complete official JSON
NCT06981962,ff34b0f7750bddbe8f07204d67109d695f0a243a5b3f80876a497d045545f945,6318,ClinicalTrials.gov complete official JSON
NCT06999265,ad5962ce169365e72b5c5cb16efae0d49cbd86341c6f5f54aaf8767e560a2ad8,47550,ClinicalTrials.gov complete official JSON
NCT06999590,33983dcb29a592b93cec28839fb827f05fb66dc60bf235c1bc2498db34919960,10038,ClinicalTrials.gov complete official JSON
NCT07002151,b68dd75b4adceb003a5e9eefec0b8e0a9b43058b00c6e738c891111287ec81bc,10452,ClinicalTrials.gov complete official JSON
NCT07002437,336a7049b78df61e86aa8f8df46f433679959e23265c129dc079355c6c40c4f2,16263,ClinicalTrials.gov complete official JSON
NCT07013877,f9034268597270ecce1a1573c15f9cba8a12c935bceff21bdea7aff34463cd7f,9489,ClinicalTrials.gov complete official JSON
NCT07023185,9be3002d3948fa7ee738f5ffa41490be2231831364f0a8f84c4dfc88e42ce5e1,9564,ClinicalTrials.gov complete official JSON
NCT07023770,ca7bec7b03123ef0360525f2720a1d28ad7fb5f6a45d9b0de4130807ebb4dfb9,33122,ClinicalTrials.gov complete official JSON
NCT07025629,9d1e23737da08f27e1d64dd36184199ca504b6acb62caf3caf10e8d97088e7d9,22522,ClinicalTrials.gov complete official JSON
NCT07027358,260d8343597920f8891cef6719eb0dc570dc2cde9268cb3888e698ecc3fba7ee,5136,ClinicalTrials.gov complete official JSON
NCT07028892,63ff2955f81a31daf0cba7260619a7729c75d92dcde75dea34c4cca3fdcf6fcc,8648,ClinicalTrials.gov complete official JSON
NCT07029594,762c061d4fdbaabe1e42c25cfc35ea1b41369d4d9caa8c7e933b6ac7c1c17289,8557,ClinicalTrials.gov complete official JSON
NCT07031180,8ca51bdf68cc9dbd92b1b2f9d5b8ed1f74b8f9b25a6e1d4a0510b5ae7e69af16,22515,ClinicalTrials.gov complete official JSON
NCT07036107,e20574d4c95bbc6e401c11d3e4a5e8bb85c95cd226e4062f9b3699d6c3c2fc0b,19471,ClinicalTrials.gov complete official JSON
NCT07044739,7984e930b68c44417920cfe98ac28851c816044c4ac938f8e84c8766a77b6134,10158,ClinicalTrials.gov complete official JSON
NCT07046767,476f7a0b6e575a7f24fc1a6487dbc4cda831ed20d3e95665793a4c0a3241beed,15298,ClinicalTrials.gov complete official JSON
NCT07048054,69a6d05c39d91252c0efdf46f8e213a0fd7dd26be618131726468993038f4bde,15010,ClinicalTrials.gov complete official JSON
NCT07054424,c5f4ae8a11fb6f6e0391de8ca97df8704cf3e0b4cf50ee3538571b1b96bb4f92,18646,ClinicalTrials.gov complete official JSON
NCT07061613,e502224601459497975eaaf60a242244fd3f8a64a301b5bb431d48ce86173d8a,8176,ClinicalTrials.gov complete official JSON
NCT07074743,5f231a96f1cf998cf3cd36af85d6b1c6cb3d1e0e28ffba5714a9705c0defb8cb,13596,ClinicalTrials.gov complete official JSON
NCT07089602,21b2d9ecad4ffbba3380ebc9d51902f49c1e4bcf761fa4bade9633d164aa87c4,21485,ClinicalTrials.gov complete official JSON
NCT07093437,7b2efdbf76bb9101008f1600e3e6943cee9ee1e2575bc0d1f20b951923309fc5,17812,ClinicalTrials.gov complete official JSON
NCT07096830,b7459bd159f75719d9217ca0890aeb4f3f412dcbb8ce3d71927817d3ae091967,10060,ClinicalTrials.gov complete official JSON
NCT07099911,082b3df31fd617cf654d9ecd46d10c9f6c01a7f7db9571063add02f35d109452,10599,ClinicalTrials.gov complete official JSON
NCT07109804,e6964fb7cb9d4141d99aea615a894a82f99950bbc17a04061a26021282e0e4e2,10189,ClinicalTrials.gov complete official JSON
NCT07114003,85051306793785ebe6274ac6bbe3bb0337c4d54f8046347f2a1681d6dd67a4b3,17482,ClinicalTrials.gov complete official JSON
NCT07123285,67a5b627bae72d9011d3ee56b45013c01f6bb18ec983de71bb6a6e1968ef74ca,15199,ClinicalTrials.gov complete official JSON
NCT07126886,f00dd70e9bc6d1db00a08cc35d8ae93c0ae3c94d070e7ccfe4f6757c9793730a,9832,ClinicalTrials.gov complete official JSON
NCT07132320,914b054d00aa9363fdeae56a0a3a7ddf61fd9fd7dbb15b903fb36aa45c87a5a9,10261,ClinicalTrials.gov complete official JSON
NCT07135583,0016ce480e65a60613264e258d74a3f71bd8ac6f957f289210f1fdbb220bdb69,19339,ClinicalTrials.gov complete official JSON
NCT07141134,e820aaa92a45ed195631458e22e29652539a0c3b52755c82ce2bad02b6bcb03f,11059,ClinicalTrials.gov complete official JSON
NCT07141342,a1cdae876886788f4c2490a5082a162edc09abdf8d4098757697f6083b72451c,27005,ClinicalTrials.gov complete official JSON
NCT07147296,a06cb7c42848dd8bde480935e23a3b640937ae4936cded5d03fd864a13881186,15205,ClinicalTrials.gov complete official JSON
NCT07152717,08dd15228d9186a9a03cca5500acc1b09df4935b3eb9bc5b6f55b191ac2118c6,8436,ClinicalTrials.gov complete official JSON
NCT07158658,e6ccf72bedc684f9941c59b1288c3ef55995f4a9e907d4cc9e17d80553890b84,8548,ClinicalTrials.gov complete official JSON
NCT07163195,ba84519febde8124e6011d00168fd4e3b63b9bdf9db1783c71ad67d8208a54be,12336,ClinicalTrials.gov complete official JSON
NCT07170969,96568dcfc810d50195877f6ea3fa1024ad5492307d83204713cdb334c513f8dd,21613,ClinicalTrials.gov complete official JSON
NCT07171138,7c3b740e1eceec0a36a9cedbad3807ef03cf4eb3bacc5afaadf954e9a1c295d3,5156,ClinicalTrials.gov complete official JSON
NCT07172893,7c7643a510c3f1b3e2cfb2baa63c03b7843c66ecb57321ff6af8b44dd4599c3a,16734,ClinicalTrials.gov complete official JSON
NCT07193849,ec5ca9c241156e58f56553b018903ac54e7204dde5e06f2c159d5ea779e7edc4,16638,ClinicalTrials.gov complete official JSON
NCT07203937,38c1ae2de878b2f1be576d1b38242d2c640d23d9959fb51abad4eedf8a8e4937,9472,ClinicalTrials.gov complete official JSON
NCT07204184,c8a50fb3e5ce9da49f7305f112c8cf32b506e6d64803f98ca38bc6153df8a78c,26823,ClinicalTrials.gov complete official JSON
NCT07211243,eaefddc9dfc88514fe74b633e05a93c1fbc7c72215756544c30799d44406ddaa,12336,ClinicalTrials.gov complete official JSON
NCT07212608,d0a42340d8acc572cb4b3a80d3ee235aa402a05188514812e4d4e2844c29ff46,28778,ClinicalTrials.gov complete official JSON
NCT07213739,936597e9fb38701f2e20abb16f29b529c69e170f43013c0ec89ae7be0c495f1f,5172,ClinicalTrials.gov complete official JSON
NCT07218107,ebbc36d17a56567bb0fd9a4417c87d15fad304676aaea2d9248c200ff09960ac,28121,ClinicalTrials.gov complete official JSON
NCT07219329,d890d5aebe1313f44353b589d5f34abb4e65bfda65f8fc3696b33e6bd1ae150e,6760,ClinicalTrials.gov complete official JSON
NCT07220733,c3224f5aaf5b97a40b3926af2511035c43c485a6ea8536732e83ad64fe0411c6,16373,ClinicalTrials.gov complete official JSON
NCT07222033,497aa23590a78b9f43bc79ea35e6ed1b70825814680d2c7f8d9fcfe8295cd07b,16348,ClinicalTrials.gov complete official JSON
NCT07223892,09da53809e08962265dcda507c06e67abb641177dc63b004d81f154c2ce61109,8015,ClinicalTrials.gov complete official JSON
NCT07227181,5a1afc5abe7e3cd8f6cb9aa6e9a489679e399f03bb528161c8b020c2716012dd,10269,ClinicalTrials.gov complete official JSON
NCT07230340,f70a3f2854f740c872df79e677dba004268d96503a7dff1cd55c6587e6867618,11923,ClinicalTrials.gov complete official JSON
NCT07240649,61b62dee04133bbed69f1fb046937e67763a2b3c844a50254e3b3555f91a3547,19349,ClinicalTrials.gov complete official JSON
NCT07251426,e73892e27a6761a4c562461169ff92b7203de55451fac76f7effe33d9d2e57cc,12548,ClinicalTrials.gov complete official JSON
NCT07255937,cc6fea54e6f0dce3de06741b7ee0874b7a23d72a28509e39c0174577cd1eaed7,7192,ClinicalTrials.gov complete official JSON
NCT07268482,5f97535c601472b6bcb6e42fb08b6430cc2ebe013a459d91974c14be778f5b91,11176,ClinicalTrials.gov complete official JSON
NCT07281638,5ad288b41fe8e76b2e185af2bedbd3f5788a01b93bbe2cf94fc4fffd1a160825,26817,ClinicalTrials.gov complete official JSON
NCT07287254,fe61c68dccf8d9d79973832c5af63943b89c8ccd2f3debe82eab026583e3c947,9024,ClinicalTrials.gov complete official JSON
NCT07299799,20938fd7a784da2474c360decb873fbac6d559b6cd5ca2436c1b0bd7218e8330,16010,ClinicalTrials.gov complete official JSON
NCT07307885,bbaf4663be8edc3e359cb939f446b7400546361fc2ee1112dde07ce57c5a2cd9,6741,ClinicalTrials.gov complete official JSON
NCT07310160,f1218fca3fd1433367fe2f6c40eaf5eda9c92d086dbd309e40150617f4d95714,14255,ClinicalTrials.gov complete official JSON
NCT07312513,a07150cbf7eb16795bc0540734afb2f377b8f88ad3b4d5eb334ecd616c2d2a7c,10605,ClinicalTrials.gov complete official JSON
NCT07313046,a129a234c75268b93da0b78a9890c66f47cc24fd6997e76355fb875de77e763b,8084,ClinicalTrials.gov complete official JSON
