NCT_ID,Disease_Intent_Group,Registration_Timing,Has_Results,Age85_Accessibility,Any_Primary_Geriatric_Domain,Proxy_Consent_Pathway,Framework,Primary_Registered_Domain_Count,Primary_Registered_Complete_Coverage,Any_Registered_Domain_Count,Any_Registered_Complete_Coverage,Actual_Age_Category_Interpretable,Explicit_Older_Age_Category
NCT00596752,VLU_ACTIVE_TREATMENT,RETROSPECTIVE,YES,YES,NOT_PUBLICLY_SPECIFIED,NOT_PUBLICLY_SPECIFIED,COREVEN,1,ABSENT,3,INDETERMINATE_AFTER_REVIEW,YES,YES
NCT00607646,VLU_ACTIVE_TREATMENT,PROSPECTIVE_OR_SAME_DAY,NO,NO,INDETERMINATE_AFTER_REVIEW,NOT_PUBLICLY_SPECIFIED,COREVEN,0,ABSENT,0,ABSENT,NO,NO
NCT00613808,VLU_ACTIVE_TREATMENT,PROSPECTIVE_OR_SAME_DAY,NO,YES,INDETERMINATE_AFTER_REVIEW,NOT_PUBLICLY_SPECIFIED,COREVEN,0,ABSENT,2,ABSENT,NO,NO
NCT00617825,VLU_ACTIVE_TREATMENT,RETROSPECTIVE,NO,YES,NOT_PUBLICLY_SPECIFIED,NOT_PUBLICLY_SPECIFIED,COREVEN,0,ABSENT,2,ABSENT,NO,NO
NCT00623948,PI_PREVENTION,PROSPECTIVE_OR_SAME_DAY,NO,YES,PRESENT,NOT_PUBLICLY_SPECIFIED,OUTPUTS,1,ABSENT,1,ABSENT,NO,NO
NCT00624806,PI_PREVENTION,RETROSPECTIVE,YES,INDETERMINATE_AFTER_REVIEW,PRESENT,NOT_PUBLICLY_SPECIFIED,OUTPUTS,0,ABSENT,0,ABSENT,NO,NO
NCT00627094,VLU_ACTIVE_TREATMENT,PROSPECTIVE_OR_SAME_DAY,YES,YES,INDETERMINATE_AFTER_REVIEW,NOT_PUBLICLY_SPECIFIED,COREVEN,1,ABSENT,3,ABSENT,NO,NO
NCT00627107,PI_TREATMENT,RETROSPECTIVE,NO,NO,INDETERMINATE_AFTER_REVIEW,NOT_PUBLICLY_SPECIFIED,PI_TREATMENT_DESCRIPTIVE,,NOT_APPLICABLE,,NOT_APPLICABLE,NO,NO
NCT00628004,VLU_ACTIVE_TREATMENT,PROSPECTIVE_OR_SAME_DAY,NO,YES,NOT_PUBLICLY_SPECIFIED,NOT_PUBLICLY_SPECIFIED,COREVEN,1,ABSENT,2,INDETERMINATE_AFTER_REVIEW,NO,NO
NCT00628602,PI_TREATMENT,RETROSPECTIVE,NO,NO,PRESENT,NOT_PUBLICLY_SPECIFIED,PI_TREATMENT_DESCRIPTIVE,,NOT_APPLICABLE,,NOT_APPLICABLE,NO,NO
NCT00629642,PI_TREATMENT,PROSPECTIVE_OR_SAME_DAY,NO,NO,NOT_PUBLICLY_SPECIFIED,NOT_PUBLICLY_SPECIFIED,PI_TREATMENT_DESCRIPTIVE,,NOT_APPLICABLE,,NOT_APPLICABLE,NO,NO
NCT00646958,PI_TREATMENT,RETROSPECTIVE,YES,YES,NOT_PUBLICLY_SPECIFIED,NOT_PUBLICLY_SPECIFIED,PI_TREATMENT_DESCRIPTIVE,,NOT_APPLICABLE,,NOT_APPLICABLE,NO,NO
NCT00648674,VLU_ACTIVE_TREATMENT,PROSPECTIVE_OR_SAME_DAY,NO,YES,INDETERMINATE_AFTER_REVIEW,INDETERMINATE_AFTER_REVIEW,COREVEN,0,ABSENT,1,ABSENT,NO,NO
NCT00656383,VLU_ACTIVE_TREATMENT,RETROSPECTIVE,NO,YES,INDETERMINATE_AFTER_REVIEW,NOT_PUBLICLY_SPECIFIED,COREVEN,0,ABSENT,2,ABSENT,NO,NO
NCT00660049,VLU_ACTIVE_TREATMENT,RETROSPECTIVE,YES,YES,NOT_PUBLICLY_SPECIFIED,NOT_PUBLICLY_SPECIFIED,COREVEN,0,ABSENT,0,ABSENT,YES,YES
NCT00660348,MIXED_WOUND_EXPLICIT_TARGET,RETROSPECTIVE,YES,YES,INDETERMINATE_AFTER_REVIEW,NOT_PUBLICLY_SPECIFIED,CONDITION_SPECIFIC_ONLY_IF_SEPARABLE,,NOT_APPLICABLE,,NOT_APPLICABLE,NO,NO
NCT00663091,VLU_ACTIVE_TREATMENT,RETROSPECTIVE,NO,YES,PRESENT,INDETERMINATE_AFTER_REVIEW,COREVEN,1,ABSENT,1,ABSENT,NO,NO
NCT00665535,PI_PREVENTION,RETROSPECTIVE,NO,YES,PRESENT,INDETERMINATE_AFTER_REVIEW,OUTPUTS,0,ABSENT,0,ABSENT,NO,NO
NCT00671580,MIXED_WOUND_EXPLICIT_TARGET,PROSPECTIVE_OR_SAME_DAY,NO,YES,PRESENT,NOT_PUBLICLY_SPECIFIED,CONDITION_SPECIFIC_ONLY_IF_SEPARABLE,,NOT_APPLICABLE,,NOT_APPLICABLE,NO,NO
NCT00676260,VLU_ACTIVE_TREATMENT,RETROSPECTIVE,NO,NO,INDETERMINATE_AFTER_REVIEW,NOT_PUBLICLY_SPECIFIED,COREVEN,0,INDETERMINATE_AFTER_REVIEW,0,INDETERMINATE_AFTER_REVIEW,NO,NO
NCT00678847,VLU_ACTIVE_TREATMENT,RETROSPECTIVE,NO,YES,INDETERMINATE_AFTER_REVIEW,NOT_PUBLICLY_SPECIFIED,COREVEN,0,ABSENT,1,ABSENT,NO,NO
NCT00691821,PI_TREATMENT,PROSPECTIVE_OR_SAME_DAY,NO,YES,PRESENT,NOT_PUBLICLY_SPECIFIED,PI_TREATMENT_DESCRIPTIVE,,NOT_APPLICABLE,,NOT_APPLICABLE,NO,NO
NCT00719810,MIXED_WOUND_EXPLICIT_TARGET,RETROSPECTIVE,YES,YES,NOT_PUBLICLY_SPECIFIED,NOT_PUBLICLY_SPECIFIED,CONDITION_SPECIFIC_ONLY_IF_SEPARABLE,,NOT_APPLICABLE,,NOT_APPLICABLE,NO,NO
NCT00720239,VLU_ACTIVE_TREATMENT,RETROSPECTIVE,NO,YES,INDETERMINATE_AFTER_REVIEW,NOT_PUBLICLY_SPECIFIED,COREVEN,0,ABSENT,0,ABSENT,NO,NO
NCT00727701,VLU_RECURRENCE_PREVENTION,RETROSPECTIVE,NO,YES,NOT_PUBLICLY_SPECIFIED,NOT_PUBLICLY_SPECIFIED,VLU_RECURRENCE_DESCRIPTIVE,,NOT_APPLICABLE,,NOT_APPLICABLE,NO,NO
NCT00759434,VLU_RECURRENCE_PREVENTION,RETROSPECTIVE,NO,YES,INDETERMINATE_AFTER_REVIEW,NOT_PUBLICLY_SPECIFIED,VLU_RECURRENCE_DESCRIPTIVE,,NOT_APPLICABLE,,NOT_APPLICABLE,NO,NO
NCT00761839,MIXED_WOUND_EXPLICIT_TARGET,RETROSPECTIVE,NO,YES,NOT_PUBLICLY_SPECIFIED,NOT_PUBLICLY_SPECIFIED,CONDITION_SPECIFIC_ONLY_IF_SEPARABLE,,NOT_APPLICABLE,,NOT_APPLICABLE,NO,NO
NCT00762138,MIXED_WOUND_EXPLICIT_TARGET,RETROSPECTIVE,NO,YES,INDETERMINATE_AFTER_REVIEW,NOT_PUBLICLY_SPECIFIED,CONDITION_SPECIFIC_ONLY_IF_SEPARABLE,,NOT_APPLICABLE,,NOT_APPLICABLE,NO,NO
NCT00762723,PI_TREATMENT,RETROSPECTIVE,YES,INDETERMINATE_AFTER_REVIEW,PRESENT,NOT_PUBLICLY_SPECIFIED,PI_TREATMENT_DESCRIPTIVE,,NOT_APPLICABLE,,NOT_APPLICABLE,NO,NO
NCT00762905,PI_TREATMENT,RETROSPECTIVE,NO,YES,PRESENT,NOT_PUBLICLY_SPECIFIED,PI_TREATMENT_DESCRIPTIVE,,NOT_APPLICABLE,,NOT_APPLICABLE,NO,NO
NCT00763282,PI_TREATMENT,PROSPECTIVE_OR_SAME_DAY,YES,YES,INDETERMINATE_AFTER_REVIEW,NOT_PUBLICLY_SPECIFIED,PI_TREATMENT_DESCRIPTIVE,,NOT_APPLICABLE,,NOT_APPLICABLE,NO,NO
NCT00765544,PI_TREATMENT,RETROSPECTIVE,NO,NO,PRESENT,NOT_PUBLICLY_SPECIFIED,PI_TREATMENT_DESCRIPTIVE,,NOT_APPLICABLE,,NOT_APPLICABLE,NO,NO
NCT00766272,PI_TREATMENT,RETROSPECTIVE,NO,NO,PRESENT,NOT_PUBLICLY_SPECIFIED,PI_TREATMENT_DESCRIPTIVE,,NOT_APPLICABLE,,NOT_APPLICABLE,NO,NO
NCT00771238,PI_TREATMENT,PROSPECTIVE_OR_SAME_DAY,YES,YES,INDETERMINATE_AFTER_REVIEW,NOT_PUBLICLY_SPECIFIED,PI_TREATMENT_DESCRIPTIVE,,NOT_APPLICABLE,,NOT_APPLICABLE,NO,NO
NCT00771368,PI_TREATMENT,PROSPECTIVE_OR_SAME_DAY,NO,YES,NOT_PUBLICLY_SPECIFIED,NOT_PUBLICLY_SPECIFIED,PI_TREATMENT_DESCRIPTIVE,,NOT_APPLICABLE,,NOT_APPLICABLE,NO,NO
NCT00796042,PI_TREATMENT,RETROSPECTIVE,NO,NO,PRESENT,INDETERMINATE_AFTER_REVIEW,PI_TREATMENT_DESCRIPTIVE,,NOT_APPLICABLE,,NOT_APPLICABLE,NO,NO
NCT00796588,VLU_ACTIVE_TREATMENT,RETROSPECTIVE,NO,YES,NOT_PUBLICLY_SPECIFIED,NOT_PUBLICLY_SPECIFIED,COREVEN,0,ABSENT,0,ABSENT,NO,NO
NCT00797706,VLU_ACTIVE_TREATMENT,RETROSPECTIVE,NO,YES,PRESENT,NOT_PUBLICLY_SPECIFIED,COREVEN,1,ABSENT,2,ABSENT,NO,NO
NCT00807664,VLU_ACTIVE_TREATMENT,RETROSPECTIVE,YES,YES,NOT_PUBLICLY_SPECIFIED,NOT_PUBLICLY_SPECIFIED,COREVEN,0,ABSENT,1,ABSENT,YES,YES
NCT00815217,MIXED_WOUND_EXPLICIT_TARGET,PROSPECTIVE_OR_SAME_DAY,NO,NO,INDETERMINATE_AFTER_REVIEW,NOT_PUBLICLY_SPECIFIED,CONDITION_SPECIFIC_ONLY_IF_SEPARABLE,,NOT_APPLICABLE,,NOT_APPLICABLE,NO,NO
NCT00819949,PI_TREATMENT,RETROSPECTIVE,NO,YES,PRESENT,NOT_PUBLICLY_SPECIFIED,PI_TREATMENT_DESCRIPTIVE,,NOT_APPLICABLE,,NOT_APPLICABLE,NO,NO
NCT00820196,VLU_ACTIVE_TREATMENT,PROSPECTIVE_OR_SAME_DAY,NO,YES,INDETERMINATE_AFTER_REVIEW,NOT_PUBLICLY_SPECIFIED,COREVEN,0,ABSENT,2,ABSENT,NO,NO
NCT00820274,VLU_RECURRENCE_PREVENTION,RETROSPECTIVE,NO,YES,NOT_PUBLICLY_SPECIFIED,NOT_PUBLICLY_SPECIFIED,VLU_RECURRENCE_DESCRIPTIVE,,NOT_APPLICABLE,,NOT_APPLICABLE,NO,NO
NCT00821431,VLU_ACTIVE_TREATMENT,RETROSPECTIVE,YES,YES,NOT_PUBLICLY_SPECIFIED,NOT_PUBLICLY_SPECIFIED,COREVEN,1,ABSENT,1,ABSENT,NO,NO
NCT00822224,PI_TREATMENT,RETROSPECTIVE,NO,YES,PRESENT,NOT_PUBLICLY_SPECIFIED,PI_TREATMENT_DESCRIPTIVE,,NOT_APPLICABLE,,NOT_APPLICABLE,NO,NO
NCT00823446,VLU_ACTIVE_TREATMENT,RETROSPECTIVE,NO,YES,NOT_PUBLICLY_SPECIFIED,NOT_PUBLICLY_SPECIFIED,COREVEN,1,ABSENT,2,ABSENT,NO,NO
NCT00828971,MIXED_WOUND_EXPLICIT_TARGET,RETROSPECTIVE,NO,YES,INDETERMINATE_AFTER_REVIEW,NOT_PUBLICLY_SPECIFIED,CONDITION_SPECIFIC_ONLY_IF_SEPARABLE,,NOT_APPLICABLE,,NOT_APPLICABLE,NO,NO
NCT00832091,VLU_ACTIVE_TREATMENT,RETROSPECTIVE,YES,NO,NOT_PUBLICLY_SPECIFIED,NOT_PUBLICLY_SPECIFIED,COREVEN,1,ABSENT,1,ABSENT,YES,YES
NCT00837096,VLU_ACTIVE_TREATMENT,RETROSPECTIVE,YES,YES,INDETERMINATE_AFTER_REVIEW,NOT_PUBLICLY_SPECIFIED,COREVEN,0,ABSENT,0,ABSENT,NO,NO
NCT00838500,VLU_ACTIVE_TREATMENT,RETROSPECTIVE,NO,YES,NOT_PUBLICLY_SPECIFIED,NOT_PUBLICLY_SPECIFIED,COREVEN,0,INDETERMINATE_AFTER_REVIEW,3,INDETERMINATE_AFTER_REVIEW,NO,NO
NCT00839098,PI_PREVENTION,PROSPECTIVE_OR_SAME_DAY,YES,YES,PRESENT,NOT_PUBLICLY_SPECIFIED,OUTPUTS,1,ABSENT,2,ABSENT,YES,YES
NCT00847002,VLU_ACTIVE_TREATMENT,RETROSPECTIVE,YES,YES,PRESENT,NOT_PUBLICLY_SPECIFIED,COREVEN,0,ABSENT,0,ABSENT,YES,YES
NCT00847665,PI_PREVENTION,RETROSPECTIVE,YES,YES,PRESENT,INDETERMINATE_AFTER_REVIEW,OUTPUTS,0,ABSENT,0,ABSENT,YES,YES
NCT00852995,VLU_ACTIVE_TREATMENT,RETROSPECTIVE,YES,YES,NOT_PUBLICLY_SPECIFIED,NOT_PUBLICLY_SPECIFIED,COREVEN,0,ABSENT,3,ABSENT,NO,NO
NCT00858130,VLU_ACTIVE_TREATMENT,RETROSPECTIVE,YES,YES,NOT_PUBLICLY_SPECIFIED,NOT_PUBLICLY_SPECIFIED,COREVEN,0,INDETERMINATE_AFTER_REVIEW,1,INDETERMINATE_AFTER_REVIEW,NO,NO
NCT00872053,PI_TREATMENT,RETROSPECTIVE,NO,NO,PRESENT,NOT_PUBLICLY_SPECIFIED,PI_TREATMENT_DESCRIPTIVE,,NOT_APPLICABLE,,NOT_APPLICABLE,NO,NO
NCT00878644,MIXED_WOUND_EXPLICIT_TARGET,PROSPECTIVE_OR_SAME_DAY,YES,NO,PRESENT,INDETERMINATE_AFTER_REVIEW,CONDITION_SPECIFIC_ONLY_IF_SEPARABLE,,NOT_APPLICABLE,,NOT_APPLICABLE,YES,NO
NCT00880087,MIXED_WOUND_EXPLICIT_TARGET,PROSPECTIVE_OR_SAME_DAY,YES,NO,PRESENT,INDETERMINATE_AFTER_REVIEW,CONDITION_SPECIFIC_ONLY_IF_SEPARABLE,,NOT_APPLICABLE,,NOT_APPLICABLE,YES,NO
NCT00909870,MIXED_WOUND_EXPLICIT_TARGET,PROSPECTIVE_OR_SAME_DAY,YES,YES,PRESENT,NOT_PUBLICLY_SPECIFIED,CONDITION_SPECIFIC_ONLY_IF_SEPARABLE,,NOT_APPLICABLE,,NOT_APPLICABLE,NO,NO
NCT00933348,VLU_ACTIVE_TREATMENT,PROSPECTIVE_OR_SAME_DAY,NO,YES,PRESENT,NOT_PUBLICLY_SPECIFIED,COREVEN,1,ABSENT,3,ABSENT,NO,NO
NCT00945087,PI_TREATMENT,RETROSPECTIVE,NO,YES,NOT_PUBLICLY_SPECIFIED,NOT_PUBLICLY_SPECIFIED,PI_TREATMENT_DESCRIPTIVE,,NOT_APPLICABLE,,NOT_APPLICABLE,NO,NO
NCT00951080,MIXED_WOUND_EXPLICIT_TARGET,RETROSPECTIVE,YES,YES,INDETERMINATE_AFTER_REVIEW,NOT_PUBLICLY_SPECIFIED,CONDITION_SPECIFIC_ONLY_IF_SEPARABLE,,NOT_APPLICABLE,,NOT_APPLICABLE,NO,NO
NCT00953563,VLU_ACTIVE_TREATMENT,RETROSPECTIVE,NO,YES,INDETERMINATE_AFTER_REVIEW,NOT_PUBLICLY_SPECIFIED,COREVEN,0,ABSENT,0,ABSENT,NO,NO
NCT00953797,VLU_ACTIVE_TREATMENT,RETROSPECTIVE,NO,NO,INDETERMINATE_AFTER_REVIEW,NOT_PUBLICLY_SPECIFIED,COREVEN,0,ABSENT,0,ABSENT,NO,NO
NCT00961012,PI_PREVENTION,PROSPECTIVE_OR_SAME_DAY,NO,YES,INDETERMINATE_AFTER_REVIEW,NOT_PUBLICLY_SPECIFIED,OUTPUTS,0,INDETERMINATE_AFTER_REVIEW,1,INDETERMINATE_AFTER_REVIEW,NO,NO
NCT00971048,MIXED_WOUND_EXPLICIT_TARGET,PROSPECTIVE_OR_SAME_DAY,YES,YES,PRESENT,PRESENT,CONDITION_SPECIFIC_ONLY_IF_SEPARABLE,,NOT_APPLICABLE,,NOT_APPLICABLE,YES,YES
NCT00977041,PI_TREATMENT,PROSPECTIVE_OR_SAME_DAY,NO,YES,NOT_PUBLICLY_SPECIFIED,NOT_PUBLICLY_SPECIFIED,PI_TREATMENT_DESCRIPTIVE,,NOT_APPLICABLE,,NOT_APPLICABLE,NO,NO
NCT00979836,VLU_ACTIVE_TREATMENT,RETROSPECTIVE,NO,YES,NOT_PUBLICLY_SPECIFIED,NOT_PUBLICLY_SPECIFIED,COREVEN,0,ABSENT,3,ABSENT,NO,NO
NCT00983749,VLU_ACTIVE_TREATMENT,PROSPECTIVE_OR_SAME_DAY,YES,YES,INDETERMINATE_AFTER_REVIEW,INDETERMINATE_AFTER_REVIEW,COREVEN,1,INDETERMINATE_AFTER_REVIEW,1,INDETERMINATE_AFTER_REVIEW,NO,NO
NCT00998673,VLU_ACTIVE_TREATMENT,RETROSPECTIVE,NO,YES,PRESENT,NOT_PUBLICLY_SPECIFIED,COREVEN,1,ABSENT,1,ABSENT,NO,NO
NCT01008254,PI_PREVENTION,RETROSPECTIVE,NO,INDETERMINATE_AFTER_REVIEW,PRESENT,NOT_PUBLICLY_SPECIFIED,OUTPUTS,0,ABSENT,0,ABSENT,NO,NO
NCT01022216,PI_TREATMENT,RETROSPECTIVE,NO,YES,NOT_PUBLICLY_SPECIFIED,NOT_PUBLICLY_SPECIFIED,PI_TREATMENT_DESCRIPTIVE,,NOT_APPLICABLE,,NOT_APPLICABLE,NO,NO
NCT01032239,PI_TREATMENT,RETROSPECTIVE,YES,NO,PRESENT,INDETERMINATE_AFTER_REVIEW,PI_TREATMENT_DESCRIPTIVE,,NOT_APPLICABLE,,NOT_APPLICABLE,NO,NO
NCT01035944,MIXED_WOUND_EXPLICIT_TARGET,PROSPECTIVE_OR_SAME_DAY,YES,YES,INDETERMINATE_AFTER_REVIEW,NOT_PUBLICLY_SPECIFIED,CONDITION_SPECIFIC_ONLY_IF_SEPARABLE,,NOT_APPLICABLE,,NOT_APPLICABLE,NO,NO
NCT01036438,MIXED_WOUND_EXPLICIT_TARGET,RETROSPECTIVE,YES,YES,NOT_PUBLICLY_SPECIFIED,NOT_PUBLICLY_SPECIFIED,CONDITION_SPECIFIC_ONLY_IF_SEPARABLE,,NOT_APPLICABLE,,NOT_APPLICABLE,YES,YES
NCT01045915,VLU_ACTIVE_TREATMENT,PROSPECTIVE_OR_SAME_DAY,NO,NO,INDETERMINATE_AFTER_REVIEW,NOT_PUBLICLY_SPECIFIED,COREVEN,0,ABSENT,0,ABSENT,NO,NO
NCT01048307,VLU_ACTIVE_TREATMENT,RETROSPECTIVE,NO,YES,NOT_PUBLICLY_SPECIFIED,NOT_PUBLICLY_SPECIFIED,COREVEN,0,ABSENT,1,ABSENT,NO,NO
NCT01050023,VLU_ACTIVE_TREATMENT,RETROSPECTIVE,NO,YES,INDETERMINATE_AFTER_REVIEW,NOT_PUBLICLY_SPECIFIED,COREVEN,0,ABSENT,1,ABSENT,NO,NO
NCT01066715,PI_TREATMENT,RETROSPECTIVE,NO,NO,NOT_PUBLICLY_SPECIFIED,NOT_PUBLICLY_SPECIFIED,PI_TREATMENT_DESCRIPTIVE,,NOT_APPLICABLE,,NOT_APPLICABLE,NO,NO
NCT01079299,VLU_ACTIVE_TREATMENT,RETROSPECTIVE,YES,YES,PRESENT,NOT_PUBLICLY_SPECIFIED,COREVEN,1,ABSENT,1,ABSENT,YES,YES
NCT01084577,VLU_ACTIVE_TREATMENT,RETROSPECTIVE,NO,YES,NOT_PUBLICLY_SPECIFIED,NOT_PUBLICLY_SPECIFIED,COREVEN,1,ABSENT,2,ABSENT,NO,NO
NCT01090076,PI_TREATMENT,PROSPECTIVE_OR_SAME_DAY,YES,YES,PRESENT,NOT_PUBLICLY_SPECIFIED,PI_TREATMENT_DESCRIPTIVE,,NOT_APPLICABLE,,NOT_APPLICABLE,YES,YES
NCT01094002,PI_TREATMENT,RETROSPECTIVE,NO,YES,PRESENT,INDETERMINATE_AFTER_REVIEW,PI_TREATMENT_DESCRIPTIVE,,NOT_APPLICABLE,,NOT_APPLICABLE,NO,NO
NCT01107197,PI_TREATMENT,RETROSPECTIVE,YES,YES,PRESENT,INDETERMINATE_AFTER_REVIEW,PI_TREATMENT_DESCRIPTIVE,,NOT_APPLICABLE,,NOT_APPLICABLE,YES,YES
NCT01107821,MIXED_WOUND_EXPLICIT_TARGET,RETROSPECTIVE,NO,INDETERMINATE_AFTER_REVIEW,NOT_PUBLICLY_SPECIFIED,NOT_PUBLICLY_SPECIFIED,CONDITION_SPECIFIC_ONLY_IF_SEPARABLE,,NOT_APPLICABLE,,NOT_APPLICABLE,NO,NO
NCT01113658,MIXED_WOUND_EXPLICIT_TARGET,RETROSPECTIVE,NO,YES,NOT_PUBLICLY_SPECIFIED,NOT_PUBLICLY_SPECIFIED,CONDITION_SPECIFIC_ONLY_IF_SEPARABLE,,NOT_APPLICABLE,,NOT_APPLICABLE,NO,NO
NCT01118819,VLU_ACTIVE_TREATMENT,PROSPECTIVE_OR_SAME_DAY,NO,YES,INDETERMINATE_AFTER_REVIEW,INDETERMINATE_AFTER_REVIEW,COREVEN,1,ABSENT,1,ABSENT,NO,NO
NCT01129986,VLU_ACTIVE_TREATMENT,RETROSPECTIVE,NO,YES,INDETERMINATE_AFTER_REVIEW,NOT_PUBLICLY_SPECIFIED,COREVEN,2,ABSENT,4,ABSENT,NO,NO
NCT01138436,VLU_ACTIVE_TREATMENT,PROSPECTIVE_OR_SAME_DAY,NO,YES,NOT_PUBLICLY_SPECIFIED,NOT_PUBLICLY_SPECIFIED,COREVEN,1,ABSENT,1,ABSENT,NO,NO
NCT01138462,PI_TREATMENT,RETROSPECTIVE,NO,YES,PRESENT,NOT_PUBLICLY_SPECIFIED,PI_TREATMENT_DESCRIPTIVE,,NOT_APPLICABLE,,NOT_APPLICABLE,NO,NO
NCT01139879,PI_TREATMENT,RETROSPECTIVE,YES,YES,PRESENT,PRESENT,PI_TREATMENT_DESCRIPTIVE,,NOT_APPLICABLE,,NOT_APPLICABLE,NO,NO
NCT01152411,PI_TREATMENT,RETROSPECTIVE,NO,NO,INDETERMINATE_AFTER_REVIEW,NOT_PUBLICLY_SPECIFIED,PI_TREATMENT_DESCRIPTIVE,,NOT_APPLICABLE,,NOT_APPLICABLE,NO,NO
NCT01153633,VLU_ACTIVE_TREATMENT,RETROSPECTIVE,YES,YES,NOT_PUBLICLY_SPECIFIED,NOT_PUBLICLY_SPECIFIED,COREVEN,0,INDETERMINATE_AFTER_REVIEW,1,INDETERMINATE_AFTER_REVIEW,NO,NO
NCT01166828,PI_PREVENTION,PROSPECTIVE_OR_SAME_DAY,NO,NO,PRESENT,INDETERMINATE_AFTER_REVIEW,OUTPUTS,0,INDETERMINATE_AFTER_REVIEW,0,INDETERMINATE_AFTER_REVIEW,NO,NO
NCT01176110,PI_TREATMENT,RETROSPECTIVE,NO,YES,INDETERMINATE_AFTER_REVIEW,NOT_PUBLICLY_SPECIFIED,PI_TREATMENT_DESCRIPTIVE,,NOT_APPLICABLE,,NOT_APPLICABLE,NO,NO
NCT01183273,VLU_ACTIVE_TREATMENT,RETROSPECTIVE,NO,YES,INDETERMINATE_AFTER_REVIEW,NOT_PUBLICLY_SPECIFIED,COREVEN,1,ABSENT,3,ABSENT,NO,NO
NCT01184872,PI_TREATMENT,PROSPECTIVE_OR_SAME_DAY,YES,YES,NOT_PUBLICLY_SPECIFIED,NOT_PUBLICLY_SPECIFIED,PI_TREATMENT_DESCRIPTIVE,,NOT_APPLICABLE,,NOT_APPLICABLE,NO,NO
NCT01186679,PI_TREATMENT,RETROSPECTIVE,NO,NO,NOT_PUBLICLY_SPECIFIED,NOT_PUBLICLY_SPECIFIED,PI_TREATMENT_DESCRIPTIVE,,NOT_APPLICABLE,,NOT_APPLICABLE,NO,NO
NCT01199588,VLU_ACTIVE_TREATMENT,PROSPECTIVE_OR_SAME_DAY,NO,YES,INDETERMINATE_AFTER_REVIEW,NOT_PUBLICLY_SPECIFIED,COREVEN,0,ABSENT,3,ABSENT,NO,NO
NCT01201759,PI_TREATMENT,RETROSPECTIVE,YES,YES,NOT_PUBLICLY_SPECIFIED,NOT_PUBLICLY_SPECIFIED,PI_TREATMENT_DESCRIPTIVE,,NOT_APPLICABLE,,NOT_APPLICABLE,YES,YES
NCT01208220,PI_TREATMENT,PROSPECTIVE_OR_SAME_DAY,YES,YES,NOT_PUBLICLY_SPECIFIED,NOT_PUBLICLY_SPECIFIED,PI_TREATMENT_DESCRIPTIVE,,NOT_APPLICABLE,,NOT_APPLICABLE,YES,YES
NCT01211236,MIXED_WOUND_EXPLICIT_TARGET,RETROSPECTIVE,NO,YES,PRESENT,NOT_PUBLICLY_SPECIFIED,CONDITION_SPECIFIC_ONLY_IF_SEPARABLE,,NOT_APPLICABLE,,NOT_APPLICABLE,NO,NO
NCT01214811,MIXED_WOUND_EXPLICIT_TARGET,RETROSPECTIVE,YES,YES,INDETERMINATE_AFTER_REVIEW,NOT_PUBLICLY_SPECIFIED,CONDITION_SPECIFIC_ONLY_IF_SEPARABLE,,NOT_APPLICABLE,,NOT_APPLICABLE,YES,YES
NCT01214980,MIXED_WOUND_EXPLICIT_TARGET,PROSPECTIVE_OR_SAME_DAY,YES,YES,PRESENT,PRESENT,CONDITION_SPECIFIC_ONLY_IF_SEPARABLE,,NOT_APPLICABLE,,NOT_APPLICABLE,NO,NO
NCT01217047,PI_TREATMENT,PROSPECTIVE_OR_SAME_DAY,YES,NO,PRESENT,NOT_PUBLICLY_SPECIFIED,PI_TREATMENT_DESCRIPTIVE,,NOT_APPLICABLE,,NOT_APPLICABLE,YES,YES
NCT01232764,PI_TREATMENT,RETROSPECTIVE,NO,YES,PRESENT,NOT_PUBLICLY_SPECIFIED,PI_TREATMENT_DESCRIPTIVE,,NOT_APPLICABLE,,NOT_APPLICABLE,NO,NO
NCT01236976,PI_TREATMENT,PROSPECTIVE_OR_SAME_DAY,NO,YES,INDETERMINATE_AFTER_REVIEW,NOT_PUBLICLY_SPECIFIED,PI_TREATMENT_DESCRIPTIVE,,NOT_APPLICABLE,,NOT_APPLICABLE,NO,NO
NCT01238419,VLU_ACTIVE_TREATMENT,RETROSPECTIVE,NO,YES,NOT_PUBLICLY_SPECIFIED,NOT_PUBLICLY_SPECIFIED,COREVEN,1,ABSENT,2,ABSENT,NO,NO
NCT01244594,PI_TREATMENT,RETROSPECTIVE,NO,NO,PRESENT,NOT_PUBLICLY_SPECIFIED,PI_TREATMENT_DESCRIPTIVE,,NOT_APPLICABLE,,NOT_APPLICABLE,NO,NO
NCT01246882,PI_TREATMENT,PROSPECTIVE_OR_SAME_DAY,NO,YES,PRESENT,NOT_PUBLICLY_SPECIFIED,PI_TREATMENT_DESCRIPTIVE,,NOT_APPLICABLE,,NOT_APPLICABLE,NO,NO
NCT01251549,PI_TREATMENT,RETROSPECTIVE,NO,NO,PRESENT,NOT_PUBLICLY_SPECIFIED,PI_TREATMENT_DESCRIPTIVE,,NOT_APPLICABLE,,NOT_APPLICABLE,NO,NO
NCT01255631,VLU_ACTIVE_TREATMENT,RETROSPECTIVE,YES,YES,INDETERMINATE_AFTER_REVIEW,NOT_PUBLICLY_SPECIFIED,COREVEN,1,ABSENT,1,ABSENT,YES,YES
NCT01273428,PI_TREATMENT,UNKNOWN,NO,YES,PRESENT,NOT_PUBLICLY_SPECIFIED,PI_TREATMENT_DESCRIPTIVE,,NOT_APPLICABLE,,NOT_APPLICABLE,NO,NO
NCT01275313,PI_PREVENTION,PROSPECTIVE_OR_SAME_DAY,YES,YES,PRESENT,NOT_PUBLICLY_SPECIFIED,OUTPUTS,1,ABSENT,1,ABSENT,NO,NO
NCT01283581,MIXED_WOUND_EXPLICIT_TARGET,RETROSPECTIVE,YES,YES,PRESENT,INDETERMINATE_AFTER_REVIEW,CONDITION_SPECIFIC_ONLY_IF_SEPARABLE,,NOT_APPLICABLE,,NOT_APPLICABLE,NO,NO
NCT01292811,PI_TREATMENT,RETROSPECTIVE,NO,YES,PRESENT,INDETERMINATE_AFTER_REVIEW,PI_TREATMENT_DESCRIPTIVE,,NOT_APPLICABLE,,NOT_APPLICABLE,NO,NO
NCT01294254,MIXED_WOUND_EXPLICIT_TARGET,RETROSPECTIVE,NO,YES,NOT_PUBLICLY_SPECIFIED,NOT_PUBLICLY_SPECIFIED,CONDITION_SPECIFIC_ONLY_IF_SEPARABLE,,NOT_APPLICABLE,,NOT_APPLICABLE,NO,NO
NCT01319097,PI_TREATMENT,RETROSPECTIVE,NO,YES,PRESENT,PRESENT,PI_TREATMENT_DESCRIPTIVE,,NOT_APPLICABLE,,NOT_APPLICABLE,NO,NO
NCT01319123,VLU_ACTIVE_TREATMENT,RETROSPECTIVE,NO,YES,INDETERMINATE_AFTER_REVIEW,NOT_PUBLICLY_SPECIFIED,COREVEN,1,ABSENT,1,ABSENT,NO,NO
NCT01320605,VLU_ACTIVE_TREATMENT,RETROSPECTIVE,NO,INDETERMINATE_AFTER_REVIEW,NOT_PUBLICLY_SPECIFIED,NOT_PUBLICLY_SPECIFIED,COREVEN,1,ABSENT,1,ABSENT,NO,NO
NCT01327937,VLU_ACTIVE_TREATMENT,RETROSPECTIVE,NO,YES,INDETERMINATE_AFTER_REVIEW,INDETERMINATE_AFTER_REVIEW,COREVEN,0,ABSENT,1,ABSENT,NO,NO
NCT01333358,PI_TREATMENT,PROSPECTIVE_OR_SAME_DAY,NO,NO,INDETERMINATE_AFTER_REVIEW,INDETERMINATE_AFTER_REVIEW,PI_TREATMENT_DESCRIPTIVE,,NOT_APPLICABLE,,NOT_APPLICABLE,NO,NO
NCT01333670,PI_TREATMENT,RETROSPECTIVE,NO,YES,NOT_PUBLICLY_SPECIFIED,NOT_PUBLICLY_SPECIFIED,PI_TREATMENT_DESCRIPTIVE,,NOT_APPLICABLE,,NOT_APPLICABLE,NO,NO
NCT01339091,MIXED_WOUND_EXPLICIT_TARGET,RETROSPECTIVE,YES,YES,PRESENT,NOT_PUBLICLY_SPECIFIED,CONDITION_SPECIFIC_ONLY_IF_SEPARABLE,,NOT_APPLICABLE,,NOT_APPLICABLE,NO,NO
NCT01348581,MIXED_WOUND_EXPLICIT_TARGET,RETROSPECTIVE,NO,YES,NOT_PUBLICLY_SPECIFIED,NOT_PUBLICLY_SPECIFIED,CONDITION_SPECIFIC_ONLY_IF_SEPARABLE,,NOT_APPLICABLE,,NOT_APPLICABLE,NO,NO
NCT01349478,PI_TREATMENT,RETROSPECTIVE,NO,NO,PRESENT,NOT_PUBLICLY_SPECIFIED,PI_TREATMENT_DESCRIPTIVE,,NOT_APPLICABLE,,NOT_APPLICABLE,NO,NO
NCT01351493,PI_TREATMENT,PROSPECTIVE_OR_SAME_DAY,NO,NO,PRESENT,INDETERMINATE_AFTER_REVIEW,PI_TREATMENT_DESCRIPTIVE,,NOT_APPLICABLE,,NOT_APPLICABLE,NO,NO
NCT01353937,MIXED_WOUND_EXPLICIT_TARGET,PROSPECTIVE_OR_SAME_DAY,NO,NO,INDETERMINATE_AFTER_REVIEW,INDETERMINATE_AFTER_REVIEW,CONDITION_SPECIFIC_ONLY_IF_SEPARABLE,,NOT_APPLICABLE,,NOT_APPLICABLE,NO,NO
NCT01355666,PI_PREVENTION,RETROSPECTIVE,NO,INDETERMINATE_AFTER_REVIEW,PRESENT,NOT_PUBLICLY_SPECIFIED,OUTPUTS,1,ABSENT,1,ABSENT,NO,NO
NCT01356459,PI_TREATMENT,PROSPECTIVE_OR_SAME_DAY,NO,YES,PRESENT,NOT_PUBLICLY_SPECIFIED,PI_TREATMENT_DESCRIPTIVE,,NOT_APPLICABLE,,NOT_APPLICABLE,NO,NO
NCT01372020,VLU_ACTIVE_TREATMENT,RETROSPECTIVE,NO,YES,PRESENT,NOT_PUBLICLY_SPECIFIED,COREVEN,1,ABSENT,1,ABSENT,NO,NO
NCT01376050,VLU_ACTIVE_TREATMENT,RETROSPECTIVE,YES,YES,PRESENT,NOT_PUBLICLY_SPECIFIED,COREVEN,1,ABSENT,1,INDETERMINATE_AFTER_REVIEW,NO,NO
NCT01384500,PI_PREVENTION,PROSPECTIVE_OR_SAME_DAY,NO,YES,NOT_PUBLICLY_SPECIFIED,NOT_PUBLICLY_SPECIFIED,OUTPUTS,0,ABSENT,0,ABSENT,NO,NO
NCT01396304,VLU_ACTIVE_TREATMENT,PROSPECTIVE_OR_SAME_DAY,NO,YES,INDETERMINATE_AFTER_REVIEW,NOT_PUBLICLY_SPECIFIED,COREVEN,1,ABSENT,1,INDETERMINATE_AFTER_REVIEW,NO,NO
NCT01396837,MIXED_WOUND_EXPLICIT_TARGET,PROSPECTIVE_OR_SAME_DAY,YES,YES,PRESENT,NOT_PUBLICLY_SPECIFIED,CONDITION_SPECIFIC_ONLY_IF_SEPARABLE,,NOT_APPLICABLE,,NOT_APPLICABLE,YES,NO
NCT01402765,PI_PREVENTION,PROSPECTIVE_OR_SAME_DAY,NO,YES,PRESENT,NOT_PUBLICLY_SPECIFIED,OUTPUTS,0,ABSENT,1,ABSENT,NO,NO
NCT01403272,PI_PREVENTION,RETROSPECTIVE,NO,INDETERMINATE_AFTER_REVIEW,PRESENT,NOT_PUBLICLY_SPECIFIED,OUTPUTS,1,ABSENT,1,ABSENT,NO,NO
NCT01415622,VLU_ACTIVE_TREATMENT,RETROSPECTIVE,NO,YES,PRESENT,NOT_PUBLICLY_SPECIFIED,COREVEN,0,ABSENT,1,ABSENT,NO,NO
NCT01426555,PI_TREATMENT,RETROSPECTIVE,YES,NO,PRESENT,NOT_PUBLICLY_SPECIFIED,PI_TREATMENT_DESCRIPTIVE,,NOT_APPLICABLE,,NOT_APPLICABLE,YES,YES
NCT01431339,MIXED_WOUND_EXPLICIT_TARGET,RETROSPECTIVE,YES,YES,PRESENT,NOT_PUBLICLY_SPECIFIED,CONDITION_SPECIFIC_ONLY_IF_SEPARABLE,,NOT_APPLICABLE,,NOT_APPLICABLE,NO,NO
NCT01433159,PI_TREATMENT,RETROSPECTIVE,YES,YES,PRESENT,NOT_PUBLICLY_SPECIFIED,PI_TREATMENT_DESCRIPTIVE,,NOT_APPLICABLE,,NOT_APPLICABLE,YES,YES
NCT01434914,VLU_ACTIVE_TREATMENT,PROSPECTIVE_OR_SAME_DAY,NO,YES,NOT_PUBLICLY_SPECIFIED,NOT_PUBLICLY_SPECIFIED,COREVEN,0,ABSENT,0,ABSENT,NO,NO
NCT01438541,PI_PREVENTION,RETROSPECTIVE,YES,YES,INDETERMINATE_AFTER_REVIEW,NOT_PUBLICLY_SPECIFIED,OUTPUTS,1,ABSENT,1,ABSENT,NO,NO
NCT01439581,PI_PREVENTION,RETROSPECTIVE,YES,YES,PRESENT,NOT_PUBLICLY_SPECIFIED,OUTPUTS,0,ABSENT,0,ABSENT,YES,YES
NCT01440452,PI_TREATMENT,RETROSPECTIVE,YES,NO,PRESENT,NOT_PUBLICLY_SPECIFIED,PI_TREATMENT_DESCRIPTIVE,,NOT_APPLICABLE,,NOT_APPLICABLE,YES,YES
NCT01449422,VLU_ACTIVE_TREATMENT,RETROSPECTIVE,NO,YES,NOT_PUBLICLY_SPECIFIED,NOT_PUBLICLY_SPECIFIED,COREVEN,0,ABSENT,4,INDETERMINATE_AFTER_REVIEW,NO,NO
NCT01453816,PI_TREATMENT,RETROSPECTIVE,NO,NO,PRESENT,NOT_PUBLICLY_SPECIFIED,PI_TREATMENT_DESCRIPTIVE,,NOT_APPLICABLE,,NOT_APPLICABLE,NO,NO
NCT01454570,PI_TREATMENT,RETROSPECTIVE,YES,NO,INDETERMINATE_AFTER_REVIEW,NOT_PUBLICLY_SPECIFIED,PI_TREATMENT_DESCRIPTIVE,,NOT_APPLICABLE,,NOT_APPLICABLE,YES,YES
NCT01467817,PI_PREVENTION,RETROSPECTIVE,NO,NO,INDETERMINATE_AFTER_REVIEW,NOT_PUBLICLY_SPECIFIED,OUTPUTS,0,ABSENT,0,ABSENT,NO,NO
NCT01484184,PI_TREATMENT,PROSPECTIVE_OR_SAME_DAY,NO,NO,NOT_PUBLICLY_SPECIFIED,NOT_PUBLICLY_SPECIFIED,PI_TREATMENT_DESCRIPTIVE,,NOT_APPLICABLE,,NOT_APPLICABLE,NO,NO
NCT01491438,VLU_ACTIVE_TREATMENT,PROSPECTIVE_OR_SAME_DAY,NO,YES,PRESENT,NOT_PUBLICLY_SPECIFIED,COREVEN,0,ABSENT,2,INDETERMINATE_AFTER_REVIEW,NO,NO
NCT01497210,VLU_ACTIVE_TREATMENT,RETROSPECTIVE,NO,YES,NOT_PUBLICLY_SPECIFIED,NOT_PUBLICLY_SPECIFIED,COREVEN,1,ABSENT,3,INDETERMINATE_AFTER_REVIEW,NO,NO
NCT01499277,PI_TREATMENT,PROSPECTIVE_OR_SAME_DAY,YES,YES,INDETERMINATE_AFTER_REVIEW,NOT_PUBLICLY_SPECIFIED,PI_TREATMENT_DESCRIPTIVE,,NOT_APPLICABLE,,NOT_APPLICABLE,NO,NO
NCT01499784,PI_TREATMENT,PROSPECTIVE_OR_SAME_DAY,NO,YES,INDETERMINATE_AFTER_REVIEW,NOT_PUBLICLY_SPECIFIED,PI_TREATMENT_DESCRIPTIVE,,NOT_APPLICABLE,,NOT_APPLICABLE,NO,NO
NCT01500174,PI_TREATMENT,RETROSPECTIVE,NO,YES,NOT_PUBLICLY_SPECIFIED,NOT_PUBLICLY_SPECIFIED,PI_TREATMENT_DESCRIPTIVE,,NOT_APPLICABLE,,NOT_APPLICABLE,NO,NO
NCT01509599,VLU_ACTIVE_TREATMENT,RETROSPECTIVE,NO,YES,INDETERMINATE_AFTER_REVIEW,NOT_PUBLICLY_SPECIFIED,COREVEN,0,INDETERMINATE_AFTER_REVIEW,2,INDETERMINATE_AFTER_REVIEW,NO,NO
NCT01528293,VLU_ACTIVE_TREATMENT,PROSPECTIVE_OR_SAME_DAY,YES,NO,INDETERMINATE_AFTER_REVIEW,NOT_PUBLICLY_SPECIFIED,COREVEN,0,ABSENT,1,ABSENT,YES,YES
NCT01537003,VLU_ACTIVE_TREATMENT,PROSPECTIVE_OR_SAME_DAY,NO,YES,PRESENT,NOT_PUBLICLY_SPECIFIED,COREVEN,0,INDETERMINATE_AFTER_REVIEW,1,INDETERMINATE_AFTER_REVIEW,NO,NO
NCT01539980,MIXED_WOUND_EXPLICIT_TARGET,PROSPECTIVE_OR_SAME_DAY,YES,NO,NOT_PUBLICLY_SPECIFIED,NOT_PUBLICLY_SPECIFIED,CONDITION_SPECIFIC_ONLY_IF_SEPARABLE,,NOT_APPLICABLE,,NOT_APPLICABLE,YES,YES
NCT01540981,PI_TREATMENT,RETROSPECTIVE,YES,YES,PRESENT,PRESENT,PI_TREATMENT_DESCRIPTIVE,,NOT_APPLICABLE,,NOT_APPLICABLE,NO,NO
NCT01549860,VLU_ACTIVE_TREATMENT,PROSPECTIVE_OR_SAME_DAY,YES,YES,NOT_PUBLICLY_SPECIFIED,NOT_PUBLICLY_SPECIFIED,COREVEN,1,ABSENT,2,ABSENT,NO,NO
NCT01552447,VLU_ACTIVE_TREATMENT,RETROSPECTIVE,NO,YES,INDETERMINATE_AFTER_REVIEW,NOT_PUBLICLY_SPECIFIED,COREVEN,0,ABSENT,0,ABSENT,NO,NO
NCT01567150,VLU_ACTIVE_TREATMENT,RETROSPECTIVE,YES,YES,NOT_PUBLICLY_SPECIFIED,NOT_PUBLICLY_SPECIFIED,COREVEN,0,ABSENT,0,ABSENT,NO,NO
NCT01567605,PI_TREATMENT,RETROSPECTIVE,YES,NO,NOT_PUBLICLY_SPECIFIED,NOT_PUBLICLY_SPECIFIED,PI_TREATMENT_DESCRIPTIVE,,NOT_APPLICABLE,,NOT_APPLICABLE,NO,NO
NCT01570816,PI_TREATMENT,RETROSPECTIVE,NO,NO,PRESENT,NOT_PUBLICLY_SPECIFIED,PI_TREATMENT_DESCRIPTIVE,,NOT_APPLICABLE,,NOT_APPLICABLE,NO,NO
NCT01572376,PI_TREATMENT,RETROSPECTIVE,NO,NO,NOT_PUBLICLY_SPECIFIED,NOT_PUBLICLY_SPECIFIED,PI_TREATMENT_DESCRIPTIVE,,NOT_APPLICABLE,,NOT_APPLICABLE,NO,NO
NCT01573234,PI_TREATMENT,RETROSPECTIVE,NO,YES,INDETERMINATE_AFTER_REVIEW,NOT_PUBLICLY_SPECIFIED,PI_TREATMENT_DESCRIPTIVE,,NOT_APPLICABLE,,NOT_APPLICABLE,NO,NO
NCT01591434,VLU_ACTIVE_TREATMENT,RETROSPECTIVE,NO,YES,NOT_PUBLICLY_SPECIFIED,NOT_PUBLICLY_SPECIFIED,COREVEN,0,INDETERMINATE_AFTER_REVIEW,0,INDETERMINATE_AFTER_REVIEW,NO,NO
NCT01595347,PI_PREVENTION,RETROSPECTIVE,NO,YES,PRESENT,NOT_PUBLICLY_SPECIFIED,OUTPUTS,0,ABSENT,0,ABSENT,NO,NO
NCT01608438,PI_TREATMENT,PROSPECTIVE_OR_SAME_DAY,NO,NO,PRESENT,NOT_PUBLICLY_SPECIFIED,PI_TREATMENT_DESCRIPTIVE,,NOT_APPLICABLE,,NOT_APPLICABLE,NO,NO
NCT01612806,VLU_ACTIVE_TREATMENT,RETROSPECTIVE,NO,YES,INDETERMINATE_AFTER_REVIEW,NOT_PUBLICLY_SPECIFIED,COREVEN,0,ABSENT,1,ABSENT,NO,NO
NCT01640418,PI_TREATMENT,PROSPECTIVE_OR_SAME_DAY,NO,YES,NOT_PUBLICLY_SPECIFIED,NOT_PUBLICLY_SPECIFIED,PI_TREATMENT_DESCRIPTIVE,,NOT_APPLICABLE,,NOT_APPLICABLE,NO,NO
NCT01647321,PI_TREATMENT,RETROSPECTIVE,NO,NO,PRESENT,NOT_PUBLICLY_SPECIFIED,PI_TREATMENT_DESCRIPTIVE,,NOT_APPLICABLE,,NOT_APPLICABLE,NO,NO
NCT01651260,PI_PREVENTION,RETROSPECTIVE,YES,YES,INDETERMINATE_AFTER_REVIEW,INDETERMINATE_AFTER_REVIEW,OUTPUTS,0,ABSENT,0,ABSENT,NO,NO
NCT01656889,VLU_ACTIVE_TREATMENT,PROSPECTIVE_OR_SAME_DAY,YES,YES,INDETERMINATE_AFTER_REVIEW,NOT_PUBLICLY_SPECIFIED,COREVEN,1,ABSENT,2,INDETERMINATE_AFTER_REVIEW,YES,YES
NCT01671748,VLU_ACTIVE_TREATMENT,RETROSPECTIVE,YES,YES,INDETERMINATE_AFTER_REVIEW,NOT_PUBLICLY_SPECIFIED,COREVEN,0,ABSENT,3,ABSENT,NO,NO
NCT01672255,VLU_ACTIVE_TREATMENT,PROSPECTIVE_OR_SAME_DAY,NO,NO,INDETERMINATE_AFTER_REVIEW,NOT_PUBLICLY_SPECIFIED,COREVEN,0,ABSENT,0,ABSENT,NO,NO
NCT01673412,VLU_ACTIVE_TREATMENT,RETROSPECTIVE,NO,YES,INDETERMINATE_AFTER_REVIEW,NOT_PUBLICLY_SPECIFIED,COREVEN,0,ABSENT,1,ABSENT,NO,NO
NCT01710774,VLU_ACTIVE_TREATMENT,RETROSPECTIVE,NO,YES,INDETERMINATE_AFTER_REVIEW,NOT_PUBLICLY_SPECIFIED,COREVEN,0,ABSENT,3,ABSENT,NO,NO
NCT01734109,PI_TREATMENT,PROSPECTIVE_OR_SAME_DAY,NO,NO,INDETERMINATE_AFTER_REVIEW,INDETERMINATE_AFTER_REVIEW,PI_TREATMENT_DESCRIPTIVE,,NOT_APPLICABLE,,NOT_APPLICABLE,NO,NO
NCT01737762,VLU_ACTIVE_TREATMENT,RETROSPECTIVE,YES,YES,INDETERMINATE_AFTER_REVIEW,NOT_PUBLICLY_SPECIFIED,COREVEN,1,ABSENT,1,ABSENT,YES,YES
NCT01743053,VLU_ACTIVE_TREATMENT,PROSPECTIVE_OR_SAME_DAY,NO,YES,PRESENT,NOT_PUBLICLY_SPECIFIED,COREVEN,0,ABSENT,1,INDETERMINATE_AFTER_REVIEW,NO,NO
NCT01747993,PI_TREATMENT,PROSPECTIVE_OR_SAME_DAY,NO,YES,NOT_PUBLICLY_SPECIFIED,NOT_PUBLICLY_SPECIFIED,PI_TREATMENT_DESCRIPTIVE,,NOT_APPLICABLE,,NOT_APPLICABLE,NO,NO
NCT01750749,VLU_ACTIVE_TREATMENT,RETROSPECTIVE,NO,NO,INDETERMINATE_AFTER_REVIEW,NOT_PUBLICLY_SPECIFIED,COREVEN,0,ABSENT,1,ABSENT,NO,NO
NCT01754506,VLU_ACTIVE_TREATMENT,PROSPECTIVE_OR_SAME_DAY,NO,YES,INDETERMINATE_AFTER_REVIEW,NOT_PUBLICLY_SPECIFIED,COREVEN,0,ABSENT,0,ABSENT,NO,NO
NCT01757574,PI_TREATMENT,RETROSPECTIVE,NO,YES,INDETERMINATE_AFTER_REVIEW,NOT_PUBLICLY_SPECIFIED,PI_TREATMENT_DESCRIPTIVE,,NOT_APPLICABLE,,NOT_APPLICABLE,NO,NO
NCT01762423,PI_TREATMENT,RETROSPECTIVE,NO,YES,NOT_PUBLICLY_SPECIFIED,NOT_PUBLICLY_SPECIFIED,PI_TREATMENT_DESCRIPTIVE,,NOT_APPLICABLE,,NOT_APPLICABLE,NO,NO
NCT01770509,VLU_ACTIVE_TREATMENT,PROSPECTIVE_OR_SAME_DAY,YES,YES,INDETERMINATE_AFTER_REVIEW,NOT_PUBLICLY_SPECIFIED,COREVEN,0,ABSENT,3,ABSENT,NO,NO
NCT01772303,MIXED_WOUND_EXPLICIT_TARGET,RETROSPECTIVE,NO,YES,NOT_PUBLICLY_SPECIFIED,NOT_PUBLICLY_SPECIFIED,CONDITION_SPECIFIC_ONLY_IF_SEPARABLE,,NOT_APPLICABLE,,NOT_APPLICABLE,NO,NO
NCT01788033,PI_TREATMENT,RETROSPECTIVE,NO,NO,INDETERMINATE_AFTER_REVIEW,NOT_PUBLICLY_SPECIFIED,PI_TREATMENT_DESCRIPTIVE,,NOT_APPLICABLE,,NOT_APPLICABLE,NO,NO
NCT01801891,VLU_RECURRENCE_PREVENTION,PROSPECTIVE_OR_SAME_DAY,NO,YES,INDETERMINATE_AFTER_REVIEW,NOT_PUBLICLY_SPECIFIED,VLU_RECURRENCE_DESCRIPTIVE,,NOT_APPLICABLE,,NOT_APPLICABLE,NO,NO
NCT01811732,MIXED_WOUND_EXPLICIT_TARGET,PROSPECTIVE_OR_SAME_DAY,YES,YES,PRESENT,NOT_PUBLICLY_SPECIFIED,CONDITION_SPECIFIC_ONLY_IF_SEPARABLE,,NOT_APPLICABLE,,NOT_APPLICABLE,YES,NO
NCT01817218,VLU_ACTIVE_TREATMENT,PROSPECTIVE_OR_SAME_DAY,NO,YES,NOT_PUBLICLY_SPECIFIED,NOT_PUBLICLY_SPECIFIED,COREVEN,2,ABSENT,2,ABSENT,NO,NO
NCT01817543,VLU_ACTIVE_TREATMENT,PROSPECTIVE_OR_SAME_DAY,NO,YES,INDETERMINATE_AFTER_REVIEW,NOT_PUBLICLY_SPECIFIED,COREVEN,1,ABSENT,3,ABSENT,NO,NO
NCT01819142,PI_TREATMENT,PROSPECTIVE_OR_SAME_DAY,NO,YES,PRESENT,NOT_PUBLICLY_SPECIFIED,PI_TREATMENT_DESCRIPTIVE,,NOT_APPLICABLE,,NOT_APPLICABLE,NO,NO
NCT01820663,PI_TREATMENT,RETROSPECTIVE,NO,YES,PRESENT,NOT_PUBLICLY_SPECIFIED,PI_TREATMENT_DESCRIPTIVE,,NOT_APPLICABLE,,NOT_APPLICABLE,NO,NO
NCT01834417,PI_PREVENTION,PROSPECTIVE_OR_SAME_DAY,NO,YES,PRESENT,NOT_PUBLICLY_SPECIFIED,OUTPUTS,0,ABSENT,0,ABSENT,NO,NO
NCT01852279,PI_TREATMENT,PROSPECTIVE_OR_SAME_DAY,NO,NO,PRESENT,NOT_PUBLICLY_SPECIFIED,PI_TREATMENT_DESCRIPTIVE,,NOT_APPLICABLE,,NOT_APPLICABLE,NO,NO
NCT01853384,VLU_ACTIVE_TREATMENT,PROSPECTIVE_OR_SAME_DAY,YES,YES,INDETERMINATE_AFTER_REVIEW,NOT_PUBLICLY_SPECIFIED,COREVEN,1,ABSENT,2,INDETERMINATE_AFTER_REVIEW,NO,NO
NCT01857089,PI_TREATMENT,PROSPECTIVE_OR_SAME_DAY,NO,NO,NOT_PUBLICLY_SPECIFIED,NOT_PUBLICLY_SPECIFIED,PI_TREATMENT_DESCRIPTIVE,,NOT_APPLICABLE,,NOT_APPLICABLE,NO,NO
NCT01858272,VLU_ACTIVE_TREATMENT,RETROSPECTIVE,NO,YES,PRESENT,NOT_PUBLICLY_SPECIFIED,COREVEN,0,ABSENT,0,ABSENT,NO,NO
NCT01858896,VLU_ACTIVE_TREATMENT,PROSPECTIVE_OR_SAME_DAY,NO,NO,INDETERMINATE_AFTER_REVIEW,NOT_PUBLICLY_SPECIFIED,COREVEN,0,ABSENT,0,ABSENT,NO,NO
NCT01876017,PI_TREATMENT,PROSPECTIVE_OR_SAME_DAY,NO,NO,NOT_PUBLICLY_SPECIFIED,NOT_PUBLICLY_SPECIFIED,PI_TREATMENT_DESCRIPTIVE,,NOT_APPLICABLE,,NOT_APPLICABLE,NO,NO
NCT01877681,PI_TREATMENT,RETROSPECTIVE,NO,YES,INDETERMINATE_AFTER_REVIEW,NOT_PUBLICLY_SPECIFIED,PI_TREATMENT_DESCRIPTIVE,,NOT_APPLICABLE,,NOT_APPLICABLE,NO,NO
NCT01885962,PI_TREATMENT,RETROSPECTIVE,NO,YES,NOT_PUBLICLY_SPECIFIED,NOT_PUBLICLY_SPECIFIED,PI_TREATMENT_DESCRIPTIVE,,NOT_APPLICABLE,,NOT_APPLICABLE,NO,NO
NCT01891565,PI_TREATMENT,PROSPECTIVE_OR_SAME_DAY,NO,YES,INDETERMINATE_AFTER_REVIEW,NOT_PUBLICLY_SPECIFIED,PI_TREATMENT_DESCRIPTIVE,,NOT_APPLICABLE,,NOT_APPLICABLE,NO,NO
NCT01891760,VLU_RECURRENCE_PREVENTION,RETROSPECTIVE,NO,YES,NOT_PUBLICLY_SPECIFIED,NOT_PUBLICLY_SPECIFIED,VLU_RECURRENCE_DESCRIPTIVE,,NOT_APPLICABLE,,NOT_APPLICABLE,NO,NO
NCT01894802,PI_TREATMENT,PROSPECTIVE_OR_SAME_DAY,NO,NO,PRESENT,INDETERMINATE_AFTER_REVIEW,PI_TREATMENT_DESCRIPTIVE,,NOT_APPLICABLE,,NOT_APPLICABLE,NO,NO
NCT01900067,PI_TREATMENT,RETROSPECTIVE,YES,YES,INDETERMINATE_AFTER_REVIEW,NOT_PUBLICLY_SPECIFIED,PI_TREATMENT_DESCRIPTIVE,,NOT_APPLICABLE,,NOT_APPLICABLE,NO,NO
NCT01904591,PI_TREATMENT,PROSPECTIVE_OR_SAME_DAY,NO,YES,NOT_PUBLICLY_SPECIFIED,NOT_PUBLICLY_SPECIFIED,PI_TREATMENT_DESCRIPTIVE,,NOT_APPLICABLE,,NOT_APPLICABLE,NO,NO
NCT01906424,PI_TREATMENT,PROSPECTIVE_OR_SAME_DAY,NO,NO,NOT_PUBLICLY_SPECIFIED,NOT_PUBLICLY_SPECIFIED,PI_TREATMENT_DESCRIPTIVE,,NOT_APPLICABLE,,NOT_APPLICABLE,NO,NO
NCT01909908,VLU_ACTIVE_TREATMENT,RETROSPECTIVE,NO,YES,INDETERMINATE_AFTER_REVIEW,INDETERMINATE_AFTER_REVIEW,COREVEN,1,ABSENT,1,ABSENT,NO,NO
NCT01924806,MIXED_WOUND_EXPLICIT_TARGET,PROSPECTIVE_OR_SAME_DAY,YES,YES,PRESENT,NOT_PUBLICLY_SPECIFIED,CONDITION_SPECIFIC_ONLY_IF_SEPARABLE,,NOT_APPLICABLE,,NOT_APPLICABLE,NO,NO
NCT01943669,PI_TREATMENT,RETROSPECTIVE,NO,NO,INDETERMINATE_AFTER_REVIEW,NOT_PUBLICLY_SPECIFIED,PI_TREATMENT_DESCRIPTIVE,,NOT_APPLICABLE,,NOT_APPLICABLE,NO,NO
NCT01949285,PI_TREATMENT,PROSPECTIVE_OR_SAME_DAY,NO,NO,NOT_PUBLICLY_SPECIFIED,NOT_PUBLICLY_SPECIFIED,PI_TREATMENT_DESCRIPTIVE,,NOT_APPLICABLE,,NOT_APPLICABLE,NO,NO
NCT01958177,PI_TREATMENT,PROSPECTIVE_OR_SAME_DAY,NO,NO,PRESENT,NOT_PUBLICLY_SPECIFIED,PI_TREATMENT_DESCRIPTIVE,,NOT_APPLICABLE,,NOT_APPLICABLE,NO,NO
NCT01966380,MIXED_WOUND_EXPLICIT_TARGET,RETROSPECTIVE,YES,YES,NOT_PUBLICLY_SPECIFIED,NOT_PUBLICLY_SPECIFIED,CONDITION_SPECIFIC_ONLY_IF_SEPARABLE,,NOT_APPLICABLE,,NOT_APPLICABLE,YES,YES
NCT01970163,MIXED_WOUND_EXPLICIT_TARGET,RETROSPECTIVE,NO,NO,NOT_PUBLICLY_SPECIFIED,NOT_PUBLICLY_SPECIFIED,CONDITION_SPECIFIC_ONLY_IF_SEPARABLE,,NOT_APPLICABLE,,NOT_APPLICABLE,NO,NO
NCT01972633,VLU_ACTIVE_TREATMENT,RETROSPECTIVE,NO,YES,NOT_PUBLICLY_SPECIFIED,NOT_PUBLICLY_SPECIFIED,COREVEN,1,ABSENT,1,ABSENT,NO,NO
NCT01973361,VLU_ACTIVE_TREATMENT,PROSPECTIVE_OR_SAME_DAY,NO,YES,PRESENT,NOT_PUBLICLY_SPECIFIED,COREVEN,0,ABSENT,1,ABSENT,NO,NO
NCT01982318,VLU_ACTIVE_TREATMENT,PROSPECTIVE_OR_SAME_DAY,NO,YES,NOT_PUBLICLY_SPECIFIED,NOT_PUBLICLY_SPECIFIED,COREVEN,1,ABSENT,3,INDETERMINATE_AFTER_REVIEW,NO,NO
NCT01984684,MIXED_WOUND_EXPLICIT_TARGET,PROSPECTIVE_OR_SAME_DAY,YES,YES,PRESENT,NOT_PUBLICLY_SPECIFIED,CONDITION_SPECIFIC_ONLY_IF_SEPARABLE,,NOT_APPLICABLE,,NOT_APPLICABLE,YES,NO
NCT01999816,PI_TREATMENT,RETROSPECTIVE,NO,YES,PRESENT,NOT_PUBLICLY_SPECIFIED,PI_TREATMENT_DESCRIPTIVE,,NOT_APPLICABLE,,NOT_APPLICABLE,NO,NO
NCT02001558,PI_TREATMENT,RETROSPECTIVE,YES,YES,PRESENT,NOT_PUBLICLY_SPECIFIED,PI_TREATMENT_DESCRIPTIVE,,NOT_APPLICABLE,,NOT_APPLICABLE,NO,NO
NCT02004626,PI_TREATMENT,PROSPECTIVE_OR_SAME_DAY,NO,NO,PRESENT,INDETERMINATE_AFTER_REVIEW,PI_TREATMENT_DESCRIPTIVE,,NOT_APPLICABLE,,NOT_APPLICABLE,NO,NO
NCT02005068,PI_TREATMENT,RETROSPECTIVE,NO,YES,NOT_PUBLICLY_SPECIFIED,NOT_PUBLICLY_SPECIFIED,PI_TREATMENT_DESCRIPTIVE,,NOT_APPLICABLE,,NOT_APPLICABLE,NO,NO
NCT02005692,PI_PREVENTION,PROSPECTIVE_OR_SAME_DAY,YES,YES,PRESENT,INDETERMINATE_AFTER_REVIEW,OUTPUTS,2,ABSENT,2,ABSENT,YES,YES
NCT02007824,PI_TREATMENT,RETROSPECTIVE,NO,YES,NOT_PUBLICLY_SPECIFIED,NOT_PUBLICLY_SPECIFIED,PI_TREATMENT_DESCRIPTIVE,,NOT_APPLICABLE,,NOT_APPLICABLE,NO,NO
NCT02008149,PI_PREVENTION,PROSPECTIVE_OR_SAME_DAY,YES,YES,PRESENT,NOT_PUBLICLY_SPECIFIED,OUTPUTS,0,ABSENT,0,ABSENT,NO,NO
NCT02008487,PI_TREATMENT,RETROSPECTIVE,NO,YES,PRESENT,INDETERMINATE_AFTER_REVIEW,PI_TREATMENT_DESCRIPTIVE,,NOT_APPLICABLE,,NOT_APPLICABLE,NO,NO
NCT02009501,VLU_ACTIVE_TREATMENT,RETROSPECTIVE,YES,YES,NOT_PUBLICLY_SPECIFIED,NOT_PUBLICLY_SPECIFIED,COREVEN,0,ABSENT,0,ABSENT,NO,NO
NCT02011503,VLU_ACTIVE_TREATMENT,PROSPECTIVE_OR_SAME_DAY,NO,YES,NOT_PUBLICLY_SPECIFIED,NOT_PUBLICLY_SPECIFIED,COREVEN,0,ABSENT,1,ABSENT,NO,NO
NCT02011724,VLU_ACTIVE_TREATMENT,RETROSPECTIVE,NO,YES,NOT_PUBLICLY_SPECIFIED,NOT_PUBLICLY_SPECIFIED,COREVEN,1,ABSENT,1,ABSENT,NO,NO
NCT02014948,PI_TREATMENT,RETROSPECTIVE,NO,NO,INDETERMINATE_AFTER_REVIEW,NOT_PUBLICLY_SPECIFIED,PI_TREATMENT_DESCRIPTIVE,,NOT_APPLICABLE,,NOT_APPLICABLE,NO,NO
NCT02015221,VLU_ACTIVE_TREATMENT,RETROSPECTIVE,YES,YES,INDETERMINATE_AFTER_REVIEW,NOT_PUBLICLY_SPECIFIED,COREVEN,0,ABSENT,0,ABSENT,NO,NO
NCT02020746,VLU_ACTIVE_TREATMENT,PROSPECTIVE_OR_SAME_DAY,NO,YES,PRESENT,NOT_PUBLICLY_SPECIFIED,COREVEN,0,ABSENT,1,ABSENT,NO,NO
NCT02028923,MIXED_WOUND_EXPLICIT_TARGET,PROSPECTIVE_OR_SAME_DAY,NO,YES,INDETERMINATE_AFTER_REVIEW,NOT_PUBLICLY_SPECIFIED,CONDITION_SPECIFIC_ONLY_IF_SEPARABLE,,NOT_APPLICABLE,,NOT_APPLICABLE,NO,NO
NCT02034331,PI_TREATMENT,RETROSPECTIVE,NO,NO,PRESENT,NOT_PUBLICLY_SPECIFIED,PI_TREATMENT_DESCRIPTIVE,,NOT_APPLICABLE,,NOT_APPLICABLE,NO,NO
NCT02034396,VLU_RECURRENCE_PREVENTION,RETROSPECTIVE,NO,YES,PRESENT,NOT_PUBLICLY_SPECIFIED,VLU_RECURRENCE_DESCRIPTIVE,,NOT_APPLICABLE,,NOT_APPLICABLE,NO,NO
NCT02042508,PI_TREATMENT,PROSPECTIVE_OR_SAME_DAY,NO,NO,INDETERMINATE_AFTER_REVIEW,NOT_PUBLICLY_SPECIFIED,PI_TREATMENT_DESCRIPTIVE,,NOT_APPLICABLE,,NOT_APPLICABLE,NO,NO
NCT02045797,PI_TREATMENT,PROSPECTIVE_OR_SAME_DAY,YES,YES,INDETERMINATE_AFTER_REVIEW,NOT_PUBLICLY_SPECIFIED,PI_TREATMENT_DESCRIPTIVE,,NOT_APPLICABLE,,NOT_APPLICABLE,NO,NO
NCT02068027,VLU_ACTIVE_TREATMENT,PROSPECTIVE_OR_SAME_DAY,YES,YES,INDETERMINATE_AFTER_REVIEW,INDETERMINATE_AFTER_REVIEW,COREVEN,1,ABSENT,1,ABSENT,NO,NO
NCT02071979,MIXED_WOUND_EXPLICIT_TARGET,PROSPECTIVE_OR_SAME_DAY,NO,YES,PRESENT,PRESENT,CONDITION_SPECIFIC_ONLY_IF_SEPARABLE,,NOT_APPLICABLE,,NOT_APPLICABLE,NO,NO
NCT02079311,PI_TREATMENT,RETROSPECTIVE,YES,YES,NOT_PUBLICLY_SPECIFIED,NOT_PUBLICLY_SPECIFIED,PI_TREATMENT_DESCRIPTIVE,,NOT_APPLICABLE,,NOT_APPLICABLE,YES,YES
NCT02087397,PI_TREATMENT,RETROSPECTIVE,NO,NO,PRESENT,NOT_PUBLICLY_SPECIFIED,PI_TREATMENT_DESCRIPTIVE,,NOT_APPLICABLE,,NOT_APPLICABLE,NO,NO
NCT02090387,PI_TREATMENT,RETROSPECTIVE,NO,NO,PRESENT,NOT_PUBLICLY_SPECIFIED,PI_TREATMENT_DESCRIPTIVE,,NOT_APPLICABLE,,NOT_APPLICABLE,NO,NO
NCT02092870,VLU_ACTIVE_TREATMENT,RETROSPECTIVE,NO,YES,NOT_PUBLICLY_SPECIFIED,NOT_PUBLICLY_SPECIFIED,COREVEN,0,ABSENT,0,ABSENT,NO,NO
NCT02101645,VLU_ACTIVE_TREATMENT,PROSPECTIVE_OR_SAME_DAY,NO,NO,PRESENT,NOT_PUBLICLY_SPECIFIED,COREVEN,0,ABSENT,0,ABSENT,NO,NO
NCT02104180,VLU_ACTIVE_TREATMENT,RETROSPECTIVE,YES,YES,NOT_PUBLICLY_SPECIFIED,NOT_PUBLICLY_SPECIFIED,COREVEN,1,ABSENT,1,ABSENT,NO,NO
NCT02116010,MIXED_WOUND_EXPLICIT_TARGET,PROSPECTIVE_OR_SAME_DAY,NO,YES,INDETERMINATE_AFTER_REVIEW,NOT_PUBLICLY_SPECIFIED,CONDITION_SPECIFIC_ONLY_IF_SEPARABLE,,NOT_APPLICABLE,,NOT_APPLICABLE,NO,NO
NCT02116114,VLU_ACTIVE_TREATMENT,PROSPECTIVE_OR_SAME_DAY,NO,NO,NOT_PUBLICLY_SPECIFIED,NOT_PUBLICLY_SPECIFIED,COREVEN,0,ABSENT,1,ABSENT,NO,NO
NCT02119078,PI_TREATMENT,RETROSPECTIVE,NO,YES,PRESENT,NOT_PUBLICLY_SPECIFIED,PI_TREATMENT_DESCRIPTIVE,,NOT_APPLICABLE,,NOT_APPLICABLE,NO,NO
NCT02120820,PI_TREATMENT,RETROSPECTIVE,NO,NO,PRESENT,PRESENT,PI_TREATMENT_DESCRIPTIVE,,NOT_APPLICABLE,,NOT_APPLICABLE,NO,NO
NCT02127970,PI_TREATMENT,RETROSPECTIVE,YES,YES,NOT_PUBLICLY_SPECIFIED,NOT_PUBLICLY_SPECIFIED,PI_TREATMENT_DESCRIPTIVE,,NOT_APPLICABLE,,NOT_APPLICABLE,NO,NO
NCT02130310,VLU_ACTIVE_TREATMENT,PROSPECTIVE_OR_SAME_DAY,NO,YES,NOT_PUBLICLY_SPECIFIED,NOT_PUBLICLY_SPECIFIED,COREVEN,1,ABSENT,1,ABSENT,NO,NO
NCT02139436,PI_PREVENTION,RETROSPECTIVE,YES,NO,INDETERMINATE_AFTER_REVIEW,NOT_PUBLICLY_SPECIFIED,OUTPUTS,0,ABSENT,0,ABSENT,YES,YES
NCT02144610,VLU_ACTIVE_TREATMENT,PROSPECTIVE_OR_SAME_DAY,YES,YES,PRESENT,PRESENT,COREVEN,3,INDETERMINATE_AFTER_REVIEW,3,INDETERMINATE_AFTER_REVIEW,YES,YES
NCT02148302,MIXED_WOUND_EXPLICIT_TARGET,PROSPECTIVE_OR_SAME_DAY,YES,YES,NOT_PUBLICLY_SPECIFIED,NOT_PUBLICLY_SPECIFIED,CONDITION_SPECIFIC_ONLY_IF_SEPARABLE,,NOT_APPLICABLE,,NOT_APPLICABLE,YES,YES
NCT02154087,VLU_ACTIVE_TREATMENT,PROSPECTIVE_OR_SAME_DAY,YES,YES,NOT_PUBLICLY_SPECIFIED,NOT_PUBLICLY_SPECIFIED,COREVEN,0,ABSENT,0,ABSENT,YES,YES
NCT02158806,VLU_ACTIVE_TREATMENT,PROSPECTIVE_OR_SAME_DAY,YES,YES,NOT_PUBLICLY_SPECIFIED,NOT_PUBLICLY_SPECIFIED,COREVEN,1,ABSENT,3,ABSENT,NO,NO
NCT02167815,VLU_ACTIVE_TREATMENT,RETROSPECTIVE,YES,YES,NOT_PUBLICLY_SPECIFIED,NOT_PUBLICLY_SPECIFIED,COREVEN,0,ABSENT,2,ABSENT,YES,YES
NCT02179216,VLU_ACTIVE_TREATMENT,PROSPECTIVE_OR_SAME_DAY,NO,YES,PRESENT,NOT_PUBLICLY_SPECIFIED,COREVEN,0,ABSENT,0,ABSENT,NO,NO
NCT02184234,VLU_ACTIVE_TREATMENT,RETROSPECTIVE,NO,NO,NOT_PUBLICLY_SPECIFIED,NOT_PUBLICLY_SPECIFIED,COREVEN,1,ABSENT,2,ABSENT,NO,NO
NCT02184793,PI_TREATMENT,RETROSPECTIVE,NO,YES,INDETERMINATE_AFTER_REVIEW,NOT_PUBLICLY_SPECIFIED,PI_TREATMENT_DESCRIPTIVE,,NOT_APPLICABLE,,NOT_APPLICABLE,NO,NO
NCT02202135,PI_TREATMENT,RETROSPECTIVE,YES,YES,INDETERMINATE_AFTER_REVIEW,NOT_PUBLICLY_SPECIFIED,PI_TREATMENT_DESCRIPTIVE,,NOT_APPLICABLE,,NOT_APPLICABLE,NO,NO
NCT02203994,PI_TREATMENT,RETROSPECTIVE,NO,NO,PRESENT,NOT_PUBLICLY_SPECIFIED,PI_TREATMENT_DESCRIPTIVE,,NOT_APPLICABLE,,NOT_APPLICABLE,NO,NO
NCT02211898,VLU_ACTIVE_TREATMENT,RETROSPECTIVE,NO,YES,INDETERMINATE_AFTER_REVIEW,NOT_PUBLICLY_SPECIFIED,COREVEN,0,ABSENT,1,ABSENT,NO,NO
NCT02213952,VLU_RECURRENCE_PREVENTION,PROSPECTIVE_OR_SAME_DAY,NO,YES,NOT_PUBLICLY_SPECIFIED,NOT_PUBLICLY_SPECIFIED,VLU_RECURRENCE_DESCRIPTIVE,,NOT_APPLICABLE,,NOT_APPLICABLE,NO,NO
NCT02222454,PI_TREATMENT,RETROSPECTIVE,NO,YES,PRESENT,INDETERMINATE_AFTER_REVIEW,PI_TREATMENT_DESCRIPTIVE,,NOT_APPLICABLE,,NOT_APPLICABLE,NO,NO
NCT02222467,VLU_ACTIVE_TREATMENT,RETROSPECTIVE,NO,YES,PRESENT,INDETERMINATE_AFTER_REVIEW,COREVEN,1,ABSENT,2,ABSENT,NO,NO
NCT02222506,MIXED_WOUND_EXPLICIT_TARGET,RETROSPECTIVE,NO,YES,PRESENT,INDETERMINATE_AFTER_REVIEW,CONDITION_SPECIFIC_ONLY_IF_SEPARABLE,,NOT_APPLICABLE,,NOT_APPLICABLE,NO,NO
NCT02224300,VLU_ACTIVE_TREATMENT,RETROSPECTIVE,NO,YES,INDETERMINATE_AFTER_REVIEW,NOT_PUBLICLY_SPECIFIED,COREVEN,0,ABSENT,2,ABSENT,NO,NO
NCT02224404,PI_TREATMENT,PROSPECTIVE_OR_SAME_DAY,YES,YES,NOT_PUBLICLY_SPECIFIED,NOT_PUBLICLY_SPECIFIED,PI_TREATMENT_DESCRIPTIVE,,NOT_APPLICABLE,,NOT_APPLICABLE,NO,NO
NCT02224638,PI_TREATMENT,PROSPECTIVE_OR_SAME_DAY,YES,YES,NOT_PUBLICLY_SPECIFIED,NOT_PUBLICLY_SPECIFIED,PI_TREATMENT_DESCRIPTIVE,,NOT_APPLICABLE,,NOT_APPLICABLE,YES,YES
NCT02225028,PI_TREATMENT,PROSPECTIVE_OR_SAME_DAY,NO,NO,PRESENT,NOT_PUBLICLY_SPECIFIED,PI_TREATMENT_DESCRIPTIVE,,NOT_APPLICABLE,,NOT_APPLICABLE,NO,NO
NCT02236338,VLU_RECURRENCE_PREVENTION,RETROSPECTIVE,YES,YES,PRESENT,NOT_PUBLICLY_SPECIFIED,VLU_RECURRENCE_DESCRIPTIVE,,NOT_APPLICABLE,,NOT_APPLICABLE,NO,NO
NCT02237287,PI_TREATMENT,RETROSPECTIVE,NO,YES,NOT_PUBLICLY_SPECIFIED,NOT_PUBLICLY_SPECIFIED,PI_TREATMENT_DESCRIPTIVE,,NOT_APPLICABLE,,NOT_APPLICABLE,NO,NO
NCT02244931,PI_TREATMENT,RETROSPECTIVE,NO,NO,PRESENT,NOT_PUBLICLY_SPECIFIED,PI_TREATMENT_DESCRIPTIVE,,NOT_APPLICABLE,,NOT_APPLICABLE,NO,NO
NCT02248077,MIXED_WOUND_EXPLICIT_TARGET,PROSPECTIVE_OR_SAME_DAY,NO,YES,NOT_PUBLICLY_SPECIFIED,NOT_PUBLICLY_SPECIFIED,CONDITION_SPECIFIC_ONLY_IF_SEPARABLE,,NOT_APPLICABLE,,NOT_APPLICABLE,NO,NO
NCT02248740,VLU_RECURRENCE_PREVENTION,RETROSPECTIVE,YES,YES,PRESENT,NOT_PUBLICLY_SPECIFIED,VLU_RECURRENCE_DESCRIPTIVE,,NOT_APPLICABLE,,NOT_APPLICABLE,YES,YES
NCT02266771,MIXED_WOUND_EXPLICIT_TARGET,RETROSPECTIVE,NO,YES,NOT_PUBLICLY_SPECIFIED,NOT_PUBLICLY_SPECIFIED,CONDITION_SPECIFIC_ONLY_IF_SEPARABLE,,NOT_APPLICABLE,,NOT_APPLICABLE,NO,NO
NCT02270385,PI_PREVENTION,PROSPECTIVE_OR_SAME_DAY,NO,YES,PRESENT,NOT_PUBLICLY_SPECIFIED,OUTPUTS,0,INDETERMINATE_AFTER_REVIEW,0,INDETERMINATE_AFTER_REVIEW,NO,NO
NCT02272881,PI_TREATMENT,PROSPECTIVE_OR_SAME_DAY,NO,YES,INDETERMINATE_AFTER_REVIEW,NOT_PUBLICLY_SPECIFIED,PI_TREATMENT_DESCRIPTIVE,,NOT_APPLICABLE,,NOT_APPLICABLE,NO,NO
NCT02284373,VLU_ACTIVE_TREATMENT,RETROSPECTIVE,YES,YES,NOT_PUBLICLY_SPECIFIED,NOT_PUBLICLY_SPECIFIED,COREVEN,1,ABSENT,1,ABSENT,YES,YES
NCT02295735,PI_PREVENTION,PROSPECTIVE_OR_SAME_DAY,YES,YES,PRESENT,INDETERMINATE_AFTER_REVIEW,OUTPUTS,1,ABSENT,2,INDETERMINATE_AFTER_REVIEW,NO,NO
NCT02296697,PI_TREATMENT,PROSPECTIVE_OR_SAME_DAY,NO,YES,NOT_PUBLICLY_SPECIFIED,NOT_PUBLICLY_SPECIFIED,PI_TREATMENT_DESCRIPTIVE,,NOT_APPLICABLE,,NOT_APPLICABLE,NO,NO
NCT02300896,PI_PREVENTION,PROSPECTIVE_OR_SAME_DAY,NO,YES,PRESENT,NOT_PUBLICLY_SPECIFIED,OUTPUTS,0,ABSENT,1,INDETERMINATE_AFTER_REVIEW,NO,NO
NCT02307448,MIXED_WOUND_EXPLICIT_TARGET,PROSPECTIVE_OR_SAME_DAY,NO,YES,PRESENT,PRESENT,CONDITION_SPECIFIC_ONLY_IF_SEPARABLE,,NOT_APPLICABLE,,NOT_APPLICABLE,NO,NO
NCT02312518,VLU_ACTIVE_TREATMENT,PROSPECTIVE_OR_SAME_DAY,NO,YES,PRESENT,NOT_PUBLICLY_SPECIFIED,COREVEN,1,ABSENT,2,ABSENT,NO,NO
NCT02312570,PI_TREATMENT,PROSPECTIVE_OR_SAME_DAY,NO,YES,PRESENT,NOT_PUBLICLY_SPECIFIED,PI_TREATMENT_DESCRIPTIVE,,NOT_APPLICABLE,,NOT_APPLICABLE,NO,NO
NCT02313194,PI_TREATMENT,RETROSPECTIVE,NO,YES,NOT_PUBLICLY_SPECIFIED,NOT_PUBLICLY_SPECIFIED,PI_TREATMENT_DESCRIPTIVE,,NOT_APPLICABLE,,NOT_APPLICABLE,NO,NO
NCT02322125,PI_TREATMENT,RETROSPECTIVE,YES,NO,PRESENT,NOT_PUBLICLY_SPECIFIED,PI_TREATMENT_DESCRIPTIVE,,NOT_APPLICABLE,,NOT_APPLICABLE,NO,NO
NCT02324322,PI_PREVENTION,RETROSPECTIVE,NO,NO,PRESENT,INDETERMINATE_AFTER_REVIEW,OUTPUTS,1,ABSENT,1,ABSENT,NO,NO
NCT02325388,PI_TREATMENT,RETROSPECTIVE,NO,YES,PRESENT,INDETERMINATE_AFTER_REVIEW,PI_TREATMENT_DESCRIPTIVE,,NOT_APPLICABLE,,NOT_APPLICABLE,NO,NO
NCT02329652,PI_TREATMENT,RETROSPECTIVE,NO,YES,PRESENT,NOT_PUBLICLY_SPECIFIED,PI_TREATMENT_DESCRIPTIVE,,NOT_APPLICABLE,,NOT_APPLICABLE,NO,NO
NCT02331979,PI_TREATMENT,PROSPECTIVE_OR_SAME_DAY,NO,NO,NOT_PUBLICLY_SPECIFIED,NOT_PUBLICLY_SPECIFIED,PI_TREATMENT_DESCRIPTIVE,,NOT_APPLICABLE,,NOT_APPLICABLE,NO,NO
NCT02333123,VLU_ACTIVE_TREATMENT,PROSPECTIVE_OR_SAME_DAY,NO,YES,NOT_PUBLICLY_SPECIFIED,NOT_PUBLICLY_SPECIFIED,COREVEN,1,ABSENT,4,ABSENT,NO,NO
NCT02339233,PI_TREATMENT,RETROSPECTIVE,YES,NO,NOT_PUBLICLY_SPECIFIED,NOT_PUBLICLY_SPECIFIED,PI_TREATMENT_DESCRIPTIVE,,NOT_APPLICABLE,,NOT_APPLICABLE,YES,YES
NCT02342080,PI_TREATMENT,RETROSPECTIVE,NO,NO,PRESENT,NOT_PUBLICLY_SPECIFIED,PI_TREATMENT_DESCRIPTIVE,,NOT_APPLICABLE,,NOT_APPLICABLE,NO,NO
NCT02348294,PI_PREVENTION,PROSPECTIVE_OR_SAME_DAY,NO,NO,NOT_PUBLICLY_SPECIFIED,NOT_PUBLICLY_SPECIFIED,OUTPUTS,1,ABSENT,1,ABSENT,NO,NO
NCT02352454,VLU_ACTIVE_TREATMENT,PROSPECTIVE_OR_SAME_DAY,NO,YES,INDETERMINATE_AFTER_REVIEW,NOT_PUBLICLY_SPECIFIED,COREVEN,1,ABSENT,2,ABSENT,NO,NO
NCT02352467,PI_TREATMENT,PROSPECTIVE_OR_SAME_DAY,NO,YES,PRESENT,NOT_PUBLICLY_SPECIFIED,PI_TREATMENT_DESCRIPTIVE,,NOT_APPLICABLE,,NOT_APPLICABLE,NO,NO
NCT02355158,VLU_ACTIVE_TREATMENT,RETROSPECTIVE,YES,YES,INDETERMINATE_AFTER_REVIEW,INDETERMINATE_AFTER_REVIEW,COREVEN,1,ABSENT,1,ABSENT,NO,NO
NCT02360358,VLU_ACTIVE_TREATMENT,RETROSPECTIVE,NO,YES,PRESENT,NOT_PUBLICLY_SPECIFIED,COREVEN,1,ABSENT,3,ABSENT,NO,NO
NCT02363842,PI_TREATMENT,PROSPECTIVE_OR_SAME_DAY,NO,YES,INDETERMINATE_AFTER_REVIEW,INDETERMINATE_AFTER_REVIEW,PI_TREATMENT_DESCRIPTIVE,,NOT_APPLICABLE,,NOT_APPLICABLE,NO,NO
NCT02364921,VLU_ACTIVE_TREATMENT,RETROSPECTIVE,NO,YES,INDETERMINATE_AFTER_REVIEW,NOT_PUBLICLY_SPECIFIED,COREVEN,0,ABSENT,1,ABSENT,NO,NO
NCT02369770,PI_TREATMENT,PROSPECTIVE_OR_SAME_DAY,NO,NO,PRESENT,NOT_PUBLICLY_SPECIFIED,PI_TREATMENT_DESCRIPTIVE,,NOT_APPLICABLE,,NOT_APPLICABLE,NO,NO
NCT02371239,VLU_ACTIVE_TREATMENT,PROSPECTIVE_OR_SAME_DAY,NO,NO,INDETERMINATE_AFTER_REVIEW,NOT_PUBLICLY_SPECIFIED,COREVEN,0,ABSENT,0,ABSENT,NO,NO
NCT02373956,PI_TREATMENT,PROSPECTIVE_OR_SAME_DAY,NO,YES,INDETERMINATE_AFTER_REVIEW,INDETERMINATE_AFTER_REVIEW,PI_TREATMENT_DESCRIPTIVE,,NOT_APPLICABLE,,NOT_APPLICABLE,NO,NO
NCT02375802,MIXED_WOUND_EXPLICIT_TARGET,PROSPECTIVE_OR_SAME_DAY,NO,YES,INDETERMINATE_AFTER_REVIEW,INDETERMINATE_AFTER_REVIEW,CONDITION_SPECIFIC_ONLY_IF_SEPARABLE,,NOT_APPLICABLE,,NOT_APPLICABLE,NO,NO
NCT02380820,PI_PREVENTION,PROSPECTIVE_OR_SAME_DAY,NO,YES,NOT_PUBLICLY_SPECIFIED,NOT_PUBLICLY_SPECIFIED,OUTPUTS,0,ABSENT,0,INDETERMINATE_AFTER_REVIEW,NO,NO
NCT02382302,PI_TREATMENT,RETROSPECTIVE,NO,YES,NOT_PUBLICLY_SPECIFIED,NOT_PUBLICLY_SPECIFIED,PI_TREATMENT_DESCRIPTIVE,,NOT_APPLICABLE,,NOT_APPLICABLE,NO,NO
NCT02385942,PI_TREATMENT,RETROSPECTIVE,NO,YES,NOT_PUBLICLY_SPECIFIED,NOT_PUBLICLY_SPECIFIED,PI_TREATMENT_DESCRIPTIVE,,NOT_APPLICABLE,,NOT_APPLICABLE,NO,NO
NCT02394821,PI_TREATMENT,RETROSPECTIVE,NO,YES,PRESENT,NOT_PUBLICLY_SPECIFIED,PI_TREATMENT_DESCRIPTIVE,,NOT_APPLICABLE,,NOT_APPLICABLE,NO,NO
NCT02395302,VLU_ACTIVE_TREATMENT,RETROSPECTIVE,YES,YES,INDETERMINATE_AFTER_REVIEW,NOT_PUBLICLY_SPECIFIED,COREVEN,0,ABSENT,0,ABSENT,NO,NO
NCT02408991,MIXED_WOUND_EXPLICIT_TARGET,RETROSPECTIVE,NO,YES,PRESENT,NOT_PUBLICLY_SPECIFIED,CONDITION_SPECIFIC_ONLY_IF_SEPARABLE,,NOT_APPLICABLE,,NOT_APPLICABLE,NO,NO
NCT02412046,PI_TREATMENT,PROSPECTIVE_OR_SAME_DAY,NO,YES,PRESENT,NOT_PUBLICLY_SPECIFIED,PI_TREATMENT_DESCRIPTIVE,,NOT_APPLICABLE,,NOT_APPLICABLE,NO,NO
NCT02418676,PI_TREATMENT,RETROSPECTIVE,YES,NO,PRESENT,INDETERMINATE_AFTER_REVIEW,PI_TREATMENT_DESCRIPTIVE,,NOT_APPLICABLE,,NOT_APPLICABLE,NO,NO
NCT02419378,PI_TREATMENT,PROSPECTIVE_OR_SAME_DAY,NO,NO,INDETERMINATE_AFTER_REVIEW,NOT_PUBLICLY_SPECIFIED,PI_TREATMENT_DESCRIPTIVE,,NOT_APPLICABLE,,NOT_APPLICABLE,NO,NO
NCT02422017,VLU_ACTIVE_TREATMENT,RETROSPECTIVE,NO,YES,PRESENT,NOT_PUBLICLY_SPECIFIED,COREVEN,1,ABSENT,3,ABSENT,NO,NO
NCT02441179,PI_TREATMENT,RETROSPECTIVE,YES,YES,PRESENT,NOT_PUBLICLY_SPECIFIED,PI_TREATMENT_DESCRIPTIVE,,NOT_APPLICABLE,,NOT_APPLICABLE,NO,NO
NCT02458859,MIXED_WOUND_EXPLICIT_TARGET,PROSPECTIVE_OR_SAME_DAY,NO,YES,INDETERMINATE_AFTER_REVIEW,INDETERMINATE_AFTER_REVIEW,CONDITION_SPECIFIC_ONLY_IF_SEPARABLE,,NOT_APPLICABLE,,NOT_APPLICABLE,NO,NO
NCT02470806,MIXED_WOUND_EXPLICIT_TARGET,PROSPECTIVE_OR_SAME_DAY,YES,YES,INDETERMINATE_AFTER_REVIEW,NOT_PUBLICLY_SPECIFIED,CONDITION_SPECIFIC_ONLY_IF_SEPARABLE,,NOT_APPLICABLE,,NOT_APPLICABLE,NO,NO
NCT02472743,VLU_ACTIVE_TREATMENT,RETROSPECTIVE,NO,YES,NOT_PUBLICLY_SPECIFIED,NOT_PUBLICLY_SPECIFIED,COREVEN,1,ABSENT,1,ABSENT,NO,NO
NCT02474979,PI_PREVENTION,RETROSPECTIVE,NO,YES,PRESENT,NOT_PUBLICLY_SPECIFIED,OUTPUTS,0,ABSENT,1,ABSENT,NO,NO
NCT02475512,PI_PREVENTION,RETROSPECTIVE,NO,YES,PRESENT,INDETERMINATE_AFTER_REVIEW,OUTPUTS,0,ABSENT,2,ABSENT,NO,NO
NCT02479425,PI_PREVENTION,RETROSPECTIVE,NO,YES,PRESENT,NOT_PUBLICLY_SPECIFIED,OUTPUTS,0,INDETERMINATE_AFTER_REVIEW,0,INDETERMINATE_AFTER_REVIEW,NO,NO
NCT02482038,VLU_ACTIVE_TREATMENT,PROSPECTIVE_OR_SAME_DAY,NO,NO,INDETERMINATE_AFTER_REVIEW,NOT_PUBLICLY_SPECIFIED,COREVEN,0,ABSENT,1,ABSENT,NO,NO
NCT02482948,PI_PREVENTION,RETROSPECTIVE,NO,YES,INDETERMINATE_AFTER_REVIEW,INDETERMINATE_AFTER_REVIEW,OUTPUTS,0,ABSENT,0,ABSENT,NO,NO
NCT02483962,VLU_ACTIVE_TREATMENT,RETROSPECTIVE,NO,NO,INDETERMINATE_AFTER_REVIEW,NOT_PUBLICLY_SPECIFIED,COREVEN,0,ABSENT,0,ABSENT,NO,NO
NCT02485860,PI_TREATMENT,PROSPECTIVE_OR_SAME_DAY,YES,YES,NOT_PUBLICLY_SPECIFIED,NOT_PUBLICLY_SPECIFIED,PI_TREATMENT_DESCRIPTIVE,,NOT_APPLICABLE,,NOT_APPLICABLE,NO,NO
NCT02498327,VLU_ACTIVE_TREATMENT,RETROSPECTIVE,NO,NO,INDETERMINATE_AFTER_REVIEW,NOT_PUBLICLY_SPECIFIED,COREVEN,1,ABSENT,1,ABSENT,NO,NO
NCT02510365,PI_TREATMENT,RETROSPECTIVE,NO,NO,NOT_PUBLICLY_SPECIFIED,NOT_PUBLICLY_SPECIFIED,PI_TREATMENT_DESCRIPTIVE,,NOT_APPLICABLE,,NOT_APPLICABLE,NO,NO
NCT02512159,VLU_ACTIVE_TREATMENT,RETROSPECTIVE,NO,NO,INDETERMINATE_AFTER_REVIEW,NOT_PUBLICLY_SPECIFIED,COREVEN,0,ABSENT,0,ABSENT,NO,NO
NCT02519621,MIXED_WOUND_EXPLICIT_TARGET,PROSPECTIVE_OR_SAME_DAY,YES,YES,PRESENT,NOT_PUBLICLY_SPECIFIED,CONDITION_SPECIFIC_ONLY_IF_SEPARABLE,,NOT_APPLICABLE,,NOT_APPLICABLE,NO,NO
NCT02526862,PI_PREVENTION,RETROSPECTIVE,NO,YES,INDETERMINATE_AFTER_REVIEW,NOT_PUBLICLY_SPECIFIED,OUTPUTS,0,INDETERMINATE_AFTER_REVIEW,0,INDETERMINATE_AFTER_REVIEW,NO,NO
NCT02533726,PI_TREATMENT,RETROSPECTIVE,YES,YES,INDETERMINATE_AFTER_REVIEW,NOT_PUBLICLY_SPECIFIED,PI_TREATMENT_DESCRIPTIVE,,NOT_APPLICABLE,,NOT_APPLICABLE,NO,NO
NCT02533882,PI_TREATMENT,RETROSPECTIVE,NO,NO,PRESENT,NOT_PUBLICLY_SPECIFIED,PI_TREATMENT_DESCRIPTIVE,,NOT_APPLICABLE,,NOT_APPLICABLE,NO,NO
NCT02554058,PI_TREATMENT,PROSPECTIVE_OR_SAME_DAY,NO,NO,PRESENT,INDETERMINATE_AFTER_REVIEW,PI_TREATMENT_DESCRIPTIVE,,NOT_APPLICABLE,,NOT_APPLICABLE,NO,NO
NCT02559453,VLU_ACTIVE_TREATMENT,RETROSPECTIVE,NO,YES,NOT_PUBLICLY_SPECIFIED,NOT_PUBLICLY_SPECIFIED,COREVEN,0,ABSENT,0,ABSENT,NO,NO
NCT02561013,VLU_ACTIVE_TREATMENT,RETROSPECTIVE,NO,YES,INDETERMINATE_AFTER_REVIEW,NOT_PUBLICLY_SPECIFIED,COREVEN,1,ABSENT,2,ABSENT,NO,NO
NCT02562001,PI_TREATMENT,RETROSPECTIVE,NO,NO,PRESENT,NOT_PUBLICLY_SPECIFIED,PI_TREATMENT_DESCRIPTIVE,,NOT_APPLICABLE,,NOT_APPLICABLE,NO,NO
NCT02565745,PI_PREVENTION,PROSPECTIVE_OR_SAME_DAY,NO,YES,INDETERMINATE_AFTER_REVIEW,NOT_PUBLICLY_SPECIFIED,OUTPUTS,1,ABSENT,1,ABSENT,NO,NO
NCT02565797,PI_TREATMENT,PROSPECTIVE_OR_SAME_DAY,NO,YES,INDETERMINATE_AFTER_REVIEW,NOT_PUBLICLY_SPECIFIED,PI_TREATMENT_DESCRIPTIVE,,NOT_APPLICABLE,,NOT_APPLICABLE,NO,NO
NCT02570139,PI_TREATMENT,RETROSPECTIVE,YES,YES,PRESENT,PRESENT,PI_TREATMENT_DESCRIPTIVE,,NOT_APPLICABLE,,NOT_APPLICABLE,NO,NO
NCT02577120,MIXED_WOUND_EXPLICIT_TARGET,PROSPECTIVE_OR_SAME_DAY,NO,YES,NOT_PUBLICLY_SPECIFIED,NOT_PUBLICLY_SPECIFIED,CONDITION_SPECIFIC_ONLY_IF_SEPARABLE,,NOT_APPLICABLE,,NOT_APPLICABLE,NO,NO
NCT02577900,MIXED_WOUND_EXPLICIT_TARGET,RETROSPECTIVE,YES,YES,NOT_PUBLICLY_SPECIFIED,NOT_PUBLICLY_SPECIFIED,CONDITION_SPECIFIC_ONLY_IF_SEPARABLE,,NOT_APPLICABLE,,NOT_APPLICABLE,YES,YES
NCT02578823,MIXED_WOUND_EXPLICIT_TARGET,PROSPECTIVE_OR_SAME_DAY,NO,NO,PRESENT,INDETERMINATE_AFTER_REVIEW,CONDITION_SPECIFIC_ONLY_IF_SEPARABLE,,NOT_APPLICABLE,,NOT_APPLICABLE,NO,NO
NCT02583958,VLU_ACTIVE_TREATMENT,RETROSPECTIVE,NO,YES,NOT_PUBLICLY_SPECIFIED,NOT_PUBLICLY_SPECIFIED,COREVEN,0,ABSENT,2,ABSENT,NO,NO
NCT02584335,PI_TREATMENT,RETROSPECTIVE,NO,YES,NOT_PUBLICLY_SPECIFIED,NOT_PUBLICLY_SPECIFIED,PI_TREATMENT_DESCRIPTIVE,,NOT_APPLICABLE,,NOT_APPLICABLE,NO,NO
NCT02584426,PI_TREATMENT,PROSPECTIVE_OR_SAME_DAY,NO,NO,PRESENT,NOT_PUBLICLY_SPECIFIED,PI_TREATMENT_DESCRIPTIVE,,NOT_APPLICABLE,,NOT_APPLICABLE,NO,NO
NCT02585765,PI_TREATMENT,PROSPECTIVE_OR_SAME_DAY,NO,NO,PRESENT,NOT_PUBLICLY_SPECIFIED,PI_TREATMENT_DESCRIPTIVE,,NOT_APPLICABLE,,NOT_APPLICABLE,NO,NO
NCT02586142,PI_TREATMENT,RETROSPECTIVE,NO,INDETERMINATE_AFTER_REVIEW,PRESENT,NOT_PUBLICLY_SPECIFIED,PI_TREATMENT_DESCRIPTIVE,,NOT_APPLICABLE,,NOT_APPLICABLE,NO,NO
NCT02587130,PI_TREATMENT,PROSPECTIVE_OR_SAME_DAY,NO,YES,PRESENT,INDETERMINATE_AFTER_REVIEW,PI_TREATMENT_DESCRIPTIVE,,NOT_APPLICABLE,,NOT_APPLICABLE,NO,NO
NCT02591537,MIXED_WOUND_EXPLICIT_TARGET,RETROSPECTIVE,YES,YES,INDETERMINATE_AFTER_REVIEW,NOT_PUBLICLY_SPECIFIED,CONDITION_SPECIFIC_ONLY_IF_SEPARABLE,,NOT_APPLICABLE,,NOT_APPLICABLE,NO,NO
NCT02600611,MIXED_WOUND_EXPLICIT_TARGET,RETROSPECTIVE,YES,YES,NOT_PUBLICLY_SPECIFIED,NOT_PUBLICLY_SPECIFIED,CONDITION_SPECIFIC_ONLY_IF_SEPARABLE,,NOT_APPLICABLE,,NOT_APPLICABLE,YES,YES
NCT02607618,MIXED_WOUND_EXPLICIT_TARGET,RETROSPECTIVE,YES,YES,NOT_PUBLICLY_SPECIFIED,NOT_PUBLICLY_SPECIFIED,CONDITION_SPECIFIC_ONLY_IF_SEPARABLE,,NOT_APPLICABLE,,NOT_APPLICABLE,YES,YES
NCT02609594,VLU_ACTIVE_TREATMENT,RETROSPECTIVE,NO,YES,NOT_PUBLICLY_SPECIFIED,NOT_PUBLICLY_SPECIFIED,COREVEN,1,ABSENT,4,ABSENT,NO,NO
NCT02619409,PI_TREATMENT,PROSPECTIVE_OR_SAME_DAY,YES,YES,NOT_PUBLICLY_SPECIFIED,NOT_PUBLICLY_SPECIFIED,PI_TREATMENT_DESCRIPTIVE,,NOT_APPLICABLE,,NOT_APPLICABLE,NO,NO
NCT02621632,VLU_ACTIVE_TREATMENT,RETROSPECTIVE,NO,YES,NOT_PUBLICLY_SPECIFIED,NOT_PUBLICLY_SPECIFIED,COREVEN,0,ABSENT,0,ABSENT,NO,NO
NCT02622295,PI_PREVENTION,RETROSPECTIVE,YES,NO,NOT_PUBLICLY_SPECIFIED,NOT_PUBLICLY_SPECIFIED,OUTPUTS,0,ABSENT,0,ABSENT,YES,YES
NCT02626156,MIXED_WOUND_EXPLICIT_TARGET,RETROSPECTIVE,YES,YES,PRESENT,NOT_PUBLICLY_SPECIFIED,CONDITION_SPECIFIC_ONLY_IF_SEPARABLE,,NOT_APPLICABLE,,NOT_APPLICABLE,NO,NO
NCT02632695,VLU_ACTIVE_TREATMENT,RETROSPECTIVE,NO,YES,PRESENT,NOT_PUBLICLY_SPECIFIED,COREVEN,1,INDETERMINATE_AFTER_REVIEW,2,INDETERMINATE_AFTER_REVIEW,NO,NO
NCT02634892,PI_TREATMENT,PROSPECTIVE_OR_SAME_DAY,NO,YES,PRESENT,NOT_PUBLICLY_SPECIFIED,PI_TREATMENT_DESCRIPTIVE,,NOT_APPLICABLE,,NOT_APPLICABLE,NO,NO
NCT02650440,PI_PREVENTION,RETROSPECTIVE,YES,YES,PRESENT,NOT_PUBLICLY_SPECIFIED,OUTPUTS,1,ABSENT,1,ABSENT,YES,YES
NCT02652169,MIXED_WOUND_EXPLICIT_TARGET,RETROSPECTIVE,NO,YES,NOT_PUBLICLY_SPECIFIED,NOT_PUBLICLY_SPECIFIED,CONDITION_SPECIFIC_ONLY_IF_SEPARABLE,,NOT_APPLICABLE,,NOT_APPLICABLE,NO,NO
NCT02652572,VLU_ACTIVE_TREATMENT,RETROSPECTIVE,NO,YES,INDETERMINATE_AFTER_REVIEW,NOT_PUBLICLY_SPECIFIED,COREVEN,0,ABSENT,0,ABSENT,NO,NO
NCT02658656,PI_TREATMENT,PROSPECTIVE_OR_SAME_DAY,YES,YES,PRESENT,NOT_PUBLICLY_SPECIFIED,PI_TREATMENT_DESCRIPTIVE,,NOT_APPLICABLE,,NOT_APPLICABLE,NO,NO
NCT02662127,VLU_ACTIVE_TREATMENT,PROSPECTIVE_OR_SAME_DAY,NO,YES,INDETERMINATE_AFTER_REVIEW,INDETERMINATE_AFTER_REVIEW,COREVEN,0,ABSENT,0,ABSENT,NO,NO
NCT02680834,VLU_ACTIVE_TREATMENT,RETROSPECTIVE,YES,YES,NOT_PUBLICLY_SPECIFIED,NOT_PUBLICLY_SPECIFIED,COREVEN,1,ABSENT,2,ABSENT,NO,NO
NCT02682069,MIXED_WOUND_EXPLICIT_TARGET,RETROSPECTIVE,YES,YES,NOT_PUBLICLY_SPECIFIED,NOT_PUBLICLY_SPECIFIED,CONDITION_SPECIFIC_ONLY_IF_SEPARABLE,,NOT_APPLICABLE,,NOT_APPLICABLE,YES,YES
NCT02685033,MIXED_WOUND_EXPLICIT_TARGET,PROSPECTIVE_OR_SAME_DAY,YES,YES,NOT_PUBLICLY_SPECIFIED,NOT_PUBLICLY_SPECIFIED,CONDITION_SPECIFIC_ONLY_IF_SEPARABLE,,NOT_APPLICABLE,,NOT_APPLICABLE,NO,NO
NCT02689310,PI_TREATMENT,PROSPECTIVE_OR_SAME_DAY,NO,YES,PRESENT,INDETERMINATE_AFTER_REVIEW,PI_TREATMENT_DESCRIPTIVE,,NOT_APPLICABLE,,NOT_APPLICABLE,NO,NO
NCT02689817,PI_TREATMENT,PROSPECTIVE_OR_SAME_DAY,NO,YES,PRESENT,NOT_PUBLICLY_SPECIFIED,PI_TREATMENT_DESCRIPTIVE,,NOT_APPLICABLE,,NOT_APPLICABLE,NO,NO
NCT02690753,PI_PREVENTION,PROSPECTIVE_OR_SAME_DAY,NO,YES,PRESENT,INDETERMINATE_AFTER_REVIEW,OUTPUTS,1,ABSENT,2,ABSENT,NO,NO
NCT02692482,PI_PREVENTION,PROSPECTIVE_OR_SAME_DAY,YES,YES,NOT_PUBLICLY_SPECIFIED,NOT_PUBLICLY_SPECIFIED,OUTPUTS,0,ABSENT,0,ABSENT,NO,NO
NCT02694302,PI_TREATMENT,RETROSPECTIVE,NO,NO,PRESENT,NOT_PUBLICLY_SPECIFIED,PI_TREATMENT_DESCRIPTIVE,,NOT_APPLICABLE,,NOT_APPLICABLE,NO,NO
NCT02701101,PI_TREATMENT,PROSPECTIVE_OR_SAME_DAY,YES,YES,PRESENT,NOT_PUBLICLY_SPECIFIED,PI_TREATMENT_DESCRIPTIVE,,NOT_APPLICABLE,,NOT_APPLICABLE,YES,NO
NCT02711839,PI_TREATMENT,RETROSPECTIVE,YES,NO,PRESENT,NOT_PUBLICLY_SPECIFIED,PI_TREATMENT_DESCRIPTIVE,,NOT_APPLICABLE,,NOT_APPLICABLE,NO,NO
NCT02716519,MIXED_WOUND_EXPLICIT_TARGET,PROSPECTIVE_OR_SAME_DAY,NO,YES,INDETERMINATE_AFTER_REVIEW,INDETERMINATE_AFTER_REVIEW,CONDITION_SPECIFIC_ONLY_IF_SEPARABLE,,NOT_APPLICABLE,,NOT_APPLICABLE,NO,NO
NCT02718625,PI_TREATMENT,PROSPECTIVE_OR_SAME_DAY,YES,YES,PRESENT,NOT_PUBLICLY_SPECIFIED,PI_TREATMENT_DESCRIPTIVE,,NOT_APPLICABLE,,NOT_APPLICABLE,NO,NO
NCT02724449,PI_TREATMENT,RETROSPECTIVE,YES,YES,NOT_PUBLICLY_SPECIFIED,NOT_PUBLICLY_SPECIFIED,PI_TREATMENT_DESCRIPTIVE,,NOT_APPLICABLE,,NOT_APPLICABLE,YES,YES
NCT02728986,VLU_ACTIVE_TREATMENT,RETROSPECTIVE,NO,INDETERMINATE_AFTER_REVIEW,PRESENT,NOT_PUBLICLY_SPECIFIED,COREVEN,1,ABSENT,4,ABSENT,NO,NO
NCT02729688,VLU_ACTIVE_TREATMENT,RETROSPECTIVE,NO,NO,NOT_PUBLICLY_SPECIFIED,NOT_PUBLICLY_SPECIFIED,COREVEN,0,ABSENT,0,ABSENT,NO,NO
NCT02732548,MIXED_WOUND_EXPLICIT_TARGET,RETROSPECTIVE,NO,YES,PRESENT,NOT_PUBLICLY_SPECIFIED,CONDITION_SPECIFIC_ONLY_IF_SEPARABLE,,NOT_APPLICABLE,,NOT_APPLICABLE,NO,NO
NCT02735135,PI_PREVENTION,PROSPECTIVE_OR_SAME_DAY,NO,YES,NOT_PUBLICLY_SPECIFIED,NOT_PUBLICLY_SPECIFIED,OUTPUTS,0,ABSENT,0,INDETERMINATE_AFTER_REVIEW,NO,NO
NCT02735460,PI_TREATMENT,RETROSPECTIVE,NO,YES,PRESENT,NOT_PUBLICLY_SPECIFIED,PI_TREATMENT_DESCRIPTIVE,,NOT_APPLICABLE,,NOT_APPLICABLE,NO,NO
NCT02742844,VLU_ACTIVE_TREATMENT,PROSPECTIVE_OR_SAME_DAY,NO,YES,INDETERMINATE_AFTER_REVIEW,NOT_PUBLICLY_SPECIFIED,COREVEN,2,ABSENT,4,ABSENT,NO,NO
NCT02763904,PI_TREATMENT,PROSPECTIVE_OR_SAME_DAY,NO,YES,PRESENT,NOT_PUBLICLY_SPECIFIED,PI_TREATMENT_DESCRIPTIVE,,NOT_APPLICABLE,,NOT_APPLICABLE,NO,NO
NCT02782689,VLU_RECURRENCE_PREVENTION,RETROSPECTIVE,NO,YES,NOT_PUBLICLY_SPECIFIED,NOT_PUBLICLY_SPECIFIED,VLU_RECURRENCE_DESCRIPTIVE,,NOT_APPLICABLE,,NOT_APPLICABLE,NO,NO
NCT02790593,VLU_ACTIVE_TREATMENT,PROSPECTIVE_OR_SAME_DAY,NO,YES,PRESENT,NOT_PUBLICLY_SPECIFIED,COREVEN,0,ABSENT,2,ABSENT,NO,NO
NCT02798445,VLU_ACTIVE_TREATMENT,PROSPECTIVE_OR_SAME_DAY,NO,YES,NOT_PUBLICLY_SPECIFIED,NOT_PUBLICLY_SPECIFIED,COREVEN,0,ABSENT,0,ABSENT,NO,NO
NCT02800915,PI_TREATMENT,RETROSPECTIVE,NO,YES,INDETERMINATE_AFTER_REVIEW,NOT_PUBLICLY_SPECIFIED,PI_TREATMENT_DESCRIPTIVE,,NOT_APPLICABLE,,NOT_APPLICABLE,NO,NO
NCT02802852,MIXED_WOUND_EXPLICIT_TARGET,PROSPECTIVE_OR_SAME_DAY,NO,YES,PRESENT,NOT_PUBLICLY_SPECIFIED,CONDITION_SPECIFIC_ONLY_IF_SEPARABLE,,NOT_APPLICABLE,,NOT_APPLICABLE,NO,NO
NCT02802995,VLU_ACTIVE_TREATMENT,RETROSPECTIVE,NO,NO,PRESENT,NOT_PUBLICLY_SPECIFIED,COREVEN,1,ABSENT,1,ABSENT,NO,NO
NCT02811965,PI_PREVENTION,RETROSPECTIVE,YES,YES,INDETERMINATE_AFTER_REVIEW,NOT_PUBLICLY_SPECIFIED,OUTPUTS,0,ABSENT,0,ABSENT,YES,YES
NCT02814513,PI_PREVENTION,RETROSPECTIVE,NO,NO,PRESENT,NOT_PUBLICLY_SPECIFIED,OUTPUTS,2,ABSENT,2,ABSENT,NO,NO
NCT02838784,MIXED_WOUND_EXPLICIT_TARGET,PROSPECTIVE_OR_SAME_DAY,NO,YES,NOT_PUBLICLY_SPECIFIED,NOT_PUBLICLY_SPECIFIED,CONDITION_SPECIFIC_ONLY_IF_SEPARABLE,,NOT_APPLICABLE,,NOT_APPLICABLE,NO,NO
NCT02839226,MIXED_WOUND_EXPLICIT_TARGET,PROSPECTIVE_OR_SAME_DAY,NO,YES,PRESENT,NOT_PUBLICLY_SPECIFIED,CONDITION_SPECIFIC_ONLY_IF_SEPARABLE,,NOT_APPLICABLE,,NOT_APPLICABLE,NO,NO
NCT02840318,PI_TREATMENT,RETROSPECTIVE,NO,YES,PRESENT,NOT_PUBLICLY_SPECIFIED,PI_TREATMENT_DESCRIPTIVE,,NOT_APPLICABLE,,NOT_APPLICABLE,NO,NO
NCT02844166,PI_PREVENTION,RETROSPECTIVE,NO,YES,INDETERMINATE_AFTER_REVIEW,NOT_PUBLICLY_SPECIFIED,OUTPUTS,0,ABSENT,2,ABSENT,NO,NO
NCT02845466,MIXED_WOUND_EXPLICIT_TARGET,PROSPECTIVE_OR_SAME_DAY,NO,YES,PRESENT,NOT_PUBLICLY_SPECIFIED,CONDITION_SPECIFIC_ONLY_IF_SEPARABLE,,NOT_APPLICABLE,,NOT_APPLICABLE,NO,NO
NCT02852148,MIXED_WOUND_EXPLICIT_TARGET,PROSPECTIVE_OR_SAME_DAY,NO,YES,NOT_PUBLICLY_SPECIFIED,NOT_PUBLICLY_SPECIFIED,CONDITION_SPECIFIC_ONLY_IF_SEPARABLE,,NOT_APPLICABLE,,NOT_APPLICABLE,NO,NO
NCT02853149,PI_TREATMENT,RETROSPECTIVE,NO,NO,PRESENT,INDETERMINATE_AFTER_REVIEW,PI_TREATMENT_DESCRIPTIVE,,NOT_APPLICABLE,,NOT_APPLICABLE,NO,NO
NCT02859792,PI_TREATMENT,PROSPECTIVE_OR_SAME_DAY,NO,NO,NOT_PUBLICLY_SPECIFIED,NOT_PUBLICLY_SPECIFIED,PI_TREATMENT_DESCRIPTIVE,,NOT_APPLICABLE,,NOT_APPLICABLE,NO,NO
NCT02861560,PI_TREATMENT,RETROSPECTIVE,NO,YES,NOT_PUBLICLY_SPECIFIED,NOT_PUBLICLY_SPECIFIED,PI_TREATMENT_DESCRIPTIVE,,NOT_APPLICABLE,,NOT_APPLICABLE,NO,NO
NCT02862080,PI_TREATMENT,PROSPECTIVE_OR_SAME_DAY,YES,YES,PRESENT,NOT_PUBLICLY_SPECIFIED,PI_TREATMENT_DESCRIPTIVE,,NOT_APPLICABLE,,NOT_APPLICABLE,NO,NO
NCT02863263,PI_TREATMENT,RETROSPECTIVE,YES,YES,PRESENT,INDETERMINATE_AFTER_REVIEW,PI_TREATMENT_DESCRIPTIVE,,NOT_APPLICABLE,,NOT_APPLICABLE,YES,YES
NCT02865343,PI_TREATMENT,PROSPECTIVE_OR_SAME_DAY,YES,NO,NOT_PUBLICLY_SPECIFIED,NOT_PUBLICLY_SPECIFIED,PI_TREATMENT_DESCRIPTIVE,,NOT_APPLICABLE,,NOT_APPLICABLE,YES,YES
NCT02873728,MIXED_WOUND_EXPLICIT_TARGET,PROSPECTIVE_OR_SAME_DAY,NO,YES,NOT_PUBLICLY_SPECIFIED,NOT_PUBLICLY_SPECIFIED,CONDITION_SPECIFIC_ONLY_IF_SEPARABLE,,NOT_APPLICABLE,,NOT_APPLICABLE,NO,NO
NCT02875665,VLU_ACTIVE_TREATMENT,RETROSPECTIVE,NO,YES,NOT_PUBLICLY_SPECIFIED,NOT_PUBLICLY_SPECIFIED,COREVEN,0,ABSENT,0,ABSENT,NO,NO
NCT02876666,PI_PREVENTION,PROSPECTIVE_OR_SAME_DAY,NO,YES,PRESENT,NOT_PUBLICLY_SPECIFIED,OUTPUTS,1,ABSENT,2,ABSENT,NO,NO
NCT02888899,VLU_ACTIVE_TREATMENT,RETROSPECTIVE,NO,YES,NOT_PUBLICLY_SPECIFIED,NOT_PUBLICLY_SPECIFIED,COREVEN,0,ABSENT,0,ABSENT,NO,NO
NCT02889926,VLU_ACTIVE_TREATMENT,PROSPECTIVE_OR_SAME_DAY,NO,YES,INDETERMINATE_AFTER_REVIEW,NOT_PUBLICLY_SPECIFIED,COREVEN,2,ABSENT,2,ABSENT,NO,NO
NCT02896725,VLU_ACTIVE_TREATMENT,PROSPECTIVE_OR_SAME_DAY,NO,YES,NOT_PUBLICLY_SPECIFIED,NOT_PUBLICLY_SPECIFIED,COREVEN,1,ABSENT,3,ABSENT,NO,NO
NCT02904200,MIXED_WOUND_EXPLICIT_TARGET,PROSPECTIVE_OR_SAME_DAY,YES,YES,NOT_PUBLICLY_SPECIFIED,NOT_PUBLICLY_SPECIFIED,CONDITION_SPECIFIC_ONLY_IF_SEPARABLE,,NOT_APPLICABLE,,NOT_APPLICABLE,YES,YES
NCT02912858,VLU_ACTIVE_TREATMENT,PROSPECTIVE_OR_SAME_DAY,NO,YES,INDETERMINATE_AFTER_REVIEW,NOT_PUBLICLY_SPECIFIED,COREVEN,0,ABSENT,1,ABSENT,NO,NO
NCT02921750,VLU_ACTIVE_TREATMENT,PROSPECTIVE_OR_SAME_DAY,YES,YES,NOT_PUBLICLY_SPECIFIED,NOT_PUBLICLY_SPECIFIED,COREVEN,1,ABSENT,2,INDETERMINATE_AFTER_REVIEW,YES,YES
NCT02925741,PI_PREVENTION,RETROSPECTIVE,YES,YES,PRESENT,NOT_PUBLICLY_SPECIFIED,OUTPUTS,1,ABSENT,1,ABSENT,NO,NO
NCT02929056,VLU_ACTIVE_TREATMENT,PROSPECTIVE_OR_SAME_DAY,YES,YES,INDETERMINATE_AFTER_REVIEW,INDETERMINATE_AFTER_REVIEW,COREVEN,1,ABSENT,2,ABSENT,YES,YES
NCT02930499,VLU_RECURRENCE_PREVENTION,RETROSPECTIVE,NO,YES,INDETERMINATE_AFTER_REVIEW,INDETERMINATE_AFTER_REVIEW,VLU_RECURRENCE_DESCRIPTIVE,,NOT_APPLICABLE,,NOT_APPLICABLE,NO,NO
NCT02930590,PI_PREVENTION,RETROSPECTIVE,YES,NO,PRESENT,NOT_PUBLICLY_SPECIFIED,OUTPUTS,0,ABSENT,1,ABSENT,NO,NO
NCT02936128,VLU_ACTIVE_TREATMENT,RETROSPECTIVE,NO,NO,NOT_PUBLICLY_SPECIFIED,NOT_PUBLICLY_SPECIFIED,COREVEN,1,ABSENT,1,ABSENT,NO,NO
NCT02940587,VLU_ACTIVE_TREATMENT,RETROSPECTIVE,NO,YES,INDETERMINATE_AFTER_REVIEW,NOT_PUBLICLY_SPECIFIED,COREVEN,1,ABSENT,2,ABSENT,NO,NO
NCT02946021,MIXED_WOUND_EXPLICIT_TARGET,RETROSPECTIVE,YES,YES,NOT_PUBLICLY_SPECIFIED,NOT_PUBLICLY_SPECIFIED,CONDITION_SPECIFIC_ONLY_IF_SEPARABLE,,NOT_APPLICABLE,,NOT_APPLICABLE,YES,YES
NCT02952573,MIXED_WOUND_EXPLICIT_TARGET,PROSPECTIVE_OR_SAME_DAY,NO,YES,PRESENT,NOT_PUBLICLY_SPECIFIED,CONDITION_SPECIFIC_ONLY_IF_SEPARABLE,,NOT_APPLICABLE,,NOT_APPLICABLE,NO,NO
NCT02952664,PI_PREVENTION,PROSPECTIVE_OR_SAME_DAY,NO,YES,PRESENT,NOT_PUBLICLY_SPECIFIED,OUTPUTS,0,ABSENT,0,ABSENT,NO,NO
NCT02958072,VLU_ACTIVE_TREATMENT,PROSPECTIVE_OR_SAME_DAY,NO,YES,NOT_PUBLICLY_SPECIFIED,NOT_PUBLICLY_SPECIFIED,COREVEN,0,ABSENT,3,ABSENT,NO,NO
NCT02960178,PI_PREVENTION,PROSPECTIVE_OR_SAME_DAY,NO,YES,PRESENT,NOT_PUBLICLY_SPECIFIED,OUTPUTS,0,ABSENT,1,ABSENT,NO,NO
NCT02961699,VLU_ACTIVE_TREATMENT,PROSPECTIVE_OR_SAME_DAY,NO,YES,INDETERMINATE_AFTER_REVIEW,INDETERMINATE_AFTER_REVIEW,COREVEN,2,ABSENT,3,INDETERMINATE_AFTER_REVIEW,NO,NO
NCT02962882,PI_TREATMENT,PROSPECTIVE_OR_SAME_DAY,YES,YES,INDETERMINATE_AFTER_REVIEW,INDETERMINATE_AFTER_REVIEW,PI_TREATMENT_DESCRIPTIVE,,NOT_APPLICABLE,,NOT_APPLICABLE,NO,NO
NCT02963649,PI_TREATMENT,PROSPECTIVE_OR_SAME_DAY,YES,YES,PRESENT,NOT_PUBLICLY_SPECIFIED,PI_TREATMENT_DESCRIPTIVE,,NOT_APPLICABLE,,NOT_APPLICABLE,YES,NO
NCT02969343,PI_TREATMENT,RETROSPECTIVE,NO,YES,PRESENT,NOT_PUBLICLY_SPECIFIED,PI_TREATMENT_DESCRIPTIVE,,NOT_APPLICABLE,,NOT_APPLICABLE,NO,NO
NCT02973893,VLU_ACTIVE_TREATMENT,RETROSPECTIVE,NO,YES,NOT_PUBLICLY_SPECIFIED,NOT_PUBLICLY_SPECIFIED,COREVEN,0,ABSENT,3,ABSENT,NO,NO
NCT02978638,PI_TREATMENT,RETROSPECTIVE,NO,YES,NOT_PUBLICLY_SPECIFIED,NOT_PUBLICLY_SPECIFIED,PI_TREATMENT_DESCRIPTIVE,,NOT_APPLICABLE,,NOT_APPLICABLE,NO,NO
NCT02983955,PI_TREATMENT,RETROSPECTIVE,NO,NO,PRESENT,NOT_PUBLICLY_SPECIFIED,PI_TREATMENT_DESCRIPTIVE,,NOT_APPLICABLE,,NOT_APPLICABLE,NO,NO
NCT02988063,VLU_ACTIVE_TREATMENT,PROSPECTIVE_OR_SAME_DAY,NO,YES,PRESENT,NOT_PUBLICLY_SPECIFIED,COREVEN,1,ABSENT,2,ABSENT,NO,NO
NCT02991833,PI_PREVENTION,RETROSPECTIVE,NO,YES,PRESENT,NOT_PUBLICLY_SPECIFIED,OUTPUTS,0,ABSENT,0,ABSENT,NO,NO
NCT02996331,PI_PREVENTION,PROSPECTIVE_OR_SAME_DAY,NO,INDETERMINATE_AFTER_REVIEW,PRESENT,NOT_PUBLICLY_SPECIFIED,OUTPUTS,1,ABSENT,1,ABSENT,NO,NO
NCT03004144,PI_TREATMENT,PROSPECTIVE_OR_SAME_DAY,NO,YES,PRESENT,NOT_PUBLICLY_SPECIFIED,PI_TREATMENT_DESCRIPTIVE,,NOT_APPLICABLE,,NOT_APPLICABLE,NO,NO
NCT03011099,PI_TREATMENT,RETROSPECTIVE,YES,YES,PRESENT,NOT_PUBLICLY_SPECIFIED,PI_TREATMENT_DESCRIPTIVE,,NOT_APPLICABLE,,NOT_APPLICABLE,YES,YES
NCT03020446,VLU_ACTIVE_TREATMENT,RETROSPECTIVE,YES,YES,NOT_PUBLICLY_SPECIFIED,NOT_PUBLICLY_SPECIFIED,COREVEN,1,ABSENT,1,ABSENT,YES,YES
NCT03021811,MIXED_WOUND_EXPLICIT_TARGET,RETROSPECTIVE,NO,YES,NOT_PUBLICLY_SPECIFIED,NOT_PUBLICLY_SPECIFIED,CONDITION_SPECIFIC_ONLY_IF_SEPARABLE,,NOT_APPLICABLE,,NOT_APPLICABLE,NO,NO
NCT03026816,PI_PREVENTION,PROSPECTIVE_OR_SAME_DAY,NO,YES,NOT_PUBLICLY_SPECIFIED,NOT_PUBLICLY_SPECIFIED,OUTPUTS,0,ABSENT,0,ABSENT,NO,NO
NCT03036527,PI_TREATMENT,RETROSPECTIVE,YES,YES,PRESENT,NOT_PUBLICLY_SPECIFIED,PI_TREATMENT_DESCRIPTIVE,,NOT_APPLICABLE,,NOT_APPLICABLE,NO,NO
NCT03038490,PI_TREATMENT,RETROSPECTIVE,NO,YES,PRESENT,NOT_PUBLICLY_SPECIFIED,PI_TREATMENT_DESCRIPTIVE,,NOT_APPLICABLE,,NOT_APPLICABLE,NO,NO
NCT03041844,MIXED_WOUND_EXPLICIT_TARGET,RETROSPECTIVE,NO,YES,PRESENT,NOT_PUBLICLY_SPECIFIED,CONDITION_SPECIFIC_ONLY_IF_SEPARABLE,,NOT_APPLICABLE,,NOT_APPLICABLE,NO,NO
NCT03046810,PI_TREATMENT,PROSPECTIVE_OR_SAME_DAY,NO,YES,PRESENT,INDETERMINATE_AFTER_REVIEW,PI_TREATMENT_DESCRIPTIVE,,NOT_APPLICABLE,,NOT_APPLICABLE,NO,NO
NCT03048357,PI_PREVENTION,RETROSPECTIVE,NO,YES,INDETERMINATE_AFTER_REVIEW,INDETERMINATE_AFTER_REVIEW,OUTPUTS,1,ABSENT,1,ABSENT,NO,NO
NCT03057652,PI_TREATMENT,RETROSPECTIVE,NO,YES,PRESENT,NOT_PUBLICLY_SPECIFIED,PI_TREATMENT_DESCRIPTIVE,,NOT_APPLICABLE,,NOT_APPLICABLE,NO,NO
NCT03077165,VLU_ACTIVE_TREATMENT,PROSPECTIVE_OR_SAME_DAY,YES,YES,INDETERMINATE_AFTER_REVIEW,NOT_PUBLICLY_SPECIFIED,COREVEN,1,ABSENT,2,ABSENT,YES,YES
NCT03091439,MIXED_WOUND_EXPLICIT_TARGET,PROSPECTIVE_OR_SAME_DAY,YES,YES,NOT_PUBLICLY_SPECIFIED,NOT_PUBLICLY_SPECIFIED,CONDITION_SPECIFIC_ONLY_IF_SEPARABLE,,NOT_APPLICABLE,,NOT_APPLICABLE,NO,NO
NCT03107143,PI_TREATMENT,RETROSPECTIVE,NO,YES,INDETERMINATE_AFTER_REVIEW,NOT_PUBLICLY_SPECIFIED,PI_TREATMENT_DESCRIPTIVE,,NOT_APPLICABLE,,NOT_APPLICABLE,NO,NO
NCT03108950,PI_TREATMENT,RETROSPECTIVE,NO,NO,PRESENT,NOT_PUBLICLY_SPECIFIED,PI_TREATMENT_DESCRIPTIVE,,NOT_APPLICABLE,,NOT_APPLICABLE,NO,NO
NCT03112395,MIXED_WOUND_EXPLICIT_TARGET,PROSPECTIVE_OR_SAME_DAY,NO,YES,INDETERMINATE_AFTER_REVIEW,NOT_PUBLICLY_SPECIFIED,CONDITION_SPECIFIC_ONLY_IF_SEPARABLE,,NOT_APPLICABLE,,NOT_APPLICABLE,NO,NO
NCT03114345,PI_TREATMENT,PROSPECTIVE_OR_SAME_DAY,NO,YES,PRESENT,NOT_PUBLICLY_SPECIFIED,PI_TREATMENT_DESCRIPTIVE,,NOT_APPLICABLE,,NOT_APPLICABLE,NO,NO
NCT03114800,PI_PREVENTION,PROSPECTIVE_OR_SAME_DAY,NO,YES,PRESENT,NOT_PUBLICLY_SPECIFIED,OUTPUTS,0,ABSENT,0,ABSENT,NO,NO
NCT03117881,PI_TREATMENT,PROSPECTIVE_OR_SAME_DAY,YES,NO,PRESENT,NOT_PUBLICLY_SPECIFIED,PI_TREATMENT_DESCRIPTIVE,,NOT_APPLICABLE,,NOT_APPLICABLE,NO,NO
NCT03118960,PI_TREATMENT,RETROSPECTIVE,NO,YES,PRESENT,INDETERMINATE_AFTER_REVIEW,PI_TREATMENT_DESCRIPTIVE,,NOT_APPLICABLE,,NOT_APPLICABLE,NO,NO
NCT03121144,PI_TREATMENT,RETROSPECTIVE,YES,YES,PRESENT,NOT_PUBLICLY_SPECIFIED,PI_TREATMENT_DESCRIPTIVE,,NOT_APPLICABLE,,NOT_APPLICABLE,YES,YES
NCT03125421,PI_PREVENTION,PROSPECTIVE_OR_SAME_DAY,NO,YES,INDETERMINATE_AFTER_REVIEW,NOT_PUBLICLY_SPECIFIED,OUTPUTS,1,ABSENT,1,ABSENT,NO,NO
NCT03127904,VLU_ACTIVE_TREATMENT,PROSPECTIVE_OR_SAME_DAY,NO,YES,PRESENT,NOT_PUBLICLY_SPECIFIED,COREVEN,0,ABSENT,2,INDETERMINATE_AFTER_REVIEW,NO,NO
NCT03135964,MIXED_WOUND_EXPLICIT_TARGET,RETROSPECTIVE,NO,INDETERMINATE_AFTER_REVIEW,NOT_PUBLICLY_SPECIFIED,NOT_PUBLICLY_SPECIFIED,CONDITION_SPECIFIC_ONLY_IF_SEPARABLE,,NOT_APPLICABLE,,NOT_APPLICABLE,NO,NO
NCT03146845,MIXED_WOUND_EXPLICIT_TARGET,PROSPECTIVE_OR_SAME_DAY,YES,YES,NOT_PUBLICLY_SPECIFIED,NOT_PUBLICLY_SPECIFIED,CONDITION_SPECIFIC_ONLY_IF_SEPARABLE,,NOT_APPLICABLE,,NOT_APPLICABLE,NO,NO
NCT03154619,VLU_ACTIVE_TREATMENT,RETROSPECTIVE,NO,YES,NOT_PUBLICLY_SPECIFIED,NOT_PUBLICLY_SPECIFIED,COREVEN,1,ABSENT,2,ABSENT,NO,NO
NCT03171207,PI_TREATMENT,PROSPECTIVE_OR_SAME_DAY,NO,YES,PRESENT,NOT_PUBLICLY_SPECIFIED,PI_TREATMENT_DESCRIPTIVE,,NOT_APPLICABLE,,NOT_APPLICABLE,NO,NO
NCT03175055,PI_TREATMENT,PROSPECTIVE_OR_SAME_DAY,NO,YES,PRESENT,NOT_PUBLICLY_SPECIFIED,PI_TREATMENT_DESCRIPTIVE,,NOT_APPLICABLE,,NOT_APPLICABLE,NO,NO
NCT03184792,PI_TREATMENT,PROSPECTIVE_OR_SAME_DAY,YES,NO,PRESENT,NOT_PUBLICLY_SPECIFIED,PI_TREATMENT_DESCRIPTIVE,,NOT_APPLICABLE,,NOT_APPLICABLE,NO,NO
NCT03204851,MIXED_WOUND_EXPLICIT_TARGET,RETROSPECTIVE,NO,YES,NOT_PUBLICLY_SPECIFIED,NOT_PUBLICLY_SPECIFIED,CONDITION_SPECIFIC_ONLY_IF_SEPARABLE,,NOT_APPLICABLE,,NOT_APPLICABLE,NO,NO
NCT03207737,PI_TREATMENT,PROSPECTIVE_OR_SAME_DAY,NO,NO,PRESENT,NOT_PUBLICLY_SPECIFIED,PI_TREATMENT_DESCRIPTIVE,,NOT_APPLICABLE,,NOT_APPLICABLE,NO,NO
NCT03211910,PI_TREATMENT,PROSPECTIVE_OR_SAME_DAY,NO,NO,INDETERMINATE_AFTER_REVIEW,NOT_PUBLICLY_SPECIFIED,PI_TREATMENT_DESCRIPTIVE,,NOT_APPLICABLE,,NOT_APPLICABLE,NO,NO
NCT03215953,PI_PREVENTION,PROSPECTIVE_OR_SAME_DAY,NO,YES,INDETERMINATE_AFTER_REVIEW,NOT_PUBLICLY_SPECIFIED,OUTPUTS,1,ABSENT,3,ABSENT,NO,NO
NCT03217838,PI_TREATMENT,PROSPECTIVE_OR_SAME_DAY,NO,YES,INDETERMINATE_AFTER_REVIEW,NOT_PUBLICLY_SPECIFIED,PI_TREATMENT_DESCRIPTIVE,,NOT_APPLICABLE,,NOT_APPLICABLE,NO,NO
NCT03220451,PI_TREATMENT,PROSPECTIVE_OR_SAME_DAY,NO,YES,PRESENT,NOT_PUBLICLY_SPECIFIED,PI_TREATMENT_DESCRIPTIVE,,NOT_APPLICABLE,,NOT_APPLICABLE,NO,NO
NCT03228732,VLU_ACTIVE_TREATMENT,PROSPECTIVE_OR_SAME_DAY,NO,NO,INDETERMINATE_AFTER_REVIEW,NOT_PUBLICLY_SPECIFIED,COREVEN,0,ABSENT,0,ABSENT,NO,NO
NCT03229330,VLU_ACTIVE_TREATMENT,RETROSPECTIVE,NO,YES,NOT_PUBLICLY_SPECIFIED,NOT_PUBLICLY_SPECIFIED,COREVEN,0,ABSENT,1,ABSENT,NO,NO
NCT03231150,VLU_ACTIVE_TREATMENT,RETROSPECTIVE,NO,YES,INDETERMINATE_AFTER_REVIEW,NOT_PUBLICLY_SPECIFIED,COREVEN,1,ABSENT,2,ABSENT,NO,NO
NCT03240042,PI_TREATMENT,PROSPECTIVE_OR_SAME_DAY,NO,NO,NOT_PUBLICLY_SPECIFIED,NOT_PUBLICLY_SPECIFIED,PI_TREATMENT_DESCRIPTIVE,,NOT_APPLICABLE,,NOT_APPLICABLE,NO,NO
NCT03249909,MIXED_WOUND_EXPLICIT_TARGET,PROSPECTIVE_OR_SAME_DAY,YES,YES,NOT_PUBLICLY_SPECIFIED,NOT_PUBLICLY_SPECIFIED,CONDITION_SPECIFIC_ONLY_IF_SEPARABLE,,NOT_APPLICABLE,,NOT_APPLICABLE,NO,NO
NCT03250247,VLU_ACTIVE_TREATMENT,PROSPECTIVE_OR_SAME_DAY,NO,YES,PRESENT,NOT_PUBLICLY_SPECIFIED,COREVEN,0,ABSENT,2,ABSENT,NO,NO
NCT03257098,VLU_ACTIVE_TREATMENT,PROSPECTIVE_OR_SAME_DAY,NO,YES,INDETERMINATE_AFTER_REVIEW,NOT_PUBLICLY_SPECIFIED,COREVEN,2,ABSENT,4,INDETERMINATE_AFTER_REVIEW,NO,NO
NCT03267212,PI_TREATMENT,RETROSPECTIVE,YES,NO,NOT_PUBLICLY_SPECIFIED,NOT_PUBLICLY_SPECIFIED,PI_TREATMENT_DESCRIPTIVE,,NOT_APPLICABLE,,NOT_APPLICABLE,YES,YES
NCT03275831,MIXED_WOUND_EXPLICIT_TARGET,PROSPECTIVE_OR_SAME_DAY,NO,YES,NOT_PUBLICLY_SPECIFIED,NOT_PUBLICLY_SPECIFIED,CONDITION_SPECIFIC_ONLY_IF_SEPARABLE,,NOT_APPLICABLE,,NOT_APPLICABLE,NO,NO
NCT03277131,VLU_ACTIVE_TREATMENT,PROSPECTIVE_OR_SAME_DAY,NO,YES,NOT_PUBLICLY_SPECIFIED,NOT_PUBLICLY_SPECIFIED,COREVEN,0,ABSENT,1,ABSENT,NO,NO
NCT03283787,PI_TREATMENT,RETROSPECTIVE,YES,YES,PRESENT,PRESENT,PI_TREATMENT_DESCRIPTIVE,,NOT_APPLICABLE,,NOT_APPLICABLE,YES,YES
NCT03286140,VLU_RECURRENCE_PREVENTION,RETROSPECTIVE,YES,YES,INDETERMINATE_AFTER_REVIEW,NOT_PUBLICLY_SPECIFIED,VLU_RECURRENCE_DESCRIPTIVE,,NOT_APPLICABLE,,NOT_APPLICABLE,NO,NO
NCT03293836,VLU_ACTIVE_TREATMENT,RETROSPECTIVE,NO,NO,NOT_PUBLICLY_SPECIFIED,NOT_PUBLICLY_SPECIFIED,COREVEN,0,ABSENT,1,ABSENT,NO,NO
NCT03298113,PI_TREATMENT,PROSPECTIVE_OR_SAME_DAY,YES,YES,PRESENT,PRESENT,PI_TREATMENT_DESCRIPTIVE,,NOT_APPLICABLE,,NOT_APPLICABLE,YES,YES
NCT03304834,VLU_RECURRENCE_PREVENTION,RETROSPECTIVE,NO,YES,INDETERMINATE_AFTER_REVIEW,NOT_PUBLICLY_SPECIFIED,VLU_RECURRENCE_DESCRIPTIVE,,NOT_APPLICABLE,,NOT_APPLICABLE,NO,NO
NCT03317288,PI_PREVENTION,RETROSPECTIVE,YES,NO,PRESENT,NOT_PUBLICLY_SPECIFIED,OUTPUTS,0,ABSENT,0,ABSENT,YES,YES
NCT03332160,VLU_ACTIVE_TREATMENT,PROSPECTIVE_OR_SAME_DAY,YES,YES,PRESENT,NOT_PUBLICLY_SPECIFIED,COREVEN,1,ABSENT,3,ABSENT,NO,NO
NCT03345576,PI_TREATMENT,PROSPECTIVE_OR_SAME_DAY,YES,NO,NOT_PUBLICLY_SPECIFIED,NOT_PUBLICLY_SPECIFIED,PI_TREATMENT_DESCRIPTIVE,,NOT_APPLICABLE,,NOT_APPLICABLE,YES,YES
NCT03348098,VLU_ACTIVE_TREATMENT,RETROSPECTIVE,NO,NO,NOT_PUBLICLY_SPECIFIED,NOT_PUBLICLY_SPECIFIED,COREVEN,0,ABSENT,1,ABSENT,NO,NO
NCT03351049,PI_PREVENTION,PROSPECTIVE_OR_SAME_DAY,YES,YES,PRESENT,NOT_PUBLICLY_SPECIFIED,OUTPUTS,1,ABSENT,1,ABSENT,NO,NO
NCT03363633,VLU_ACTIVE_TREATMENT,RETROSPECTIVE,YES,YES,NOT_PUBLICLY_SPECIFIED,NOT_PUBLICLY_SPECIFIED,COREVEN,0,ABSENT,0,ABSENT,NO,NO
NCT03369756,PI_TREATMENT,PROSPECTIVE_OR_SAME_DAY,YES,YES,PRESENT,NOT_PUBLICLY_SPECIFIED,PI_TREATMENT_DESCRIPTIVE,,NOT_APPLICABLE,,NOT_APPLICABLE,NO,NO
NCT03372941,MIXED_WOUND_EXPLICIT_TARGET,PROSPECTIVE_OR_SAME_DAY,YES,YES,INDETERMINATE_AFTER_REVIEW,NOT_PUBLICLY_SPECIFIED,CONDITION_SPECIFIC_ONLY_IF_SEPARABLE,,NOT_APPLICABLE,,NOT_APPLICABLE,NO,NO
NCT03385005,PI_TREATMENT,RETROSPECTIVE,NO,NO,PRESENT,NOT_PUBLICLY_SPECIFIED,PI_TREATMENT_DESCRIPTIVE,,NOT_APPLICABLE,,NOT_APPLICABLE,NO,NO
NCT03390504,MIXED_WOUND_EXPLICIT_TARGET,PROSPECTIVE_OR_SAME_DAY,YES,YES,INDETERMINATE_AFTER_REVIEW,NOT_PUBLICLY_SPECIFIED,CONDITION_SPECIFIC_ONLY_IF_SEPARABLE,,NOT_APPLICABLE,,NOT_APPLICABLE,YES,YES
NCT03395236,MIXED_WOUND_EXPLICIT_TARGET,PROSPECTIVE_OR_SAME_DAY,NO,YES,PRESENT,NOT_PUBLICLY_SPECIFIED,CONDITION_SPECIFIC_ONLY_IF_SEPARABLE,,NOT_APPLICABLE,,NOT_APPLICABLE,NO,NO
NCT03396731,VLU_ACTIVE_TREATMENT,PROSPECTIVE_OR_SAME_DAY,NO,YES,NOT_PUBLICLY_SPECIFIED,NOT_PUBLICLY_SPECIFIED,COREVEN,0,ABSENT,2,ABSENT,NO,NO
NCT03404297,VLU_ACTIVE_TREATMENT,PROSPECTIVE_OR_SAME_DAY,NO,YES,INDETERMINATE_AFTER_REVIEW,NOT_PUBLICLY_SPECIFIED,COREVEN,0,ABSENT,3,INDETERMINATE_AFTER_REVIEW,NO,NO
NCT03408639,PI_TREATMENT,RETROSPECTIVE,YES,NO,INDETERMINATE_AFTER_REVIEW,INDETERMINATE_AFTER_REVIEW,PI_TREATMENT_DESCRIPTIVE,,NOT_APPLICABLE,,NOT_APPLICABLE,YES,YES
NCT03411720,PI_TREATMENT,PROSPECTIVE_OR_SAME_DAY,NO,YES,PRESENT,NOT_PUBLICLY_SPECIFIED,PI_TREATMENT_DESCRIPTIVE,,NOT_APPLICABLE,,NOT_APPLICABLE,NO,NO
NCT03412929,MIXED_WOUND_EXPLICIT_TARGET,RETROSPECTIVE,YES,YES,NOT_PUBLICLY_SPECIFIED,NOT_PUBLICLY_SPECIFIED,CONDITION_SPECIFIC_ONLY_IF_SEPARABLE,,NOT_APPLICABLE,,NOT_APPLICABLE,YES,YES
NCT03424551,PI_TREATMENT,RETROSPECTIVE,NO,NO,NOT_PUBLICLY_SPECIFIED,NOT_PUBLICLY_SPECIFIED,PI_TREATMENT_DESCRIPTIVE,,NOT_APPLICABLE,,NOT_APPLICABLE,NO,NO
NCT03428711,VLU_ACTIVE_TREATMENT,PROSPECTIVE_OR_SAME_DAY,NO,YES,PRESENT,NOT_PUBLICLY_SPECIFIED,COREVEN,0,ABSENT,1,ABSENT,NO,NO
NCT03442777,PI_PREVENTION,RETROSPECTIVE,YES,YES,PRESENT,PRESENT,OUTPUTS,1,ABSENT,1,ABSENT,NO,NO
NCT03445975,PI_PREVENTION,RETROSPECTIVE,NO,YES,INDETERMINATE_AFTER_REVIEW,INDETERMINATE_AFTER_REVIEW,OUTPUTS,0,INDETERMINATE_AFTER_REVIEW,0,INDETERMINATE_AFTER_REVIEW,NO,NO
NCT03450616,VLU_ACTIVE_TREATMENT,PROSPECTIVE_OR_SAME_DAY,NO,YES,NOT_PUBLICLY_SPECIFIED,NOT_PUBLICLY_SPECIFIED,COREVEN,0,ABSENT,0,ABSENT,NO,NO
NCT03454230,PI_PREVENTION,PROSPECTIVE_OR_SAME_DAY,NO,YES,PRESENT,NOT_PUBLICLY_SPECIFIED,OUTPUTS,1,ABSENT,1,ABSENT,NO,NO
NCT03454698,VLU_RECURRENCE_PREVENTION,PROSPECTIVE_OR_SAME_DAY,NO,YES,INDETERMINATE_AFTER_REVIEW,NOT_PUBLICLY_SPECIFIED,VLU_RECURRENCE_DESCRIPTIVE,,NOT_APPLICABLE,,NOT_APPLICABLE,NO,NO
NCT03463434,PI_TREATMENT,PROSPECTIVE_OR_SAME_DAY,NO,YES,PRESENT,INDETERMINATE_AFTER_REVIEW,PI_TREATMENT_DESCRIPTIVE,,NOT_APPLICABLE,,NOT_APPLICABLE,NO,NO
NCT03469141,PI_PREVENTION,PROSPECTIVE_OR_SAME_DAY,NO,YES,PRESENT,NOT_PUBLICLY_SPECIFIED,OUTPUTS,0,ABSENT,1,ABSENT,NO,NO
NCT03475641,VLU_ACTIVE_TREATMENT,RETROSPECTIVE,NO,NO,INDETERMINATE_AFTER_REVIEW,NOT_PUBLICLY_SPECIFIED,COREVEN,1,ABSENT,1,INDETERMINATE_AFTER_REVIEW,NO,NO
NCT03495986,PI_TREATMENT,PROSPECTIVE_OR_SAME_DAY,YES,NO,INDETERMINATE_AFTER_REVIEW,NOT_PUBLICLY_SPECIFIED,PI_TREATMENT_DESCRIPTIVE,,NOT_APPLICABLE,,NOT_APPLICABLE,YES,YES
NCT03502824,MIXED_WOUND_EXPLICIT_TARGET,PROSPECTIVE_OR_SAME_DAY,NO,YES,PRESENT,NOT_PUBLICLY_SPECIFIED,CONDITION_SPECIFIC_ONLY_IF_SEPARABLE,,NOT_APPLICABLE,,NOT_APPLICABLE,NO,NO
NCT03509558,PI_TREATMENT,RETROSPECTIVE,NO,NO,PRESENT,INDETERMINATE_AFTER_REVIEW,PI_TREATMENT_DESCRIPTIVE,,NOT_APPLICABLE,,NOT_APPLICABLE,NO,NO
NCT03513822,PI_TREATMENT,RETROSPECTIVE,NO,YES,NOT_PUBLICLY_SPECIFIED,NOT_PUBLICLY_SPECIFIED,PI_TREATMENT_DESCRIPTIVE,,NOT_APPLICABLE,,NOT_APPLICABLE,NO,NO
NCT03522714,PI_TREATMENT,RETROSPECTIVE,YES,YES,PRESENT,NOT_PUBLICLY_SPECIFIED,PI_TREATMENT_DESCRIPTIVE,,NOT_APPLICABLE,,NOT_APPLICABLE,YES,YES
NCT03526068,PI_TREATMENT,RETROSPECTIVE,NO,YES,NOT_PUBLICLY_SPECIFIED,NOT_PUBLICLY_SPECIFIED,PI_TREATMENT_DESCRIPTIVE,,NOT_APPLICABLE,,NOT_APPLICABLE,NO,NO
NCT03526913,VLU_ACTIVE_TREATMENT,RETROSPECTIVE,NO,YES,NOT_PUBLICLY_SPECIFIED,NOT_PUBLICLY_SPECIFIED,COREVEN,0,ABSENT,0,ABSENT,NO,NO
NCT03529578,PI_TREATMENT,RETROSPECTIVE,NO,YES,PRESENT,PRESENT,PI_TREATMENT_DESCRIPTIVE,,NOT_APPLICABLE,,NOT_APPLICABLE,NO,NO
NCT03534518,PI_TREATMENT,PROSPECTIVE_OR_SAME_DAY,NO,NO,PRESENT,NOT_PUBLICLY_SPECIFIED,PI_TREATMENT_DESCRIPTIVE,,NOT_APPLICABLE,,NOT_APPLICABLE,NO,NO
NCT03544788,VLU_ACTIVE_TREATMENT,PROSPECTIVE_OR_SAME_DAY,NO,NO,NOT_PUBLICLY_SPECIFIED,NOT_PUBLICLY_SPECIFIED,COREVEN,1,ABSENT,1,ABSENT,NO,NO
NCT03545867,PI_PREVENTION,RETROSPECTIVE,NO,YES,NOT_PUBLICLY_SPECIFIED,NOT_PUBLICLY_SPECIFIED,OUTPUTS,0,ABSENT,0,ABSENT,NO,NO
NCT03548649,PI_TREATMENT,PROSPECTIVE_OR_SAME_DAY,NO,NO,PRESENT,NOT_PUBLICLY_SPECIFIED,PI_TREATMENT_DESCRIPTIVE,,NOT_APPLICABLE,,NOT_APPLICABLE,NO,NO
NCT03554642,PI_TREATMENT,RETROSPECTIVE,NO,YES,PRESENT,NOT_PUBLICLY_SPECIFIED,PI_TREATMENT_DESCRIPTIVE,,NOT_APPLICABLE,,NOT_APPLICABLE,NO,NO
NCT03557489,PI_PREVENTION,PROSPECTIVE_OR_SAME_DAY,NO,YES,PRESENT,NOT_PUBLICLY_SPECIFIED,OUTPUTS,0,ABSENT,0,ABSENT,NO,NO
NCT03565640,PI_TREATMENT,PROSPECTIVE_OR_SAME_DAY,YES,YES,INDETERMINATE_AFTER_REVIEW,NOT_PUBLICLY_SPECIFIED,PI_TREATMENT_DESCRIPTIVE,,NOT_APPLICABLE,,NOT_APPLICABLE,NO,NO
NCT03576989,VLU_ACTIVE_TREATMENT,PROSPECTIVE_OR_SAME_DAY,YES,YES,NOT_PUBLICLY_SPECIFIED,NOT_PUBLICLY_SPECIFIED,COREVEN,1,ABSENT,3,ABSENT,NO,NO
NCT03588130,VLU_ACTIVE_TREATMENT,PROSPECTIVE_OR_SAME_DAY,NO,YES,PRESENT,NOT_PUBLICLY_SPECIFIED,COREVEN,0,INDETERMINATE_AFTER_REVIEW,0,INDETERMINATE_AFTER_REVIEW,NO,NO
NCT03589586,VLU_ACTIVE_TREATMENT,RETROSPECTIVE,NO,NO,PRESENT,NOT_PUBLICLY_SPECIFIED,COREVEN,0,ABSENT,1,ABSENT,NO,NO
NCT03593369,VLU_ACTIVE_TREATMENT,RETROSPECTIVE,NO,YES,PRESENT,NOT_PUBLICLY_SPECIFIED,COREVEN,0,ABSENT,1,ABSENT,NO,NO
NCT03597750,PI_PREVENTION,RETROSPECTIVE,NO,YES,PRESENT,NOT_PUBLICLY_SPECIFIED,OUTPUTS,1,ABSENT,2,ABSENT,NO,NO
NCT03621592,VLU_ACTIVE_TREATMENT,PROSPECTIVE_OR_SAME_DAY,YES,YES,NOT_PUBLICLY_SPECIFIED,NOT_PUBLICLY_SPECIFIED,COREVEN,0,ABSENT,4,ABSENT,YES,YES
NCT03627910,PI_TREATMENT,RETROSPECTIVE,NO,NO,PRESENT,NOT_PUBLICLY_SPECIFIED,PI_TREATMENT_DESCRIPTIVE,,NOT_APPLICABLE,,NOT_APPLICABLE,NO,NO
NCT03628469,PI_TREATMENT,RETROSPECTIVE,NO,YES,PRESENT,NOT_PUBLICLY_SPECIFIED,PI_TREATMENT_DESCRIPTIVE,,NOT_APPLICABLE,,NOT_APPLICABLE,NO,NO
NCT03629236,VLU_ACTIVE_TREATMENT,PROSPECTIVE_OR_SAME_DAY,NO,YES,NOT_PUBLICLY_SPECIFIED,NOT_PUBLICLY_SPECIFIED,COREVEN,1,ABSENT,1,INDETERMINATE_AFTER_REVIEW,NO,NO
NCT03630185,VLU_ACTIVE_TREATMENT,RETROSPECTIVE,YES,YES,NOT_PUBLICLY_SPECIFIED,NOT_PUBLICLY_SPECIFIED,COREVEN,2,ABSENT,2,ABSENT,NO,NO
NCT03640689,VLU_RECURRENCE_PREVENTION,PROSPECTIVE_OR_SAME_DAY,NO,YES,NOT_PUBLICLY_SPECIFIED,NOT_PUBLICLY_SPECIFIED,VLU_RECURRENCE_DESCRIPTIVE,,NOT_APPLICABLE,,NOT_APPLICABLE,NO,NO
NCT03640871,MIXED_WOUND_EXPLICIT_TARGET,PROSPECTIVE_OR_SAME_DAY,NO,YES,NOT_PUBLICLY_SPECIFIED,NOT_PUBLICLY_SPECIFIED,CONDITION_SPECIFIC_ONLY_IF_SEPARABLE,,NOT_APPLICABLE,,NOT_APPLICABLE,NO,NO
NCT03658278,PI_TREATMENT,RETROSPECTIVE,NO,YES,PRESENT,NOT_PUBLICLY_SPECIFIED,PI_TREATMENT_DESCRIPTIVE,,NOT_APPLICABLE,,NOT_APPLICABLE,NO,NO
NCT03658798,PI_PREVENTION,RETROSPECTIVE,NO,NO,PRESENT,NOT_PUBLICLY_SPECIFIED,OUTPUTS,0,ABSENT,1,INDETERMINATE_AFTER_REVIEW,NO,NO
NCT03661294,PI_PREVENTION,RETROSPECTIVE,NO,YES,PRESENT,NOT_PUBLICLY_SPECIFIED,OUTPUTS,0,ABSENT,0,ABSENT,NO,NO
NCT03662997,MIXED_WOUND_EXPLICIT_TARGET,PROSPECTIVE_OR_SAME_DAY,YES,YES,INDETERMINATE_AFTER_REVIEW,INDETERMINATE_AFTER_REVIEW,CONDITION_SPECIFIC_ONLY_IF_SEPARABLE,,NOT_APPLICABLE,,NOT_APPLICABLE,YES,YES
NCT03666754,VLU_RECURRENCE_PREVENTION,PROSPECTIVE_OR_SAME_DAY,NO,YES,NOT_PUBLICLY_SPECIFIED,NOT_PUBLICLY_SPECIFIED,VLU_RECURRENCE_DESCRIPTIVE,,NOT_APPLICABLE,,NOT_APPLICABLE,NO,NO
NCT03667937,VLU_ACTIVE_TREATMENT,PROSPECTIVE_OR_SAME_DAY,NO,YES,NOT_PUBLICLY_SPECIFIED,NOT_PUBLICLY_SPECIFIED,COREVEN,0,ABSENT,4,ABSENT,NO,NO
NCT03669302,PI_TREATMENT,RETROSPECTIVE,NO,NO,PRESENT,NOT_PUBLICLY_SPECIFIED,PI_TREATMENT_DESCRIPTIVE,,NOT_APPLICABLE,,NOT_APPLICABLE,NO,NO
NCT03670199,PI_TREATMENT,PROSPECTIVE_OR_SAME_DAY,NO,YES,PRESENT,NOT_PUBLICLY_SPECIFIED,PI_TREATMENT_DESCRIPTIVE,,NOT_APPLICABLE,,NOT_APPLICABLE,NO,NO
NCT03670225,MIXED_WOUND_EXPLICIT_TARGET,PROSPECTIVE_OR_SAME_DAY,NO,YES,NOT_PUBLICLY_SPECIFIED,NOT_PUBLICLY_SPECIFIED,CONDITION_SPECIFIC_ONLY_IF_SEPARABLE,,NOT_APPLICABLE,,NOT_APPLICABLE,NO,NO
NCT03670329,MIXED_WOUND_EXPLICIT_TARGET,PROSPECTIVE_OR_SAME_DAY,NO,YES,INDETERMINATE_AFTER_REVIEW,NOT_PUBLICLY_SPECIFIED,CONDITION_SPECIFIC_ONLY_IF_SEPARABLE,,NOT_APPLICABLE,,NOT_APPLICABLE,NO,NO
NCT03673241,PI_TREATMENT,PROSPECTIVE_OR_SAME_DAY,NO,YES,PRESENT,INDETERMINATE_AFTER_REVIEW,PI_TREATMENT_DESCRIPTIVE,,NOT_APPLICABLE,,NOT_APPLICABLE,NO,NO
NCT03676556,PI_TREATMENT,PROSPECTIVE_OR_SAME_DAY,NO,YES,NOT_PUBLICLY_SPECIFIED,NOT_PUBLICLY_SPECIFIED,PI_TREATMENT_DESCRIPTIVE,,NOT_APPLICABLE,,NOT_APPLICABLE,NO,NO
NCT03678636,MIXED_WOUND_EXPLICIT_TARGET,RETROSPECTIVE,NO,YES,INDETERMINATE_AFTER_REVIEW,NOT_PUBLICLY_SPECIFIED,CONDITION_SPECIFIC_ONLY_IF_SEPARABLE,,NOT_APPLICABLE,,NOT_APPLICABLE,NO,NO
NCT03680872,PI_TREATMENT,PROSPECTIVE_OR_SAME_DAY,NO,NO,PRESENT,NOT_PUBLICLY_SPECIFIED,PI_TREATMENT_DESCRIPTIVE,,NOT_APPLICABLE,,NOT_APPLICABLE,NO,NO
NCT03688841,VLU_ACTIVE_TREATMENT,RETROSPECTIVE,NO,YES,INDETERMINATE_AFTER_REVIEW,NOT_PUBLICLY_SPECIFIED,COREVEN,1,ABSENT,1,ABSENT,NO,NO
NCT03691532,PI_PREVENTION,RETROSPECTIVE,NO,NO,NOT_PUBLICLY_SPECIFIED,NOT_PUBLICLY_SPECIFIED,OUTPUTS,0,ABSENT,0,ABSENT,NO,NO
NCT03698968,PI_TREATMENT,PROSPECTIVE_OR_SAME_DAY,NO,YES,PRESENT,NOT_PUBLICLY_SPECIFIED,PI_TREATMENT_DESCRIPTIVE,,NOT_APPLICABLE,,NOT_APPLICABLE,NO,NO
NCT03699072,VLU_ACTIVE_TREATMENT,PROSPECTIVE_OR_SAME_DAY,NO,YES,INDETERMINATE_AFTER_REVIEW,NOT_PUBLICLY_SPECIFIED,COREVEN,1,ABSENT,3,INDETERMINATE_AFTER_REVIEW,NO,NO
NCT03708835,PI_TREATMENT,RETROSPECTIVE,NO,NO,PRESENT,INDETERMINATE_AFTER_REVIEW,PI_TREATMENT_DESCRIPTIVE,,NOT_APPLICABLE,,NOT_APPLICABLE,NO,NO
NCT03716167,VLU_ACTIVE_TREATMENT,RETROSPECTIVE,NO,YES,NOT_PUBLICLY_SPECIFIED,NOT_PUBLICLY_SPECIFIED,COREVEN,1,ABSENT,2,ABSENT,NO,NO
NCT03723577,MIXED_WOUND_EXPLICIT_TARGET,PROSPECTIVE_OR_SAME_DAY,NO,YES,NOT_PUBLICLY_SPECIFIED,NOT_PUBLICLY_SPECIFIED,CONDITION_SPECIFIC_ONLY_IF_SEPARABLE,,NOT_APPLICABLE,,NOT_APPLICABLE,NO,NO
NCT03723603,MIXED_WOUND_EXPLICIT_TARGET,PROSPECTIVE_OR_SAME_DAY,YES,YES,NOT_PUBLICLY_SPECIFIED,NOT_PUBLICLY_SPECIFIED,CONDITION_SPECIFIC_ONLY_IF_SEPARABLE,,NOT_APPLICABLE,,NOT_APPLICABLE,NO,NO
NCT03725111,VLU_ACTIVE_TREATMENT,PROSPECTIVE_OR_SAME_DAY,NO,YES,NOT_PUBLICLY_SPECIFIED,NOT_PUBLICLY_SPECIFIED,COREVEN,0,ABSENT,0,ABSENT,NO,NO
NCT03725787,PI_PREVENTION,RETROSPECTIVE,NO,YES,PRESENT,NOT_PUBLICLY_SPECIFIED,OUTPUTS,1,ABSENT,2,ABSENT,NO,NO
NCT03725917,MIXED_WOUND_EXPLICIT_TARGET,PROSPECTIVE_OR_SAME_DAY,NO,YES,INDETERMINATE_AFTER_REVIEW,NOT_PUBLICLY_SPECIFIED,CONDITION_SPECIFIC_ONLY_IF_SEPARABLE,,NOT_APPLICABLE,,NOT_APPLICABLE,NO,NO
NCT03732365,PI_TREATMENT,PROSPECTIVE_OR_SAME_DAY,NO,NO,PRESENT,PRESENT,PI_TREATMENT_DESCRIPTIVE,,NOT_APPLICABLE,,NOT_APPLICABLE,NO,NO
NCT03736941,VLU_ACTIVE_TREATMENT,PROSPECTIVE_OR_SAME_DAY,NO,YES,PRESENT,NOT_PUBLICLY_SPECIFIED,COREVEN,0,ABSENT,2,ABSENT,NO,NO
NCT03752749,PI_TREATMENT,RETROSPECTIVE,NO,NO,NOT_PUBLICLY_SPECIFIED,NOT_PUBLICLY_SPECIFIED,PI_TREATMENT_DESCRIPTIVE,,NOT_APPLICABLE,,NOT_APPLICABLE,NO,NO
NCT03753581,PI_TREATMENT,PROSPECTIVE_OR_SAME_DAY,NO,YES,PRESENT,NOT_PUBLICLY_SPECIFIED,PI_TREATMENT_DESCRIPTIVE,,NOT_APPLICABLE,,NOT_APPLICABLE,NO,NO
NCT03761446,PI_TREATMENT,PROSPECTIVE_OR_SAME_DAY,NO,NO,PRESENT,NOT_PUBLICLY_SPECIFIED,PI_TREATMENT_DESCRIPTIVE,,NOT_APPLICABLE,,NOT_APPLICABLE,NO,NO
NCT03781609,PI_TREATMENT,RETROSPECTIVE,NO,NO,PRESENT,NOT_PUBLICLY_SPECIFIED,PI_TREATMENT_DESCRIPTIVE,,NOT_APPLICABLE,,NOT_APPLICABLE,NO,NO
NCT03783819,MIXED_WOUND_EXPLICIT_TARGET,PROSPECTIVE_OR_SAME_DAY,NO,NO,NOT_PUBLICLY_SPECIFIED,NOT_PUBLICLY_SPECIFIED,CONDITION_SPECIFIC_ONLY_IF_SEPARABLE,,NOT_APPLICABLE,,NOT_APPLICABLE,NO,NO
NCT03795064,VLU_ACTIVE_TREATMENT,RETROSPECTIVE,NO,YES,NOT_PUBLICLY_SPECIFIED,NOT_PUBLICLY_SPECIFIED,COREVEN,0,ABSENT,1,ABSENT,NO,NO
NCT03796793,VLU_ACTIVE_TREATMENT,PROSPECTIVE_OR_SAME_DAY,YES,YES,PRESENT,NOT_PUBLICLY_SPECIFIED,COREVEN,0,ABSENT,1,ABSENT,NO,NO
NCT03797378,PI_TREATMENT,PROSPECTIVE_OR_SAME_DAY,NO,NO,PRESENT,NOT_PUBLICLY_SPECIFIED,PI_TREATMENT_DESCRIPTIVE,,NOT_APPLICABLE,,NOT_APPLICABLE,NO,NO
NCT03812991,PI_PREVENTION,PROSPECTIVE_OR_SAME_DAY,YES,YES,PRESENT,NOT_PUBLICLY_SPECIFIED,OUTPUTS,0,ABSENT,1,ABSENT,NO,NO
NCT03815240,PI_TREATMENT,PROSPECTIVE_OR_SAME_DAY,YES,NO,PRESENT,NOT_PUBLICLY_SPECIFIED,PI_TREATMENT_DESCRIPTIVE,,NOT_APPLICABLE,,NOT_APPLICABLE,NO,NO
NCT03818828,VLU_ACTIVE_TREATMENT,PROSPECTIVE_OR_SAME_DAY,NO,YES,NOT_PUBLICLY_SPECIFIED,NOT_PUBLICLY_SPECIFIED,COREVEN,1,ABSENT,2,ABSENT,NO,NO
NCT03820947,VLU_ACTIVE_TREATMENT,PROSPECTIVE_OR_SAME_DAY,YES,YES,PRESENT,NOT_PUBLICLY_SPECIFIED,COREVEN,1,INDETERMINATE_AFTER_REVIEW,5,PRESENT,NO,NO
NCT03823963,PI_PREVENTION,RETROSPECTIVE,NO,YES,INDETERMINATE_AFTER_REVIEW,NOT_PUBLICLY_SPECIFIED,OUTPUTS,1,ABSENT,1,ABSENT,NO,NO
NCT03824886,PI_TREATMENT,RETROSPECTIVE,NO,YES,PRESENT,INDETERMINATE_AFTER_REVIEW,PI_TREATMENT_DESCRIPTIVE,,NOT_APPLICABLE,,NOT_APPLICABLE,NO,NO
NCT03827850,MIXED_WOUND_EXPLICIT_TARGET,PROSPECTIVE_OR_SAME_DAY,NO,YES,PRESENT,PRESENT,CONDITION_SPECIFIC_ONLY_IF_SEPARABLE,,NOT_APPLICABLE,,NOT_APPLICABLE,NO,NO
NCT03837691,VLU_ACTIVE_TREATMENT,PROSPECTIVE_OR_SAME_DAY,NO,NO,PRESENT,NOT_PUBLICLY_SPECIFIED,COREVEN,1,ABSENT,1,ABSENT,NO,NO
NCT03840759,PI_TREATMENT,RETROSPECTIVE,NO,YES,PRESENT,NOT_PUBLICLY_SPECIFIED,PI_TREATMENT_DESCRIPTIVE,,NOT_APPLICABLE,,NOT_APPLICABLE,NO,NO
NCT03841695,PI_TREATMENT,PROSPECTIVE_OR_SAME_DAY,NO,YES,PRESENT,NOT_PUBLICLY_SPECIFIED,PI_TREATMENT_DESCRIPTIVE,,NOT_APPLICABLE,,NOT_APPLICABLE,NO,NO
NCT03857022,VLU_ACTIVE_TREATMENT,PROSPECTIVE_OR_SAME_DAY,NO,NO,INDETERMINATE_AFTER_REVIEW,NOT_PUBLICLY_SPECIFIED,COREVEN,0,ABSENT,0,ABSENT,NO,NO
NCT03864770,MIXED_WOUND_EXPLICIT_TARGET,PROSPECTIVE_OR_SAME_DAY,NO,YES,INDETERMINATE_AFTER_REVIEW,NOT_PUBLICLY_SPECIFIED,CONDITION_SPECIFIC_ONLY_IF_SEPARABLE,,NOT_APPLICABLE,,NOT_APPLICABLE,NO,NO
NCT03869138,PI_TREATMENT,PROSPECTIVE_OR_SAME_DAY,NO,YES,PRESENT,NOT_PUBLICLY_SPECIFIED,PI_TREATMENT_DESCRIPTIVE,,NOT_APPLICABLE,,NOT_APPLICABLE,NO,NO
NCT03874988,PI_TREATMENT,PROSPECTIVE_OR_SAME_DAY,NO,YES,PRESENT,NOT_PUBLICLY_SPECIFIED,PI_TREATMENT_DESCRIPTIVE,,NOT_APPLICABLE,,NOT_APPLICABLE,NO,NO
NCT03877653,VLU_ACTIVE_TREATMENT,PROSPECTIVE_OR_SAME_DAY,NO,YES,INDETERMINATE_AFTER_REVIEW,INDETERMINATE_AFTER_REVIEW,COREVEN,1,ABSENT,1,INDETERMINATE_AFTER_REVIEW,NO,NO
NCT03881267,VLU_ACTIVE_TREATMENT,PROSPECTIVE_OR_SAME_DAY,NO,YES,INDETERMINATE_AFTER_REVIEW,NOT_PUBLICLY_SPECIFIED,COREVEN,0,ABSENT,2,ABSENT,NO,NO
NCT03892746,PI_PREVENTION,PROSPECTIVE_OR_SAME_DAY,YES,NO,NOT_PUBLICLY_SPECIFIED,NOT_PUBLICLY_SPECIFIED,OUTPUTS,1,ABSENT,1,ABSENT,YES,YES
NCT03894267,PI_TREATMENT,PROSPECTIVE_OR_SAME_DAY,NO,YES,PRESENT,NOT_PUBLICLY_SPECIFIED,PI_TREATMENT_DESCRIPTIVE,,NOT_APPLICABLE,,NOT_APPLICABLE,NO,NO
NCT03900455,PI_PREVENTION,PROSPECTIVE_OR_SAME_DAY,NO,YES,NOT_PUBLICLY_SPECIFIED,NOT_PUBLICLY_SPECIFIED,OUTPUTS,0,ABSENT,0,ABSENT,NO,NO
NCT03903692,VLU_ACTIVE_TREATMENT,PROSPECTIVE_OR_SAME_DAY,YES,YES,NOT_PUBLICLY_SPECIFIED,NOT_PUBLICLY_SPECIFIED,COREVEN,1,ABSENT,2,ABSENT,NO,NO
NCT03904602,VLU_ACTIVE_TREATMENT,PROSPECTIVE_OR_SAME_DAY,NO,YES,PRESENT,NOT_PUBLICLY_SPECIFIED,COREVEN,0,ABSENT,0,ABSENT,NO,NO
NCT03906864,PI_TREATMENT,RETROSPECTIVE,NO,INDETERMINATE_AFTER_REVIEW,PRESENT,NOT_PUBLICLY_SPECIFIED,PI_TREATMENT_DESCRIPTIVE,,NOT_APPLICABLE,,NOT_APPLICABLE,NO,NO
NCT03909503,MIXED_WOUND_EXPLICIT_TARGET,PROSPECTIVE_OR_SAME_DAY,NO,YES,NOT_PUBLICLY_SPECIFIED,NOT_PUBLICLY_SPECIFIED,CONDITION_SPECIFIC_ONLY_IF_SEPARABLE,,NOT_APPLICABLE,,NOT_APPLICABLE,NO,NO
NCT03922802,PI_TREATMENT,PROSPECTIVE_OR_SAME_DAY,YES,YES,PRESENT,PRESENT,PI_TREATMENT_DESCRIPTIVE,,NOT_APPLICABLE,,NOT_APPLICABLE,YES,YES
NCT03924388,PI_TREATMENT,PROSPECTIVE_OR_SAME_DAY,NO,NO,PRESENT,NOT_PUBLICLY_SPECIFIED,PI_TREATMENT_DESCRIPTIVE,,NOT_APPLICABLE,,NOT_APPLICABLE,NO,NO
NCT03924622,PI_PREVENTION,PROSPECTIVE_OR_SAME_DAY,YES,NO,PRESENT,NOT_PUBLICLY_SPECIFIED,OUTPUTS,0,ABSENT,0,ABSENT,NO,NO
NCT03934671,MIXED_WOUND_EXPLICIT_TARGET,PROSPECTIVE_OR_SAME_DAY,NO,YES,PRESENT,NOT_PUBLICLY_SPECIFIED,CONDITION_SPECIFIC_ONLY_IF_SEPARABLE,,NOT_APPLICABLE,,NOT_APPLICABLE,NO,NO
NCT03935386,VLU_ACTIVE_TREATMENT,RETROSPECTIVE,NO,YES,PRESENT,NOT_PUBLICLY_SPECIFIED,COREVEN,1,ABSENT,1,ABSENT,NO,NO
NCT03940274,PI_PREVENTION,RETROSPECTIVE,NO,NO,PRESENT,NOT_PUBLICLY_SPECIFIED,OUTPUTS,1,ABSENT,1,ABSENT,NO,NO
NCT03948308,PI_TREATMENT,PROSPECTIVE_OR_SAME_DAY,NO,NO,INDETERMINATE_AFTER_REVIEW,NOT_PUBLICLY_SPECIFIED,PI_TREATMENT_DESCRIPTIVE,,NOT_APPLICABLE,,NOT_APPLICABLE,NO,NO
NCT03954496,PI_TREATMENT,PROSPECTIVE_OR_SAME_DAY,NO,NO,INDETERMINATE_AFTER_REVIEW,NOT_PUBLICLY_SPECIFIED,PI_TREATMENT_DESCRIPTIVE,,NOT_APPLICABLE,,NOT_APPLICABLE,NO,NO
NCT03965169,PI_PREVENTION,PROSPECTIVE_OR_SAME_DAY,NO,NO,INDETERMINATE_AFTER_REVIEW,NOT_PUBLICLY_SPECIFIED,OUTPUTS,0,INDETERMINATE_AFTER_REVIEW,0,INDETERMINATE_AFTER_REVIEW,NO,NO
NCT03987243,PI_PREVENTION,RETROSPECTIVE,NO,NO,PRESENT,INDETERMINATE_AFTER_REVIEW,OUTPUTS,0,ABSENT,0,ABSENT,NO,NO
NCT03991273,PI_TREATMENT,PROSPECTIVE_OR_SAME_DAY,NO,NO,PRESENT,NOT_PUBLICLY_SPECIFIED,PI_TREATMENT_DESCRIPTIVE,,NOT_APPLICABLE,,NOT_APPLICABLE,NO,NO
NCT03992690,PI_TREATMENT,PROSPECTIVE_OR_SAME_DAY,NO,NO,PRESENT,NOT_PUBLICLY_SPECIFIED,PI_TREATMENT_DESCRIPTIVE,,NOT_APPLICABLE,,NOT_APPLICABLE,NO,NO
NCT03995407,PI_TREATMENT,RETROSPECTIVE,NO,YES,PRESENT,NOT_PUBLICLY_SPECIFIED,PI_TREATMENT_DESCRIPTIVE,,NOT_APPLICABLE,,NOT_APPLICABLE,NO,NO
NCT03999515,MIXED_WOUND_EXPLICIT_TARGET,PROSPECTIVE_OR_SAME_DAY,YES,YES,PRESENT,PRESENT,CONDITION_SPECIFIC_ONLY_IF_SEPARABLE,,NOT_APPLICABLE,,NOT_APPLICABLE,YES,YES
NCT04011137,PI_TREATMENT,RETROSPECTIVE,NO,NO,PRESENT,NOT_PUBLICLY_SPECIFIED,PI_TREATMENT_DESCRIPTIVE,,NOT_APPLICABLE,,NOT_APPLICABLE,NO,NO
NCT04011371,VLU_ACTIVE_TREATMENT,PROSPECTIVE_OR_SAME_DAY,NO,YES,INDETERMINATE_AFTER_REVIEW,NOT_PUBLICLY_SPECIFIED,COREVEN,1,ABSENT,3,ABSENT,NO,NO
NCT04018924,PI_TREATMENT,RETROSPECTIVE,YES,YES,NOT_PUBLICLY_SPECIFIED,NOT_PUBLICLY_SPECIFIED,PI_TREATMENT_DESCRIPTIVE,,NOT_APPLICABLE,,NOT_APPLICABLE,YES,NO
NCT04019340,VLU_RECURRENCE_PREVENTION,PROSPECTIVE_OR_SAME_DAY,NO,YES,PRESENT,NOT_PUBLICLY_SPECIFIED,VLU_RECURRENCE_DESCRIPTIVE,,NOT_APPLICABLE,,NOT_APPLICABLE,NO,NO
NCT04021316,VLU_ACTIVE_TREATMENT,PROSPECTIVE_OR_SAME_DAY,NO,YES,NOT_PUBLICLY_SPECIFIED,NOT_PUBLICLY_SPECIFIED,COREVEN,0,ABSENT,3,ABSENT,NO,NO
NCT04023981,PI_TREATMENT,RETROSPECTIVE,NO,YES,PRESENT,NOT_PUBLICLY_SPECIFIED,PI_TREATMENT_DESCRIPTIVE,,NOT_APPLICABLE,,NOT_APPLICABLE,NO,NO
NCT04033900,MIXED_WOUND_EXPLICIT_TARGET,RETROSPECTIVE,NO,YES,PRESENT,NOT_PUBLICLY_SPECIFIED,CONDITION_SPECIFIC_ONLY_IF_SEPARABLE,,NOT_APPLICABLE,,NOT_APPLICABLE,NO,NO
NCT04039789,VLU_ACTIVE_TREATMENT,PROSPECTIVE_OR_SAME_DAY,NO,YES,PRESENT,NOT_PUBLICLY_SPECIFIED,COREVEN,1,ABSENT,4,ABSENT,NO,NO
NCT04043715,PI_TREATMENT,PROSPECTIVE_OR_SAME_DAY,NO,NO,PRESENT,NOT_PUBLICLY_SPECIFIED,PI_TREATMENT_DESCRIPTIVE,,NOT_APPLICABLE,,NOT_APPLICABLE,NO,NO
NCT04046120,VLU_ACTIVE_TREATMENT,PROSPECTIVE_OR_SAME_DAY,YES,YES,INDETERMINATE_AFTER_REVIEW,NOT_PUBLICLY_SPECIFIED,COREVEN,0,ABSENT,0,INDETERMINATE_AFTER_REVIEW,YES,YES
NCT04047992,PI_TREATMENT,RETROSPECTIVE,NO,YES,PRESENT,NOT_PUBLICLY_SPECIFIED,PI_TREATMENT_DESCRIPTIVE,,NOT_APPLICABLE,,NOT_APPLICABLE,NO,NO
NCT04057677,PI_TREATMENT,PROSPECTIVE_OR_SAME_DAY,NO,NO,PRESENT,NOT_PUBLICLY_SPECIFIED,PI_TREATMENT_DESCRIPTIVE,,NOT_APPLICABLE,,NOT_APPLICABLE,NO,NO
NCT04071782,PI_TREATMENT,PROSPECTIVE_OR_SAME_DAY,NO,YES,PRESENT,NOT_PUBLICLY_SPECIFIED,PI_TREATMENT_DESCRIPTIVE,,NOT_APPLICABLE,,NOT_APPLICABLE,NO,NO
NCT04078477,PI_PREVENTION,PROSPECTIVE_OR_SAME_DAY,NO,YES,NOT_PUBLICLY_SPECIFIED,NOT_PUBLICLY_SPECIFIED,OUTPUTS,1,ABSENT,1,ABSENT,NO,NO
NCT04078555,VLU_ACTIVE_TREATMENT,PROSPECTIVE_OR_SAME_DAY,NO,YES,PRESENT,NOT_PUBLICLY_SPECIFIED,COREVEN,1,ABSENT,1,INDETERMINATE_AFTER_REVIEW,NO,NO
NCT04094571,PI_TREATMENT,PROSPECTIVE_OR_SAME_DAY,NO,NO,PRESENT,NOT_PUBLICLY_SPECIFIED,PI_TREATMENT_DESCRIPTIVE,,NOT_APPLICABLE,,NOT_APPLICABLE,NO,NO
NCT04101916,PI_TREATMENT,PROSPECTIVE_OR_SAME_DAY,NO,NO,NOT_PUBLICLY_SPECIFIED,NOT_PUBLICLY_SPECIFIED,PI_TREATMENT_DESCRIPTIVE,,NOT_APPLICABLE,,NOT_APPLICABLE,NO,NO
NCT04102735,PI_PREVENTION,RETROSPECTIVE,NO,YES,PRESENT,NOT_PUBLICLY_SPECIFIED,OUTPUTS,1,ABSENT,2,ABSENT,NO,NO
NCT04105322,MIXED_WOUND_EXPLICIT_TARGET,RETROSPECTIVE,NO,YES,INDETERMINATE_AFTER_REVIEW,NOT_PUBLICLY_SPECIFIED,CONDITION_SPECIFIC_ONLY_IF_SEPARABLE,,NOT_APPLICABLE,,NOT_APPLICABLE,NO,NO
NCT04116671,PI_PREVENTION,PROSPECTIVE_OR_SAME_DAY,NO,NO,PRESENT,NOT_PUBLICLY_SPECIFIED,OUTPUTS,0,ABSENT,1,ABSENT,NO,NO
NCT04132596,PI_TREATMENT,PROSPECTIVE_OR_SAME_DAY,NO,YES,NOT_PUBLICLY_SPECIFIED,NOT_PUBLICLY_SPECIFIED,PI_TREATMENT_DESCRIPTIVE,,NOT_APPLICABLE,,NOT_APPLICABLE,NO,NO
NCT04136951,PI_PREVENTION,PROSPECTIVE_OR_SAME_DAY,YES,YES,INDETERMINATE_AFTER_REVIEW,INDETERMINATE_AFTER_REVIEW,OUTPUTS,0,ABSENT,0,ABSENT,YES,YES
NCT04137159,PI_TREATMENT,PROSPECTIVE_OR_SAME_DAY,NO,NO,INDETERMINATE_AFTER_REVIEW,NOT_PUBLICLY_SPECIFIED,PI_TREATMENT_DESCRIPTIVE,,NOT_APPLICABLE,,NOT_APPLICABLE,NO,NO
NCT04161274,PI_TREATMENT,RETROSPECTIVE,NO,YES,NOT_PUBLICLY_SPECIFIED,NOT_PUBLICLY_SPECIFIED,PI_TREATMENT_DESCRIPTIVE,,NOT_APPLICABLE,,NOT_APPLICABLE,NO,NO
NCT04163796,PI_PREVENTION,PROSPECTIVE_OR_SAME_DAY,NO,YES,PRESENT,NOT_PUBLICLY_SPECIFIED,OUTPUTS,1,ABSENT,1,ABSENT,NO,NO
NCT04165395,PI_PREVENTION,RETROSPECTIVE,NO,YES,INDETERMINATE_AFTER_REVIEW,NOT_PUBLICLY_SPECIFIED,OUTPUTS,0,ABSENT,0,ABSENT,NO,NO
NCT04168450,PI_PREVENTION,PROSPECTIVE_OR_SAME_DAY,NO,YES,PRESENT,NOT_PUBLICLY_SPECIFIED,OUTPUTS,0,ABSENT,0,ABSENT,NO,NO
NCT04171375,PI_TREATMENT,RETROSPECTIVE,NO,NO,INDETERMINATE_AFTER_REVIEW,NOT_PUBLICLY_SPECIFIED,PI_TREATMENT_DESCRIPTIVE,,NOT_APPLICABLE,,NOT_APPLICABLE,NO,NO
NCT04176445,PI_TREATMENT,PROSPECTIVE_OR_SAME_DAY,YES,YES,INDETERMINATE_AFTER_REVIEW,INDETERMINATE_AFTER_REVIEW,PI_TREATMENT_DESCRIPTIVE,,NOT_APPLICABLE,,NOT_APPLICABLE,NO,NO
NCT04179123,PI_TREATMENT,PROSPECTIVE_OR_SAME_DAY,NO,YES,NOT_PUBLICLY_SPECIFIED,NOT_PUBLICLY_SPECIFIED,PI_TREATMENT_DESCRIPTIVE,,NOT_APPLICABLE,,NOT_APPLICABLE,NO,NO
NCT04181320,VLU_ACTIVE_TREATMENT,PROSPECTIVE_OR_SAME_DAY,YES,YES,INDETERMINATE_AFTER_REVIEW,NOT_PUBLICLY_SPECIFIED,COREVEN,1,ABSENT,1,ABSENT,NO,NO
NCT04183998,PI_TREATMENT,RETROSPECTIVE,NO,NO,NOT_PUBLICLY_SPECIFIED,NOT_PUBLICLY_SPECIFIED,PI_TREATMENT_DESCRIPTIVE,,NOT_APPLICABLE,,NOT_APPLICABLE,NO,NO
NCT04185558,PI_TREATMENT,PROSPECTIVE_OR_SAME_DAY,NO,YES,PRESENT,NOT_PUBLICLY_SPECIFIED,PI_TREATMENT_DESCRIPTIVE,,NOT_APPLICABLE,,NOT_APPLICABLE,NO,NO
NCT04186325,PI_PREVENTION,PROSPECTIVE_OR_SAME_DAY,NO,NO,INDETERMINATE_AFTER_REVIEW,INDETERMINATE_AFTER_REVIEW,OUTPUTS,0,ABSENT,0,ABSENT,NO,NO
NCT04198441,MIXED_WOUND_EXPLICIT_TARGET,PROSPECTIVE_OR_SAME_DAY,NO,NO,INDETERMINATE_AFTER_REVIEW,NOT_PUBLICLY_SPECIFIED,CONDITION_SPECIFIC_ONLY_IF_SEPARABLE,,NOT_APPLICABLE,,NOT_APPLICABLE,NO,NO
NCT04202900,PI_TREATMENT,RETROSPECTIVE,NO,YES,PRESENT,NOT_PUBLICLY_SPECIFIED,PI_TREATMENT_DESCRIPTIVE,,NOT_APPLICABLE,,NOT_APPLICABLE,NO,NO
NCT04203576,VLU_ACTIVE_TREATMENT,RETROSPECTIVE,NO,YES,INDETERMINATE_AFTER_REVIEW,NOT_PUBLICLY_SPECIFIED,COREVEN,1,INDETERMINATE_AFTER_REVIEW,2,INDETERMINATE_AFTER_REVIEW,NO,NO
NCT04211311,PI_TREATMENT,RETROSPECTIVE,NO,YES,PRESENT,NOT_PUBLICLY_SPECIFIED,PI_TREATMENT_DESCRIPTIVE,,NOT_APPLICABLE,,NOT_APPLICABLE,NO,NO
NCT04219696,PI_PREVENTION,PROSPECTIVE_OR_SAME_DAY,NO,YES,PRESENT,NOT_PUBLICLY_SPECIFIED,OUTPUTS,0,ABSENT,1,ABSENT,NO,NO
NCT04240574,MIXED_WOUND_EXPLICIT_TARGET,PROSPECTIVE_OR_SAME_DAY,YES,YES,PRESENT,NOT_PUBLICLY_SPECIFIED,CONDITION_SPECIFIC_ONLY_IF_SEPARABLE,,NOT_APPLICABLE,,NOT_APPLICABLE,YES,YES
NCT04241250,PI_PREVENTION,PROSPECTIVE_OR_SAME_DAY,YES,NO,PRESENT,INDETERMINATE_AFTER_REVIEW,OUTPUTS,0,ABSENT,0,ABSENT,YES,YES
NCT04243161,PI_TREATMENT,RETROSPECTIVE,NO,NO,INDETERMINATE_AFTER_REVIEW,NOT_PUBLICLY_SPECIFIED,PI_TREATMENT_DESCRIPTIVE,,NOT_APPLICABLE,,NOT_APPLICABLE,NO,NO
NCT04244201,PI_TREATMENT,RETROSPECTIVE,NO,YES,NOT_PUBLICLY_SPECIFIED,NOT_PUBLICLY_SPECIFIED,PI_TREATMENT_DESCRIPTIVE,,NOT_APPLICABLE,,NOT_APPLICABLE,NO,NO
NCT04250025,VLU_ACTIVE_TREATMENT,RETROSPECTIVE,NO,YES,PRESENT,NOT_PUBLICLY_SPECIFIED,COREVEN,0,ABSENT,0,ABSENT,NO,NO
NCT04251091,PI_TREATMENT,RETROSPECTIVE,NO,NO,PRESENT,NOT_PUBLICLY_SPECIFIED,PI_TREATMENT_DESCRIPTIVE,,NOT_APPLICABLE,,NOT_APPLICABLE,NO,NO
NCT04251897,PI_TREATMENT,PROSPECTIVE_OR_SAME_DAY,NO,YES,PRESENT,NOT_PUBLICLY_SPECIFIED,PI_TREATMENT_DESCRIPTIVE,,NOT_APPLICABLE,,NOT_APPLICABLE,NO,NO
NCT04262414,PI_PREVENTION,RETROSPECTIVE,NO,YES,PRESENT,NOT_PUBLICLY_SPECIFIED,OUTPUTS,0,ABSENT,0,ABSENT,NO,NO
NCT04265170,PI_TREATMENT,RETROSPECTIVE,NO,YES,PRESENT,INDETERMINATE_AFTER_REVIEW,PI_TREATMENT_DESCRIPTIVE,,NOT_APPLICABLE,,NOT_APPLICABLE,NO,NO
NCT04266808,PI_PREVENTION,PROSPECTIVE_OR_SAME_DAY,NO,YES,PRESENT,NOT_PUBLICLY_SPECIFIED,OUTPUTS,0,ABSENT,1,ABSENT,NO,NO
NCT04278105,PI_TREATMENT,PROSPECTIVE_OR_SAME_DAY,NO,YES,PRESENT,NOT_PUBLICLY_SPECIFIED,PI_TREATMENT_DESCRIPTIVE,,NOT_APPLICABLE,,NOT_APPLICABLE,NO,NO
NCT04280679,VLU_ACTIVE_TREATMENT,PROSPECTIVE_OR_SAME_DAY,NO,YES,INDETERMINATE_AFTER_REVIEW,NOT_PUBLICLY_SPECIFIED,COREVEN,0,ABSENT,1,INDETERMINATE_AFTER_REVIEW,NO,NO
NCT04281992,MIXED_WOUND_EXPLICIT_TARGET,RETROSPECTIVE,NO,NO,INDETERMINATE_AFTER_REVIEW,NOT_PUBLICLY_SPECIFIED,CONDITION_SPECIFIC_ONLY_IF_SEPARABLE,,NOT_APPLICABLE,,NOT_APPLICABLE,NO,NO
NCT04300205,MIXED_WOUND_EXPLICIT_TARGET,RETROSPECTIVE,NO,YES,NOT_PUBLICLY_SPECIFIED,NOT_PUBLICLY_SPECIFIED,CONDITION_SPECIFIC_ONLY_IF_SEPARABLE,,NOT_APPLICABLE,,NOT_APPLICABLE,NO,NO
NCT04309864,PI_PREVENTION,PROSPECTIVE_OR_SAME_DAY,NO,NO,PRESENT,NOT_PUBLICLY_SPECIFIED,OUTPUTS,1,ABSENT,1,ABSENT,NO,NO
NCT04310280,VLU_ACTIVE_TREATMENT,RETROSPECTIVE,NO,YES,PRESENT,NOT_PUBLICLY_SPECIFIED,COREVEN,0,ABSENT,0,ABSENT,NO,NO
NCT04311229,PI_TREATMENT,RETROSPECTIVE,NO,NO,INDETERMINATE_AFTER_REVIEW,INDETERMINATE_AFTER_REVIEW,PI_TREATMENT_DESCRIPTIVE,,NOT_APPLICABLE,,NOT_APPLICABLE,NO,NO
NCT04312555,VLU_ACTIVE_TREATMENT,PROSPECTIVE_OR_SAME_DAY,NO,YES,PRESENT,NOT_PUBLICLY_SPECIFIED,COREVEN,1,ABSENT,1,ABSENT,NO,NO
NCT04328246,PI_TREATMENT,PROSPECTIVE_OR_SAME_DAY,NO,INDETERMINATE_AFTER_REVIEW,INDETERMINATE_AFTER_REVIEW,NOT_PUBLICLY_SPECIFIED,PI_TREATMENT_DESCRIPTIVE,,NOT_APPLICABLE,,NOT_APPLICABLE,NO,NO
NCT04335942,PI_PREVENTION,PROSPECTIVE_OR_SAME_DAY,NO,YES,PRESENT,NOT_PUBLICLY_SPECIFIED,OUTPUTS,0,ABSENT,1,ABSENT,NO,NO
NCT04355832,VLU_ACTIVE_TREATMENT,PROSPECTIVE_OR_SAME_DAY,NO,NO,INDETERMINATE_AFTER_REVIEW,NOT_PUBLICLY_SPECIFIED,COREVEN,0,ABSENT,0,ABSENT,NO,NO
NCT04359095,PI_TREATMENT,PROSPECTIVE_OR_SAME_DAY,NO,YES,PRESENT,NOT_PUBLICLY_SPECIFIED,PI_TREATMENT_DESCRIPTIVE,,NOT_APPLICABLE,,NOT_APPLICABLE,NO,NO
NCT04369235,PI_TREATMENT,RETROSPECTIVE,NO,YES,PRESENT,NOT_PUBLICLY_SPECIFIED,PI_TREATMENT_DESCRIPTIVE,,NOT_APPLICABLE,,NOT_APPLICABLE,NO,NO
NCT04370106,VLU_RECURRENCE_PREVENTION,PROSPECTIVE_OR_SAME_DAY,NO,YES,PRESENT,NOT_PUBLICLY_SPECIFIED,VLU_RECURRENCE_DESCRIPTIVE,,NOT_APPLICABLE,,NOT_APPLICABLE,NO,NO
NCT04383873,PI_TREATMENT,RETROSPECTIVE,NO,NO,PRESENT,INDETERMINATE_AFTER_REVIEW,PI_TREATMENT_DESCRIPTIVE,,NOT_APPLICABLE,,NOT_APPLICABLE,NO,NO
NCT04386174,PI_TREATMENT,PROSPECTIVE_OR_SAME_DAY,NO,YES,PRESENT,NOT_PUBLICLY_SPECIFIED,PI_TREATMENT_DESCRIPTIVE,,NOT_APPLICABLE,,NOT_APPLICABLE,NO,NO
NCT04390087,PI_TREATMENT,PROSPECTIVE_OR_SAME_DAY,NO,NO,PRESENT,NOT_PUBLICLY_SPECIFIED,PI_TREATMENT_DESCRIPTIVE,,NOT_APPLICABLE,,NOT_APPLICABLE,NO,NO
NCT04391257,VLU_ACTIVE_TREATMENT,PROSPECTIVE_OR_SAME_DAY,NO,YES,NOT_PUBLICLY_SPECIFIED,NOT_PUBLICLY_SPECIFIED,COREVEN,0,ABSENT,1,ABSENT,NO,NO
NCT04397250,PI_TREATMENT,PROSPECTIVE_OR_SAME_DAY,NO,NO,PRESENT,NOT_PUBLICLY_SPECIFIED,PI_TREATMENT_DESCRIPTIVE,,NOT_APPLICABLE,,NOT_APPLICABLE,NO,NO
NCT04411264,PI_TREATMENT,PROSPECTIVE_OR_SAME_DAY,NO,YES,PRESENT,NOT_PUBLICLY_SPECIFIED,PI_TREATMENT_DESCRIPTIVE,,NOT_APPLICABLE,,NOT_APPLICABLE,NO,NO
NCT04453943,PI_TREATMENT,PROSPECTIVE_OR_SAME_DAY,NO,NO,PRESENT,NOT_PUBLICLY_SPECIFIED,PI_TREATMENT_DESCRIPTIVE,,NOT_APPLICABLE,,NOT_APPLICABLE,NO,NO
NCT04458324,PI_PREVENTION,PROSPECTIVE_OR_SAME_DAY,NO,NO,PRESENT,NOT_PUBLICLY_SPECIFIED,OUTPUTS,0,ABSENT,0,ABSENT,NO,NO
NCT04461132,VLU_ACTIVE_TREATMENT,RETROSPECTIVE,NO,NO,NOT_PUBLICLY_SPECIFIED,NOT_PUBLICLY_SPECIFIED,COREVEN,2,ABSENT,2,ABSENT,NO,NO
NCT04465825,PI_TREATMENT,PROSPECTIVE_OR_SAME_DAY,NO,NO,PRESENT,NOT_PUBLICLY_SPECIFIED,PI_TREATMENT_DESCRIPTIVE,,NOT_APPLICABLE,,NOT_APPLICABLE,NO,NO
NCT04467749,PI_TREATMENT,PROSPECTIVE_OR_SAME_DAY,NO,YES,PRESENT,NOT_PUBLICLY_SPECIFIED,PI_TREATMENT_DESCRIPTIVE,,NOT_APPLICABLE,,NOT_APPLICABLE,NO,NO
NCT04472260,PI_TREATMENT,PROSPECTIVE_OR_SAME_DAY,NO,YES,PRESENT,NOT_PUBLICLY_SPECIFIED,PI_TREATMENT_DESCRIPTIVE,,NOT_APPLICABLE,,NOT_APPLICABLE,NO,NO
NCT04484168,VLU_RECURRENCE_PREVENTION,PROSPECTIVE_OR_SAME_DAY,NO,INDETERMINATE_AFTER_REVIEW,NOT_PUBLICLY_SPECIFIED,NOT_PUBLICLY_SPECIFIED,VLU_RECURRENCE_DESCRIPTIVE,,NOT_APPLICABLE,,NOT_APPLICABLE,NO,NO
NCT04496609,PI_TREATMENT,PROSPECTIVE_OR_SAME_DAY,NO,NO,INDETERMINATE_AFTER_REVIEW,NOT_PUBLICLY_SPECIFIED,PI_TREATMENT_DESCRIPTIVE,,NOT_APPLICABLE,,NOT_APPLICABLE,NO,NO
NCT04534192,PI_TREATMENT,RETROSPECTIVE,NO,YES,PRESENT,NOT_PUBLICLY_SPECIFIED,PI_TREATMENT_DESCRIPTIVE,,NOT_APPLICABLE,,NOT_APPLICABLE,NO,NO
NCT04534244,VLU_ACTIVE_TREATMENT,PROSPECTIVE_OR_SAME_DAY,NO,NO,NOT_PUBLICLY_SPECIFIED,NOT_PUBLICLY_SPECIFIED,COREVEN,1,ABSENT,1,ABSENT,NO,NO
NCT04534257,PI_TREATMENT,PROSPECTIVE_OR_SAME_DAY,NO,YES,PRESENT,NOT_PUBLICLY_SPECIFIED,PI_TREATMENT_DESCRIPTIVE,,NOT_APPLICABLE,,NOT_APPLICABLE,NO,NO
NCT04550182,MIXED_WOUND_EXPLICIT_TARGET,PROSPECTIVE_OR_SAME_DAY,NO,YES,PRESENT,NOT_PUBLICLY_SPECIFIED,CONDITION_SPECIFIC_ONLY_IF_SEPARABLE,,NOT_APPLICABLE,,NOT_APPLICABLE,NO,NO
NCT04559165,PI_TREATMENT,PROSPECTIVE_OR_SAME_DAY,NO,YES,NOT_PUBLICLY_SPECIFIED,NOT_PUBLICLY_SPECIFIED,PI_TREATMENT_DESCRIPTIVE,,NOT_APPLICABLE,,NOT_APPLICABLE,NO,NO
NCT04577183,MIXED_WOUND_EXPLICIT_TARGET,RETROSPECTIVE,YES,YES,PRESENT,INDETERMINATE_AFTER_REVIEW,CONDITION_SPECIFIC_ONLY_IF_SEPARABLE,,NOT_APPLICABLE,,NOT_APPLICABLE,YES,YES
NCT04578665,PI_TREATMENT,PROSPECTIVE_OR_SAME_DAY,NO,NO,PRESENT,NOT_PUBLICLY_SPECIFIED,PI_TREATMENT_DESCRIPTIVE,,NOT_APPLICABLE,,NOT_APPLICABLE,NO,NO
NCT04586777,PI_TREATMENT,RETROSPECTIVE,NO,NO,PRESENT,NOT_PUBLICLY_SPECIFIED,PI_TREATMENT_DESCRIPTIVE,,NOT_APPLICABLE,,NOT_APPLICABLE,NO,NO
NCT04593693,MIXED_WOUND_EXPLICIT_TARGET,PROSPECTIVE_OR_SAME_DAY,NO,YES,NOT_PUBLICLY_SPECIFIED,NOT_PUBLICLY_SPECIFIED,CONDITION_SPECIFIC_ONLY_IF_SEPARABLE,,NOT_APPLICABLE,,NOT_APPLICABLE,NO,NO
NCT04600453,PI_PREVENTION,RETROSPECTIVE,NO,YES,PRESENT,NOT_PUBLICLY_SPECIFIED,OUTPUTS,1,ABSENT,1,INDETERMINATE_AFTER_REVIEW,NO,NO
NCT04604665,PI_PREVENTION,PROSPECTIVE_OR_SAME_DAY,NO,YES,PRESENT,NOT_PUBLICLY_SPECIFIED,OUTPUTS,1,ABSENT,3,ABSENT,NO,NO
NCT04604951,PI_TREATMENT,PROSPECTIVE_OR_SAME_DAY,NO,NO,INDETERMINATE_AFTER_REVIEW,INDETERMINATE_AFTER_REVIEW,PI_TREATMENT_DESCRIPTIVE,,NOT_APPLICABLE,,NOT_APPLICABLE,NO,NO
NCT04613687,VLU_ACTIVE_TREATMENT,PROSPECTIVE_OR_SAME_DAY,NO,YES,PRESENT,NOT_PUBLICLY_SPECIFIED,COREVEN,0,ABSENT,3,INDETERMINATE_AFTER_REVIEW,NO,NO
NCT04621825,MIXED_WOUND_EXPLICIT_TARGET,PROSPECTIVE_OR_SAME_DAY,NO,YES,PRESENT,NOT_PUBLICLY_SPECIFIED,CONDITION_SPECIFIC_ONLY_IF_SEPARABLE,,NOT_APPLICABLE,,NOT_APPLICABLE,NO,NO
NCT04622683,PI_TREATMENT,PROSPECTIVE_OR_SAME_DAY,NO,NO,INDETERMINATE_AFTER_REVIEW,NOT_PUBLICLY_SPECIFIED,PI_TREATMENT_DESCRIPTIVE,,NOT_APPLICABLE,,NOT_APPLICABLE,NO,NO
NCT04624607,PI_TREATMENT,RETROSPECTIVE,NO,NO,PRESENT,NOT_PUBLICLY_SPECIFIED,PI_TREATMENT_DESCRIPTIVE,,NOT_APPLICABLE,,NOT_APPLICABLE,NO,NO
NCT04625348,PI_PREVENTION,RETROSPECTIVE,NO,YES,PRESENT,NOT_PUBLICLY_SPECIFIED,OUTPUTS,1,ABSENT,1,ABSENT,NO,NO
NCT04634838,MIXED_WOUND_EXPLICIT_TARGET,PROSPECTIVE_OR_SAME_DAY,NO,YES,INDETERMINATE_AFTER_REVIEW,NOT_PUBLICLY_SPECIFIED,CONDITION_SPECIFIC_ONLY_IF_SEPARABLE,,NOT_APPLICABLE,,NOT_APPLICABLE,NO,NO
NCT04641793,PI_TREATMENT,RETROSPECTIVE,NO,YES,PRESENT,NOT_PUBLICLY_SPECIFIED,PI_TREATMENT_DESCRIPTIVE,,NOT_APPLICABLE,,NOT_APPLICABLE,NO,NO
NCT04647240,VLU_ACTIVE_TREATMENT,PROSPECTIVE_OR_SAME_DAY,NO,YES,PRESENT,NOT_PUBLICLY_SPECIFIED,COREVEN,1,ABSENT,4,INDETERMINATE_AFTER_REVIEW,NO,NO
NCT04652531,VLU_ACTIVE_TREATMENT,RETROSPECTIVE,NO,YES,INDETERMINATE_AFTER_REVIEW,NOT_PUBLICLY_SPECIFIED,COREVEN,0,ABSENT,1,ABSENT,NO,NO
NCT04653896,PI_TREATMENT,PROSPECTIVE_OR_SAME_DAY,NO,YES,INDETERMINATE_AFTER_REVIEW,NOT_PUBLICLY_SPECIFIED,PI_TREATMENT_DESCRIPTIVE,,NOT_APPLICABLE,,NOT_APPLICABLE,NO,NO
NCT04667416,VLU_ACTIVE_TREATMENT,PROSPECTIVE_OR_SAME_DAY,NO,YES,PRESENT,NOT_PUBLICLY_SPECIFIED,COREVEN,2,ABSENT,2,ABSENT,NO,NO
NCT04668326,PI_TREATMENT,PROSPECTIVE_OR_SAME_DAY,NO,YES,PRESENT,NOT_PUBLICLY_SPECIFIED,PI_TREATMENT_DESCRIPTIVE,,NOT_APPLICABLE,,NOT_APPLICABLE,NO,NO
NCT04682925,PI_TREATMENT,PROSPECTIVE_OR_SAME_DAY,NO,YES,INDETERMINATE_AFTER_REVIEW,INDETERMINATE_AFTER_REVIEW,PI_TREATMENT_DESCRIPTIVE,,NOT_APPLICABLE,,NOT_APPLICABLE,NO,NO
NCT04689009,VLU_ACTIVE_TREATMENT,RETROSPECTIVE,YES,YES,INDETERMINATE_AFTER_REVIEW,INDETERMINATE_AFTER_REVIEW,COREVEN,0,INDETERMINATE_AFTER_REVIEW,3,INDETERMINATE_AFTER_REVIEW,YES,YES
NCT04689620,VLU_ACTIVE_TREATMENT,PROSPECTIVE_OR_SAME_DAY,NO,NO,NOT_PUBLICLY_SPECIFIED,NOT_PUBLICLY_SPECIFIED,COREVEN,0,ABSENT,0,ABSENT,NO,NO
NCT04690803,VLU_ACTIVE_TREATMENT,RETROSPECTIVE,NO,NO,PRESENT,NOT_PUBLICLY_SPECIFIED,COREVEN,0,ABSENT,0,ABSENT,NO,NO
NCT04694001,PI_TREATMENT,PROSPECTIVE_OR_SAME_DAY,NO,YES,PRESENT,INDETERMINATE_AFTER_REVIEW,PI_TREATMENT_DESCRIPTIVE,,NOT_APPLICABLE,,NOT_APPLICABLE,NO,NO
NCT04694417,VLU_ACTIVE_TREATMENT,PROSPECTIVE_OR_SAME_DAY,NO,NO,NOT_PUBLICLY_SPECIFIED,NOT_PUBLICLY_SPECIFIED,COREVEN,0,ABSENT,0,ABSENT,NO,NO
NCT04696354,VLU_ACTIVE_TREATMENT,PROSPECTIVE_OR_SAME_DAY,YES,YES,INDETERMINATE_AFTER_REVIEW,NOT_PUBLICLY_SPECIFIED,COREVEN,1,ABSENT,1,ABSENT,NO,NO
NCT04703569,VLU_ACTIVE_TREATMENT,RETROSPECTIVE,NO,YES,INDETERMINATE_AFTER_REVIEW,NOT_PUBLICLY_SPECIFIED,COREVEN,0,ABSENT,2,ABSENT,NO,NO
NCT04714749,VLU_RECURRENCE_PREVENTION,PROSPECTIVE_OR_SAME_DAY,NO,YES,PRESENT,NOT_PUBLICLY_SPECIFIED,VLU_RECURRENCE_DESCRIPTIVE,,NOT_APPLICABLE,,NOT_APPLICABLE,NO,NO
NCT04717141,PI_TREATMENT,PROSPECTIVE_OR_SAME_DAY,NO,NO,PRESENT,NOT_PUBLICLY_SPECIFIED,PI_TREATMENT_DESCRIPTIVE,,NOT_APPLICABLE,,NOT_APPLICABLE,NO,NO
NCT04726059,PI_TREATMENT,PROSPECTIVE_OR_SAME_DAY,NO,NO,PRESENT,NOT_PUBLICLY_SPECIFIED,PI_TREATMENT_DESCRIPTIVE,,NOT_APPLICABLE,,NOT_APPLICABLE,NO,NO
NCT04726891,PI_TREATMENT,PROSPECTIVE_OR_SAME_DAY,NO,NO,PRESENT,NOT_PUBLICLY_SPECIFIED,PI_TREATMENT_DESCRIPTIVE,,NOT_APPLICABLE,,NOT_APPLICABLE,NO,NO
NCT04729556,PI_TREATMENT,RETROSPECTIVE,NO,NO,NOT_PUBLICLY_SPECIFIED,NOT_PUBLICLY_SPECIFIED,PI_TREATMENT_DESCRIPTIVE,,NOT_APPLICABLE,,NOT_APPLICABLE,NO,NO
NCT04737941,VLU_ACTIVE_TREATMENT,PROSPECTIVE_OR_SAME_DAY,NO,YES,INDETERMINATE_AFTER_REVIEW,NOT_PUBLICLY_SPECIFIED,COREVEN,1,ABSENT,2,ABSENT,NO,NO
NCT04745806,VLU_ACTIVE_TREATMENT,PROSPECTIVE_OR_SAME_DAY,NO,YES,NOT_PUBLICLY_SPECIFIED,NOT_PUBLICLY_SPECIFIED,COREVEN,1,ABSENT,2,ABSENT,NO,NO
NCT04753294,MIXED_WOUND_EXPLICIT_TARGET,PROSPECTIVE_OR_SAME_DAY,NO,YES,INDETERMINATE_AFTER_REVIEW,NOT_PUBLICLY_SPECIFIED,CONDITION_SPECIFIC_ONLY_IF_SEPARABLE,,NOT_APPLICABLE,,NOT_APPLICABLE,NO,NO
NCT04754425,MIXED_WOUND_EXPLICIT_TARGET,PROSPECTIVE_OR_SAME_DAY,NO,YES,INDETERMINATE_AFTER_REVIEW,INDETERMINATE_AFTER_REVIEW,CONDITION_SPECIFIC_ONLY_IF_SEPARABLE,,NOT_APPLICABLE,,NOT_APPLICABLE,NO,NO
NCT04755699,PI_TREATMENT,RETROSPECTIVE,NO,NO,NOT_PUBLICLY_SPECIFIED,NOT_PUBLICLY_SPECIFIED,PI_TREATMENT_DESCRIPTIVE,,NOT_APPLICABLE,,NOT_APPLICABLE,NO,NO
NCT04761679,PI_PREVENTION,PROSPECTIVE_OR_SAME_DAY,NO,NO,INDETERMINATE_AFTER_REVIEW,NOT_PUBLICLY_SPECIFIED,OUTPUTS,0,ABSENT,1,ABSENT,NO,NO
NCT04772300,PI_TREATMENT,PROSPECTIVE_OR_SAME_DAY,NO,YES,PRESENT,NOT_PUBLICLY_SPECIFIED,PI_TREATMENT_DESCRIPTIVE,,NOT_APPLICABLE,,NOT_APPLICABLE,NO,NO
NCT04775693,PI_TREATMENT,RETROSPECTIVE,NO,NO,PRESENT,NOT_PUBLICLY_SPECIFIED,PI_TREATMENT_DESCRIPTIVE,,NOT_APPLICABLE,,NOT_APPLICABLE,NO,NO
NCT04776967,PI_TREATMENT,RETROSPECTIVE,NO,INDETERMINATE_AFTER_REVIEW,NOT_PUBLICLY_SPECIFIED,NOT_PUBLICLY_SPECIFIED,PI_TREATMENT_DESCRIPTIVE,,NOT_APPLICABLE,,NOT_APPLICABLE,NO,NO
NCT04782947,PI_PREVENTION,RETROSPECTIVE,NO,NO,PRESENT,NOT_PUBLICLY_SPECIFIED,OUTPUTS,0,ABSENT,1,ABSENT,NO,NO
NCT04793074,VLU_ACTIVE_TREATMENT,RETROSPECTIVE,NO,NO,INDETERMINATE_AFTER_REVIEW,NOT_PUBLICLY_SPECIFIED,COREVEN,1,ABSENT,1,ABSENT,NO,NO
NCT04804098,PI_TREATMENT,PROSPECTIVE_OR_SAME_DAY,NO,INDETERMINATE_AFTER_REVIEW,NOT_PUBLICLY_SPECIFIED,NOT_PUBLICLY_SPECIFIED,PI_TREATMENT_DESCRIPTIVE,,NOT_APPLICABLE,,NOT_APPLICABLE,NO,NO
NCT04807764,PI_PREVENTION,PROSPECTIVE_OR_SAME_DAY,NO,NO,PRESENT,NOT_PUBLICLY_SPECIFIED,OUTPUTS,0,ABSENT,1,ABSENT,NO,NO
NCT04815798,PI_TREATMENT,PROSPECTIVE_OR_SAME_DAY,NO,YES,PRESENT,NOT_PUBLICLY_SPECIFIED,PI_TREATMENT_DESCRIPTIVE,,NOT_APPLICABLE,,NOT_APPLICABLE,NO,NO
NCT04816968,PI_TREATMENT,PROSPECTIVE_OR_SAME_DAY,NO,YES,PRESENT,INDETERMINATE_AFTER_REVIEW,PI_TREATMENT_DESCRIPTIVE,,NOT_APPLICABLE,,NOT_APPLICABLE,NO,NO
NCT04817228,MIXED_WOUND_EXPLICIT_TARGET,PROSPECTIVE_OR_SAME_DAY,NO,YES,PRESENT,NOT_PUBLICLY_SPECIFIED,CONDITION_SPECIFIC_ONLY_IF_SEPARABLE,,NOT_APPLICABLE,,NOT_APPLICABLE,NO,NO
NCT04819425,PI_PREVENTION,PROSPECTIVE_OR_SAME_DAY,NO,YES,INDETERMINATE_AFTER_REVIEW,NOT_PUBLICLY_SPECIFIED,OUTPUTS,0,ABSENT,0,ABSENT,NO,NO
NCT04819529,PI_PREVENTION,RETROSPECTIVE,NO,YES,PRESENT,INDETERMINATE_AFTER_REVIEW,OUTPUTS,0,ABSENT,0,ABSENT,NO,NO
NCT04823078,PI_TREATMENT,RETROSPECTIVE,NO,NO,PRESENT,NOT_PUBLICLY_SPECIFIED,PI_TREATMENT_DESCRIPTIVE,,NOT_APPLICABLE,,NOT_APPLICABLE,NO,NO
NCT04823962,VLU_ACTIVE_TREATMENT,PROSPECTIVE_OR_SAME_DAY,NO,YES,PRESENT,NOT_PUBLICLY_SPECIFIED,COREVEN,1,ABSENT,2,ABSENT,NO,NO
NCT04825132,PI_PREVENTION,PROSPECTIVE_OR_SAME_DAY,NO,YES,PRESENT,NOT_PUBLICLY_SPECIFIED,OUTPUTS,0,ABSENT,0,ABSENT,NO,NO
NCT04828304,MIXED_WOUND_EXPLICIT_TARGET,PROSPECTIVE_OR_SAME_DAY,NO,YES,INDETERMINATE_AFTER_REVIEW,NOT_PUBLICLY_SPECIFIED,CONDITION_SPECIFIC_ONLY_IF_SEPARABLE,,NOT_APPLICABLE,,NOT_APPLICABLE,NO,NO
NCT04831606,PI_TREATMENT,PROSPECTIVE_OR_SAME_DAY,NO,YES,PRESENT,NOT_PUBLICLY_SPECIFIED,PI_TREATMENT_DESCRIPTIVE,,NOT_APPLICABLE,,NOT_APPLICABLE,NO,NO
NCT04847115,PI_TREATMENT,PROSPECTIVE_OR_SAME_DAY,NO,NO,INDETERMINATE_AFTER_REVIEW,NOT_PUBLICLY_SPECIFIED,PI_TREATMENT_DESCRIPTIVE,,NOT_APPLICABLE,,NOT_APPLICABLE,NO,NO
NCT04854057,PI_TREATMENT,RETROSPECTIVE,YES,NO,PRESENT,NOT_PUBLICLY_SPECIFIED,PI_TREATMENT_DESCRIPTIVE,,NOT_APPLICABLE,,NOT_APPLICABLE,YES,YES
NCT04855825,PI_TREATMENT,RETROSPECTIVE,NO,NO,PRESENT,NOT_PUBLICLY_SPECIFIED,PI_TREATMENT_DESCRIPTIVE,,NOT_APPLICABLE,,NOT_APPLICABLE,NO,NO
NCT04860973,PI_TREATMENT,PROSPECTIVE_OR_SAME_DAY,NO,YES,NOT_PUBLICLY_SPECIFIED,NOT_PUBLICLY_SPECIFIED,PI_TREATMENT_DESCRIPTIVE,,NOT_APPLICABLE,,NOT_APPLICABLE,NO,NO
NCT04881565,PI_PREVENTION,PROSPECTIVE_OR_SAME_DAY,NO,YES,PRESENT,NOT_PUBLICLY_SPECIFIED,OUTPUTS,0,ABSENT,0,ABSENT,NO,NO
NCT04883463,PI_TREATMENT,PROSPECTIVE_OR_SAME_DAY,NO,NO,INDETERMINATE_AFTER_REVIEW,INDETERMINATE_AFTER_REVIEW,PI_TREATMENT_DESCRIPTIVE,,NOT_APPLICABLE,,NOT_APPLICABLE,NO,NO
NCT04884737,PI_PREVENTION,PROSPECTIVE_OR_SAME_DAY,YES,YES,PRESENT,NOT_PUBLICLY_SPECIFIED,OUTPUTS,1,ABSENT,1,ABSENT,NO,NO
NCT04890678,PI_TREATMENT,RETROSPECTIVE,NO,YES,PRESENT,NOT_PUBLICLY_SPECIFIED,PI_TREATMENT_DESCRIPTIVE,,NOT_APPLICABLE,,NOT_APPLICABLE,NO,NO
NCT04901013,VLU_ACTIVE_TREATMENT,PROSPECTIVE_OR_SAME_DAY,NO,YES,NOT_PUBLICLY_SPECIFIED,NOT_PUBLICLY_SPECIFIED,COREVEN,1,ABSENT,1,ABSENT,NO,NO
NCT04902612,VLU_ACTIVE_TREATMENT,PROSPECTIVE_OR_SAME_DAY,NO,YES,PRESENT,NOT_PUBLICLY_SPECIFIED,COREVEN,0,ABSENT,0,ABSENT,NO,NO
NCT04902651,VLU_ACTIVE_TREATMENT,PROSPECTIVE_OR_SAME_DAY,NO,YES,PRESENT,NOT_PUBLICLY_SPECIFIED,COREVEN,0,ABSENT,0,ABSENT,NO,NO
NCT04904497,PI_PREVENTION,RETROSPECTIVE,NO,YES,PRESENT,INDETERMINATE_AFTER_REVIEW,OUTPUTS,0,ABSENT,1,ABSENT,NO,NO
NCT04920253,MIXED_WOUND_EXPLICIT_TARGET,PROSPECTIVE_OR_SAME_DAY,NO,YES,INDETERMINATE_AFTER_REVIEW,NOT_PUBLICLY_SPECIFIED,CONDITION_SPECIFIC_ONLY_IF_SEPARABLE,,NOT_APPLICABLE,,NOT_APPLICABLE,NO,NO
NCT04922463,VLU_ACTIVE_TREATMENT,PROSPECTIVE_OR_SAME_DAY,NO,YES,INDETERMINATE_AFTER_REVIEW,NOT_PUBLICLY_SPECIFIED,COREVEN,0,ABSENT,4,ABSENT,NO,NO
NCT04927702,MIXED_WOUND_EXPLICIT_TARGET,PROSPECTIVE_OR_SAME_DAY,YES,YES,PRESENT,PRESENT,CONDITION_SPECIFIC_ONLY_IF_SEPARABLE,,NOT_APPLICABLE,,NOT_APPLICABLE,NO,NO
NCT04934137,PI_PREVENTION,PROSPECTIVE_OR_SAME_DAY,YES,YES,PRESENT,NOT_PUBLICLY_SPECIFIED,OUTPUTS,0,ABSENT,0,ABSENT,YES,YES
NCT04936087,PI_PREVENTION,RETROSPECTIVE,NO,YES,PRESENT,INDETERMINATE_AFTER_REVIEW,OUTPUTS,0,ABSENT,0,ABSENT,NO,NO
NCT04942470,PI_TREATMENT,RETROSPECTIVE,NO,YES,INDETERMINATE_AFTER_REVIEW,INDETERMINATE_AFTER_REVIEW,PI_TREATMENT_DESCRIPTIVE,,NOT_APPLICABLE,,NOT_APPLICABLE,NO,NO
NCT04944186,PI_TREATMENT,PROSPECTIVE_OR_SAME_DAY,NO,YES,PRESENT,NOT_PUBLICLY_SPECIFIED,PI_TREATMENT_DESCRIPTIVE,,NOT_APPLICABLE,,NOT_APPLICABLE,NO,NO
NCT04955106,PI_PREVENTION,RETROSPECTIVE,NO,YES,INDETERMINATE_AFTER_REVIEW,INDETERMINATE_AFTER_REVIEW,OUTPUTS,0,ABSENT,0,ABSENT,NO,NO
NCT04956900,VLU_ACTIVE_TREATMENT,PROSPECTIVE_OR_SAME_DAY,NO,YES,NOT_PUBLICLY_SPECIFIED,NOT_PUBLICLY_SPECIFIED,COREVEN,2,ABSENT,2,INDETERMINATE_AFTER_REVIEW,NO,NO
NCT04956952,VLU_ACTIVE_TREATMENT,PROSPECTIVE_OR_SAME_DAY,NO,YES,NOT_PUBLICLY_SPECIFIED,NOT_PUBLICLY_SPECIFIED,COREVEN,1,ABSENT,1,ABSENT,NO,NO
NCT04960553,MIXED_WOUND_EXPLICIT_TARGET,PROSPECTIVE_OR_SAME_DAY,NO,YES,NOT_PUBLICLY_SPECIFIED,NOT_PUBLICLY_SPECIFIED,CONDITION_SPECIFIC_ONLY_IF_SEPARABLE,,NOT_APPLICABLE,,NOT_APPLICABLE,NO,NO
NCT04971161,VLU_ACTIVE_TREATMENT,PROSPECTIVE_OR_SAME_DAY,NO,YES,PRESENT,NOT_PUBLICLY_SPECIFIED,COREVEN,2,ABSENT,4,INDETERMINATE_AFTER_REVIEW,NO,NO
NCT04973852,PI_TREATMENT,PROSPECTIVE_OR_SAME_DAY,YES,YES,PRESENT,NOT_PUBLICLY_SPECIFIED,PI_TREATMENT_DESCRIPTIVE,,NOT_APPLICABLE,,NOT_APPLICABLE,NO,NO
NCT04977284,PI_TREATMENT,PROSPECTIVE_OR_SAME_DAY,NO,NO,NOT_PUBLICLY_SPECIFIED,NOT_PUBLICLY_SPECIFIED,PI_TREATMENT_DESCRIPTIVE,,NOT_APPLICABLE,,NOT_APPLICABLE,NO,NO
NCT04980898,VLU_ACTIVE_TREATMENT,RETROSPECTIVE,NO,YES,INDETERMINATE_AFTER_REVIEW,NOT_PUBLICLY_SPECIFIED,COREVEN,1,ABSENT,4,ABSENT,NO,NO
NCT04994886,PI_PREVENTION,PROSPECTIVE_OR_SAME_DAY,NO,NO,NOT_PUBLICLY_SPECIFIED,NOT_PUBLICLY_SPECIFIED,OUTPUTS,1,ABSENT,2,ABSENT,NO,NO
NCT04996537,PI_PREVENTION,PROSPECTIVE_OR_SAME_DAY,NO,INDETERMINATE_AFTER_REVIEW,PRESENT,NOT_PUBLICLY_SPECIFIED,OUTPUTS,1,ABSENT,1,ABSENT,NO,NO
NCT05005052,MIXED_WOUND_EXPLICIT_TARGET,PROSPECTIVE_OR_SAME_DAY,NO,YES,INDETERMINATE_AFTER_REVIEW,NOT_PUBLICLY_SPECIFIED,CONDITION_SPECIFIC_ONLY_IF_SEPARABLE,,NOT_APPLICABLE,,NOT_APPLICABLE,NO,NO
NCT05011110,VLU_ACTIVE_TREATMENT,RETROSPECTIVE,NO,YES,NOT_PUBLICLY_SPECIFIED,NOT_PUBLICLY_SPECIFIED,COREVEN,0,ABSENT,0,ABSENT,NO,NO
NCT05011591,PI_TREATMENT,PROSPECTIVE_OR_SAME_DAY,NO,NO,INDETERMINATE_AFTER_REVIEW,INDETERMINATE_AFTER_REVIEW,PI_TREATMENT_DESCRIPTIVE,,NOT_APPLICABLE,,NOT_APPLICABLE,NO,NO
NCT05030935,PI_PREVENTION,PROSPECTIVE_OR_SAME_DAY,NO,NO,PRESENT,INDETERMINATE_AFTER_REVIEW,OUTPUTS,0,ABSENT,0,ABSENT,NO,NO
NCT05033470,PI_TREATMENT,PROSPECTIVE_OR_SAME_DAY,NO,YES,PRESENT,NOT_PUBLICLY_SPECIFIED,PI_TREATMENT_DESCRIPTIVE,,NOT_APPLICABLE,,NOT_APPLICABLE,NO,NO
NCT05041322,PI_TREATMENT,RETROSPECTIVE,YES,NO,INDETERMINATE_AFTER_REVIEW,NOT_PUBLICLY_SPECIFIED,PI_TREATMENT_DESCRIPTIVE,,NOT_APPLICABLE,,NOT_APPLICABLE,NO,NO
NCT05044923,PI_PREVENTION,PROSPECTIVE_OR_SAME_DAY,NO,NO,PRESENT,NOT_PUBLICLY_SPECIFIED,OUTPUTS,1,ABSENT,2,ABSENT,NO,NO
NCT05045430,MIXED_WOUND_EXPLICIT_TARGET,PROSPECTIVE_OR_SAME_DAY,NO,YES,PRESENT,NOT_PUBLICLY_SPECIFIED,CONDITION_SPECIFIC_ONLY_IF_SEPARABLE,,NOT_APPLICABLE,,NOT_APPLICABLE,NO,NO
NCT05057793,VLU_ACTIVE_TREATMENT,PROSPECTIVE_OR_SAME_DAY,NO,YES,INDETERMINATE_AFTER_REVIEW,NOT_PUBLICLY_SPECIFIED,COREVEN,0,ABSENT,2,INDETERMINATE_AFTER_REVIEW,NO,NO
NCT05068258,VLU_ACTIVE_TREATMENT,PROSPECTIVE_OR_SAME_DAY,NO,NO,NOT_PUBLICLY_SPECIFIED,NOT_PUBLICLY_SPECIFIED,COREVEN,1,ABSENT,2,ABSENT,NO,NO
NCT05071235,MIXED_WOUND_EXPLICIT_TARGET,RETROSPECTIVE,NO,NO,INDETERMINATE_AFTER_REVIEW,NOT_PUBLICLY_SPECIFIED,CONDITION_SPECIFIC_ONLY_IF_SEPARABLE,,NOT_APPLICABLE,,NOT_APPLICABLE,NO,NO
NCT05076578,MIXED_WOUND_EXPLICIT_TARGET,PROSPECTIVE_OR_SAME_DAY,NO,YES,NOT_PUBLICLY_SPECIFIED,NOT_PUBLICLY_SPECIFIED,CONDITION_SPECIFIC_ONLY_IF_SEPARABLE,,NOT_APPLICABLE,,NOT_APPLICABLE,NO,NO
NCT05085288,PI_TREATMENT,PROSPECTIVE_OR_SAME_DAY,NO,YES,INDETERMINATE_AFTER_REVIEW,NOT_PUBLICLY_SPECIFIED,PI_TREATMENT_DESCRIPTIVE,,NOT_APPLICABLE,,NOT_APPLICABLE,NO,NO
NCT05089890,MIXED_WOUND_EXPLICIT_TARGET,PROSPECTIVE_OR_SAME_DAY,NO,YES,NOT_PUBLICLY_SPECIFIED,NOT_PUBLICLY_SPECIFIED,CONDITION_SPECIFIC_ONLY_IF_SEPARABLE,,NOT_APPLICABLE,,NOT_APPLICABLE,NO,NO
NCT05107050,VLU_ACTIVE_TREATMENT,PROSPECTIVE_OR_SAME_DAY,NO,YES,NOT_PUBLICLY_SPECIFIED,NOT_PUBLICLY_SPECIFIED,COREVEN,0,ABSENT,2,INDETERMINATE_AFTER_REVIEW,NO,NO
NCT05111093,PI_TREATMENT,PROSPECTIVE_OR_SAME_DAY,NO,YES,PRESENT,NOT_PUBLICLY_SPECIFIED,PI_TREATMENT_DESCRIPTIVE,,NOT_APPLICABLE,,NOT_APPLICABLE,NO,NO
NCT05122325,PI_TREATMENT,PROSPECTIVE_OR_SAME_DAY,NO,NO,NOT_PUBLICLY_SPECIFIED,NOT_PUBLICLY_SPECIFIED,PI_TREATMENT_DESCRIPTIVE,,NOT_APPLICABLE,,NOT_APPLICABLE,NO,NO
NCT05123417,PI_PREVENTION,PROSPECTIVE_OR_SAME_DAY,NO,YES,PRESENT,NOT_PUBLICLY_SPECIFIED,OUTPUTS,0,INDETERMINATE_AFTER_REVIEW,0,INDETERMINATE_AFTER_REVIEW,NO,NO
NCT05130658,PI_TREATMENT,RETROSPECTIVE,NO,NO,PRESENT,NOT_PUBLICLY_SPECIFIED,PI_TREATMENT_DESCRIPTIVE,,NOT_APPLICABLE,,NOT_APPLICABLE,NO,NO
NCT05130814,PI_TREATMENT,PROSPECTIVE_OR_SAME_DAY,YES,YES,PRESENT,NOT_PUBLICLY_SPECIFIED,PI_TREATMENT_DESCRIPTIVE,,NOT_APPLICABLE,,NOT_APPLICABLE,NO,NO
NCT05132634,PI_PREVENTION,RETROSPECTIVE,NO,YES,PRESENT,NOT_PUBLICLY_SPECIFIED,OUTPUTS,0,ABSENT,0,ABSENT,NO,NO
NCT05142579,PI_TREATMENT,RETROSPECTIVE,NO,NO,INDETERMINATE_AFTER_REVIEW,NOT_PUBLICLY_SPECIFIED,PI_TREATMENT_DESCRIPTIVE,,NOT_APPLICABLE,,NOT_APPLICABLE,NO,NO
NCT05142878,PI_PREVENTION,RETROSPECTIVE,NO,YES,PRESENT,NOT_PUBLICLY_SPECIFIED,OUTPUTS,1,ABSENT,1,ABSENT,NO,NO
NCT05144646,PI_TREATMENT,PROSPECTIVE_OR_SAME_DAY,NO,YES,PRESENT,NOT_PUBLICLY_SPECIFIED,PI_TREATMENT_DESCRIPTIVE,,NOT_APPLICABLE,,NOT_APPLICABLE,NO,NO
NCT05149989,PI_PREVENTION,PROSPECTIVE_OR_SAME_DAY,YES,YES,INDETERMINATE_AFTER_REVIEW,NOT_PUBLICLY_SPECIFIED,OUTPUTS,0,ABSENT,0,ABSENT,YES,YES
NCT05158764,VLU_ACTIVE_TREATMENT,PROSPECTIVE_OR_SAME_DAY,NO,YES,PRESENT,NOT_PUBLICLY_SPECIFIED,COREVEN,1,ABSENT,2,ABSENT,NO,NO
NCT05165459,VLU_ACTIVE_TREATMENT,RETROSPECTIVE,NO,YES,INDETERMINATE_AFTER_REVIEW,NOT_PUBLICLY_SPECIFIED,COREVEN,0,ABSENT,1,ABSENT,NO,NO
NCT05169814,MIXED_WOUND_EXPLICIT_TARGET,RETROSPECTIVE,NO,YES,INDETERMINATE_AFTER_REVIEW,NOT_PUBLICLY_SPECIFIED,CONDITION_SPECIFIC_ONLY_IF_SEPARABLE,,NOT_APPLICABLE,,NOT_APPLICABLE,NO,NO
NCT05170984,MIXED_WOUND_EXPLICIT_TARGET,PROSPECTIVE_OR_SAME_DAY,NO,YES,PRESENT,NOT_PUBLICLY_SPECIFIED,CONDITION_SPECIFIC_ONLY_IF_SEPARABLE,,NOT_APPLICABLE,,NOT_APPLICABLE,NO,NO
NCT05176327,PI_TREATMENT,PROSPECTIVE_OR_SAME_DAY,NO,YES,INDETERMINATE_AFTER_REVIEW,NOT_PUBLICLY_SPECIFIED,PI_TREATMENT_DESCRIPTIVE,,NOT_APPLICABLE,,NOT_APPLICABLE,NO,NO
NCT05194969,PI_TREATMENT,PROSPECTIVE_OR_SAME_DAY,YES,YES,NOT_PUBLICLY_SPECIFIED,NOT_PUBLICLY_SPECIFIED,PI_TREATMENT_DESCRIPTIVE,,NOT_APPLICABLE,,NOT_APPLICABLE,YES,NO
NCT05198167,PI_TREATMENT,RETROSPECTIVE,NO,YES,INDETERMINATE_AFTER_REVIEW,NOT_PUBLICLY_SPECIFIED,PI_TREATMENT_DESCRIPTIVE,,NOT_APPLICABLE,,NOT_APPLICABLE,NO,NO
NCT05199077,PI_TREATMENT,PROSPECTIVE_OR_SAME_DAY,NO,YES,PRESENT,NOT_PUBLICLY_SPECIFIED,PI_TREATMENT_DESCRIPTIVE,,NOT_APPLICABLE,,NOT_APPLICABLE,NO,NO
NCT05207891,PI_PREVENTION,RETROSPECTIVE,NO,YES,PRESENT,NOT_PUBLICLY_SPECIFIED,OUTPUTS,1,ABSENT,2,ABSENT,NO,NO
NCT05223270,PI_TREATMENT,RETROSPECTIVE,NO,YES,NOT_PUBLICLY_SPECIFIED,NOT_PUBLICLY_SPECIFIED,PI_TREATMENT_DESCRIPTIVE,,NOT_APPLICABLE,,NOT_APPLICABLE,NO,NO
NCT05239416,VLU_RECURRENCE_PREVENTION,PROSPECTIVE_OR_SAME_DAY,NO,YES,PRESENT,NOT_PUBLICLY_SPECIFIED,VLU_RECURRENCE_DESCRIPTIVE,,NOT_APPLICABLE,,NOT_APPLICABLE,NO,NO
NCT05241704,VLU_RECURRENCE_PREVENTION,PROSPECTIVE_OR_SAME_DAY,NO,YES,PRESENT,NOT_PUBLICLY_SPECIFIED,VLU_RECURRENCE_DESCRIPTIVE,,NOT_APPLICABLE,,NOT_APPLICABLE,NO,NO
NCT05247541,PI_TREATMENT,RETROSPECTIVE,NO,YES,INDETERMINATE_AFTER_REVIEW,NOT_PUBLICLY_SPECIFIED,PI_TREATMENT_DESCRIPTIVE,,NOT_APPLICABLE,,NOT_APPLICABLE,NO,NO
NCT05255627,PI_TREATMENT,RETROSPECTIVE,NO,NO,NOT_PUBLICLY_SPECIFIED,NOT_PUBLICLY_SPECIFIED,PI_TREATMENT_DESCRIPTIVE,,NOT_APPLICABLE,,NOT_APPLICABLE,NO,NO
NCT05255679,PI_PREVENTION,PROSPECTIVE_OR_SAME_DAY,NO,NO,INDETERMINATE_AFTER_REVIEW,NOT_PUBLICLY_SPECIFIED,OUTPUTS,0,ABSENT,0,ABSENT,NO,NO
NCT05267951,PI_PREVENTION,PROSPECTIVE_OR_SAME_DAY,NO,NO,PRESENT,NOT_PUBLICLY_SPECIFIED,OUTPUTS,0,ABSENT,0,ABSENT,NO,NO
NCT05284708,PI_TREATMENT,PROSPECTIVE_OR_SAME_DAY,NO,YES,PRESENT,INDETERMINATE_AFTER_REVIEW,PI_TREATMENT_DESCRIPTIVE,,NOT_APPLICABLE,,NOT_APPLICABLE,NO,NO
NCT05285930,MIXED_WOUND_EXPLICIT_TARGET,RETROSPECTIVE,NO,NO,NOT_PUBLICLY_SPECIFIED,NOT_PUBLICLY_SPECIFIED,CONDITION_SPECIFIC_ONLY_IF_SEPARABLE,,NOT_APPLICABLE,,NOT_APPLICABLE,NO,NO
NCT05291169,VLU_ACTIVE_TREATMENT,PROSPECTIVE_OR_SAME_DAY,NO,YES,PRESENT,NOT_PUBLICLY_SPECIFIED,COREVEN,2,ABSENT,3,ABSENT,NO,NO
NCT05292326,PI_TREATMENT,RETROSPECTIVE,NO,YES,NOT_PUBLICLY_SPECIFIED,NOT_PUBLICLY_SPECIFIED,PI_TREATMENT_DESCRIPTIVE,,NOT_APPLICABLE,,NOT_APPLICABLE,NO,NO
NCT05303805,VLU_ACTIVE_TREATMENT,PROSPECTIVE_OR_SAME_DAY,NO,YES,NOT_PUBLICLY_SPECIFIED,NOT_PUBLICLY_SPECIFIED,COREVEN,1,ABSENT,1,ABSENT,NO,NO
NCT05308862,PI_PREVENTION,RETROSPECTIVE,NO,INDETERMINATE_AFTER_REVIEW,PRESENT,NOT_PUBLICLY_SPECIFIED,OUTPUTS,0,INDETERMINATE_AFTER_REVIEW,1,INDETERMINATE_AFTER_REVIEW,NO,NO
NCT05311124,MIXED_WOUND_EXPLICIT_TARGET,PROSPECTIVE_OR_SAME_DAY,NO,YES,NOT_PUBLICLY_SPECIFIED,NOT_PUBLICLY_SPECIFIED,CONDITION_SPECIFIC_ONLY_IF_SEPARABLE,,NOT_APPLICABLE,,NOT_APPLICABLE,NO,NO
NCT05312762,MIXED_WOUND_EXPLICIT_TARGET,PROSPECTIVE_OR_SAME_DAY,NO,NO,NOT_PUBLICLY_SPECIFIED,NOT_PUBLICLY_SPECIFIED,CONDITION_SPECIFIC_ONLY_IF_SEPARABLE,,NOT_APPLICABLE,,NOT_APPLICABLE,NO,NO
NCT05317442,PI_TREATMENT,PROSPECTIVE_OR_SAME_DAY,NO,YES,PRESENT,NOT_PUBLICLY_SPECIFIED,PI_TREATMENT_DESCRIPTIVE,,NOT_APPLICABLE,,NOT_APPLICABLE,NO,NO
NCT05319106,VLU_ACTIVE_TREATMENT,PROSPECTIVE_OR_SAME_DAY,NO,NO,INDETERMINATE_AFTER_REVIEW,NOT_PUBLICLY_SPECIFIED,COREVEN,0,ABSENT,0,ABSENT,NO,NO
NCT05322525,VLU_ACTIVE_TREATMENT,PROSPECTIVE_OR_SAME_DAY,NO,YES,PRESENT,NOT_PUBLICLY_SPECIFIED,COREVEN,1,ABSENT,2,ABSENT,NO,NO
NCT05332080,PI_TREATMENT,RETROSPECTIVE,NO,YES,INDETERMINATE_AFTER_REVIEW,NOT_PUBLICLY_SPECIFIED,PI_TREATMENT_DESCRIPTIVE,,NOT_APPLICABLE,,NOT_APPLICABLE,NO,NO
NCT05334030,PI_TREATMENT,PROSPECTIVE_OR_SAME_DAY,NO,NO,PRESENT,NOT_PUBLICLY_SPECIFIED,PI_TREATMENT_DESCRIPTIVE,,NOT_APPLICABLE,,NOT_APPLICABLE,NO,NO
NCT05339802,PI_TREATMENT,PROSPECTIVE_OR_SAME_DAY,NO,NO,INDETERMINATE_AFTER_REVIEW,NOT_PUBLICLY_SPECIFIED,PI_TREATMENT_DESCRIPTIVE,,NOT_APPLICABLE,,NOT_APPLICABLE,NO,NO
NCT05351827,PI_TREATMENT,PROSPECTIVE_OR_SAME_DAY,NO,NO,NOT_PUBLICLY_SPECIFIED,NOT_PUBLICLY_SPECIFIED,PI_TREATMENT_DESCRIPTIVE,,NOT_APPLICABLE,,NOT_APPLICABLE,NO,NO
NCT05354206,PI_TREATMENT,PROSPECTIVE_OR_SAME_DAY,YES,NO,PRESENT,NOT_PUBLICLY_SPECIFIED,PI_TREATMENT_DESCRIPTIVE,,NOT_APPLICABLE,,NOT_APPLICABLE,YES,YES
NCT05354687,PI_TREATMENT,PROSPECTIVE_OR_SAME_DAY,NO,YES,NOT_PUBLICLY_SPECIFIED,NOT_PUBLICLY_SPECIFIED,PI_TREATMENT_DESCRIPTIVE,,NOT_APPLICABLE,,NOT_APPLICABLE,NO,NO
NCT05357391,PI_TREATMENT,PROSPECTIVE_OR_SAME_DAY,NO,YES,PRESENT,INDETERMINATE_AFTER_REVIEW,PI_TREATMENT_DESCRIPTIVE,,NOT_APPLICABLE,,NOT_APPLICABLE,NO,NO
NCT05362422,PI_TREATMENT,PROSPECTIVE_OR_SAME_DAY,NO,NO,NOT_PUBLICLY_SPECIFIED,NOT_PUBLICLY_SPECIFIED,PI_TREATMENT_DESCRIPTIVE,,NOT_APPLICABLE,,NOT_APPLICABLE,NO,NO
NCT05363475,MIXED_WOUND_EXPLICIT_TARGET,PROSPECTIVE_OR_SAME_DAY,NO,YES,PRESENT,INDETERMINATE_AFTER_REVIEW,CONDITION_SPECIFIC_ONLY_IF_SEPARABLE,,NOT_APPLICABLE,,NOT_APPLICABLE,NO,NO
NCT05364112,VLU_ACTIVE_TREATMENT,RETROSPECTIVE,NO,NO,INDETERMINATE_AFTER_REVIEW,NOT_PUBLICLY_SPECIFIED,COREVEN,0,ABSENT,0,ABSENT,NO,NO
NCT05369520,PI_TREATMENT,PROSPECTIVE_OR_SAME_DAY,NO,NO,INDETERMINATE_AFTER_REVIEW,NOT_PUBLICLY_SPECIFIED,PI_TREATMENT_DESCRIPTIVE,,NOT_APPLICABLE,,NOT_APPLICABLE,NO,NO
NCT05378997,VLU_ACTIVE_TREATMENT,RETROSPECTIVE,NO,YES,INDETERMINATE_AFTER_REVIEW,NOT_PUBLICLY_SPECIFIED,COREVEN,1,ABSENT,1,ABSENT,NO,NO
NCT05403606,PI_TREATMENT,PROSPECTIVE_OR_SAME_DAY,NO,YES,PRESENT,NOT_PUBLICLY_SPECIFIED,PI_TREATMENT_DESCRIPTIVE,,NOT_APPLICABLE,,NOT_APPLICABLE,NO,NO
NCT05403762,PI_TREATMENT,PROSPECTIVE_OR_SAME_DAY,YES,YES,PRESENT,NOT_PUBLICLY_SPECIFIED,PI_TREATMENT_DESCRIPTIVE,,NOT_APPLICABLE,,NOT_APPLICABLE,NO,NO
NCT05409976,VLU_ACTIVE_TREATMENT,PROSPECTIVE_OR_SAME_DAY,YES,YES,PRESENT,NOT_PUBLICLY_SPECIFIED,COREVEN,1,ABSENT,3,INDETERMINATE_AFTER_REVIEW,NO,NO
NCT05410613,VLU_ACTIVE_TREATMENT,RETROSPECTIVE,NO,NO,PRESENT,NOT_PUBLICLY_SPECIFIED,COREVEN,0,INDETERMINATE_AFTER_REVIEW,0,INDETERMINATE_AFTER_REVIEW,NO,NO
NCT05422716,PI_TREATMENT,PROSPECTIVE_OR_SAME_DAY,NO,YES,NOT_PUBLICLY_SPECIFIED,NOT_PUBLICLY_SPECIFIED,PI_TREATMENT_DESCRIPTIVE,,NOT_APPLICABLE,,NOT_APPLICABLE,NO,NO
NCT05422846,MIXED_WOUND_EXPLICIT_TARGET,PROSPECTIVE_OR_SAME_DAY,NO,NO,INDETERMINATE_AFTER_REVIEW,NOT_PUBLICLY_SPECIFIED,CONDITION_SPECIFIC_ONLY_IF_SEPARABLE,,NOT_APPLICABLE,,NOT_APPLICABLE,NO,NO
NCT05423600,PI_TREATMENT,PROSPECTIVE_OR_SAME_DAY,NO,NO,PRESENT,INDETERMINATE_AFTER_REVIEW,PI_TREATMENT_DESCRIPTIVE,,NOT_APPLICABLE,,NOT_APPLICABLE,NO,NO
NCT05423626,PI_TREATMENT,RETROSPECTIVE,NO,NO,PRESENT,NOT_PUBLICLY_SPECIFIED,PI_TREATMENT_DESCRIPTIVE,,NOT_APPLICABLE,,NOT_APPLICABLE,NO,NO
NCT05433064,PI_PREVENTION,RETROSPECTIVE,NO,NO,PRESENT,NOT_PUBLICLY_SPECIFIED,OUTPUTS,0,ABSENT,0,ABSENT,NO,NO
NCT05436340,PI_PREVENTION,RETROSPECTIVE,NO,YES,INDETERMINATE_AFTER_REVIEW,NOT_PUBLICLY_SPECIFIED,OUTPUTS,0,ABSENT,0,ABSENT,NO,NO
NCT05447754,PI_TREATMENT,RETROSPECTIVE,NO,NO,PRESENT,NOT_PUBLICLY_SPECIFIED,PI_TREATMENT_DESCRIPTIVE,,NOT_APPLICABLE,,NOT_APPLICABLE,NO,NO
NCT05449743,VLU_ACTIVE_TREATMENT,PROSPECTIVE_OR_SAME_DAY,NO,YES,INDETERMINATE_AFTER_REVIEW,NOT_PUBLICLY_SPECIFIED,COREVEN,1,ABSENT,2,INDETERMINATE_AFTER_REVIEW,NO,NO
NCT05456594,PI_TREATMENT,RETROSPECTIVE,NO,NO,PRESENT,NOT_PUBLICLY_SPECIFIED,PI_TREATMENT_DESCRIPTIVE,,NOT_APPLICABLE,,NOT_APPLICABLE,NO,NO
NCT05457907,PI_TREATMENT,PROSPECTIVE_OR_SAME_DAY,NO,NO,INDETERMINATE_AFTER_REVIEW,NOT_PUBLICLY_SPECIFIED,PI_TREATMENT_DESCRIPTIVE,,NOT_APPLICABLE,,NOT_APPLICABLE,NO,NO
NCT05458947,MIXED_WOUND_EXPLICIT_TARGET,PROSPECTIVE_OR_SAME_DAY,NO,YES,NOT_PUBLICLY_SPECIFIED,NOT_PUBLICLY_SPECIFIED,CONDITION_SPECIFIC_ONLY_IF_SEPARABLE,,NOT_APPLICABLE,,NOT_APPLICABLE,NO,NO
NCT05459207,PI_TREATMENT,PROSPECTIVE_OR_SAME_DAY,NO,NO,INDETERMINATE_AFTER_REVIEW,NOT_PUBLICLY_SPECIFIED,PI_TREATMENT_DESCRIPTIVE,,NOT_APPLICABLE,,NOT_APPLICABLE,NO,NO
NCT05462912,MIXED_WOUND_EXPLICIT_TARGET,PROSPECTIVE_OR_SAME_DAY,YES,NO,INDETERMINATE_AFTER_REVIEW,NOT_PUBLICLY_SPECIFIED,CONDITION_SPECIFIC_ONLY_IF_SEPARABLE,,NOT_APPLICABLE,,NOT_APPLICABLE,YES,YES
NCT05467215,PI_TREATMENT,PROSPECTIVE_OR_SAME_DAY,NO,NO,PRESENT,NOT_PUBLICLY_SPECIFIED,PI_TREATMENT_DESCRIPTIVE,,NOT_APPLICABLE,,NOT_APPLICABLE,NO,NO
NCT05471180,PI_TREATMENT,PROSPECTIVE_OR_SAME_DAY,NO,YES,PRESENT,NOT_PUBLICLY_SPECIFIED,PI_TREATMENT_DESCRIPTIVE,,NOT_APPLICABLE,,NOT_APPLICABLE,NO,NO
NCT05472584,PI_TREATMENT,PROSPECTIVE_OR_SAME_DAY,NO,NO,PRESENT,NOT_PUBLICLY_SPECIFIED,PI_TREATMENT_DESCRIPTIVE,,NOT_APPLICABLE,,NOT_APPLICABLE,NO,NO
NCT05485051,PI_PREVENTION,PROSPECTIVE_OR_SAME_DAY,NO,YES,INDETERMINATE_AFTER_REVIEW,NOT_PUBLICLY_SPECIFIED,OUTPUTS,0,ABSENT,1,ABSENT,NO,NO
NCT05487482,PI_TREATMENT,RETROSPECTIVE,NO,YES,PRESENT,NOT_PUBLICLY_SPECIFIED,PI_TREATMENT_DESCRIPTIVE,,NOT_APPLICABLE,,NOT_APPLICABLE,NO,NO
NCT05487898,PI_TREATMENT,RETROSPECTIVE,NO,YES,PRESENT,NOT_PUBLICLY_SPECIFIED,PI_TREATMENT_DESCRIPTIVE,,NOT_APPLICABLE,,NOT_APPLICABLE,NO,NO
NCT05489588,VLU_ACTIVE_TREATMENT,PROSPECTIVE_OR_SAME_DAY,NO,YES,PRESENT,NOT_PUBLICLY_SPECIFIED,COREVEN,1,ABSENT,3,INDETERMINATE_AFTER_REVIEW,NO,NO
NCT05491837,PI_TREATMENT,PROSPECTIVE_OR_SAME_DAY,NO,YES,PRESENT,NOT_PUBLICLY_SPECIFIED,PI_TREATMENT_DESCRIPTIVE,,NOT_APPLICABLE,,NOT_APPLICABLE,NO,NO
NCT05492097,PI_TREATMENT,RETROSPECTIVE,NO,NO,PRESENT,NOT_PUBLICLY_SPECIFIED,PI_TREATMENT_DESCRIPTIVE,,NOT_APPLICABLE,,NOT_APPLICABLE,NO,NO
NCT05493943,VLU_ACTIVE_TREATMENT,PROSPECTIVE_OR_SAME_DAY,NO,NO,INDETERMINATE_AFTER_REVIEW,NOT_PUBLICLY_SPECIFIED,COREVEN,1,ABSENT,2,ABSENT,NO,NO
NCT05494450,MIXED_WOUND_EXPLICIT_TARGET,RETROSPECTIVE,NO,YES,NOT_PUBLICLY_SPECIFIED,NOT_PUBLICLY_SPECIFIED,CONDITION_SPECIFIC_ONLY_IF_SEPARABLE,,NOT_APPLICABLE,,NOT_APPLICABLE,NO,NO
NCT05496296,PI_TREATMENT,PROSPECTIVE_OR_SAME_DAY,NO,YES,INDETERMINATE_AFTER_REVIEW,NOT_PUBLICLY_SPECIFIED,PI_TREATMENT_DESCRIPTIVE,,NOT_APPLICABLE,,NOT_APPLICABLE,NO,NO
NCT05504980,PI_PREVENTION,RETROSPECTIVE,NO,YES,PRESENT,NOT_PUBLICLY_SPECIFIED,OUTPUTS,1,ABSENT,1,ABSENT,NO,NO
NCT05513508,PI_TREATMENT,PROSPECTIVE_OR_SAME_DAY,NO,YES,PRESENT,NOT_PUBLICLY_SPECIFIED,PI_TREATMENT_DESCRIPTIVE,,NOT_APPLICABLE,,NOT_APPLICABLE,NO,NO
NCT05515484,PI_TREATMENT,PROSPECTIVE_OR_SAME_DAY,NO,YES,INDETERMINATE_AFTER_REVIEW,NOT_PUBLICLY_SPECIFIED,PI_TREATMENT_DESCRIPTIVE,,NOT_APPLICABLE,,NOT_APPLICABLE,NO,NO
NCT05522920,PI_TREATMENT,RETROSPECTIVE,NO,YES,NOT_PUBLICLY_SPECIFIED,NOT_PUBLICLY_SPECIFIED,PI_TREATMENT_DESCRIPTIVE,,NOT_APPLICABLE,,NOT_APPLICABLE,NO,NO
NCT05541198,PI_TREATMENT,RETROSPECTIVE,NO,YES,PRESENT,NOT_PUBLICLY_SPECIFIED,PI_TREATMENT_DESCRIPTIVE,,NOT_APPLICABLE,,NOT_APPLICABLE,NO,NO
NCT05542589,PI_TREATMENT,RETROSPECTIVE,NO,NO,PRESENT,NOT_PUBLICLY_SPECIFIED,PI_TREATMENT_DESCRIPTIVE,,NOT_APPLICABLE,,NOT_APPLICABLE,NO,NO
NCT05546684,PI_PREVENTION,PROSPECTIVE_OR_SAME_DAY,NO,YES,NOT_PUBLICLY_SPECIFIED,NOT_PUBLICLY_SPECIFIED,OUTPUTS,0,ABSENT,0,ABSENT,NO,NO
NCT05547191,PI_TREATMENT,PROSPECTIVE_OR_SAME_DAY,NO,YES,NOT_PUBLICLY_SPECIFIED,NOT_PUBLICLY_SPECIFIED,PI_TREATMENT_DESCRIPTIVE,,NOT_APPLICABLE,,NOT_APPLICABLE,NO,NO
NCT05547295,PI_PREVENTION,PROSPECTIVE_OR_SAME_DAY,NO,YES,INDETERMINATE_AFTER_REVIEW,NOT_PUBLICLY_SPECIFIED,OUTPUTS,0,ABSENT,1,ABSENT,NO,NO
NCT05549609,VLU_ACTIVE_TREATMENT,PROSPECTIVE_OR_SAME_DAY,NO,YES,INDETERMINATE_AFTER_REVIEW,NOT_PUBLICLY_SPECIFIED,COREVEN,1,ABSENT,3,ABSENT,NO,NO
NCT05549830,PI_PREVENTION,PROSPECTIVE_OR_SAME_DAY,NO,YES,PRESENT,NOT_PUBLICLY_SPECIFIED,OUTPUTS,1,ABSENT,1,ABSENT,NO,NO
NCT05550311,PI_TREATMENT,PROSPECTIVE_OR_SAME_DAY,NO,NO,INDETERMINATE_AFTER_REVIEW,NOT_PUBLICLY_SPECIFIED,PI_TREATMENT_DESCRIPTIVE,,NOT_APPLICABLE,,NOT_APPLICABLE,NO,NO
NCT05550987,PI_TREATMENT,PROSPECTIVE_OR_SAME_DAY,NO,NO,PRESENT,NOT_PUBLICLY_SPECIFIED,PI_TREATMENT_DESCRIPTIVE,,NOT_APPLICABLE,,NOT_APPLICABLE,NO,NO
NCT05552599,PI_TREATMENT,RETROSPECTIVE,NO,YES,INDETERMINATE_AFTER_REVIEW,NOT_PUBLICLY_SPECIFIED,PI_TREATMENT_DESCRIPTIVE,,NOT_APPLICABLE,,NOT_APPLICABLE,NO,NO
NCT05563402,PI_TREATMENT,PROSPECTIVE_OR_SAME_DAY,NO,NO,PRESENT,NOT_PUBLICLY_SPECIFIED,PI_TREATMENT_DESCRIPTIVE,,NOT_APPLICABLE,,NOT_APPLICABLE,NO,NO
NCT05570877,MIXED_WOUND_EXPLICIT_TARGET,RETROSPECTIVE,NO,YES,NOT_PUBLICLY_SPECIFIED,NOT_PUBLICLY_SPECIFIED,CONDITION_SPECIFIC_ONLY_IF_SEPARABLE,,NOT_APPLICABLE,,NOT_APPLICABLE,NO,NO
NCT05575869,PI_PREVENTION,RETROSPECTIVE,NO,YES,PRESENT,NOT_PUBLICLY_SPECIFIED,OUTPUTS,0,ABSENT,0,ABSENT,NO,NO
NCT05578638,PI_TREATMENT,PROSPECTIVE_OR_SAME_DAY,NO,NO,NOT_PUBLICLY_SPECIFIED,NOT_PUBLICLY_SPECIFIED,PI_TREATMENT_DESCRIPTIVE,,NOT_APPLICABLE,,NOT_APPLICABLE,NO,NO
NCT05586646,PI_TREATMENT,RETROSPECTIVE,NO,NO,NOT_PUBLICLY_SPECIFIED,NOT_PUBLICLY_SPECIFIED,PI_TREATMENT_DESCRIPTIVE,,NOT_APPLICABLE,,NOT_APPLICABLE,NO,NO
NCT05588583,MIXED_WOUND_EXPLICIT_TARGET,PROSPECTIVE_OR_SAME_DAY,NO,YES,NOT_PUBLICLY_SPECIFIED,NOT_PUBLICLY_SPECIFIED,CONDITION_SPECIFIC_ONLY_IF_SEPARABLE,,NOT_APPLICABLE,,NOT_APPLICABLE,NO,NO
NCT05589402,PI_TREATMENT,RETROSPECTIVE,NO,NO,NOT_PUBLICLY_SPECIFIED,NOT_PUBLICLY_SPECIFIED,PI_TREATMENT_DESCRIPTIVE,,NOT_APPLICABLE,,NOT_APPLICABLE,NO,NO
NCT05589415,PI_TREATMENT,RETROSPECTIVE,NO,NO,NOT_PUBLICLY_SPECIFIED,NOT_PUBLICLY_SPECIFIED,PI_TREATMENT_DESCRIPTIVE,,NOT_APPLICABLE,,NOT_APPLICABLE,NO,NO
NCT05590065,PI_TREATMENT,PROSPECTIVE_OR_SAME_DAY,NO,NO,PRESENT,NOT_PUBLICLY_SPECIFIED,PI_TREATMENT_DESCRIPTIVE,,NOT_APPLICABLE,,NOT_APPLICABLE,NO,NO
NCT05597176,PI_TREATMENT,PROSPECTIVE_OR_SAME_DAY,NO,NO,NOT_PUBLICLY_SPECIFIED,NOT_PUBLICLY_SPECIFIED,PI_TREATMENT_DESCRIPTIVE,,NOT_APPLICABLE,,NOT_APPLICABLE,NO,NO
NCT05598398,PI_TREATMENT,RETROSPECTIVE,NO,YES,INDETERMINATE_AFTER_REVIEW,NOT_PUBLICLY_SPECIFIED,PI_TREATMENT_DESCRIPTIVE,,NOT_APPLICABLE,,NOT_APPLICABLE,NO,NO
NCT05604352,MIXED_WOUND_EXPLICIT_TARGET,PROSPECTIVE_OR_SAME_DAY,NO,YES,NOT_PUBLICLY_SPECIFIED,NOT_PUBLICLY_SPECIFIED,CONDITION_SPECIFIC_ONLY_IF_SEPARABLE,,NOT_APPLICABLE,,NOT_APPLICABLE,NO,NO
NCT05607979,PI_TREATMENT,PROSPECTIVE_OR_SAME_DAY,NO,YES,NOT_PUBLICLY_SPECIFIED,NOT_PUBLICLY_SPECIFIED,PI_TREATMENT_DESCRIPTIVE,,NOT_APPLICABLE,,NOT_APPLICABLE,NO,NO
NCT05608317,VLU_ACTIVE_TREATMENT,PROSPECTIVE_OR_SAME_DAY,NO,YES,NOT_PUBLICLY_SPECIFIED,NOT_PUBLICLY_SPECIFIED,COREVEN,0,INDETERMINATE_AFTER_REVIEW,4,INDETERMINATE_AFTER_REVIEW,NO,NO
NCT05610241,VLU_ACTIVE_TREATMENT,PROSPECTIVE_OR_SAME_DAY,NO,YES,INDETERMINATE_AFTER_REVIEW,NOT_PUBLICLY_SPECIFIED,COREVEN,1,ABSENT,1,ABSENT,NO,NO
NCT05618509,MIXED_WOUND_EXPLICIT_TARGET,PROSPECTIVE_OR_SAME_DAY,NO,YES,PRESENT,NOT_PUBLICLY_SPECIFIED,CONDITION_SPECIFIC_ONLY_IF_SEPARABLE,,NOT_APPLICABLE,,NOT_APPLICABLE,NO,NO
NCT05619003,PI_PREVENTION,RETROSPECTIVE,YES,YES,NOT_PUBLICLY_SPECIFIED,NOT_PUBLICLY_SPECIFIED,OUTPUTS,1,ABSENT,1,ABSENT,NO,NO
NCT05619237,MIXED_WOUND_EXPLICIT_TARGET,PROSPECTIVE_OR_SAME_DAY,NO,YES,PRESENT,INDETERMINATE_AFTER_REVIEW,CONDITION_SPECIFIC_ONLY_IF_SEPARABLE,,NOT_APPLICABLE,,NOT_APPLICABLE,NO,NO
NCT05632250,MIXED_WOUND_EXPLICIT_TARGET,PROSPECTIVE_OR_SAME_DAY,NO,YES,PRESENT,NOT_PUBLICLY_SPECIFIED,CONDITION_SPECIFIC_ONLY_IF_SEPARABLE,,NOT_APPLICABLE,,NOT_APPLICABLE,NO,NO
NCT05633277,VLU_ACTIVE_TREATMENT,RETROSPECTIVE,NO,YES,PRESENT,PRESENT,COREVEN,1,INDETERMINATE_AFTER_REVIEW,2,INDETERMINATE_AFTER_REVIEW,NO,NO
NCT05635851,PI_PREVENTION,PROSPECTIVE_OR_SAME_DAY,NO,NO,NOT_PUBLICLY_SPECIFIED,NOT_PUBLICLY_SPECIFIED,OUTPUTS,0,ABSENT,0,ABSENT,NO,NO
NCT05643313,PI_TREATMENT,PROSPECTIVE_OR_SAME_DAY,NO,NO,PRESENT,NOT_PUBLICLY_SPECIFIED,PI_TREATMENT_DESCRIPTIVE,,NOT_APPLICABLE,,NOT_APPLICABLE,NO,NO
NCT05649332,MIXED_WOUND_EXPLICIT_TARGET,PROSPECTIVE_OR_SAME_DAY,NO,NO,NOT_PUBLICLY_SPECIFIED,NOT_PUBLICLY_SPECIFIED,CONDITION_SPECIFIC_ONLY_IF_SEPARABLE,,NOT_APPLICABLE,,NOT_APPLICABLE,NO,NO
NCT05653089,PI_PREVENTION,PROSPECTIVE_OR_SAME_DAY,NO,NO,PRESENT,INDETERMINATE_AFTER_REVIEW,OUTPUTS,0,ABSENT,1,ABSENT,NO,NO
NCT05659394,VLU_ACTIVE_TREATMENT,PROSPECTIVE_OR_SAME_DAY,NO,YES,NOT_PUBLICLY_SPECIFIED,NOT_PUBLICLY_SPECIFIED,COREVEN,1,ABSENT,4,ABSENT,NO,NO
NCT05661214,PI_TREATMENT,PROSPECTIVE_OR_SAME_DAY,NO,YES,INDETERMINATE_AFTER_REVIEW,NOT_PUBLICLY_SPECIFIED,PI_TREATMENT_DESCRIPTIVE,,NOT_APPLICABLE,,NOT_APPLICABLE,NO,NO
NCT05667831,PI_TREATMENT,RETROSPECTIVE,NO,YES,PRESENT,NOT_PUBLICLY_SPECIFIED,PI_TREATMENT_DESCRIPTIVE,,NOT_APPLICABLE,,NOT_APPLICABLE,NO,NO
NCT05685628,PI_TREATMENT,PROSPECTIVE_OR_SAME_DAY,NO,YES,INDETERMINATE_AFTER_REVIEW,INDETERMINATE_AFTER_REVIEW,PI_TREATMENT_DESCRIPTIVE,,NOT_APPLICABLE,,NOT_APPLICABLE,NO,NO
NCT05690685,MIXED_WOUND_EXPLICIT_TARGET,PROSPECTIVE_OR_SAME_DAY,NO,YES,PRESENT,NOT_PUBLICLY_SPECIFIED,CONDITION_SPECIFIC_ONLY_IF_SEPARABLE,,NOT_APPLICABLE,,NOT_APPLICABLE,NO,NO
NCT05699122,PI_TREATMENT,PROSPECTIVE_OR_SAME_DAY,NO,YES,PRESENT,NOT_PUBLICLY_SPECIFIED,PI_TREATMENT_DESCRIPTIVE,,NOT_APPLICABLE,,NOT_APPLICABLE,NO,NO
NCT05705908,PI_TREATMENT,RETROSPECTIVE,NO,YES,PRESENT,NOT_PUBLICLY_SPECIFIED,PI_TREATMENT_DESCRIPTIVE,,NOT_APPLICABLE,,NOT_APPLICABLE,NO,NO
NCT05707169,VLU_ACTIVE_TREATMENT,PROSPECTIVE_OR_SAME_DAY,NO,NO,NOT_PUBLICLY_SPECIFIED,NOT_PUBLICLY_SPECIFIED,COREVEN,0,ABSENT,0,ABSENT,NO,NO
NCT05708274,PI_TREATMENT,PROSPECTIVE_OR_SAME_DAY,NO,NO,INDETERMINATE_AFTER_REVIEW,INDETERMINATE_AFTER_REVIEW,PI_TREATMENT_DESCRIPTIVE,,NOT_APPLICABLE,,NOT_APPLICABLE,NO,NO
NCT05710094,VLU_ACTIVE_TREATMENT,PROSPECTIVE_OR_SAME_DAY,NO,YES,INDETERMINATE_AFTER_REVIEW,NOT_PUBLICLY_SPECIFIED,COREVEN,2,ABSENT,2,INDETERMINATE_AFTER_REVIEW,NO,NO
NCT05710653,VLU_ACTIVE_TREATMENT,RETROSPECTIVE,NO,NO,INDETERMINATE_AFTER_REVIEW,NOT_PUBLICLY_SPECIFIED,COREVEN,0,ABSENT,0,ABSENT,NO,NO
NCT05739149,MIXED_WOUND_EXPLICIT_TARGET,PROSPECTIVE_OR_SAME_DAY,NO,YES,NOT_PUBLICLY_SPECIFIED,NOT_PUBLICLY_SPECIFIED,CONDITION_SPECIFIC_ONLY_IF_SEPARABLE,,NOT_APPLICABLE,,NOT_APPLICABLE,NO,NO
NCT05743283,MIXED_WOUND_EXPLICIT_TARGET,PROSPECTIVE_OR_SAME_DAY,NO,YES,NOT_PUBLICLY_SPECIFIED,NOT_PUBLICLY_SPECIFIED,CONDITION_SPECIFIC_ONLY_IF_SEPARABLE,,NOT_APPLICABLE,,NOT_APPLICABLE,NO,NO
NCT05745155,PI_TREATMENT,PROSPECTIVE_OR_SAME_DAY,NO,YES,PRESENT,NOT_PUBLICLY_SPECIFIED,PI_TREATMENT_DESCRIPTIVE,,NOT_APPLICABLE,,NOT_APPLICABLE,NO,NO
NCT05762341,PI_PREVENTION,PROSPECTIVE_OR_SAME_DAY,NO,YES,INDETERMINATE_AFTER_REVIEW,NOT_PUBLICLY_SPECIFIED,OUTPUTS,0,ABSENT,0,ABSENT,NO,NO
NCT05772507,MIXED_WOUND_EXPLICIT_TARGET,PROSPECTIVE_OR_SAME_DAY,NO,YES,NOT_PUBLICLY_SPECIFIED,NOT_PUBLICLY_SPECIFIED,CONDITION_SPECIFIC_ONLY_IF_SEPARABLE,,NOT_APPLICABLE,,NOT_APPLICABLE,NO,NO
NCT05779852,PI_TREATMENT,PROSPECTIVE_OR_SAME_DAY,NO,YES,INDETERMINATE_AFTER_REVIEW,NOT_PUBLICLY_SPECIFIED,PI_TREATMENT_DESCRIPTIVE,,NOT_APPLICABLE,,NOT_APPLICABLE,NO,NO
NCT05782855,PI_PREVENTION,PROSPECTIVE_OR_SAME_DAY,NO,YES,PRESENT,INDETERMINATE_AFTER_REVIEW,OUTPUTS,1,ABSENT,2,ABSENT,NO,NO
NCT05786612,MIXED_WOUND_EXPLICIT_TARGET,PROSPECTIVE_OR_SAME_DAY,YES,YES,NOT_PUBLICLY_SPECIFIED,NOT_PUBLICLY_SPECIFIED,CONDITION_SPECIFIC_ONLY_IF_SEPARABLE,,NOT_APPLICABLE,,NOT_APPLICABLE,NO,NO
NCT05797688,MIXED_WOUND_EXPLICIT_TARGET,RETROSPECTIVE,NO,YES,INDETERMINATE_AFTER_REVIEW,INDETERMINATE_AFTER_REVIEW,CONDITION_SPECIFIC_ONLY_IF_SEPARABLE,,NOT_APPLICABLE,,NOT_APPLICABLE,NO,NO
NCT05798169,PI_PREVENTION,PROSPECTIVE_OR_SAME_DAY,NO,YES,PRESENT,NOT_PUBLICLY_SPECIFIED,OUTPUTS,0,ABSENT,0,ABSENT,NO,NO
NCT05801536,PI_TREATMENT,RETROSPECTIVE,NO,NO,PRESENT,NOT_PUBLICLY_SPECIFIED,PI_TREATMENT_DESCRIPTIVE,,NOT_APPLICABLE,,NOT_APPLICABLE,NO,NO
NCT05805137,VLU_ACTIVE_TREATMENT,PROSPECTIVE_OR_SAME_DAY,NO,YES,NOT_PUBLICLY_SPECIFIED,NOT_PUBLICLY_SPECIFIED,COREVEN,0,INDETERMINATE_AFTER_REVIEW,0,INDETERMINATE_AFTER_REVIEW,NO,NO
NCT05822297,PI_TREATMENT,PROSPECTIVE_OR_SAME_DAY,NO,YES,INDETERMINATE_AFTER_REVIEW,NOT_PUBLICLY_SPECIFIED,PI_TREATMENT_DESCRIPTIVE,,NOT_APPLICABLE,,NOT_APPLICABLE,NO,NO
NCT05852236,PI_PREVENTION,RETROSPECTIVE,NO,YES,INDETERMINATE_AFTER_REVIEW,NOT_PUBLICLY_SPECIFIED,OUTPUTS,2,ABSENT,2,ABSENT,NO,NO
NCT05863754,PI_TREATMENT,RETROSPECTIVE,NO,YES,PRESENT,NOT_PUBLICLY_SPECIFIED,PI_TREATMENT_DESCRIPTIVE,,NOT_APPLICABLE,,NOT_APPLICABLE,NO,NO
NCT05873257,VLU_ACTIVE_TREATMENT,PROSPECTIVE_OR_SAME_DAY,YES,YES,NOT_PUBLICLY_SPECIFIED,NOT_PUBLICLY_SPECIFIED,COREVEN,1,ABSENT,1,ABSENT,YES,YES
NCT05874284,PI_TREATMENT,PROSPECTIVE_OR_SAME_DAY,NO,YES,NOT_PUBLICLY_SPECIFIED,NOT_PUBLICLY_SPECIFIED,PI_TREATMENT_DESCRIPTIVE,,NOT_APPLICABLE,,NOT_APPLICABLE,NO,NO
NCT05877378,MIXED_WOUND_EXPLICIT_TARGET,PROSPECTIVE_OR_SAME_DAY,NO,YES,PRESENT,NOT_PUBLICLY_SPECIFIED,CONDITION_SPECIFIC_ONLY_IF_SEPARABLE,,NOT_APPLICABLE,,NOT_APPLICABLE,NO,NO
NCT05887752,PI_TREATMENT,PROSPECTIVE_OR_SAME_DAY,NO,YES,INDETERMINATE_AFTER_REVIEW,NOT_PUBLICLY_SPECIFIED,PI_TREATMENT_DESCRIPTIVE,,NOT_APPLICABLE,,NOT_APPLICABLE,NO,NO
NCT05892341,VLU_ACTIVE_TREATMENT,RETROSPECTIVE,YES,YES,PRESENT,NOT_PUBLICLY_SPECIFIED,COREVEN,1,ABSENT,2,INDETERMINATE_AFTER_REVIEW,YES,NO
NCT05894096,VLU_ACTIVE_TREATMENT,RETROSPECTIVE,NO,YES,PRESENT,NOT_PUBLICLY_SPECIFIED,COREVEN,1,ABSENT,1,ABSENT,NO,NO
NCT05894291,PI_TREATMENT,PROSPECTIVE_OR_SAME_DAY,NO,YES,INDETERMINATE_AFTER_REVIEW,INDETERMINATE_AFTER_REVIEW,PI_TREATMENT_DESCRIPTIVE,,NOT_APPLICABLE,,NOT_APPLICABLE,NO,NO
NCT05899140,MIXED_WOUND_EXPLICIT_TARGET,PROSPECTIVE_OR_SAME_DAY,NO,YES,NOT_PUBLICLY_SPECIFIED,NOT_PUBLICLY_SPECIFIED,CONDITION_SPECIFIC_ONLY_IF_SEPARABLE,,NOT_APPLICABLE,,NOT_APPLICABLE,NO,NO
NCT05902182,PI_TREATMENT,PROSPECTIVE_OR_SAME_DAY,NO,YES,INDETERMINATE_AFTER_REVIEW,NOT_PUBLICLY_SPECIFIED,PI_TREATMENT_DESCRIPTIVE,,NOT_APPLICABLE,,NOT_APPLICABLE,NO,NO
NCT05912712,MIXED_WOUND_EXPLICIT_TARGET,PROSPECTIVE_OR_SAME_DAY,NO,NO,NOT_PUBLICLY_SPECIFIED,NOT_PUBLICLY_SPECIFIED,CONDITION_SPECIFIC_ONLY_IF_SEPARABLE,,NOT_APPLICABLE,,NOT_APPLICABLE,NO,NO
NCT05915169,PI_TREATMENT,PROSPECTIVE_OR_SAME_DAY,NO,YES,INDETERMINATE_AFTER_REVIEW,INDETERMINATE_AFTER_REVIEW,PI_TREATMENT_DESCRIPTIVE,,NOT_APPLICABLE,,NOT_APPLICABLE,NO,NO
NCT05921292,VLU_ACTIVE_TREATMENT,RETROSPECTIVE,NO,YES,PRESENT,NOT_PUBLICLY_SPECIFIED,COREVEN,1,ABSENT,3,INDETERMINATE_AFTER_REVIEW,NO,NO
NCT05923749,VLU_ACTIVE_TREATMENT,PROSPECTIVE_OR_SAME_DAY,NO,YES,NOT_PUBLICLY_SPECIFIED,NOT_PUBLICLY_SPECIFIED,COREVEN,1,ABSENT,2,ABSENT,NO,NO
NCT05926843,PI_TREATMENT,RETROSPECTIVE,NO,YES,NOT_PUBLICLY_SPECIFIED,NOT_PUBLICLY_SPECIFIED,PI_TREATMENT_DESCRIPTIVE,,NOT_APPLICABLE,,NOT_APPLICABLE,NO,NO
NCT05939973,VLU_ACTIVE_TREATMENT,RETROSPECTIVE,NO,NO,PRESENT,NOT_PUBLICLY_SPECIFIED,COREVEN,1,ABSENT,2,INDETERMINATE_AFTER_REVIEW,NO,NO
NCT05940636,PI_PREVENTION,PROSPECTIVE_OR_SAME_DAY,NO,NO,PRESENT,NOT_PUBLICLY_SPECIFIED,OUTPUTS,1,ABSENT,1,ABSENT,NO,NO
NCT05941819,PI_TREATMENT,PROSPECTIVE_OR_SAME_DAY,NO,YES,PRESENT,INDETERMINATE_AFTER_REVIEW,PI_TREATMENT_DESCRIPTIVE,,NOT_APPLICABLE,,NOT_APPLICABLE,NO,NO
NCT05948306,PI_PREVENTION,PROSPECTIVE_OR_SAME_DAY,NO,YES,INDETERMINATE_AFTER_REVIEW,NOT_PUBLICLY_SPECIFIED,OUTPUTS,0,ABSENT,0,ABSENT,NO,NO
NCT05957588,PI_TREATMENT,RETROSPECTIVE,NO,YES,INDETERMINATE_AFTER_REVIEW,NOT_PUBLICLY_SPECIFIED,PI_TREATMENT_DESCRIPTIVE,,NOT_APPLICABLE,,NOT_APPLICABLE,NO,NO
NCT05957757,MIXED_WOUND_EXPLICIT_TARGET,PROSPECTIVE_OR_SAME_DAY,NO,YES,INDETERMINATE_AFTER_REVIEW,NOT_PUBLICLY_SPECIFIED,CONDITION_SPECIFIC_ONLY_IF_SEPARABLE,,NOT_APPLICABLE,,NOT_APPLICABLE,NO,NO
NCT05960578,MIXED_WOUND_EXPLICIT_TARGET,PROSPECTIVE_OR_SAME_DAY,NO,YES,INDETERMINATE_AFTER_REVIEW,NOT_PUBLICLY_SPECIFIED,CONDITION_SPECIFIC_ONLY_IF_SEPARABLE,,NOT_APPLICABLE,,NOT_APPLICABLE,NO,NO
NCT05962931,VLU_RECURRENCE_PREVENTION,PROSPECTIVE_OR_SAME_DAY,NO,YES,INDETERMINATE_AFTER_REVIEW,NOT_PUBLICLY_SPECIFIED,VLU_RECURRENCE_DESCRIPTIVE,,NOT_APPLICABLE,,NOT_APPLICABLE,NO,NO
NCT05966896,PI_TREATMENT,PROSPECTIVE_OR_SAME_DAY,NO,YES,NOT_PUBLICLY_SPECIFIED,NOT_PUBLICLY_SPECIFIED,PI_TREATMENT_DESCRIPTIVE,,NOT_APPLICABLE,,NOT_APPLICABLE,NO,NO
NCT05974982,VLU_ACTIVE_TREATMENT,RETROSPECTIVE,NO,NO,PRESENT,NOT_PUBLICLY_SPECIFIED,COREVEN,1,ABSENT,1,ABSENT,NO,NO
NCT05979402,PI_PREVENTION,RETROSPECTIVE,NO,YES,PRESENT,NOT_PUBLICLY_SPECIFIED,OUTPUTS,0,INDETERMINATE_AFTER_REVIEW,0,INDETERMINATE_AFTER_REVIEW,NO,NO
NCT06003686,PI_TREATMENT,PROSPECTIVE_OR_SAME_DAY,NO,NO,PRESENT,NOT_PUBLICLY_SPECIFIED,PI_TREATMENT_DESCRIPTIVE,,NOT_APPLICABLE,,NOT_APPLICABLE,NO,NO
NCT06003712,PI_TREATMENT,PROSPECTIVE_OR_SAME_DAY,NO,NO,NOT_PUBLICLY_SPECIFIED,NOT_PUBLICLY_SPECIFIED,PI_TREATMENT_DESCRIPTIVE,,NOT_APPLICABLE,,NOT_APPLICABLE,NO,NO
NCT06007235,MIXED_WOUND_EXPLICIT_TARGET,PROSPECTIVE_OR_SAME_DAY,NO,NO,INDETERMINATE_AFTER_REVIEW,INDETERMINATE_AFTER_REVIEW,CONDITION_SPECIFIC_ONLY_IF_SEPARABLE,,NOT_APPLICABLE,,NOT_APPLICABLE,NO,NO
NCT06011876,PI_TREATMENT,PROSPECTIVE_OR_SAME_DAY,NO,NO,NOT_PUBLICLY_SPECIFIED,NOT_PUBLICLY_SPECIFIED,PI_TREATMENT_DESCRIPTIVE,,NOT_APPLICABLE,,NOT_APPLICABLE,NO,NO
NCT06013046,PI_TREATMENT,PROSPECTIVE_OR_SAME_DAY,NO,YES,PRESENT,NOT_PUBLICLY_SPECIFIED,PI_TREATMENT_DESCRIPTIVE,,NOT_APPLICABLE,,NOT_APPLICABLE,NO,NO
NCT06015139,PI_PREVENTION,PROSPECTIVE_OR_SAME_DAY,NO,YES,INDETERMINATE_AFTER_REVIEW,NOT_PUBLICLY_SPECIFIED,OUTPUTS,1,ABSENT,1,ABSENT,NO,NO
NCT06019949,PI_TREATMENT,PROSPECTIVE_OR_SAME_DAY,NO,YES,NOT_PUBLICLY_SPECIFIED,NOT_PUBLICLY_SPECIFIED,PI_TREATMENT_DESCRIPTIVE,,NOT_APPLICABLE,,NOT_APPLICABLE,NO,NO
NCT06025370,PI_PREVENTION,PROSPECTIVE_OR_SAME_DAY,NO,YES,INDETERMINATE_AFTER_REVIEW,NOT_PUBLICLY_SPECIFIED,OUTPUTS,0,INDETERMINATE_AFTER_REVIEW,0,INDETERMINATE_AFTER_REVIEW,NO,NO
NCT06027502,PI_TREATMENT,PROSPECTIVE_OR_SAME_DAY,NO,YES,PRESENT,NOT_PUBLICLY_SPECIFIED,PI_TREATMENT_DESCRIPTIVE,,NOT_APPLICABLE,,NOT_APPLICABLE,NO,NO
NCT06031714,MIXED_WOUND_EXPLICIT_TARGET,PROSPECTIVE_OR_SAME_DAY,NO,YES,NOT_PUBLICLY_SPECIFIED,NOT_PUBLICLY_SPECIFIED,CONDITION_SPECIFIC_ONLY_IF_SEPARABLE,,NOT_APPLICABLE,,NOT_APPLICABLE,NO,NO
NCT06040749,PI_TREATMENT,RETROSPECTIVE,NO,YES,PRESENT,NOT_PUBLICLY_SPECIFIED,PI_TREATMENT_DESCRIPTIVE,,NOT_APPLICABLE,,NOT_APPLICABLE,NO,NO
NCT06060470,PI_TREATMENT,PROSPECTIVE_OR_SAME_DAY,NO,YES,PRESENT,NOT_PUBLICLY_SPECIFIED,PI_TREATMENT_DESCRIPTIVE,,NOT_APPLICABLE,,NOT_APPLICABLE,NO,NO
NCT06061796,PI_PREVENTION,PROSPECTIVE_OR_SAME_DAY,NO,YES,PRESENT,NOT_PUBLICLY_SPECIFIED,OUTPUTS,0,ABSENT,1,ABSENT,NO,NO
NCT06071039,PI_PREVENTION,RETROSPECTIVE,NO,YES,INDETERMINATE_AFTER_REVIEW,NOT_PUBLICLY_SPECIFIED,OUTPUTS,0,ABSENT,0,ABSENT,NO,NO
NCT06078488,PI_TREATMENT,PROSPECTIVE_OR_SAME_DAY,NO,YES,PRESENT,INDETERMINATE_AFTER_REVIEW,PI_TREATMENT_DESCRIPTIVE,,NOT_APPLICABLE,,NOT_APPLICABLE,NO,NO
NCT06083935,VLU_ACTIVE_TREATMENT,PROSPECTIVE_OR_SAME_DAY,NO,NO,NOT_PUBLICLY_SPECIFIED,NOT_PUBLICLY_SPECIFIED,COREVEN,0,ABSENT,1,ABSENT,NO,NO
NCT06089408,PI_TREATMENT,RETROSPECTIVE,NO,YES,NOT_PUBLICLY_SPECIFIED,NOT_PUBLICLY_SPECIFIED,PI_TREATMENT_DESCRIPTIVE,,NOT_APPLICABLE,,NOT_APPLICABLE,NO,NO
NCT06101199,PI_TREATMENT,PROSPECTIVE_OR_SAME_DAY,NO,NO,INDETERMINATE_AFTER_REVIEW,INDETERMINATE_AFTER_REVIEW,PI_TREATMENT_DESCRIPTIVE,,NOT_APPLICABLE,,NOT_APPLICABLE,NO,NO
NCT06107010,PI_TREATMENT,RETROSPECTIVE,NO,YES,PRESENT,NOT_PUBLICLY_SPECIFIED,PI_TREATMENT_DESCRIPTIVE,,NOT_APPLICABLE,,NOT_APPLICABLE,NO,NO
NCT06108999,MIXED_WOUND_EXPLICIT_TARGET,RETROSPECTIVE,NO,YES,PRESENT,NOT_PUBLICLY_SPECIFIED,CONDITION_SPECIFIC_ONLY_IF_SEPARABLE,,NOT_APPLICABLE,,NOT_APPLICABLE,NO,NO
NCT06111183,MIXED_WOUND_EXPLICIT_TARGET,RETROSPECTIVE,NO,YES,PRESENT,NOT_PUBLICLY_SPECIFIED,CONDITION_SPECIFIC_ONLY_IF_SEPARABLE,,NOT_APPLICABLE,,NOT_APPLICABLE,NO,NO
NCT06116123,PI_PREVENTION,RETROSPECTIVE,NO,YES,PRESENT,PRESENT,OUTPUTS,0,ABSENT,0,ABSENT,NO,NO
NCT06127524,PI_PREVENTION,RETROSPECTIVE,YES,YES,PRESENT,NOT_PUBLICLY_SPECIFIED,OUTPUTS,1,ABSENT,1,ABSENT,NO,NO
NCT06128005,PI_TREATMENT,RETROSPECTIVE,NO,YES,PRESENT,INDETERMINATE_AFTER_REVIEW,PI_TREATMENT_DESCRIPTIVE,,NOT_APPLICABLE,,NOT_APPLICABLE,NO,NO
NCT06135246,VLU_ACTIVE_TREATMENT,PROSPECTIVE_OR_SAME_DAY,NO,NO,NOT_PUBLICLY_SPECIFIED,NOT_PUBLICLY_SPECIFIED,COREVEN,0,ABSENT,3,ABSENT,NO,NO
NCT06140355,PI_TREATMENT,PROSPECTIVE_OR_SAME_DAY,NO,YES,PRESENT,NOT_PUBLICLY_SPECIFIED,PI_TREATMENT_DESCRIPTIVE,,NOT_APPLICABLE,,NOT_APPLICABLE,NO,NO
NCT06140706,PI_TREATMENT,PROSPECTIVE_OR_SAME_DAY,NO,NO,PRESENT,NOT_PUBLICLY_SPECIFIED,PI_TREATMENT_DESCRIPTIVE,,NOT_APPLICABLE,,NOT_APPLICABLE,NO,NO
NCT06142123,VLU_ACTIVE_TREATMENT,RETROSPECTIVE,NO,NO,PRESENT,NOT_PUBLICLY_SPECIFIED,COREVEN,1,ABSENT,1,ABSENT,NO,NO
NCT06150326,PI_TREATMENT,PROSPECTIVE_OR_SAME_DAY,NO,YES,PRESENT,NOT_PUBLICLY_SPECIFIED,PI_TREATMENT_DESCRIPTIVE,,NOT_APPLICABLE,,NOT_APPLICABLE,NO,NO
NCT06151769,PI_PREVENTION,PROSPECTIVE_OR_SAME_DAY,NO,NO,PRESENT,NOT_PUBLICLY_SPECIFIED,OUTPUTS,0,INDETERMINATE_AFTER_REVIEW,0,INDETERMINATE_AFTER_REVIEW,NO,NO
NCT06153589,MIXED_WOUND_EXPLICIT_TARGET,PROSPECTIVE_OR_SAME_DAY,NO,YES,INDETERMINATE_AFTER_REVIEW,NOT_PUBLICLY_SPECIFIED,CONDITION_SPECIFIC_ONLY_IF_SEPARABLE,,NOT_APPLICABLE,,NOT_APPLICABLE,NO,NO
NCT06161480,MIXED_WOUND_EXPLICIT_TARGET,RETROSPECTIVE,YES,YES,PRESENT,PRESENT,CONDITION_SPECIFIC_ONLY_IF_SEPARABLE,,NOT_APPLICABLE,,NOT_APPLICABLE,YES,YES
NCT06163352,PI_TREATMENT,RETROSPECTIVE,NO,YES,PRESENT,NOT_PUBLICLY_SPECIFIED,PI_TREATMENT_DESCRIPTIVE,,NOT_APPLICABLE,,NOT_APPLICABLE,NO,NO
NCT06185465,MIXED_WOUND_EXPLICIT_TARGET,PROSPECTIVE_OR_SAME_DAY,NO,YES,NOT_PUBLICLY_SPECIFIED,NOT_PUBLICLY_SPECIFIED,CONDITION_SPECIFIC_ONLY_IF_SEPARABLE,,NOT_APPLICABLE,,NOT_APPLICABLE,NO,NO
NCT06187506,MIXED_WOUND_EXPLICIT_TARGET,PROSPECTIVE_OR_SAME_DAY,NO,YES,NOT_PUBLICLY_SPECIFIED,NOT_PUBLICLY_SPECIFIED,CONDITION_SPECIFIC_ONLY_IF_SEPARABLE,,NOT_APPLICABLE,,NOT_APPLICABLE,NO,NO
NCT06197399,PI_TREATMENT,PROSPECTIVE_OR_SAME_DAY,NO,NO,INDETERMINATE_AFTER_REVIEW,NOT_PUBLICLY_SPECIFIED,PI_TREATMENT_DESCRIPTIVE,,NOT_APPLICABLE,,NOT_APPLICABLE,NO,NO
NCT06210399,MIXED_WOUND_EXPLICIT_TARGET,RETROSPECTIVE,NO,YES,PRESENT,INDETERMINATE_AFTER_REVIEW,CONDITION_SPECIFIC_ONLY_IF_SEPARABLE,,NOT_APPLICABLE,,NOT_APPLICABLE,NO,NO
NCT06213012,PI_TREATMENT,PROSPECTIVE_OR_SAME_DAY,NO,NO,PRESENT,NOT_PUBLICLY_SPECIFIED,PI_TREATMENT_DESCRIPTIVE,,NOT_APPLICABLE,,NOT_APPLICABLE,NO,NO
NCT06225245,PI_TREATMENT,PROSPECTIVE_OR_SAME_DAY,NO,NO,PRESENT,NOT_PUBLICLY_SPECIFIED,PI_TREATMENT_DESCRIPTIVE,,NOT_APPLICABLE,,NOT_APPLICABLE,NO,NO
NCT06235463,VLU_ACTIVE_TREATMENT,PROSPECTIVE_OR_SAME_DAY,NO,YES,PRESENT,NOT_PUBLICLY_SPECIFIED,COREVEN,0,ABSENT,0,ABSENT,NO,NO
NCT06236750,MIXED_WOUND_EXPLICIT_TARGET,RETROSPECTIVE,NO,INDETERMINATE_AFTER_REVIEW,NOT_PUBLICLY_SPECIFIED,NOT_PUBLICLY_SPECIFIED,CONDITION_SPECIFIC_ONLY_IF_SEPARABLE,,NOT_APPLICABLE,,NOT_APPLICABLE,NO,NO
NCT06243328,PI_TREATMENT,PROSPECTIVE_OR_SAME_DAY,NO,INDETERMINATE_AFTER_REVIEW,NOT_PUBLICLY_SPECIFIED,NOT_PUBLICLY_SPECIFIED,PI_TREATMENT_DESCRIPTIVE,,NOT_APPLICABLE,,NOT_APPLICABLE,NO,NO
NCT06255288,VLU_ACTIVE_TREATMENT,RETROSPECTIVE,NO,YES,PRESENT,NOT_PUBLICLY_SPECIFIED,COREVEN,0,INDETERMINATE_AFTER_REVIEW,0,INDETERMINATE_AFTER_REVIEW,NO,NO
NCT06270264,PI_TREATMENT,RETROSPECTIVE,NO,YES,INDETERMINATE_AFTER_REVIEW,INDETERMINATE_AFTER_REVIEW,PI_TREATMENT_DESCRIPTIVE,,NOT_APPLICABLE,,NOT_APPLICABLE,NO,NO
NCT06274021,PI_TREATMENT,PROSPECTIVE_OR_SAME_DAY,NO,YES,NOT_PUBLICLY_SPECIFIED,NOT_PUBLICLY_SPECIFIED,PI_TREATMENT_DESCRIPTIVE,,NOT_APPLICABLE,,NOT_APPLICABLE,NO,NO
NCT06280053,MIXED_WOUND_EXPLICIT_TARGET,RETROSPECTIVE,NO,YES,NOT_PUBLICLY_SPECIFIED,NOT_PUBLICLY_SPECIFIED,CONDITION_SPECIFIC_ONLY_IF_SEPARABLE,,NOT_APPLICABLE,,NOT_APPLICABLE,NO,NO
NCT06283979,PI_TREATMENT,PROSPECTIVE_OR_SAME_DAY,NO,YES,PRESENT,INDETERMINATE_AFTER_REVIEW,PI_TREATMENT_DESCRIPTIVE,,NOT_APPLICABLE,,NOT_APPLICABLE,NO,NO
NCT06294327,PI_PREVENTION,RETROSPECTIVE,NO,YES,PRESENT,NOT_PUBLICLY_SPECIFIED,OUTPUTS,1,ABSENT,2,ABSENT,NO,NO
NCT06296771,PI_TREATMENT,PROSPECTIVE_OR_SAME_DAY,NO,NO,PRESENT,NOT_PUBLICLY_SPECIFIED,PI_TREATMENT_DESCRIPTIVE,,NOT_APPLICABLE,,NOT_APPLICABLE,NO,NO
NCT06300762,VLU_ACTIVE_TREATMENT,PROSPECTIVE_OR_SAME_DAY,NO,YES,NOT_PUBLICLY_SPECIFIED,NOT_PUBLICLY_SPECIFIED,COREVEN,0,ABSENT,2,INDETERMINATE_AFTER_REVIEW,NO,NO
NCT06302582,PI_TREATMENT,PROSPECTIVE_OR_SAME_DAY,NO,NO,INDETERMINATE_AFTER_REVIEW,NOT_PUBLICLY_SPECIFIED,PI_TREATMENT_DESCRIPTIVE,,NOT_APPLICABLE,,NOT_APPLICABLE,NO,NO
NCT06308211,PI_TREATMENT,RETROSPECTIVE,NO,NO,PRESENT,NOT_PUBLICLY_SPECIFIED,PI_TREATMENT_DESCRIPTIVE,,NOT_APPLICABLE,,NOT_APPLICABLE,NO,NO
NCT06313515,PI_TREATMENT,PROSPECTIVE_OR_SAME_DAY,NO,NO,NOT_PUBLICLY_SPECIFIED,NOT_PUBLICLY_SPECIFIED,PI_TREATMENT_DESCRIPTIVE,,NOT_APPLICABLE,,NOT_APPLICABLE,NO,NO
NCT06316726,PI_PREVENTION,RETROSPECTIVE,NO,YES,NOT_PUBLICLY_SPECIFIED,NOT_PUBLICLY_SPECIFIED,OUTPUTS,1,ABSENT,1,ABSENT,NO,NO
NCT06327113,MIXED_WOUND_EXPLICIT_TARGET,PROSPECTIVE_OR_SAME_DAY,NO,YES,INDETERMINATE_AFTER_REVIEW,INDETERMINATE_AFTER_REVIEW,CONDITION_SPECIFIC_ONLY_IF_SEPARABLE,,NOT_APPLICABLE,,NOT_APPLICABLE,NO,NO
NCT06329934,PI_TREATMENT,RETROSPECTIVE,NO,NO,PRESENT,NOT_PUBLICLY_SPECIFIED,PI_TREATMENT_DESCRIPTIVE,,NOT_APPLICABLE,,NOT_APPLICABLE,NO,NO
NCT06330493,PI_TREATMENT,PROSPECTIVE_OR_SAME_DAY,NO,YES,PRESENT,NOT_PUBLICLY_SPECIFIED,PI_TREATMENT_DESCRIPTIVE,,NOT_APPLICABLE,,NOT_APPLICABLE,NO,NO
NCT06330506,PI_PREVENTION,PROSPECTIVE_OR_SAME_DAY,NO,NO,PRESENT,NOT_PUBLICLY_SPECIFIED,OUTPUTS,0,INDETERMINATE_AFTER_REVIEW,0,INDETERMINATE_AFTER_REVIEW,NO,NO
NCT06346119,MIXED_WOUND_EXPLICIT_TARGET,PROSPECTIVE_OR_SAME_DAY,NO,YES,NOT_PUBLICLY_SPECIFIED,NOT_PUBLICLY_SPECIFIED,CONDITION_SPECIFIC_ONLY_IF_SEPARABLE,,NOT_APPLICABLE,,NOT_APPLICABLE,NO,NO
NCT06350695,VLU_ACTIVE_TREATMENT,RETROSPECTIVE,NO,YES,INDETERMINATE_AFTER_REVIEW,NOT_PUBLICLY_SPECIFIED,COREVEN,1,ABSENT,1,ABSENT,NO,NO
NCT06353763,PI_TREATMENT,RETROSPECTIVE,NO,YES,INDETERMINATE_AFTER_REVIEW,NOT_PUBLICLY_SPECIFIED,PI_TREATMENT_DESCRIPTIVE,,NOT_APPLICABLE,,NOT_APPLICABLE,NO,NO
NCT06354231,PI_TREATMENT,RETROSPECTIVE,NO,YES,NOT_PUBLICLY_SPECIFIED,NOT_PUBLICLY_SPECIFIED,PI_TREATMENT_DESCRIPTIVE,,NOT_APPLICABLE,,NOT_APPLICABLE,NO,NO
NCT06362135,PI_TREATMENT,RETROSPECTIVE,NO,YES,PRESENT,INDETERMINATE_AFTER_REVIEW,PI_TREATMENT_DESCRIPTIVE,,NOT_APPLICABLE,,NOT_APPLICABLE,NO,NO
NCT06367179,PI_TREATMENT,RETROSPECTIVE,NO,YES,INDETERMINATE_AFTER_REVIEW,INDETERMINATE_AFTER_REVIEW,PI_TREATMENT_DESCRIPTIVE,,NOT_APPLICABLE,,NOT_APPLICABLE,NO,NO
NCT06369688,PI_TREATMENT,PROSPECTIVE_OR_SAME_DAY,NO,YES,PRESENT,INDETERMINATE_AFTER_REVIEW,PI_TREATMENT_DESCRIPTIVE,,NOT_APPLICABLE,,NOT_APPLICABLE,NO,NO
NCT06374563,PI_TREATMENT,RETROSPECTIVE,NO,NO,NOT_PUBLICLY_SPECIFIED,NOT_PUBLICLY_SPECIFIED,PI_TREATMENT_DESCRIPTIVE,,NOT_APPLICABLE,,NOT_APPLICABLE,NO,NO
NCT06379711,PI_TREATMENT,PROSPECTIVE_OR_SAME_DAY,NO,NO,INDETERMINATE_AFTER_REVIEW,NOT_PUBLICLY_SPECIFIED,PI_TREATMENT_DESCRIPTIVE,,NOT_APPLICABLE,,NOT_APPLICABLE,NO,NO
NCT06406855,PI_TREATMENT,PROSPECTIVE_OR_SAME_DAY,NO,NO,PRESENT,NOT_PUBLICLY_SPECIFIED,PI_TREATMENT_DESCRIPTIVE,,NOT_APPLICABLE,,NOT_APPLICABLE,NO,NO
NCT06410001,PI_TREATMENT,PROSPECTIVE_OR_SAME_DAY,NO,YES,INDETERMINATE_AFTER_REVIEW,NOT_PUBLICLY_SPECIFIED,PI_TREATMENT_DESCRIPTIVE,,NOT_APPLICABLE,,NOT_APPLICABLE,NO,NO
NCT06410833,PI_TREATMENT,RETROSPECTIVE,NO,NO,INDETERMINATE_AFTER_REVIEW,NOT_PUBLICLY_SPECIFIED,PI_TREATMENT_DESCRIPTIVE,,NOT_APPLICABLE,,NOT_APPLICABLE,NO,NO
NCT06416878,PI_TREATMENT,PROSPECTIVE_OR_SAME_DAY,NO,YES,NOT_PUBLICLY_SPECIFIED,NOT_PUBLICLY_SPECIFIED,PI_TREATMENT_DESCRIPTIVE,,NOT_APPLICABLE,,NOT_APPLICABLE,NO,NO
NCT06420245,MIXED_WOUND_EXPLICIT_TARGET,PROSPECTIVE_OR_SAME_DAY,NO,YES,PRESENT,NOT_PUBLICLY_SPECIFIED,CONDITION_SPECIFIC_ONLY_IF_SEPARABLE,,NOT_APPLICABLE,,NOT_APPLICABLE,NO,NO
NCT06421454,PI_TREATMENT,PROSPECTIVE_OR_SAME_DAY,NO,YES,PRESENT,INDETERMINATE_AFTER_REVIEW,PI_TREATMENT_DESCRIPTIVE,,NOT_APPLICABLE,,NOT_APPLICABLE,NO,NO
NCT06435143,PI_TREATMENT,PROSPECTIVE_OR_SAME_DAY,NO,YES,NOT_PUBLICLY_SPECIFIED,NOT_PUBLICLY_SPECIFIED,PI_TREATMENT_DESCRIPTIVE,,NOT_APPLICABLE,,NOT_APPLICABLE,NO,NO
NCT06440538,PI_TREATMENT,PROSPECTIVE_OR_SAME_DAY,NO,NO,NOT_PUBLICLY_SPECIFIED,NOT_PUBLICLY_SPECIFIED,PI_TREATMENT_DESCRIPTIVE,,NOT_APPLICABLE,,NOT_APPLICABLE,NO,NO
NCT06442657,PI_PREVENTION,PROSPECTIVE_OR_SAME_DAY,NO,YES,PRESENT,NOT_PUBLICLY_SPECIFIED,OUTPUTS,1,ABSENT,2,INDETERMINATE_AFTER_REVIEW,NO,NO
NCT06453187,MIXED_WOUND_EXPLICIT_TARGET,PROSPECTIVE_OR_SAME_DAY,NO,NO,PRESENT,NOT_PUBLICLY_SPECIFIED,CONDITION_SPECIFIC_ONLY_IF_SEPARABLE,,NOT_APPLICABLE,,NOT_APPLICABLE,NO,NO
NCT06455137,PI_PREVENTION,RETROSPECTIVE,NO,NO,PRESENT,NOT_PUBLICLY_SPECIFIED,OUTPUTS,0,ABSENT,1,ABSENT,NO,NO
NCT06465290,PI_TREATMENT,PROSPECTIVE_OR_SAME_DAY,NO,YES,PRESENT,NOT_PUBLICLY_SPECIFIED,PI_TREATMENT_DESCRIPTIVE,,NOT_APPLICABLE,,NOT_APPLICABLE,NO,NO
NCT06489028,VLU_ACTIVE_TREATMENT,PROSPECTIVE_OR_SAME_DAY,NO,YES,PRESENT,NOT_PUBLICLY_SPECIFIED,COREVEN,1,ABSENT,1,ABSENT,NO,NO
NCT06494020,PI_TREATMENT,PROSPECTIVE_OR_SAME_DAY,NO,NO,INDETERMINATE_AFTER_REVIEW,NOT_PUBLICLY_SPECIFIED,PI_TREATMENT_DESCRIPTIVE,,NOT_APPLICABLE,,NOT_APPLICABLE,NO,NO
NCT06494059,PI_PREVENTION,PROSPECTIVE_OR_SAME_DAY,NO,NO,PRESENT,NOT_PUBLICLY_SPECIFIED,OUTPUTS,1,ABSENT,1,ABSENT,NO,NO
NCT06499506,VLU_ACTIVE_TREATMENT,RETROSPECTIVE,NO,INDETERMINATE_AFTER_REVIEW,INDETERMINATE_AFTER_REVIEW,NOT_PUBLICLY_SPECIFIED,COREVEN,0,ABSENT,2,ABSENT,NO,NO
NCT06503406,MIXED_WOUND_EXPLICIT_TARGET,PROSPECTIVE_OR_SAME_DAY,NO,YES,PRESENT,PRESENT,CONDITION_SPECIFIC_ONLY_IF_SEPARABLE,,NOT_APPLICABLE,,NOT_APPLICABLE,NO,NO
NCT06509399,PI_PREVENTION,RETROSPECTIVE,NO,YES,INDETERMINATE_AFTER_REVIEW,NOT_PUBLICLY_SPECIFIED,OUTPUTS,0,INDETERMINATE_AFTER_REVIEW,0,INDETERMINATE_AFTER_REVIEW,NO,NO
NCT06510777,VLU_ACTIVE_TREATMENT,RETROSPECTIVE,NO,YES,INDETERMINATE_AFTER_REVIEW,NOT_PUBLICLY_SPECIFIED,COREVEN,1,ABSENT,4,ABSENT,NO,NO
NCT06513936,PI_TREATMENT,PROSPECTIVE_OR_SAME_DAY,NO,NO,PRESENT,NOT_PUBLICLY_SPECIFIED,PI_TREATMENT_DESCRIPTIVE,,NOT_APPLICABLE,,NOT_APPLICABLE,NO,NO
NCT06515093,MIXED_WOUND_EXPLICIT_TARGET,RETROSPECTIVE,NO,YES,PRESENT,PRESENT,CONDITION_SPECIFIC_ONLY_IF_SEPARABLE,,NOT_APPLICABLE,,NOT_APPLICABLE,NO,NO
NCT06522529,PI_TREATMENT,PROSPECTIVE_OR_SAME_DAY,NO,NO,PRESENT,INDETERMINATE_AFTER_REVIEW,PI_TREATMENT_DESCRIPTIVE,,NOT_APPLICABLE,,NOT_APPLICABLE,NO,NO
NCT06527716,PI_PREVENTION,PROSPECTIVE_OR_SAME_DAY,NO,NO,INDETERMINATE_AFTER_REVIEW,NOT_PUBLICLY_SPECIFIED,OUTPUTS,0,INDETERMINATE_AFTER_REVIEW,0,INDETERMINATE_AFTER_REVIEW,NO,NO
NCT06528873,VLU_ACTIVE_TREATMENT,PROSPECTIVE_OR_SAME_DAY,NO,YES,INDETERMINATE_AFTER_REVIEW,INDETERMINATE_AFTER_REVIEW,COREVEN,1,ABSENT,3,ABSENT,NO,NO
NCT06529094,PI_PREVENTION,PROSPECTIVE_OR_SAME_DAY,NO,YES,PRESENT,INDETERMINATE_AFTER_REVIEW,OUTPUTS,1,ABSENT,3,INDETERMINATE_AFTER_REVIEW,NO,NO
NCT06533436,PI_PREVENTION,PROSPECTIVE_OR_SAME_DAY,NO,YES,PRESENT,INDETERMINATE_AFTER_REVIEW,OUTPUTS,0,INDETERMINATE_AFTER_REVIEW,2,INDETERMINATE_AFTER_REVIEW,NO,NO
NCT06538974,PI_TREATMENT,RETROSPECTIVE,NO,YES,PRESENT,NOT_PUBLICLY_SPECIFIED,PI_TREATMENT_DESCRIPTIVE,,NOT_APPLICABLE,,NOT_APPLICABLE,NO,NO
NCT06540859,PI_TREATMENT,PROSPECTIVE_OR_SAME_DAY,NO,NO,NOT_PUBLICLY_SPECIFIED,NOT_PUBLICLY_SPECIFIED,PI_TREATMENT_DESCRIPTIVE,,NOT_APPLICABLE,,NOT_APPLICABLE,NO,NO
NCT06541197,PI_TREATMENT,PROSPECTIVE_OR_SAME_DAY,NO,NO,PRESENT,NOT_PUBLICLY_SPECIFIED,PI_TREATMENT_DESCRIPTIVE,,NOT_APPLICABLE,,NOT_APPLICABLE,NO,NO
NCT06544564,VLU_ACTIVE_TREATMENT,PROSPECTIVE_OR_SAME_DAY,NO,YES,PRESENT,PRESENT,COREVEN,1,ABSENT,1,ABSENT,NO,NO
NCT06559657,MIXED_WOUND_EXPLICIT_TARGET,RETROSPECTIVE,NO,YES,INDETERMINATE_AFTER_REVIEW,NOT_PUBLICLY_SPECIFIED,CONDITION_SPECIFIC_ONLY_IF_SEPARABLE,,NOT_APPLICABLE,,NOT_APPLICABLE,NO,NO
NCT06560502,MIXED_WOUND_EXPLICIT_TARGET,RETROSPECTIVE,NO,YES,PRESENT,NOT_PUBLICLY_SPECIFIED,CONDITION_SPECIFIC_ONLY_IF_SEPARABLE,,NOT_APPLICABLE,,NOT_APPLICABLE,NO,NO
NCT06562296,MIXED_WOUND_EXPLICIT_TARGET,PROSPECTIVE_OR_SAME_DAY,NO,YES,PRESENT,NOT_PUBLICLY_SPECIFIED,CONDITION_SPECIFIC_ONLY_IF_SEPARABLE,,NOT_APPLICABLE,,NOT_APPLICABLE,NO,NO
NCT06563830,PI_PREVENTION,PROSPECTIVE_OR_SAME_DAY,NO,YES,NOT_PUBLICLY_SPECIFIED,NOT_PUBLICLY_SPECIFIED,OUTPUTS,1,ABSENT,1,ABSENT,NO,NO
NCT06564090,PI_TREATMENT,RETROSPECTIVE,NO,NO,PRESENT,NOT_PUBLICLY_SPECIFIED,PI_TREATMENT_DESCRIPTIVE,,NOT_APPLICABLE,,NOT_APPLICABLE,NO,NO
NCT06564480,PI_TREATMENT,RETROSPECTIVE,NO,YES,PRESENT,NOT_PUBLICLY_SPECIFIED,PI_TREATMENT_DESCRIPTIVE,,NOT_APPLICABLE,,NOT_APPLICABLE,NO,NO
NCT06565949,PI_PREVENTION,RETROSPECTIVE,NO,NO,PRESENT,INDETERMINATE_AFTER_REVIEW,OUTPUTS,0,ABSENT,0,ABSENT,NO,NO
NCT06568627,VLU_ACTIVE_TREATMENT,PROSPECTIVE_OR_SAME_DAY,NO,YES,PRESENT,NOT_PUBLICLY_SPECIFIED,COREVEN,1,ABSENT,1,ABSENT,NO,NO
NCT06583538,PI_TREATMENT,RETROSPECTIVE,NO,YES,PRESENT,NOT_PUBLICLY_SPECIFIED,PI_TREATMENT_DESCRIPTIVE,,NOT_APPLICABLE,,NOT_APPLICABLE,NO,NO
NCT06587841,PI_TREATMENT,PROSPECTIVE_OR_SAME_DAY,NO,NO,INDETERMINATE_AFTER_REVIEW,INDETERMINATE_AFTER_REVIEW,PI_TREATMENT_DESCRIPTIVE,,NOT_APPLICABLE,,NOT_APPLICABLE,NO,NO
NCT06588010,PI_TREATMENT,PROSPECTIVE_OR_SAME_DAY,NO,YES,NOT_PUBLICLY_SPECIFIED,NOT_PUBLICLY_SPECIFIED,PI_TREATMENT_DESCRIPTIVE,,NOT_APPLICABLE,,NOT_APPLICABLE,NO,NO
NCT06603961,VLU_ACTIVE_TREATMENT,PROSPECTIVE_OR_SAME_DAY,NO,YES,NOT_PUBLICLY_SPECIFIED,NOT_PUBLICLY_SPECIFIED,COREVEN,0,ABSENT,1,ABSENT,NO,NO
NCT06606210,VLU_ACTIVE_TREATMENT,PROSPECTIVE_OR_SAME_DAY,NO,YES,PRESENT,NOT_PUBLICLY_SPECIFIED,COREVEN,1,ABSENT,2,ABSENT,NO,NO
NCT06608121,PI_TREATMENT,PROSPECTIVE_OR_SAME_DAY,NO,YES,PRESENT,NOT_PUBLICLY_SPECIFIED,PI_TREATMENT_DESCRIPTIVE,,NOT_APPLICABLE,,NOT_APPLICABLE,NO,NO
NCT06608303,VLU_ACTIVE_TREATMENT,PROSPECTIVE_OR_SAME_DAY,NO,NO,INDETERMINATE_AFTER_REVIEW,NOT_PUBLICLY_SPECIFIED,COREVEN,1,ABSENT,2,INDETERMINATE_AFTER_REVIEW,NO,NO
NCT06611748,PI_TREATMENT,PROSPECTIVE_OR_SAME_DAY,NO,YES,PRESENT,NOT_PUBLICLY_SPECIFIED,PI_TREATMENT_DESCRIPTIVE,,NOT_APPLICABLE,,NOT_APPLICABLE,NO,NO
NCT06612996,VLU_ACTIVE_TREATMENT,PROSPECTIVE_OR_SAME_DAY,NO,NO,INDETERMINATE_AFTER_REVIEW,NOT_PUBLICLY_SPECIFIED,COREVEN,0,ABSENT,0,ABSENT,NO,NO
NCT06615947,PI_TREATMENT,RETROSPECTIVE,NO,NO,PRESENT,NOT_PUBLICLY_SPECIFIED,PI_TREATMENT_DESCRIPTIVE,,NOT_APPLICABLE,,NOT_APPLICABLE,NO,NO
NCT06621966,PI_PREVENTION,RETROSPECTIVE,NO,YES,INDETERMINATE_AFTER_REVIEW,NOT_PUBLICLY_SPECIFIED,OUTPUTS,0,INDETERMINATE_AFTER_REVIEW,0,INDETERMINATE_AFTER_REVIEW,NO,NO
NCT06624540,PI_PREVENTION,PROSPECTIVE_OR_SAME_DAY,NO,YES,INDETERMINATE_AFTER_REVIEW,INDETERMINATE_AFTER_REVIEW,OUTPUTS,0,ABSENT,1,ABSENT,NO,NO
NCT06625385,MIXED_WOUND_EXPLICIT_TARGET,PROSPECTIVE_OR_SAME_DAY,NO,YES,PRESENT,PRESENT,CONDITION_SPECIFIC_ONLY_IF_SEPARABLE,,NOT_APPLICABLE,,NOT_APPLICABLE,NO,NO
NCT06629506,MIXED_WOUND,PROSPECTIVE_OR_SAME_DAY,NO,YES,NOT_PUBLICLY_SPECIFIED,NOT_PUBLICLY_SPECIFIED,CONDITION_SPECIFIC_ONLY_IF_SEPARABLE,,NOT_APPLICABLE,,NOT_APPLICABLE,NO,NO
NCT06634095,PI_PREVENTION,PROSPECTIVE_OR_SAME_DAY,NO,NO,PRESENT,NOT_PUBLICLY_SPECIFIED,OUTPUTS,0,ABSENT,0,ABSENT,NO,NO
NCT06640985,MIXED_WOUND_EXPLICIT_TARGET,PROSPECTIVE_OR_SAME_DAY,NO,YES,INDETERMINATE_AFTER_REVIEW,NOT_PUBLICLY_SPECIFIED,CONDITION_SPECIFIC_ONLY_IF_SEPARABLE,,NOT_APPLICABLE,,NOT_APPLICABLE,NO,NO
NCT06642051,VLU_ACTIVE_TREATMENT,RETROSPECTIVE,NO,YES,INDETERMINATE_AFTER_REVIEW,NOT_PUBLICLY_SPECIFIED,COREVEN,1,ABSENT,1,ABSENT,NO,NO
NCT06644235,VLU_ACTIVE_TREATMENT,RETROSPECTIVE,NO,YES,PRESENT,NOT_PUBLICLY_SPECIFIED,COREVEN,1,ABSENT,2,ABSENT,NO,NO
NCT06650982,PI_TREATMENT,PROSPECTIVE_OR_SAME_DAY,NO,YES,NOT_PUBLICLY_SPECIFIED,NOT_PUBLICLY_SPECIFIED,PI_TREATMENT_DESCRIPTIVE,,NOT_APPLICABLE,,NOT_APPLICABLE,NO,NO
NCT06652360,VLU_ACTIVE_TREATMENT,PROSPECTIVE_OR_SAME_DAY,NO,YES,NOT_PUBLICLY_SPECIFIED,NOT_PUBLICLY_SPECIFIED,COREVEN,1,ABSENT,4,ABSENT,NO,NO
NCT06667570,VLU_ACTIVE_TREATMENT,RETROSPECTIVE,NO,YES,NOT_PUBLICLY_SPECIFIED,NOT_PUBLICLY_SPECIFIED,COREVEN,0,INDETERMINATE_AFTER_REVIEW,0,INDETERMINATE_AFTER_REVIEW,NO,NO
NCT06672458,PI_TREATMENT,PROSPECTIVE_OR_SAME_DAY,NO,NO,PRESENT,NOT_PUBLICLY_SPECIFIED,PI_TREATMENT_DESCRIPTIVE,,NOT_APPLICABLE,,NOT_APPLICABLE,NO,NO
NCT06674980,MIXED_WOUND_EXPLICIT_TARGET,PROSPECTIVE_OR_SAME_DAY,NO,YES,PRESENT,NOT_PUBLICLY_SPECIFIED,CONDITION_SPECIFIC_ONLY_IF_SEPARABLE,,NOT_APPLICABLE,,NOT_APPLICABLE,NO,NO
NCT06675760,PI_PREVENTION,RETROSPECTIVE,NO,INDETERMINATE_AFTER_REVIEW,NOT_PUBLICLY_SPECIFIED,NOT_PUBLICLY_SPECIFIED,OUTPUTS,0,INDETERMINATE_AFTER_REVIEW,0,INDETERMINATE_AFTER_REVIEW,NO,NO
NCT06681194,MIXED_WOUND_EXPLICIT_TARGET,PROSPECTIVE_OR_SAME_DAY,NO,YES,NOT_PUBLICLY_SPECIFIED,NOT_PUBLICLY_SPECIFIED,CONDITION_SPECIFIC_ONLY_IF_SEPARABLE,,NOT_APPLICABLE,,NOT_APPLICABLE,NO,NO
NCT06690177,VLU_ACTIVE_TREATMENT,PROSPECTIVE_OR_SAME_DAY,NO,YES,PRESENT,NOT_PUBLICLY_SPECIFIED,COREVEN,2,INDETERMINATE_AFTER_REVIEW,2,INDETERMINATE_AFTER_REVIEW,NO,NO
NCT06691165,PI_TREATMENT,PROSPECTIVE_OR_SAME_DAY,NO,NO,NOT_PUBLICLY_SPECIFIED,NOT_PUBLICLY_SPECIFIED,PI_TREATMENT_DESCRIPTIVE,,NOT_APPLICABLE,,NOT_APPLICABLE,NO,NO
NCT06693570,VLU_ACTIVE_TREATMENT,PROSPECTIVE_OR_SAME_DAY,NO,YES,PRESENT,NOT_PUBLICLY_SPECIFIED,COREVEN,1,ABSENT,4,INDETERMINATE_AFTER_REVIEW,NO,NO
NCT06700551,PI_PREVENTION,PROSPECTIVE_OR_SAME_DAY,NO,YES,PRESENT,INDETERMINATE_AFTER_REVIEW,OUTPUTS,0,ABSENT,0,ABSENT,NO,NO
NCT06705790,PI_TREATMENT,PROSPECTIVE_OR_SAME_DAY,NO,YES,NOT_PUBLICLY_SPECIFIED,NOT_PUBLICLY_SPECIFIED,PI_TREATMENT_DESCRIPTIVE,,NOT_APPLICABLE,,NOT_APPLICABLE,NO,NO
NCT06707090,VLU_ACTIVE_TREATMENT,PROSPECTIVE_OR_SAME_DAY,NO,YES,NOT_PUBLICLY_SPECIFIED,NOT_PUBLICLY_SPECIFIED,COREVEN,1,ABSENT,2,ABSENT,NO,NO
NCT06707103,VLU_ACTIVE_TREATMENT,PROSPECTIVE_OR_SAME_DAY,NO,YES,NOT_PUBLICLY_SPECIFIED,NOT_PUBLICLY_SPECIFIED,COREVEN,1,ABSENT,2,ABSENT,NO,NO
NCT06718777,PI_TREATMENT,RETROSPECTIVE,NO,YES,NOT_PUBLICLY_SPECIFIED,NOT_PUBLICLY_SPECIFIED,PI_TREATMENT_DESCRIPTIVE,,NOT_APPLICABLE,,NOT_APPLICABLE,NO,NO
NCT06725797,MIXED_WOUND,RETROSPECTIVE,NO,YES,PRESENT,NOT_PUBLICLY_SPECIFIED,CONDITION_SPECIFIC_ONLY_IF_SEPARABLE,,NOT_APPLICABLE,,NOT_APPLICABLE,NO,NO
NCT06726486,PI_TREATMENT,RETROSPECTIVE,NO,INDETERMINATE_AFTER_REVIEW,PRESENT,NOT_PUBLICLY_SPECIFIED,PI_TREATMENT_DESCRIPTIVE,,NOT_APPLICABLE,,NOT_APPLICABLE,NO,NO
NCT06743607,PI_TREATMENT,PROSPECTIVE_OR_SAME_DAY,NO,YES,PRESENT,INDETERMINATE_AFTER_REVIEW,PI_TREATMENT_DESCRIPTIVE,,NOT_APPLICABLE,,NOT_APPLICABLE,NO,NO
NCT06754735,VLU_ACTIVE_TREATMENT,PROSPECTIVE_OR_SAME_DAY,NO,YES,INDETERMINATE_AFTER_REVIEW,NOT_PUBLICLY_SPECIFIED,COREVEN,1,ABSENT,5,PRESENT,NO,NO
NCT06756386,VLU_RECURRENCE_PREVENTION,PROSPECTIVE_OR_SAME_DAY,NO,NO,PRESENT,NOT_PUBLICLY_SPECIFIED,VLU_RECURRENCE_DESCRIPTIVE,,NOT_APPLICABLE,,NOT_APPLICABLE,NO,NO
NCT06758674,PI_PREVENTION,RETROSPECTIVE,NO,YES,PRESENT,INDETERMINATE_AFTER_REVIEW,OUTPUTS,1,ABSENT,1,ABSENT,NO,NO
NCT06764095,MIXED_WOUND_EXPLICIT_TARGET,PROSPECTIVE_OR_SAME_DAY,NO,YES,INDETERMINATE_AFTER_REVIEW,NOT_PUBLICLY_SPECIFIED,CONDITION_SPECIFIC_ONLY_IF_SEPARABLE,,NOT_APPLICABLE,,NOT_APPLICABLE,NO,NO
NCT06764953,VLU_ACTIVE_TREATMENT,PROSPECTIVE_OR_SAME_DAY,NO,YES,PRESENT,NOT_PUBLICLY_SPECIFIED,COREVEN,0,ABSENT,1,ABSENT,NO,NO
NCT06766903,VLU_ACTIVE_TREATMENT,RETROSPECTIVE,NO,NO,INDETERMINATE_AFTER_REVIEW,NOT_PUBLICLY_SPECIFIED,COREVEN,0,ABSENT,0,ABSENT,NO,NO
NCT06770686,PI_PREVENTION,RETROSPECTIVE,NO,NO,INDETERMINATE_AFTER_REVIEW,NOT_PUBLICLY_SPECIFIED,OUTPUTS,1,ABSENT,1,ABSENT,NO,NO
NCT06773286,PI_TREATMENT,RETROSPECTIVE,NO,NO,INDETERMINATE_AFTER_REVIEW,NOT_PUBLICLY_SPECIFIED,PI_TREATMENT_DESCRIPTIVE,,NOT_APPLICABLE,,NOT_APPLICABLE,NO,NO
NCT06775171,PI_PREVENTION,RETROSPECTIVE,NO,YES,PRESENT,INDETERMINATE_AFTER_REVIEW,OUTPUTS,0,ABSENT,0,ABSENT,NO,NO
NCT06777576,PI_TREATMENT,PROSPECTIVE_OR_SAME_DAY,NO,YES,PRESENT,NOT_PUBLICLY_SPECIFIED,PI_TREATMENT_DESCRIPTIVE,,NOT_APPLICABLE,,NOT_APPLICABLE,NO,NO
NCT06780371,PI_PREVENTION,PROSPECTIVE_OR_SAME_DAY,NO,YES,NOT_PUBLICLY_SPECIFIED,NOT_PUBLICLY_SPECIFIED,OUTPUTS,1,ABSENT,1,ABSENT,NO,NO
NCT06790277,PI_PREVENTION,RETROSPECTIVE,NO,YES,PRESENT,NOT_PUBLICLY_SPECIFIED,OUTPUTS,1,ABSENT,1,ABSENT,NO,NO
NCT06791044,PI_TREATMENT,PROSPECTIVE_OR_SAME_DAY,NO,YES,INDETERMINATE_AFTER_REVIEW,NOT_PUBLICLY_SPECIFIED,PI_TREATMENT_DESCRIPTIVE,,NOT_APPLICABLE,,NOT_APPLICABLE,NO,NO
NCT06801431,PI_TREATMENT,PROSPECTIVE_OR_SAME_DAY,NO,YES,INDETERMINATE_AFTER_REVIEW,INDETERMINATE_AFTER_REVIEW,PI_TREATMENT_DESCRIPTIVE,,NOT_APPLICABLE,,NOT_APPLICABLE,NO,NO
NCT06811909,VLU_ACTIVE_TREATMENT,PROSPECTIVE_OR_SAME_DAY,NO,YES,NOT_PUBLICLY_SPECIFIED,NOT_PUBLICLY_SPECIFIED,COREVEN,1,ABSENT,1,ABSENT,NO,NO
NCT06812520,VLU_ACTIVE_TREATMENT,RETROSPECTIVE,NO,YES,PRESENT,NOT_PUBLICLY_SPECIFIED,COREVEN,0,ABSENT,0,ABSENT,NO,NO
NCT06814015,PI_TREATMENT,PROSPECTIVE_OR_SAME_DAY,NO,YES,PRESENT,NOT_PUBLICLY_SPECIFIED,PI_TREATMENT_DESCRIPTIVE,,NOT_APPLICABLE,,NOT_APPLICABLE,NO,NO
NCT06819800,MIXED_WOUND_EXPLICIT_TARGET,RETROSPECTIVE,NO,NO,INDETERMINATE_AFTER_REVIEW,NOT_PUBLICLY_SPECIFIED,CONDITION_SPECIFIC_ONLY_IF_SEPARABLE,,NOT_APPLICABLE,,NOT_APPLICABLE,NO,NO
NCT06819943,PI_TREATMENT,RETROSPECTIVE,NO,YES,PRESENT,NOT_PUBLICLY_SPECIFIED,PI_TREATMENT_DESCRIPTIVE,,NOT_APPLICABLE,,NOT_APPLICABLE,NO,NO
NCT06826339,MIXED_WOUND_EXPLICIT_TARGET,RETROSPECTIVE,NO,YES,PRESENT,NOT_PUBLICLY_SPECIFIED,CONDITION_SPECIFIC_ONLY_IF_SEPARABLE,,NOT_APPLICABLE,,NOT_APPLICABLE,NO,NO
NCT06827925,PI_TREATMENT,PROSPECTIVE_OR_SAME_DAY,NO,YES,PRESENT,NOT_PUBLICLY_SPECIFIED,PI_TREATMENT_DESCRIPTIVE,,NOT_APPLICABLE,,NOT_APPLICABLE,NO,NO
NCT06831760,VLU_ACTIVE_TREATMENT,PROSPECTIVE_OR_SAME_DAY,YES,NO,PRESENT,NOT_PUBLICLY_SPECIFIED,COREVEN,1,ABSENT,2,ABSENT,YES,YES
NCT06832345,PI_PREVENTION,PROSPECTIVE_OR_SAME_DAY,NO,YES,PRESENT,INDETERMINATE_AFTER_REVIEW,OUTPUTS,1,ABSENT,1,ABSENT,NO,NO
NCT06834555,VLU_RECURRENCE_PREVENTION,PROSPECTIVE_OR_SAME_DAY,NO,INDETERMINATE_AFTER_REVIEW,INDETERMINATE_AFTER_REVIEW,NOT_PUBLICLY_SPECIFIED,VLU_RECURRENCE_DESCRIPTIVE,,NOT_APPLICABLE,,NOT_APPLICABLE,NO,NO
NCT06838390,PI_TREATMENT,RETROSPECTIVE,NO,NO,INDETERMINATE_AFTER_REVIEW,NOT_PUBLICLY_SPECIFIED,PI_TREATMENT_DESCRIPTIVE,,NOT_APPLICABLE,,NOT_APPLICABLE,NO,NO
NCT06838637,PI_TREATMENT,RETROSPECTIVE,NO,NO,NOT_PUBLICLY_SPECIFIED,NOT_PUBLICLY_SPECIFIED,PI_TREATMENT_DESCRIPTIVE,,NOT_APPLICABLE,,NOT_APPLICABLE,NO,NO
NCT06841198,PI_PREVENTION,PROSPECTIVE_OR_SAME_DAY,NO,NO,INDETERMINATE_AFTER_REVIEW,NOT_PUBLICLY_SPECIFIED,OUTPUTS,0,INDETERMINATE_AFTER_REVIEW,1,INDETERMINATE_AFTER_REVIEW,NO,NO
NCT06844617,PI_PREVENTION,PROSPECTIVE_OR_SAME_DAY,NO,YES,PRESENT,NOT_PUBLICLY_SPECIFIED,OUTPUTS,1,ABSENT,1,ABSENT,NO,NO
NCT06845904,PI_TREATMENT,PROSPECTIVE_OR_SAME_DAY,NO,YES,PRESENT,NOT_PUBLICLY_SPECIFIED,PI_TREATMENT_DESCRIPTIVE,,NOT_APPLICABLE,,NOT_APPLICABLE,NO,NO
NCT06847295,PI_TREATMENT,RETROSPECTIVE,NO,NO,PRESENT,NOT_PUBLICLY_SPECIFIED,PI_TREATMENT_DESCRIPTIVE,,NOT_APPLICABLE,,NOT_APPLICABLE,NO,NO
NCT06848049,PI_TREATMENT,PROSPECTIVE_OR_SAME_DAY,NO,YES,PRESENT,INDETERMINATE_AFTER_REVIEW,PI_TREATMENT_DESCRIPTIVE,,NOT_APPLICABLE,,NOT_APPLICABLE,NO,NO
NCT06848660,PI_TREATMENT,PROSPECTIVE_OR_SAME_DAY,NO,YES,PRESENT,NOT_PUBLICLY_SPECIFIED,PI_TREATMENT_DESCRIPTIVE,,NOT_APPLICABLE,,NOT_APPLICABLE,NO,NO
NCT06849024,VLU_ACTIVE_TREATMENT,RETROSPECTIVE,NO,NO,NOT_PUBLICLY_SPECIFIED,NOT_PUBLICLY_SPECIFIED,COREVEN,0,ABSENT,0,ABSENT,NO,NO
NCT06853210,PI_TREATMENT,PROSPECTIVE_OR_SAME_DAY,YES,NO,PRESENT,NOT_PUBLICLY_SPECIFIED,PI_TREATMENT_DESCRIPTIVE,,NOT_APPLICABLE,,NOT_APPLICABLE,YES,YES
NCT06871254,PI_TREATMENT,PROSPECTIVE_OR_SAME_DAY,NO,YES,NOT_PUBLICLY_SPECIFIED,NOT_PUBLICLY_SPECIFIED,PI_TREATMENT_DESCRIPTIVE,,NOT_APPLICABLE,,NOT_APPLICABLE,NO,NO
NCT06899282,PI_TREATMENT,PROSPECTIVE_OR_SAME_DAY,NO,YES,INDETERMINATE_AFTER_REVIEW,NOT_PUBLICLY_SPECIFIED,PI_TREATMENT_DESCRIPTIVE,,NOT_APPLICABLE,,NOT_APPLICABLE,NO,NO
NCT06906536,PI_TREATMENT,RETROSPECTIVE,NO,NO,NOT_PUBLICLY_SPECIFIED,NOT_PUBLICLY_SPECIFIED,PI_TREATMENT_DESCRIPTIVE,,NOT_APPLICABLE,,NOT_APPLICABLE,NO,NO
NCT06918548,PI_TREATMENT,PROSPECTIVE_OR_SAME_DAY,NO,YES,PRESENT,NOT_PUBLICLY_SPECIFIED,PI_TREATMENT_DESCRIPTIVE,,NOT_APPLICABLE,,NOT_APPLICABLE,NO,NO
NCT06921551,PI_TREATMENT,PROSPECTIVE_OR_SAME_DAY,NO,NO,PRESENT,NOT_PUBLICLY_SPECIFIED,PI_TREATMENT_DESCRIPTIVE,,NOT_APPLICABLE,,NOT_APPLICABLE,NO,NO
NCT06927479,PI_PREVENTION,PROSPECTIVE_OR_SAME_DAY,NO,YES,PRESENT,INDETERMINATE_AFTER_REVIEW,OUTPUTS,0,INDETERMINATE_AFTER_REVIEW,1,INDETERMINATE_AFTER_REVIEW,NO,NO
NCT06930716,PI_TREATMENT,PROSPECTIVE_OR_SAME_DAY,NO,YES,PRESENT,PRESENT,PI_TREATMENT_DESCRIPTIVE,,NOT_APPLICABLE,,NOT_APPLICABLE,NO,NO
NCT06930768,VLU_ACTIVE_TREATMENT,PROSPECTIVE_OR_SAME_DAY,NO,YES,PRESENT,NOT_PUBLICLY_SPECIFIED,COREVEN,1,ABSENT,2,ABSENT,NO,NO
NCT06936228,PI_TREATMENT,RETROSPECTIVE,NO,INDETERMINATE_AFTER_REVIEW,PRESENT,INDETERMINATE_AFTER_REVIEW,PI_TREATMENT_DESCRIPTIVE,,NOT_APPLICABLE,,NOT_APPLICABLE,NO,NO
NCT06939673,MIXED_WOUND_EXPLICIT_TARGET,RETROSPECTIVE,NO,YES,INDETERMINATE_AFTER_REVIEW,NOT_PUBLICLY_SPECIFIED,CONDITION_SPECIFIC_ONLY_IF_SEPARABLE,,NOT_APPLICABLE,,NOT_APPLICABLE,NO,NO
NCT06944431,PI_PREVENTION,RETROSPECTIVE,NO,YES,INDETERMINATE_AFTER_REVIEW,INDETERMINATE_AFTER_REVIEW,OUTPUTS,0,ABSENT,0,ABSENT,NO,NO
NCT06945926,PI_PREVENTION,PROSPECTIVE_OR_SAME_DAY,NO,YES,PRESENT,PRESENT,OUTPUTS,0,ABSENT,0,ABSENT,NO,NO
NCT06954857,PI_PREVENTION,PROSPECTIVE_OR_SAME_DAY,NO,YES,INDETERMINATE_AFTER_REVIEW,NOT_PUBLICLY_SPECIFIED,OUTPUTS,0,ABSENT,0,ABSENT,NO,NO
NCT06964048,MIXED_WOUND_EXPLICIT_TARGET,PROSPECTIVE_OR_SAME_DAY,NO,YES,PRESENT,NOT_PUBLICLY_SPECIFIED,CONDITION_SPECIFIC_ONLY_IF_SEPARABLE,,NOT_APPLICABLE,,NOT_APPLICABLE,NO,NO
NCT06965127,PI_TREATMENT,PROSPECTIVE_OR_SAME_DAY,NO,NO,PRESENT,NOT_PUBLICLY_SPECIFIED,PI_TREATMENT_DESCRIPTIVE,,NOT_APPLICABLE,,NOT_APPLICABLE,NO,NO
NCT06967116,PI_TREATMENT,RETROSPECTIVE,NO,YES,INDETERMINATE_AFTER_REVIEW,NOT_PUBLICLY_SPECIFIED,PI_TREATMENT_DESCRIPTIVE,,NOT_APPLICABLE,,NOT_APPLICABLE,NO,NO
NCT06974552,PI_TREATMENT,PROSPECTIVE_OR_SAME_DAY,NO,YES,PRESENT,NOT_PUBLICLY_SPECIFIED,PI_TREATMENT_DESCRIPTIVE,,NOT_APPLICABLE,,NOT_APPLICABLE,NO,NO
NCT06978283,PI_PREVENTION,PROSPECTIVE_OR_SAME_DAY,NO,NO,INDETERMINATE_AFTER_REVIEW,NOT_PUBLICLY_SPECIFIED,OUTPUTS,1,ABSENT,1,INDETERMINATE_AFTER_REVIEW,NO,NO
NCT06981962,PI_PREVENTION,RETROSPECTIVE,NO,NO,INDETERMINATE_AFTER_REVIEW,INDETERMINATE_AFTER_REVIEW,OUTPUTS,1,ABSENT,1,ABSENT,NO,NO
NCT06999265,PI_TREATMENT,RETROSPECTIVE,YES,YES,NOT_PUBLICLY_SPECIFIED,NOT_PUBLICLY_SPECIFIED,PI_TREATMENT_DESCRIPTIVE,,NOT_APPLICABLE,,NOT_APPLICABLE,NO,NO
NCT06999590,PI_TREATMENT,RETROSPECTIVE,NO,YES,PRESENT,NOT_PUBLICLY_SPECIFIED,PI_TREATMENT_DESCRIPTIVE,,NOT_APPLICABLE,,NOT_APPLICABLE,NO,NO
NCT07002151,PI_TREATMENT,RETROSPECTIVE,NO,NO,PRESENT,NOT_PUBLICLY_SPECIFIED,PI_TREATMENT_DESCRIPTIVE,,NOT_APPLICABLE,,NOT_APPLICABLE,NO,NO
NCT07002437,PI_TREATMENT,PROSPECTIVE_OR_SAME_DAY,NO,NO,NOT_PUBLICLY_SPECIFIED,NOT_PUBLICLY_SPECIFIED,PI_TREATMENT_DESCRIPTIVE,,NOT_APPLICABLE,,NOT_APPLICABLE,NO,NO
NCT07013877,PI_TREATMENT,PROSPECTIVE_OR_SAME_DAY,NO,YES,INDETERMINATE_AFTER_REVIEW,NOT_PUBLICLY_SPECIFIED,PI_TREATMENT_DESCRIPTIVE,,NOT_APPLICABLE,,NOT_APPLICABLE,NO,NO
NCT07023185,VLU_ACTIVE_TREATMENT,PROSPECTIVE_OR_SAME_DAY,NO,YES,INDETERMINATE_AFTER_REVIEW,NOT_PUBLICLY_SPECIFIED,COREVEN,1,ABSENT,1,ABSENT,NO,NO
NCT07023770,PI_TREATMENT,PROSPECTIVE_OR_SAME_DAY,NO,NO,PRESENT,NOT_PUBLICLY_SPECIFIED,PI_TREATMENT_DESCRIPTIVE,,NOT_APPLICABLE,,NOT_APPLICABLE,NO,NO
NCT07025629,PI_TREATMENT,PROSPECTIVE_OR_SAME_DAY,NO,YES,INDETERMINATE_AFTER_REVIEW,NOT_PUBLICLY_SPECIFIED,PI_TREATMENT_DESCRIPTIVE,,NOT_APPLICABLE,,NOT_APPLICABLE,NO,NO
NCT07027358,PI_PREVENTION,RETROSPECTIVE,NO,YES,PRESENT,NOT_PUBLICLY_SPECIFIED,OUTPUTS,0,ABSENT,0,ABSENT,NO,NO
NCT07028892,PI_PREVENTION,PROSPECTIVE_OR_SAME_DAY,NO,YES,INDETERMINATE_AFTER_REVIEW,NOT_PUBLICLY_SPECIFIED,OUTPUTS,0,INDETERMINATE_AFTER_REVIEW,1,INDETERMINATE_AFTER_REVIEW,NO,NO
NCT07029594,PI_TREATMENT,PROSPECTIVE_OR_SAME_DAY,NO,YES,INDETERMINATE_AFTER_REVIEW,NOT_PUBLICLY_SPECIFIED,PI_TREATMENT_DESCRIPTIVE,,NOT_APPLICABLE,,NOT_APPLICABLE,NO,NO
NCT07031180,VLU_ACTIVE_TREATMENT,PROSPECTIVE_OR_SAME_DAY,NO,YES,PRESENT,INDETERMINATE_AFTER_REVIEW,COREVEN,0,ABSENT,0,INDETERMINATE_AFTER_REVIEW,NO,NO
NCT07036107,PI_TREATMENT,PROSPECTIVE_OR_SAME_DAY,NO,NO,PRESENT,INDETERMINATE_AFTER_REVIEW,PI_TREATMENT_DESCRIPTIVE,,NOT_APPLICABLE,,NOT_APPLICABLE,NO,NO
NCT07044739,VLU_ACTIVE_TREATMENT,PROSPECTIVE_OR_SAME_DAY,NO,YES,INDETERMINATE_AFTER_REVIEW,NOT_PUBLICLY_SPECIFIED,COREVEN,0,ABSENT,0,ABSENT,NO,NO
NCT07046767,MIXED_WOUND_EXPLICIT_TARGET,PROSPECTIVE_OR_SAME_DAY,NO,YES,NOT_PUBLICLY_SPECIFIED,NOT_PUBLICLY_SPECIFIED,CONDITION_SPECIFIC_ONLY_IF_SEPARABLE,,NOT_APPLICABLE,,NOT_APPLICABLE,NO,NO
NCT07048054,MIXED_WOUND_EXPLICIT_TARGET,PROSPECTIVE_OR_SAME_DAY,NO,YES,PRESENT,NOT_PUBLICLY_SPECIFIED,CONDITION_SPECIFIC_ONLY_IF_SEPARABLE,,NOT_APPLICABLE,,NOT_APPLICABLE,NO,NO
NCT07054424,PI_TREATMENT,RETROSPECTIVE,NO,NO,PRESENT,NOT_PUBLICLY_SPECIFIED,PI_TREATMENT_DESCRIPTIVE,,NOT_APPLICABLE,,NOT_APPLICABLE,NO,NO
NCT07061613,VLU_ACTIVE_TREATMENT,PROSPECTIVE_OR_SAME_DAY,NO,YES,PRESENT,NOT_PUBLICLY_SPECIFIED,COREVEN,1,ABSENT,1,ABSENT,NO,NO
NCT07074743,PI_TREATMENT,PROSPECTIVE_OR_SAME_DAY,NO,YES,PRESENT,INDETERMINATE_AFTER_REVIEW,PI_TREATMENT_DESCRIPTIVE,,NOT_APPLICABLE,,NOT_APPLICABLE,NO,NO
NCT07089602,MIXED_WOUND_EXPLICIT_TARGET,PROSPECTIVE_OR_SAME_DAY,NO,YES,PRESENT,NOT_PUBLICLY_SPECIFIED,CONDITION_SPECIFIC_ONLY_IF_SEPARABLE,,NOT_APPLICABLE,,NOT_APPLICABLE,NO,NO
NCT07093437,PI_PREVENTION,PROSPECTIVE_OR_SAME_DAY,NO,YES,INDETERMINATE_AFTER_REVIEW,NOT_PUBLICLY_SPECIFIED,OUTPUTS,1,ABSENT,1,ABSENT,NO,NO
NCT07096830,MIXED_WOUND_EXPLICIT_TARGET,PROSPECTIVE_OR_SAME_DAY,NO,YES,NOT_PUBLICLY_SPECIFIED,NOT_PUBLICLY_SPECIFIED,CONDITION_SPECIFIC_ONLY_IF_SEPARABLE,,NOT_APPLICABLE,,NOT_APPLICABLE,NO,NO
NCT07099911,PI_TREATMENT,PROSPECTIVE_OR_SAME_DAY,NO,YES,NOT_PUBLICLY_SPECIFIED,NOT_PUBLICLY_SPECIFIED,PI_TREATMENT_DESCRIPTIVE,,NOT_APPLICABLE,,NOT_APPLICABLE,NO,NO
NCT07109804,PI_TREATMENT,PROSPECTIVE_OR_SAME_DAY,NO,NO,PRESENT,NOT_PUBLICLY_SPECIFIED,PI_TREATMENT_DESCRIPTIVE,,NOT_APPLICABLE,,NOT_APPLICABLE,NO,NO
NCT07114003,PI_TREATMENT,PROSPECTIVE_OR_SAME_DAY,NO,YES,PRESENT,NOT_PUBLICLY_SPECIFIED,PI_TREATMENT_DESCRIPTIVE,,NOT_APPLICABLE,,NOT_APPLICABLE,NO,NO
NCT07123285,VLU_ACTIVE_TREATMENT,PROSPECTIVE_OR_SAME_DAY,NO,YES,NOT_PUBLICLY_SPECIFIED,NOT_PUBLICLY_SPECIFIED,COREVEN,1,ABSENT,4,ABSENT,NO,NO
NCT07126886,PI_TREATMENT,RETROSPECTIVE,NO,YES,PRESENT,NOT_PUBLICLY_SPECIFIED,PI_TREATMENT_DESCRIPTIVE,,NOT_APPLICABLE,,NOT_APPLICABLE,NO,NO
NCT07132320,PI_TREATMENT,RETROSPECTIVE,NO,YES,NOT_PUBLICLY_SPECIFIED,NOT_PUBLICLY_SPECIFIED,PI_TREATMENT_DESCRIPTIVE,,NOT_APPLICABLE,,NOT_APPLICABLE,NO,NO
NCT07135583,PI_TREATMENT,PROSPECTIVE_OR_SAME_DAY,NO,NO,NOT_PUBLICLY_SPECIFIED,NOT_PUBLICLY_SPECIFIED,PI_TREATMENT_DESCRIPTIVE,,NOT_APPLICABLE,,NOT_APPLICABLE,NO,NO
NCT07141134,PI_PREVENTION,PROSPECTIVE_OR_SAME_DAY,NO,YES,PRESENT,NOT_PUBLICLY_SPECIFIED,OUTPUTS,1,ABSENT,2,ABSENT,NO,NO
NCT07141342,PI_TREATMENT,PROSPECTIVE_OR_SAME_DAY,NO,YES,PRESENT,INDETERMINATE_AFTER_REVIEW,PI_TREATMENT_DESCRIPTIVE,,NOT_APPLICABLE,,NOT_APPLICABLE,NO,NO
NCT07147296,PI_TREATMENT,PROSPECTIVE_OR_SAME_DAY,NO,NO,INDETERMINATE_AFTER_REVIEW,INDETERMINATE_AFTER_REVIEW,PI_TREATMENT_DESCRIPTIVE,,NOT_APPLICABLE,,NOT_APPLICABLE,NO,NO
NCT07152717,VLU_ACTIVE_TREATMENT,PROSPECTIVE_OR_SAME_DAY,NO,YES,INDETERMINATE_AFTER_REVIEW,INDETERMINATE_AFTER_REVIEW,COREVEN,1,ABSENT,1,ABSENT,NO,NO
NCT07158658,PI_TREATMENT,PROSPECTIVE_OR_SAME_DAY,NO,YES,PRESENT,NOT_PUBLICLY_SPECIFIED,PI_TREATMENT_DESCRIPTIVE,,NOT_APPLICABLE,,NOT_APPLICABLE,NO,NO
NCT07163195,VLU_ACTIVE_TREATMENT,PROSPECTIVE_OR_SAME_DAY,NO,NO,PRESENT,NOT_PUBLICLY_SPECIFIED,COREVEN,1,ABSENT,3,ABSENT,NO,NO
NCT07170969,PI_TREATMENT,RETROSPECTIVE,NO,NO,PRESENT,NOT_PUBLICLY_SPECIFIED,PI_TREATMENT_DESCRIPTIVE,,NOT_APPLICABLE,,NOT_APPLICABLE,NO,NO
NCT07171138,MIXED_WOUND_EXPLICIT_TARGET,PROSPECTIVE_OR_SAME_DAY,NO,YES,INDETERMINATE_AFTER_REVIEW,NOT_PUBLICLY_SPECIFIED,CONDITION_SPECIFIC_ONLY_IF_SEPARABLE,,NOT_APPLICABLE,,NOT_APPLICABLE,NO,NO
NCT07172893,MIXED_WOUND_EXPLICIT_TARGET,PROSPECTIVE_OR_SAME_DAY,NO,NO,PRESENT,NOT_PUBLICLY_SPECIFIED,CONDITION_SPECIFIC_ONLY_IF_SEPARABLE,,NOT_APPLICABLE,,NOT_APPLICABLE,NO,NO
NCT07193849,PI_TREATMENT,RETROSPECTIVE,NO,YES,INDETERMINATE_AFTER_REVIEW,NOT_PUBLICLY_SPECIFIED,PI_TREATMENT_DESCRIPTIVE,,NOT_APPLICABLE,,NOT_APPLICABLE,NO,NO
NCT07203937,PI_TREATMENT,PROSPECTIVE_OR_SAME_DAY,NO,NO,PRESENT,NOT_PUBLICLY_SPECIFIED,PI_TREATMENT_DESCRIPTIVE,,NOT_APPLICABLE,,NOT_APPLICABLE,NO,NO
NCT07204184,PI_TREATMENT,PROSPECTIVE_OR_SAME_DAY,NO,NO,PRESENT,NOT_PUBLICLY_SPECIFIED,PI_TREATMENT_DESCRIPTIVE,,NOT_APPLICABLE,,NOT_APPLICABLE,NO,NO
NCT07211243,VLU_ACTIVE_TREATMENT,PROSPECTIVE_OR_SAME_DAY,NO,YES,NOT_PUBLICLY_SPECIFIED,NOT_PUBLICLY_SPECIFIED,COREVEN,0,ABSENT,4,INDETERMINATE_AFTER_REVIEW,NO,NO
NCT07212608,PI_TREATMENT,RETROSPECTIVE,NO,NO,PRESENT,NOT_PUBLICLY_SPECIFIED,PI_TREATMENT_DESCRIPTIVE,,NOT_APPLICABLE,,NOT_APPLICABLE,NO,NO
NCT07213739,PI_PREVENTION,PROSPECTIVE_OR_SAME_DAY,NO,YES,PRESENT,NOT_PUBLICLY_SPECIFIED,OUTPUTS,1,ABSENT,1,ABSENT,NO,NO
NCT07218107,PI_PREVENTION,RETROSPECTIVE,NO,NO,PRESENT,NOT_PUBLICLY_SPECIFIED,OUTPUTS,1,ABSENT,2,ABSENT,NO,NO
NCT07219329,PI_TREATMENT,PROSPECTIVE_OR_SAME_DAY,NO,YES,PRESENT,NOT_PUBLICLY_SPECIFIED,PI_TREATMENT_DESCRIPTIVE,,NOT_APPLICABLE,,NOT_APPLICABLE,NO,NO
NCT07220733,PI_TREATMENT,RETROSPECTIVE,NO,YES,PRESENT,NOT_PUBLICLY_SPECIFIED,PI_TREATMENT_DESCRIPTIVE,,NOT_APPLICABLE,,NOT_APPLICABLE,NO,NO
NCT07222033,PI_TREATMENT,RETROSPECTIVE,NO,YES,PRESENT,NOT_PUBLICLY_SPECIFIED,PI_TREATMENT_DESCRIPTIVE,,NOT_APPLICABLE,,NOT_APPLICABLE,NO,NO
NCT07223892,MIXED_WOUND_EXPLICIT_TARGET,PROSPECTIVE_OR_SAME_DAY,NO,YES,PRESENT,NOT_PUBLICLY_SPECIFIED,CONDITION_SPECIFIC_ONLY_IF_SEPARABLE,,NOT_APPLICABLE,,NOT_APPLICABLE,NO,NO
NCT07227181,PI_PREVENTION,RETROSPECTIVE,NO,YES,INDETERMINATE_AFTER_REVIEW,NOT_PUBLICLY_SPECIFIED,OUTPUTS,1,ABSENT,1,ABSENT,NO,NO
NCT07230340,VLU_ACTIVE_TREATMENT,PROSPECTIVE_OR_SAME_DAY,NO,YES,PRESENT,NOT_PUBLICLY_SPECIFIED,COREVEN,1,ABSENT,2,ABSENT,NO,NO
NCT07240649,MIXED_WOUND_EXPLICIT_TARGET,PROSPECTIVE_OR_SAME_DAY,NO,INDETERMINATE_AFTER_REVIEW,INDETERMINATE_AFTER_REVIEW,NOT_PUBLICLY_SPECIFIED,CONDITION_SPECIFIC_ONLY_IF_SEPARABLE,,NOT_APPLICABLE,,NOT_APPLICABLE,NO,NO
NCT07251426,MIXED_WOUND_EXPLICIT_TARGET,PROSPECTIVE_OR_SAME_DAY,NO,YES,INDETERMINATE_AFTER_REVIEW,NOT_PUBLICLY_SPECIFIED,CONDITION_SPECIFIC_ONLY_IF_SEPARABLE,,NOT_APPLICABLE,,NOT_APPLICABLE,NO,NO
NCT07255937,MIXED_WOUND_EXPLICIT_TARGET,PROSPECTIVE_OR_SAME_DAY,NO,YES,NOT_PUBLICLY_SPECIFIED,NOT_PUBLICLY_SPECIFIED,CONDITION_SPECIFIC_ONLY_IF_SEPARABLE,,NOT_APPLICABLE,,NOT_APPLICABLE,NO,NO
NCT07268482,VLU_ACTIVE_TREATMENT,PROSPECTIVE_OR_SAME_DAY,NO,YES,NOT_PUBLICLY_SPECIFIED,NOT_PUBLICLY_SPECIFIED,COREVEN,1,ABSENT,1,ABSENT,NO,NO
NCT07281638,PI_PREVENTION,PROSPECTIVE_OR_SAME_DAY,NO,YES,PRESENT,PRESENT,OUTPUTS,1,ABSENT,2,INDETERMINATE_AFTER_REVIEW,NO,NO
NCT07287254,VLU_ACTIVE_TREATMENT,RETROSPECTIVE,NO,NO,INDETERMINATE_AFTER_REVIEW,NOT_PUBLICLY_SPECIFIED,COREVEN,1,INDETERMINATE_AFTER_REVIEW,1,INDETERMINATE_AFTER_REVIEW,NO,NO
NCT07299799,PI_PREVENTION,PROSPECTIVE_OR_SAME_DAY,NO,YES,INDETERMINATE_AFTER_REVIEW,INDETERMINATE_AFTER_REVIEW,OUTPUTS,0,ABSENT,1,ABSENT,NO,NO
NCT07307885,PI_TREATMENT,PROSPECTIVE_OR_SAME_DAY,NO,YES,INDETERMINATE_AFTER_REVIEW,NOT_PUBLICLY_SPECIFIED,PI_TREATMENT_DESCRIPTIVE,,NOT_APPLICABLE,,NOT_APPLICABLE,NO,NO
NCT07310160,PI_PREVENTION,PROSPECTIVE_OR_SAME_DAY,NO,INDETERMINATE_AFTER_REVIEW,PRESENT,NOT_PUBLICLY_SPECIFIED,OUTPUTS,1,ABSENT,2,ABSENT,NO,NO
NCT07312513,MIXED_WOUND_EXPLICIT_TARGET,RETROSPECTIVE,NO,YES,PRESENT,NOT_PUBLICLY_SPECIFIED,CONDITION_SPECIFIC_ONLY_IF_SEPARABLE,,NOT_APPLICABLE,,NOT_APPLICABLE,NO,NO
NCT07313046,PI_PREVENTION,RETROSPECTIVE,NO,YES,PRESENT,INDETERMINATE_AFTER_REVIEW,OUTPUTS,0,INDETERMINATE_AFTER_REVIEW,0,INDETERMINATE_AFTER_REVIEW,NO,NO
