NCT_ID,Source_Linked_Directional_Row_Count,Documented_Domain_Count,Documented_Domain_IDs,Distinct_Direction_Count,Direction_Set,EXCLUSION_OR_RESTRICTION_Count,EXCLUSION_OR_RESTRICTION_Present,INCLUSION_OR_ACCOMMODATION_Count,INCLUSION_OR_ACCOMMODATION_Present,BASELINE_MEASUREMENT_OR_STRATIFICATION_Count,BASELINE_MEASUREMENT_OR_STRATIFICATION_Present,CONSENT_OR_PROXY_SUPPORT_Count,CONSENT_OR_PROXY_SUPPORT_Present,INTERVENTION_OR_CARE_ADAPTATION_Count,INTERVENTION_OR_CARE_ADAPTATION_Present,CONTEXTUAL_DESCRIPTION_Count,CONTEXTUAL_DESCRIPTION_Present,MULTIPLE_FUNCTIONS_Count,MULTIPLE_FUNCTIONS_Present,INDETERMINATE_DIRECTION_Count,INDETERMINATE_DIRECTION_Present
NCT00596752,0,0,,0,,0,NO,0,NO,0,NO,0,NO,0,NO,0,NO,0,NO,0,NO
NCT00607646,0,0,,0,,0,NO,0,NO,0,NO,0,NO,0,NO,0,NO,0,NO,0,NO
NCT00613808,0,0,,0,,0,NO,0,NO,0,NO,0,NO,0,NO,0,NO,0,NO,0,NO
NCT00617825,0,0,,0,,0,NO,0,NO,0,NO,0,NO,0,NO,0,NO,0,NO,0,NO
NCT00623948,2,2,mobility_adl_function|nutrition_malnutrition,2,EXCLUSION_OR_RESTRICTION|INTERVENTION_OR_CARE_ADAPTATION,1,YES,0,NO,0,NO,0,NO,1,YES,0,NO,0,NO,0,NO
NCT00624806,1,1,cognition_decision_capacity,1,EXCLUSION_OR_RESTRICTION,1,YES,0,NO,0,NO,0,NO,0,NO,0,NO,0,NO,0,NO
NCT00627094,0,0,,0,,0,NO,0,NO,0,NO,0,NO,0,NO,0,NO,0,NO,0,NO
NCT00627107,0,0,,0,,0,NO,0,NO,0,NO,0,NO,0,NO,0,NO,0,NO,0,NO
NCT00628004,0,0,,0,,0,NO,0,NO,0,NO,0,NO,0,NO,0,NO,0,NO,0,NO
NCT00628602,2,2,mobility_adl_function|nutrition_malnutrition,2,EXCLUSION_OR_RESTRICTION|INCLUSION_OR_ACCOMMODATION,1,YES,1,YES,0,NO,0,NO,0,NO,0,NO,0,NO,0,NO
NCT00629642,0,0,,0,,0,NO,0,NO,0,NO,0,NO,0,NO,0,NO,0,NO,0,NO
NCT00646958,0,0,,0,,0,NO,0,NO,0,NO,0,NO,0,NO,0,NO,0,NO,0,NO
NCT00648674,0,0,,0,,0,NO,0,NO,0,NO,0,NO,0,NO,0,NO,0,NO,0,NO
NCT00656383,0,0,,0,,0,NO,0,NO,0,NO,0,NO,0,NO,0,NO,0,NO,0,NO
NCT00660049,0,0,,0,,0,NO,0,NO,0,NO,0,NO,0,NO,0,NO,0,NO,0,NO
NCT00660348,0,0,,0,,0,NO,0,NO,0,NO,0,NO,0,NO,0,NO,0,NO,0,NO
NCT00663091,1,1,life_expectancy_advanced_illness,1,EXCLUSION_OR_RESTRICTION,1,YES,0,NO,0,NO,0,NO,0,NO,0,NO,0,NO,0,NO
NCT00665535,1,1,mobility_adl_function,1,EXCLUSION_OR_RESTRICTION,1,YES,0,NO,0,NO,0,NO,0,NO,0,NO,0,NO,0,NO
NCT00671580,1,1,life_expectancy_advanced_illness,1,EXCLUSION_OR_RESTRICTION,1,YES,0,NO,0,NO,0,NO,0,NO,0,NO,0,NO,0,NO
NCT00676260,0,0,,0,,0,NO,0,NO,0,NO,0,NO,0,NO,0,NO,0,NO,0,NO
NCT00678847,0,0,,0,,0,NO,0,NO,0,NO,0,NO,0,NO,0,NO,0,NO,0,NO
NCT00691821,2,2,life_expectancy_advanced_illness|nutrition_malnutrition,2,BASELINE_MEASUREMENT_OR_STRATIFICATION|EXCLUSION_OR_RESTRICTION,1,YES,0,NO,1,YES,0,NO,0,NO,0,NO,0,NO,0,NO
NCT00719810,0,0,,0,,0,NO,0,NO,0,NO,0,NO,0,NO,0,NO,0,NO,0,NO
NCT00720239,0,0,,0,,0,NO,0,NO,0,NO,0,NO,0,NO,0,NO,0,NO,0,NO
NCT00727701,0,0,,0,,0,NO,0,NO,0,NO,0,NO,0,NO,0,NO,0,NO,0,NO
NCT00759434,0,0,,0,,0,NO,0,NO,0,NO,0,NO,0,NO,0,NO,0,NO,0,NO
NCT00761839,0,0,,0,,0,NO,0,NO,0,NO,0,NO,0,NO,0,NO,0,NO,0,NO
NCT00762138,0,0,,0,,0,NO,0,NO,0,NO,0,NO,0,NO,0,NO,0,NO,0,NO
NCT00762723,1,1,nutrition_malnutrition,1,EXCLUSION_OR_RESTRICTION,1,YES,0,NO,0,NO,0,NO,0,NO,0,NO,0,NO,0,NO
NCT00762905,1,1,life_expectancy_advanced_illness,1,INDETERMINATE_DIRECTION,0,NO,0,NO,0,NO,0,NO,0,NO,0,NO,0,NO,1,YES
NCT00763282,0,0,,0,,0,NO,0,NO,0,NO,0,NO,0,NO,0,NO,0,NO,0,NO
NCT00765544,1,1,mobility_adl_function,1,INTERVENTION_OR_CARE_ADAPTATION,0,NO,0,NO,0,NO,0,NO,1,YES,0,NO,0,NO,0,NO
NCT00766272,1,1,mobility_adl_function,1,INCLUSION_OR_ACCOMMODATION,0,NO,1,YES,0,NO,0,NO,0,NO,0,NO,0,NO,0,NO
NCT00771238,0,0,,0,,0,NO,0,NO,0,NO,0,NO,0,NO,0,NO,0,NO,0,NO
NCT00771368,0,0,,0,,0,NO,0,NO,0,NO,0,NO,0,NO,0,NO,0,NO,0,NO
NCT00796042,3,3,life_expectancy_advanced_illness|mobility_adl_function|nutrition_malnutrition,3,EXCLUSION_OR_RESTRICTION|INCLUSION_OR_ACCOMMODATION|INTERVENTION_OR_CARE_ADAPTATION,1,YES,1,YES,0,NO,0,NO,1,YES,0,NO,0,NO,0,NO
NCT00796588,0,0,,0,,0,NO,0,NO,0,NO,0,NO,0,NO,0,NO,0,NO,0,NO
NCT00797706,1,1,life_expectancy_advanced_illness,1,EXCLUSION_OR_RESTRICTION,1,YES,0,NO,0,NO,0,NO,0,NO,0,NO,0,NO,0,NO
NCT00807664,0,0,,0,,0,NO,0,NO,0,NO,0,NO,0,NO,0,NO,0,NO,0,NO
NCT00815217,0,0,,0,,0,NO,0,NO,0,NO,0,NO,0,NO,0,NO,0,NO,0,NO
NCT00819949,1,1,mobility_adl_function,1,EXCLUSION_OR_RESTRICTION,1,YES,0,NO,0,NO,0,NO,0,NO,0,NO,0,NO,0,NO
NCT00820196,0,0,,0,,0,NO,0,NO,0,NO,0,NO,0,NO,0,NO,0,NO,0,NO
NCT00820274,0,0,,0,,0,NO,0,NO,0,NO,0,NO,0,NO,0,NO,0,NO,0,NO
NCT00821431,0,0,,0,,0,NO,0,NO,0,NO,0,NO,0,NO,0,NO,0,NO,0,NO
NCT00822224,2,2,cognition_decision_capacity|frailty_direct,2,CONTEXTUAL_DESCRIPTION|INCLUSION_OR_ACCOMMODATION,0,NO,1,YES,0,NO,0,NO,0,NO,1,YES,0,NO,0,NO
NCT00823446,0,0,,0,,0,NO,0,NO,0,NO,0,NO,0,NO,0,NO,0,NO,0,NO
NCT00828971,0,0,,0,,0,NO,0,NO,0,NO,0,NO,0,NO,0,NO,0,NO,0,NO
NCT00832091,0,0,,0,,0,NO,0,NO,0,NO,0,NO,0,NO,0,NO,0,NO,0,NO
NCT00837096,0,0,,0,,0,NO,0,NO,0,NO,0,NO,0,NO,0,NO,0,NO,0,NO
NCT00838500,0,0,,0,,0,NO,0,NO,0,NO,0,NO,0,NO,0,NO,0,NO,0,NO
NCT00839098,1,1,mobility_adl_function,1,INCLUSION_OR_ACCOMMODATION,0,NO,1,YES,0,NO,0,NO,0,NO,0,NO,0,NO,0,NO
NCT00847002,1,1,nutrition_malnutrition,1,INDETERMINATE_DIRECTION,0,NO,0,NO,0,NO,0,NO,0,NO,0,NO,0,NO,1,YES
NCT00847665,1,1,mobility_adl_function,1,INTERVENTION_OR_CARE_ADAPTATION,0,NO,0,NO,0,NO,0,NO,1,YES,0,NO,0,NO,0,NO
NCT00852995,0,0,,0,,0,NO,0,NO,0,NO,0,NO,0,NO,0,NO,0,NO,0,NO
NCT00858130,0,0,,0,,0,NO,0,NO,0,NO,0,NO,0,NO,0,NO,0,NO,0,NO
NCT00872053,1,1,mobility_adl_function,1,INTERVENTION_OR_CARE_ADAPTATION,0,NO,0,NO,0,NO,0,NO,1,YES,0,NO,0,NO,0,NO
NCT00878644,1,1,life_expectancy_advanced_illness,1,EXCLUSION_OR_RESTRICTION,1,YES,0,NO,0,NO,0,NO,0,NO,0,NO,0,NO,0,NO
NCT00880087,1,1,life_expectancy_advanced_illness,1,EXCLUSION_OR_RESTRICTION,1,YES,0,NO,0,NO,0,NO,0,NO,0,NO,0,NO,0,NO
NCT00909870,1,1,nutrition_malnutrition,1,INDETERMINATE_DIRECTION,0,NO,0,NO,0,NO,0,NO,0,NO,0,NO,0,NO,1,YES
NCT00933348,1,1,cognition_decision_capacity,1,EXCLUSION_OR_RESTRICTION,1,YES,0,NO,0,NO,0,NO,0,NO,0,NO,0,NO,0,NO
NCT00945087,0,0,,0,,0,NO,0,NO,0,NO,0,NO,0,NO,0,NO,0,NO,0,NO
NCT00951080,0,0,,0,,0,NO,0,NO,0,NO,0,NO,0,NO,0,NO,0,NO,0,NO
NCT00953563,0,0,,0,,0,NO,0,NO,0,NO,0,NO,0,NO,0,NO,0,NO,0,NO
NCT00953797,0,0,,0,,0,NO,0,NO,0,NO,0,NO,0,NO,0,NO,0,NO,0,NO
NCT00961012,0,0,,0,,0,NO,0,NO,0,NO,0,NO,0,NO,0,NO,0,NO,0,NO
NCT00971048,1,1,proxy_consent_pathway,1,CONSENT_OR_PROXY_SUPPORT,0,NO,0,NO,0,NO,1,YES,0,NO,0,NO,0,NO,0,NO
NCT00977041,0,0,,0,,0,NO,0,NO,0,NO,0,NO,0,NO,0,NO,0,NO,0,NO
NCT00979836,0,0,,0,,0,NO,0,NO,0,NO,0,NO,0,NO,0,NO,0,NO,0,NO
NCT00983749,0,0,,0,,0,NO,0,NO,0,NO,0,NO,0,NO,0,NO,0,NO,0,NO
NCT00998673,1,1,nutrition_malnutrition,1,INDETERMINATE_DIRECTION,0,NO,0,NO,0,NO,0,NO,0,NO,0,NO,0,NO,1,YES
NCT01008254,2,2,care_setting_caregiver|mobility_adl_function,2,INCLUSION_OR_ACCOMMODATION|INTERVENTION_OR_CARE_ADAPTATION,0,NO,1,YES,0,NO,0,NO,1,YES,0,NO,0,NO,0,NO
NCT01022216,0,0,,0,,0,NO,0,NO,0,NO,0,NO,0,NO,0,NO,0,NO,0,NO
NCT01032239,1,1,mobility_adl_function,1,BASELINE_MEASUREMENT_OR_STRATIFICATION,0,NO,0,NO,1,YES,0,NO,0,NO,0,NO,0,NO,0,NO
NCT01035944,0,0,,0,,0,NO,0,NO,0,NO,0,NO,0,NO,0,NO,0,NO,0,NO
NCT01036438,0,0,,0,,0,NO,0,NO,0,NO,0,NO,0,NO,0,NO,0,NO,0,NO
NCT01045915,0,0,,0,,0,NO,0,NO,0,NO,0,NO,0,NO,0,NO,0,NO,0,NO
NCT01048307,0,0,,0,,0,NO,0,NO,0,NO,0,NO,0,NO,0,NO,0,NO,0,NO
NCT01050023,0,0,,0,,0,NO,0,NO,0,NO,0,NO,0,NO,0,NO,0,NO,0,NO
NCT01066715,0,0,,0,,0,NO,0,NO,0,NO,0,NO,0,NO,0,NO,0,NO,0,NO
NCT01079299,1,1,mobility_adl_function,1,INDETERMINATE_DIRECTION,0,NO,0,NO,0,NO,0,NO,0,NO,0,NO,0,NO,1,YES
NCT01084577,0,0,,0,,0,NO,0,NO,0,NO,0,NO,0,NO,0,NO,0,NO,0,NO
NCT01090076,2,2,life_expectancy_advanced_illness|nutrition_malnutrition,2,EXCLUSION_OR_RESTRICTION|INTERVENTION_OR_CARE_ADAPTATION,1,YES,0,NO,0,NO,0,NO,1,YES,0,NO,0,NO,0,NO
NCT01094002,2,2,cognition_decision_capacity|mobility_adl_function,2,CONTEXTUAL_DESCRIPTION|INTERVENTION_OR_CARE_ADAPTATION,0,NO,0,NO,0,NO,0,NO,1,YES,1,YES,0,NO,0,NO
NCT01107197,2,2,care_setting_caregiver|nutrition_malnutrition,1,INCLUSION_OR_ACCOMMODATION,0,NO,2,YES,0,NO,0,NO,0,NO,0,NO,0,NO,0,NO
NCT01107821,0,0,,0,,0,NO,0,NO,0,NO,0,NO,0,NO,0,NO,0,NO,0,NO
NCT01113658,0,0,,0,,0,NO,0,NO,0,NO,0,NO,0,NO,0,NO,0,NO,0,NO
NCT01118819,0,0,,0,,0,NO,0,NO,0,NO,0,NO,0,NO,0,NO,0,NO,0,NO
NCT01129986,0,0,,0,,0,NO,0,NO,0,NO,0,NO,0,NO,0,NO,0,NO,0,NO
NCT01138436,0,0,,0,,0,NO,0,NO,0,NO,0,NO,0,NO,0,NO,0,NO,0,NO
NCT01138462,2,2,care_setting_caregiver|life_expectancy_advanced_illness,2,EXCLUSION_OR_RESTRICTION|INCLUSION_OR_ACCOMMODATION,1,YES,1,YES,0,NO,0,NO,0,NO,0,NO,0,NO,0,NO
NCT01139879,4,4,care_setting_caregiver|mobility_adl_function|nutrition_malnutrition|proxy_consent_pathway,4,CONSENT_OR_PROXY_SUPPORT|CONTEXTUAL_DESCRIPTION|INDETERMINATE_DIRECTION|INTERVENTION_OR_CARE_ADAPTATION,0,NO,0,NO,0,NO,1,YES,1,YES,1,YES,0,NO,1,YES
NCT01152411,0,0,,0,,0,NO,0,NO,0,NO,0,NO,0,NO,0,NO,0,NO,0,NO
NCT01153633,0,0,,0,,0,NO,0,NO,0,NO,0,NO,0,NO,0,NO,0,NO,0,NO
NCT01166828,2,2,life_expectancy_advanced_illness|mobility_adl_function,2,EXCLUSION_OR_RESTRICTION|INCLUSION_OR_ACCOMMODATION,1,YES,1,YES,0,NO,0,NO,0,NO,0,NO,0,NO,0,NO
NCT01176110,0,0,,0,,0,NO,0,NO,0,NO,0,NO,0,NO,0,NO,0,NO,0,NO
NCT01183273,0,0,,0,,0,NO,0,NO,0,NO,0,NO,0,NO,0,NO,0,NO,0,NO
NCT01184872,0,0,,0,,0,NO,0,NO,0,NO,0,NO,0,NO,0,NO,0,NO,0,NO
NCT01186679,0,0,,0,,0,NO,0,NO,0,NO,0,NO,0,NO,0,NO,0,NO,0,NO
NCT01199588,0,0,,0,,0,NO,0,NO,0,NO,0,NO,0,NO,0,NO,0,NO,0,NO
NCT01201759,0,0,,0,,0,NO,0,NO,0,NO,0,NO,0,NO,0,NO,0,NO,0,NO
NCT01208220,0,0,,0,,0,NO,0,NO,0,NO,0,NO,0,NO,0,NO,0,NO,0,NO
NCT01211236,1,1,cognition_decision_capacity,1,EXCLUSION_OR_RESTRICTION,1,YES,0,NO,0,NO,0,NO,0,NO,0,NO,0,NO,0,NO
NCT01214811,0,0,,0,,0,NO,0,NO,0,NO,0,NO,0,NO,0,NO,0,NO,0,NO
NCT01214980,1,1,proxy_consent_pathway,1,CONSENT_OR_PROXY_SUPPORT,0,NO,0,NO,0,NO,1,YES,0,NO,0,NO,0,NO,0,NO
NCT01217047,1,1,mobility_adl_function,1,INTERVENTION_OR_CARE_ADAPTATION,0,NO,0,NO,0,NO,0,NO,1,YES,0,NO,0,NO,0,NO
NCT01232764,1,1,care_setting_caregiver,1,CONTEXTUAL_DESCRIPTION,0,NO,0,NO,0,NO,0,NO,0,NO,1,YES,0,NO,0,NO
NCT01236976,0,0,,0,,0,NO,0,NO,0,NO,0,NO,0,NO,0,NO,0,NO,0,NO
NCT01238419,0,0,,0,,0,NO,0,NO,0,NO,0,NO,0,NO,0,NO,0,NO,0,NO
NCT01244594,1,1,nutrition_malnutrition,1,BASELINE_MEASUREMENT_OR_STRATIFICATION,0,NO,0,NO,1,YES,0,NO,0,NO,0,NO,0,NO,0,NO
NCT01246882,1,1,mobility_adl_function,1,INTERVENTION_OR_CARE_ADAPTATION,0,NO,0,NO,0,NO,0,NO,1,YES,0,NO,0,NO,0,NO
NCT01251549,1,1,mobility_adl_function,1,EXCLUSION_OR_RESTRICTION,1,YES,0,NO,0,NO,0,NO,0,NO,0,NO,0,NO,0,NO
NCT01255631,0,0,,0,,0,NO,0,NO,0,NO,0,NO,0,NO,0,NO,0,NO,0,NO
NCT01273428,1,1,nutrition_malnutrition,1,INDETERMINATE_DIRECTION,0,NO,0,NO,0,NO,0,NO,0,NO,0,NO,0,NO,1,YES
NCT01275313,2,2,care_setting_caregiver|mobility_adl_function,2,BASELINE_MEASUREMENT_OR_STRATIFICATION|INCLUSION_OR_ACCOMMODATION,0,NO,1,YES,1,YES,0,NO,0,NO,0,NO,0,NO,0,NO
NCT01283581,1,1,life_expectancy_advanced_illness,1,EXCLUSION_OR_RESTRICTION,1,YES,0,NO,0,NO,0,NO,0,NO,0,NO,0,NO,0,NO
NCT01292811,1,1,mobility_adl_function,1,CONTEXTUAL_DESCRIPTION,0,NO,0,NO,0,NO,0,NO,0,NO,1,YES,0,NO,0,NO
NCT01294254,0,0,,0,,0,NO,0,NO,0,NO,0,NO,0,NO,0,NO,0,NO,0,NO
NCT01319097,1,1,proxy_consent_pathway,1,CONSENT_OR_PROXY_SUPPORT,0,NO,0,NO,0,NO,1,YES,0,NO,0,NO,0,NO,0,NO
NCT01319123,0,0,,0,,0,NO,0,NO,0,NO,0,NO,0,NO,0,NO,0,NO,0,NO
NCT01320605,0,0,,0,,0,NO,0,NO,0,NO,0,NO,0,NO,0,NO,0,NO,0,NO
NCT01327937,0,0,,0,,0,NO,0,NO,0,NO,0,NO,0,NO,0,NO,0,NO,0,NO
NCT01333358,0,0,,0,,0,NO,0,NO,0,NO,0,NO,0,NO,0,NO,0,NO,0,NO
NCT01333670,0,0,,0,,0,NO,0,NO,0,NO,0,NO,0,NO,0,NO,0,NO,0,NO
NCT01339091,1,1,life_expectancy_advanced_illness,1,EXCLUSION_OR_RESTRICTION,1,YES,0,NO,0,NO,0,NO,0,NO,0,NO,0,NO,0,NO
NCT01348581,0,0,,0,,0,NO,0,NO,0,NO,0,NO,0,NO,0,NO,0,NO,0,NO
NCT01349478,1,1,mobility_adl_function,1,INTERVENTION_OR_CARE_ADAPTATION,0,NO,0,NO,0,NO,0,NO,1,YES,0,NO,0,NO,0,NO
NCT01351493,2,2,care_setting_caregiver|nutrition_malnutrition,2,CONTEXTUAL_DESCRIPTION|INCLUSION_OR_ACCOMMODATION,0,NO,1,YES,0,NO,0,NO,0,NO,1,YES,0,NO,0,NO
NCT01353937,0,0,,0,,0,NO,0,NO,0,NO,0,NO,0,NO,0,NO,0,NO,0,NO
NCT01355666,2,2,care_setting_caregiver|life_expectancy_advanced_illness,1,INCLUSION_OR_ACCOMMODATION,0,NO,2,YES,0,NO,0,NO,0,NO,0,NO,0,NO,0,NO
NCT01356459,2,2,multimorbidity_burden|nutrition_malnutrition,1,BASELINE_MEASUREMENT_OR_STRATIFICATION,0,NO,0,NO,2,YES,0,NO,0,NO,0,NO,0,NO,0,NO
NCT01372020,1,1,mobility_adl_function,1,EXCLUSION_OR_RESTRICTION,1,YES,0,NO,0,NO,0,NO,0,NO,0,NO,0,NO,0,NO
NCT01376050,1,1,nutrition_malnutrition,1,INDETERMINATE_DIRECTION,0,NO,0,NO,0,NO,0,NO,0,NO,0,NO,0,NO,1,YES
NCT01384500,0,0,,0,,0,NO,0,NO,0,NO,0,NO,0,NO,0,NO,0,NO,0,NO
NCT01396304,0,0,,0,,0,NO,0,NO,0,NO,0,NO,0,NO,0,NO,0,NO,0,NO
NCT01396837,2,2,life_expectancy_advanced_illness|nutrition_malnutrition,2,EXCLUSION_OR_RESTRICTION|INDETERMINATE_DIRECTION,1,YES,0,NO,0,NO,0,NO,0,NO,0,NO,0,NO,1,YES
NCT01402765,1,1,mobility_adl_function,1,INCLUSION_OR_ACCOMMODATION,0,NO,1,YES,0,NO,0,NO,0,NO,0,NO,0,NO,0,NO
NCT01403272,2,2,care_setting_caregiver|life_expectancy_advanced_illness,1,INCLUSION_OR_ACCOMMODATION,0,NO,2,YES,0,NO,0,NO,0,NO,0,NO,0,NO,0,NO
NCT01415622,1,1,nutrition_malnutrition,1,INCLUSION_OR_ACCOMMODATION,0,NO,1,YES,0,NO,0,NO,0,NO,0,NO,0,NO,0,NO
NCT01426555,1,1,mobility_adl_function,1,CONTEXTUAL_DESCRIPTION,0,NO,0,NO,0,NO,0,NO,0,NO,1,YES,0,NO,0,NO
NCT01431339,1,1,life_expectancy_advanced_illness,1,EXCLUSION_OR_RESTRICTION,1,YES,0,NO,0,NO,0,NO,0,NO,0,NO,0,NO,0,NO
NCT01433159,1,1,nutrition_malnutrition,1,INDETERMINATE_DIRECTION,0,NO,0,NO,0,NO,0,NO,0,NO,0,NO,0,NO,1,YES
NCT01434914,0,0,,0,,0,NO,0,NO,0,NO,0,NO,0,NO,0,NO,0,NO,0,NO
NCT01438541,0,0,,0,,0,NO,0,NO,0,NO,0,NO,0,NO,0,NO,0,NO,0,NO
NCT01439581,1,1,mobility_adl_function,1,INTERVENTION_OR_CARE_ADAPTATION,0,NO,0,NO,0,NO,0,NO,1,YES,0,NO,0,NO,0,NO
NCT01440452,1,1,mobility_adl_function,1,INTERVENTION_OR_CARE_ADAPTATION,0,NO,0,NO,0,NO,0,NO,1,YES,0,NO,0,NO,0,NO
NCT01449422,0,0,,0,,0,NO,0,NO,0,NO,0,NO,0,NO,0,NO,0,NO,0,NO
NCT01453816,1,1,life_expectancy_advanced_illness,1,INDETERMINATE_DIRECTION,0,NO,0,NO,0,NO,0,NO,0,NO,0,NO,0,NO,1,YES
NCT01454570,0,0,,0,,0,NO,0,NO,0,NO,0,NO,0,NO,0,NO,0,NO,0,NO
NCT01467817,0,0,,0,,0,NO,0,NO,0,NO,0,NO,0,NO,0,NO,0,NO,0,NO
NCT01484184,0,0,,0,,0,NO,0,NO,0,NO,0,NO,0,NO,0,NO,0,NO,0,NO
NCT01491438,1,1,nutrition_malnutrition,1,INDETERMINATE_DIRECTION,0,NO,0,NO,0,NO,0,NO,0,NO,0,NO,0,NO,1,YES
NCT01497210,0,0,,0,,0,NO,0,NO,0,NO,0,NO,0,NO,0,NO,0,NO,0,NO
NCT01499277,0,0,,0,,0,NO,0,NO,0,NO,0,NO,0,NO,0,NO,0,NO,0,NO
NCT01499784,0,0,,0,,0,NO,0,NO,0,NO,0,NO,0,NO,0,NO,0,NO,0,NO
NCT01500174,0,0,,0,,0,NO,0,NO,0,NO,0,NO,0,NO,0,NO,0,NO,0,NO
NCT01509599,0,0,,0,,0,NO,0,NO,0,NO,0,NO,0,NO,0,NO,0,NO,0,NO
NCT01528293,0,0,,0,,0,NO,0,NO,0,NO,0,NO,0,NO,0,NO,0,NO,0,NO
NCT01537003,1,1,life_expectancy_advanced_illness,1,INCLUSION_OR_ACCOMMODATION,0,NO,1,YES,0,NO,0,NO,0,NO,0,NO,0,NO,0,NO
NCT01539980,0,0,,0,,0,NO,0,NO,0,NO,0,NO,0,NO,0,NO,0,NO,0,NO
NCT01540981,2,2,life_expectancy_advanced_illness|proxy_consent_pathway,2,CONSENT_OR_PROXY_SUPPORT|EXCLUSION_OR_RESTRICTION,1,YES,0,NO,0,NO,1,YES,0,NO,0,NO,0,NO,0,NO
NCT01549860,0,0,,0,,0,NO,0,NO,0,NO,0,NO,0,NO,0,NO,0,NO,0,NO
NCT01552447,0,0,,0,,0,NO,0,NO,0,NO,0,NO,0,NO,0,NO,0,NO,0,NO
NCT01567150,0,0,,0,,0,NO,0,NO,0,NO,0,NO,0,NO,0,NO,0,NO,0,NO
NCT01567605,0,0,,0,,0,NO,0,NO,0,NO,0,NO,0,NO,0,NO,0,NO,0,NO
NCT01570816,1,1,mobility_adl_function,1,INTERVENTION_OR_CARE_ADAPTATION,0,NO,0,NO,0,NO,0,NO,1,YES,0,NO,0,NO,0,NO
NCT01572376,0,0,,0,,0,NO,0,NO,0,NO,0,NO,0,NO,0,NO,0,NO,0,NO
NCT01573234,0,0,,0,,0,NO,0,NO,0,NO,0,NO,0,NO,0,NO,0,NO,0,NO
NCT01591434,0,0,,0,,0,NO,0,NO,0,NO,0,NO,0,NO,0,NO,0,NO,0,NO
NCT01595347,1,1,nutrition_malnutrition,1,BASELINE_MEASUREMENT_OR_STRATIFICATION,0,NO,0,NO,1,YES,0,NO,0,NO,0,NO,0,NO,0,NO
NCT01608438,2,2,cognition_decision_capacity|mobility_adl_function,2,CONTEXTUAL_DESCRIPTION|EXCLUSION_OR_RESTRICTION,1,YES,0,NO,0,NO,0,NO,0,NO,1,YES,0,NO,0,NO
NCT01612806,0,0,,0,,0,NO,0,NO,0,NO,0,NO,0,NO,0,NO,0,NO,0,NO
NCT01640418,0,0,,0,,0,NO,0,NO,0,NO,0,NO,0,NO,0,NO,0,NO,0,NO
NCT01647321,1,1,mobility_adl_function,1,CONTEXTUAL_DESCRIPTION,0,NO,0,NO,0,NO,0,NO,0,NO,1,YES,0,NO,0,NO
NCT01651260,0,0,,0,,0,NO,0,NO,0,NO,0,NO,0,NO,0,NO,0,NO,0,NO
NCT01656889,0,0,,0,,0,NO,0,NO,0,NO,0,NO,0,NO,0,NO,0,NO,0,NO
NCT01671748,0,0,,0,,0,NO,0,NO,0,NO,0,NO,0,NO,0,NO,0,NO,0,NO
NCT01672255,0,0,,0,,0,NO,0,NO,0,NO,0,NO,0,NO,0,NO,0,NO,0,NO
NCT01673412,0,0,,0,,0,NO,0,NO,0,NO,0,NO,0,NO,0,NO,0,NO,0,NO
NCT01710774,0,0,,0,,0,NO,0,NO,0,NO,0,NO,0,NO,0,NO,0,NO,0,NO
NCT01734109,0,0,,0,,0,NO,0,NO,0,NO,0,NO,0,NO,0,NO,0,NO,0,NO
NCT01737762,0,0,,0,,0,NO,0,NO,0,NO,0,NO,0,NO,0,NO,0,NO,0,NO
NCT01743053,1,1,life_expectancy_advanced_illness,1,EXCLUSION_OR_RESTRICTION,1,YES,0,NO,0,NO,0,NO,0,NO,0,NO,0,NO,0,NO
NCT01747993,0,0,,0,,0,NO,0,NO,0,NO,0,NO,0,NO,0,NO,0,NO,0,NO
NCT01750749,0,0,,0,,0,NO,0,NO,0,NO,0,NO,0,NO,0,NO,0,NO,0,NO
NCT01754506,0,0,,0,,0,NO,0,NO,0,NO,0,NO,0,NO,0,NO,0,NO,0,NO
NCT01757574,0,0,,0,,0,NO,0,NO,0,NO,0,NO,0,NO,0,NO,0,NO,0,NO
NCT01762423,0,0,,0,,0,NO,0,NO,0,NO,0,NO,0,NO,0,NO,0,NO,0,NO
NCT01770509,0,0,,0,,0,NO,0,NO,0,NO,0,NO,0,NO,0,NO,0,NO,0,NO
NCT01772303,0,0,,0,,0,NO,0,NO,0,NO,0,NO,0,NO,0,NO,0,NO,0,NO
NCT01788033,0,0,,0,,0,NO,0,NO,0,NO,0,NO,0,NO,0,NO,0,NO,0,NO
NCT01801891,0,0,,0,,0,NO,0,NO,0,NO,0,NO,0,NO,0,NO,0,NO,0,NO
NCT01811732,1,1,life_expectancy_advanced_illness,1,INDETERMINATE_DIRECTION,0,NO,0,NO,0,NO,0,NO,0,NO,0,NO,0,NO,1,YES
NCT01817218,0,0,,0,,0,NO,0,NO,0,NO,0,NO,0,NO,0,NO,0,NO,0,NO
NCT01817543,0,0,,0,,0,NO,0,NO,0,NO,0,NO,0,NO,0,NO,0,NO,0,NO
NCT01819142,1,1,life_expectancy_advanced_illness,1,INDETERMINATE_DIRECTION,0,NO,0,NO,0,NO,0,NO,0,NO,0,NO,0,NO,1,YES
NCT01820663,2,2,cognition_decision_capacity|nutrition_malnutrition,1,BASELINE_MEASUREMENT_OR_STRATIFICATION,0,NO,0,NO,2,YES,0,NO,0,NO,0,NO,0,NO,0,NO
NCT01834417,1,1,mobility_adl_function,1,EXCLUSION_OR_RESTRICTION,1,YES,0,NO,0,NO,0,NO,0,NO,0,NO,0,NO,0,NO
NCT01852279,1,1,mobility_adl_function,1,BASELINE_MEASUREMENT_OR_STRATIFICATION,0,NO,0,NO,1,YES,0,NO,0,NO,0,NO,0,NO,0,NO
NCT01853384,0,0,,0,,0,NO,0,NO,0,NO,0,NO,0,NO,0,NO,0,NO,0,NO
NCT01857089,0,0,,0,,0,NO,0,NO,0,NO,0,NO,0,NO,0,NO,0,NO,0,NO
NCT01858272,1,1,life_expectancy_advanced_illness,1,EXCLUSION_OR_RESTRICTION,1,YES,0,NO,0,NO,0,NO,0,NO,0,NO,0,NO,0,NO
NCT01858896,0,0,,0,,0,NO,0,NO,0,NO,0,NO,0,NO,0,NO,0,NO,0,NO
NCT01876017,0,0,,0,,0,NO,0,NO,0,NO,0,NO,0,NO,0,NO,0,NO,0,NO
NCT01877681,0,0,,0,,0,NO,0,NO,0,NO,0,NO,0,NO,0,NO,0,NO,0,NO
NCT01885962,0,0,,0,,0,NO,0,NO,0,NO,0,NO,0,NO,0,NO,0,NO,0,NO
NCT01891565,0,0,,0,,0,NO,0,NO,0,NO,0,NO,0,NO,0,NO,0,NO,0,NO
NCT01891760,0,0,,0,,0,NO,0,NO,0,NO,0,NO,0,NO,0,NO,0,NO,0,NO
NCT01894802,2,2,life_expectancy_advanced_illness|nutrition_malnutrition,2,INCLUSION_OR_ACCOMMODATION|INDETERMINATE_DIRECTION,0,NO,1,YES,0,NO,0,NO,0,NO,0,NO,0,NO,1,YES
NCT01900067,0,0,,0,,0,NO,0,NO,0,NO,0,NO,0,NO,0,NO,0,NO,0,NO
NCT01904591,0,0,,0,,0,NO,0,NO,0,NO,0,NO,0,NO,0,NO,0,NO,0,NO
NCT01906424,0,0,,0,,0,NO,0,NO,0,NO,0,NO,0,NO,0,NO,0,NO,0,NO
NCT01909908,0,0,,0,,0,NO,0,NO,0,NO,0,NO,0,NO,0,NO,0,NO,0,NO
NCT01924806,3,3,care_setting_caregiver|cognition_decision_capacity|life_expectancy_advanced_illness,2,EXCLUSION_OR_RESTRICTION|INDETERMINATE_DIRECTION,2,YES,0,NO,0,NO,0,NO,0,NO,0,NO,0,NO,1,YES
NCT01943669,0,0,,0,,0,NO,0,NO,0,NO,0,NO,0,NO,0,NO,0,NO,0,NO
NCT01949285,0,0,,0,,0,NO,0,NO,0,NO,0,NO,0,NO,0,NO,0,NO,0,NO
NCT01958177,1,1,mobility_adl_function,1,CONTEXTUAL_DESCRIPTION,0,NO,0,NO,0,NO,0,NO,0,NO,1,YES,0,NO,0,NO
NCT01966380,0,0,,0,,0,NO,0,NO,0,NO,0,NO,0,NO,0,NO,0,NO,0,NO
NCT01970163,0,0,,0,,0,NO,0,NO,0,NO,0,NO,0,NO,0,NO,0,NO,0,NO
NCT01972633,0,0,,0,,0,NO,0,NO,0,NO,0,NO,0,NO,0,NO,0,NO,0,NO
NCT01973361,1,1,nutrition_malnutrition,1,EXCLUSION_OR_RESTRICTION,1,YES,0,NO,0,NO,0,NO,0,NO,0,NO,0,NO,0,NO
NCT01982318,0,0,,0,,0,NO,0,NO,0,NO,0,NO,0,NO,0,NO,0,NO,0,NO
NCT01984684,1,1,life_expectancy_advanced_illness,1,INDETERMINATE_DIRECTION,0,NO,0,NO,0,NO,0,NO,0,NO,0,NO,0,NO,1,YES
NCT01999816,1,1,mobility_adl_function,1,INCLUSION_OR_ACCOMMODATION,0,NO,1,YES,0,NO,0,NO,0,NO,0,NO,0,NO,0,NO
NCT02001558,1,1,life_expectancy_advanced_illness,1,EXCLUSION_OR_RESTRICTION,1,YES,0,NO,0,NO,0,NO,0,NO,0,NO,0,NO,0,NO
NCT02004626,2,2,life_expectancy_advanced_illness|nutrition_malnutrition,2,EXCLUSION_OR_RESTRICTION|INCLUSION_OR_ACCOMMODATION,1,YES,1,YES,0,NO,0,NO,0,NO,0,NO,0,NO,0,NO
NCT02005068,0,0,,0,,0,NO,0,NO,0,NO,0,NO,0,NO,0,NO,0,NO,0,NO
NCT02005692,2,2,care_setting_caregiver|cognition_decision_capacity,2,CONTEXTUAL_DESCRIPTION|EXCLUSION_OR_RESTRICTION,1,YES,0,NO,0,NO,0,NO,0,NO,1,YES,0,NO,0,NO
NCT02007824,0,0,,0,,0,NO,0,NO,0,NO,0,NO,0,NO,0,NO,0,NO,0,NO
NCT02008149,1,1,mobility_adl_function,1,EXCLUSION_OR_RESTRICTION,1,YES,0,NO,0,NO,0,NO,0,NO,0,NO,0,NO,0,NO
NCT02008487,1,1,life_expectancy_advanced_illness,1,CONTEXTUAL_DESCRIPTION,0,NO,0,NO,0,NO,0,NO,0,NO,1,YES,0,NO,0,NO
NCT02009501,0,0,,0,,0,NO,0,NO,0,NO,0,NO,0,NO,0,NO,0,NO,0,NO
NCT02011503,0,0,,0,,0,NO,0,NO,0,NO,0,NO,0,NO,0,NO,0,NO,0,NO
NCT02011724,0,0,,0,,0,NO,0,NO,0,NO,0,NO,0,NO,0,NO,0,NO,0,NO
NCT02014948,0,0,,0,,0,NO,0,NO,0,NO,0,NO,0,NO,0,NO,0,NO,0,NO
NCT02015221,0,0,,0,,0,NO,0,NO,0,NO,0,NO,0,NO,0,NO,0,NO,0,NO
NCT02020746,2,2,cognition_decision_capacity|nutrition_malnutrition,1,INDETERMINATE_DIRECTION,0,NO,0,NO,0,NO,0,NO,0,NO,0,NO,0,NO,2,YES
NCT02028923,0,0,,0,,0,NO,0,NO,0,NO,0,NO,0,NO,0,NO,0,NO,0,NO
NCT02034331,1,1,cognition_decision_capacity,1,INDETERMINATE_DIRECTION,0,NO,0,NO,0,NO,0,NO,0,NO,0,NO,0,NO,1,YES
NCT02034396,1,1,life_expectancy_advanced_illness,1,EXCLUSION_OR_RESTRICTION,1,YES,0,NO,0,NO,0,NO,0,NO,0,NO,0,NO,0,NO
NCT02042508,0,0,,0,,0,NO,0,NO,0,NO,0,NO,0,NO,0,NO,0,NO,0,NO
NCT02045797,0,0,,0,,0,NO,0,NO,0,NO,0,NO,0,NO,0,NO,0,NO,0,NO
NCT02068027,0,0,,0,,0,NO,0,NO,0,NO,0,NO,0,NO,0,NO,0,NO,0,NO
NCT02071979,1,1,proxy_consent_pathway,1,CONSENT_OR_PROXY_SUPPORT,0,NO,0,NO,0,NO,1,YES,0,NO,0,NO,0,NO,0,NO
NCT02079311,0,0,,0,,0,NO,0,NO,0,NO,0,NO,0,NO,0,NO,0,NO,0,NO
NCT02087397,1,1,life_expectancy_advanced_illness,1,EXCLUSION_OR_RESTRICTION,1,YES,0,NO,0,NO,0,NO,0,NO,0,NO,0,NO,0,NO
NCT02090387,1,1,cognition_decision_capacity,1,EXCLUSION_OR_RESTRICTION,1,YES,0,NO,0,NO,0,NO,0,NO,0,NO,0,NO,0,NO
NCT02092870,0,0,,0,,0,NO,0,NO,0,NO,0,NO,0,NO,0,NO,0,NO,0,NO
NCT02101645,1,1,cognition_decision_capacity,1,INDETERMINATE_DIRECTION,0,NO,0,NO,0,NO,0,NO,0,NO,0,NO,0,NO,1,YES
NCT02104180,0,0,,0,,0,NO,0,NO,0,NO,0,NO,0,NO,0,NO,0,NO,0,NO
NCT02116010,0,0,,0,,0,NO,0,NO,0,NO,0,NO,0,NO,0,NO,0,NO,0,NO
NCT02116114,0,0,,0,,0,NO,0,NO,0,NO,0,NO,0,NO,0,NO,0,NO,0,NO
NCT02119078,3,3,cognition_decision_capacity|frailty_direct|life_expectancy_advanced_illness,2,BASELINE_MEASUREMENT_OR_STRATIFICATION|CONTEXTUAL_DESCRIPTION,0,NO,0,NO,1,YES,0,NO,0,NO,2,YES,0,NO,0,NO
NCT02120820,2,2,care_setting_caregiver|proxy_consent_pathway,2,CONSENT_OR_PROXY_SUPPORT|INCLUSION_OR_ACCOMMODATION,0,NO,1,YES,0,NO,1,YES,0,NO,0,NO,0,NO,0,NO
NCT02127970,0,0,,0,,0,NO,0,NO,0,NO,0,NO,0,NO,0,NO,0,NO,0,NO
NCT02130310,0,0,,0,,0,NO,0,NO,0,NO,0,NO,0,NO,0,NO,0,NO,0,NO
NCT02139436,0,0,,0,,0,NO,0,NO,0,NO,0,NO,0,NO,0,NO,0,NO,0,NO
NCT02144610,1,1,proxy_consent_pathway,1,CONSENT_OR_PROXY_SUPPORT,0,NO,0,NO,0,NO,1,YES,0,NO,0,NO,0,NO,0,NO
NCT02148302,0,0,,0,,0,NO,0,NO,0,NO,0,NO,0,NO,0,NO,0,NO,0,NO
NCT02154087,0,0,,0,,0,NO,0,NO,0,NO,0,NO,0,NO,0,NO,0,NO,0,NO
NCT02158806,0,0,,0,,0,NO,0,NO,0,NO,0,NO,0,NO,0,NO,0,NO,0,NO
NCT02167815,0,0,,0,,0,NO,0,NO,0,NO,0,NO,0,NO,0,NO,0,NO,0,NO
NCT02179216,1,1,mobility_adl_function,1,EXCLUSION_OR_RESTRICTION,1,YES,0,NO,0,NO,0,NO,0,NO,0,NO,0,NO,0,NO
NCT02184234,0,0,,0,,0,NO,0,NO,0,NO,0,NO,0,NO,0,NO,0,NO,0,NO
NCT02184793,0,0,,0,,0,NO,0,NO,0,NO,0,NO,0,NO,0,NO,0,NO,0,NO
NCT02202135,0,0,,0,,0,NO,0,NO,0,NO,0,NO,0,NO,0,NO,0,NO,0,NO
NCT02203994,1,1,mobility_adl_function,1,EXCLUSION_OR_RESTRICTION,1,YES,0,NO,0,NO,0,NO,0,NO,0,NO,0,NO,0,NO
NCT02211898,0,0,,0,,0,NO,0,NO,0,NO,0,NO,0,NO,0,NO,0,NO,0,NO
NCT02213952,0,0,,0,,0,NO,0,NO,0,NO,0,NO,0,NO,0,NO,0,NO,0,NO
NCT02222454,1,1,life_expectancy_advanced_illness,1,EXCLUSION_OR_RESTRICTION,1,YES,0,NO,0,NO,0,NO,0,NO,0,NO,0,NO,0,NO
NCT02222467,1,1,life_expectancy_advanced_illness,1,EXCLUSION_OR_RESTRICTION,1,YES,0,NO,0,NO,0,NO,0,NO,0,NO,0,NO,0,NO
NCT02222506,1,1,life_expectancy_advanced_illness,1,EXCLUSION_OR_RESTRICTION,1,YES,0,NO,0,NO,0,NO,0,NO,0,NO,0,NO,0,NO
NCT02224300,0,0,,0,,0,NO,0,NO,0,NO,0,NO,0,NO,0,NO,0,NO,0,NO
NCT02224404,0,0,,0,,0,NO,0,NO,0,NO,0,NO,0,NO,0,NO,0,NO,0,NO
NCT02224638,0,0,,0,,0,NO,0,NO,0,NO,0,NO,0,NO,0,NO,0,NO,0,NO
NCT02225028,1,1,mobility_adl_function,1,INCLUSION_OR_ACCOMMODATION,0,NO,1,YES,0,NO,0,NO,0,NO,0,NO,0,NO,0,NO
NCT02236338,1,1,mobility_adl_function,1,INDETERMINATE_DIRECTION,0,NO,0,NO,0,NO,0,NO,0,NO,0,NO,0,NO,1,YES
NCT02237287,0,0,,0,,0,NO,0,NO,0,NO,0,NO,0,NO,0,NO,0,NO,0,NO
NCT02244931,1,1,mobility_adl_function,1,CONTEXTUAL_DESCRIPTION,0,NO,0,NO,0,NO,0,NO,0,NO,1,YES,0,NO,0,NO
NCT02248077,0,0,,0,,0,NO,0,NO,0,NO,0,NO,0,NO,0,NO,0,NO,0,NO
NCT02248740,1,1,mobility_adl_function,1,INDETERMINATE_DIRECTION,0,NO,0,NO,0,NO,0,NO,0,NO,0,NO,0,NO,1,YES
NCT02266771,0,0,,0,,0,NO,0,NO,0,NO,0,NO,0,NO,0,NO,0,NO,0,NO
NCT02270385,1,1,mobility_adl_function,1,INTERVENTION_OR_CARE_ADAPTATION,0,NO,0,NO,0,NO,0,NO,1,YES,0,NO,0,NO,0,NO
NCT02272881,0,0,,0,,0,NO,0,NO,0,NO,0,NO,0,NO,0,NO,0,NO,0,NO
NCT02284373,0,0,,0,,0,NO,0,NO,0,NO,0,NO,0,NO,0,NO,0,NO,0,NO
NCT02295735,2,2,care_setting_caregiver|mobility_adl_function,2,CONTEXTUAL_DESCRIPTION|INTERVENTION_OR_CARE_ADAPTATION,0,NO,0,NO,0,NO,0,NO,1,YES,1,YES,0,NO,0,NO
NCT02296697,0,0,,0,,0,NO,0,NO,0,NO,0,NO,0,NO,0,NO,0,NO,0,NO
NCT02300896,3,3,cognition_decision_capacity|life_expectancy_advanced_illness|mobility_adl_function,2,EXCLUSION_OR_RESTRICTION|INCLUSION_OR_ACCOMMODATION,2,YES,1,YES,0,NO,0,NO,0,NO,0,NO,0,NO,0,NO
NCT02307448,2,2,nutrition_malnutrition|proxy_consent_pathway,2,CONSENT_OR_PROXY_SUPPORT|CONTEXTUAL_DESCRIPTION,0,NO,0,NO,0,NO,1,YES,0,NO,1,YES,0,NO,0,NO
NCT02312518,1,1,life_expectancy_advanced_illness,1,INDETERMINATE_DIRECTION,0,NO,0,NO,0,NO,0,NO,0,NO,0,NO,0,NO,1,YES
NCT02312570,1,1,life_expectancy_advanced_illness,1,INDETERMINATE_DIRECTION,0,NO,0,NO,0,NO,0,NO,0,NO,0,NO,0,NO,1,YES
NCT02313194,0,0,,0,,0,NO,0,NO,0,NO,0,NO,0,NO,0,NO,0,NO,0,NO
NCT02322125,1,1,mobility_adl_function,1,INCLUSION_OR_ACCOMMODATION,0,NO,1,YES,0,NO,0,NO,0,NO,0,NO,0,NO,0,NO
NCT02324322,1,1,mobility_adl_function,1,INDETERMINATE_DIRECTION,0,NO,0,NO,0,NO,0,NO,0,NO,0,NO,0,NO,1,YES
NCT02325388,1,1,mobility_adl_function,1,INTERVENTION_OR_CARE_ADAPTATION,0,NO,0,NO,0,NO,0,NO,1,YES,0,NO,0,NO,0,NO
NCT02329652,1,1,mobility_adl_function,1,INCLUSION_OR_ACCOMMODATION,0,NO,1,YES,0,NO,0,NO,0,NO,0,NO,0,NO,0,NO
NCT02331979,0,0,,0,,0,NO,0,NO,0,NO,0,NO,0,NO,0,NO,0,NO,0,NO
NCT02333123,0,0,,0,,0,NO,0,NO,0,NO,0,NO,0,NO,0,NO,0,NO,0,NO
NCT02339233,0,0,,0,,0,NO,0,NO,0,NO,0,NO,0,NO,0,NO,0,NO,0,NO
NCT02342080,1,1,mobility_adl_function,1,CONTEXTUAL_DESCRIPTION,0,NO,0,NO,0,NO,0,NO,0,NO,1,YES,0,NO,0,NO
NCT02348294,0,0,,0,,0,NO,0,NO,0,NO,0,NO,0,NO,0,NO,0,NO,0,NO
NCT02352454,0,0,,0,,0,NO,0,NO,0,NO,0,NO,0,NO,0,NO,0,NO,0,NO
NCT02352467,1,1,life_expectancy_advanced_illness,1,INDETERMINATE_DIRECTION,0,NO,0,NO,0,NO,0,NO,0,NO,0,NO,0,NO,1,YES
NCT02355158,0,0,,0,,0,NO,0,NO,0,NO,0,NO,0,NO,0,NO,0,NO,0,NO
NCT02360358,1,1,nutrition_malnutrition,1,INDETERMINATE_DIRECTION,0,NO,0,NO,0,NO,0,NO,0,NO,0,NO,0,NO,1,YES
NCT02363842,0,0,,0,,0,NO,0,NO,0,NO,0,NO,0,NO,0,NO,0,NO,0,NO
NCT02364921,0,0,,0,,0,NO,0,NO,0,NO,0,NO,0,NO,0,NO,0,NO,0,NO
NCT02369770,2,2,cognition_decision_capacity|mobility_adl_function,2,EXCLUSION_OR_RESTRICTION|INTERVENTION_OR_CARE_ADAPTATION,1,YES,0,NO,0,NO,0,NO,1,YES,0,NO,0,NO,0,NO
NCT02371239,0,0,,0,,0,NO,0,NO,0,NO,0,NO,0,NO,0,NO,0,NO,0,NO
NCT02373956,0,0,,0,,0,NO,0,NO,0,NO,0,NO,0,NO,0,NO,0,NO,0,NO
NCT02375802,0,0,,0,,0,NO,0,NO,0,NO,0,NO,0,NO,0,NO,0,NO,0,NO
NCT02380820,0,0,,0,,0,NO,0,NO,0,NO,0,NO,0,NO,0,NO,0,NO,0,NO
NCT02382302,0,0,,0,,0,NO,0,NO,0,NO,0,NO,0,NO,0,NO,0,NO,0,NO
NCT02385942,0,0,,0,,0,NO,0,NO,0,NO,0,NO,0,NO,0,NO,0,NO,0,NO
NCT02394821,1,1,life_expectancy_advanced_illness,1,INCLUSION_OR_ACCOMMODATION,0,NO,1,YES,0,NO,0,NO,0,NO,0,NO,0,NO,0,NO
NCT02395302,0,0,,0,,0,NO,0,NO,0,NO,0,NO,0,NO,0,NO,0,NO,0,NO
NCT02408991,1,1,cognition_decision_capacity,1,INDETERMINATE_DIRECTION,0,NO,0,NO,0,NO,0,NO,0,NO,0,NO,0,NO,1,YES
NCT02412046,3,3,cognition_decision_capacity|mobility_adl_function|nutrition_malnutrition,2,CONTEXTUAL_DESCRIPTION|EXCLUSION_OR_RESTRICTION,2,YES,0,NO,0,NO,0,NO,0,NO,1,YES,0,NO,0,NO
NCT02418676,1,1,mobility_adl_function,1,INCLUSION_OR_ACCOMMODATION,0,NO,1,YES,0,NO,0,NO,0,NO,0,NO,0,NO,0,NO
NCT02419378,0,0,,0,,0,NO,0,NO,0,NO,0,NO,0,NO,0,NO,0,NO,0,NO
NCT02422017,1,1,nutrition_malnutrition,1,EXCLUSION_OR_RESTRICTION,1,YES,0,NO,0,NO,0,NO,0,NO,0,NO,0,NO,0,NO
NCT02441179,1,1,mobility_adl_function,1,INTERVENTION_OR_CARE_ADAPTATION,0,NO,0,NO,0,NO,0,NO,1,YES,0,NO,0,NO,0,NO
NCT02458859,0,0,,0,,0,NO,0,NO,0,NO,0,NO,0,NO,0,NO,0,NO,0,NO
NCT02470806,0,0,,0,,0,NO,0,NO,0,NO,0,NO,0,NO,0,NO,0,NO,0,NO
NCT02472743,0,0,,0,,0,NO,0,NO,0,NO,0,NO,0,NO,0,NO,0,NO,0,NO
NCT02474979,1,1,mobility_adl_function,1,INTERVENTION_OR_CARE_ADAPTATION,0,NO,0,NO,0,NO,0,NO,1,YES,0,NO,0,NO,0,NO
NCT02475512,1,1,care_setting_caregiver,1,CONTEXTUAL_DESCRIPTION,0,NO,0,NO,0,NO,0,NO,0,NO,1,YES,0,NO,0,NO
NCT02479425,1,1,mobility_adl_function,1,INTERVENTION_OR_CARE_ADAPTATION,0,NO,0,NO,0,NO,0,NO,1,YES,0,NO,0,NO,0,NO
NCT02482038,0,0,,0,,0,NO,0,NO,0,NO,0,NO,0,NO,0,NO,0,NO,0,NO
NCT02482948,0,0,,0,,0,NO,0,NO,0,NO,0,NO,0,NO,0,NO,0,NO,0,NO
NCT02483962,0,0,,0,,0,NO,0,NO,0,NO,0,NO,0,NO,0,NO,0,NO,0,NO
NCT02485860,0,0,,0,,0,NO,0,NO,0,NO,0,NO,0,NO,0,NO,0,NO,0,NO
NCT02498327,0,0,,0,,0,NO,0,NO,0,NO,0,NO,0,NO,0,NO,0,NO,0,NO
NCT02510365,0,0,,0,,0,NO,0,NO,0,NO,0,NO,0,NO,0,NO,0,NO,0,NO
NCT02512159,0,0,,0,,0,NO,0,NO,0,NO,0,NO,0,NO,0,NO,0,NO,0,NO
NCT02519621,1,1,nutrition_malnutrition,1,INDETERMINATE_DIRECTION,0,NO,0,NO,0,NO,0,NO,0,NO,0,NO,0,NO,1,YES
NCT02526862,0,0,,0,,0,NO,0,NO,0,NO,0,NO,0,NO,0,NO,0,NO,0,NO
NCT02533726,0,0,,0,,0,NO,0,NO,0,NO,0,NO,0,NO,0,NO,0,NO,0,NO
NCT02533882,2,2,cognition_decision_capacity|mobility_adl_function,2,EXCLUSION_OR_RESTRICTION|INCLUSION_OR_ACCOMMODATION,1,YES,1,YES,0,NO,0,NO,0,NO,0,NO,0,NO,0,NO
NCT02554058,1,1,cognition_decision_capacity,1,INCLUSION_OR_ACCOMMODATION,0,NO,1,YES,0,NO,0,NO,0,NO,0,NO,0,NO,0,NO
NCT02559453,0,0,,0,,0,NO,0,NO,0,NO,0,NO,0,NO,0,NO,0,NO,0,NO
NCT02561013,0,0,,0,,0,NO,0,NO,0,NO,0,NO,0,NO,0,NO,0,NO,0,NO
NCT02562001,1,1,mobility_adl_function,1,INTERVENTION_OR_CARE_ADAPTATION,0,NO,0,NO,0,NO,0,NO,1,YES,0,NO,0,NO,0,NO
NCT02565745,0,0,,0,,0,NO,0,NO,0,NO,0,NO,0,NO,0,NO,0,NO,0,NO
NCT02565797,0,0,,0,,0,NO,0,NO,0,NO,0,NO,0,NO,0,NO,0,NO,0,NO
NCT02570139,1,1,proxy_consent_pathway,1,CONSENT_OR_PROXY_SUPPORT,0,NO,0,NO,0,NO,1,YES,0,NO,0,NO,0,NO,0,NO
NCT02577120,0,0,,0,,0,NO,0,NO,0,NO,0,NO,0,NO,0,NO,0,NO,0,NO
NCT02577900,0,0,,0,,0,NO,0,NO,0,NO,0,NO,0,NO,0,NO,0,NO,0,NO
NCT02578823,3,3,cognition_decision_capacity|life_expectancy_advanced_illness|mobility_adl_function,2,BASELINE_MEASUREMENT_OR_STRATIFICATION|EXCLUSION_OR_RESTRICTION,1,YES,0,NO,2,YES,0,NO,0,NO,0,NO,0,NO,0,NO
NCT02583958,0,0,,0,,0,NO,0,NO,0,NO,0,NO,0,NO,0,NO,0,NO,0,NO
NCT02584335,0,0,,0,,0,NO,0,NO,0,NO,0,NO,0,NO,0,NO,0,NO,0,NO
NCT02584426,2,2,cognition_decision_capacity|life_expectancy_advanced_illness,1,EXCLUSION_OR_RESTRICTION,2,YES,0,NO,0,NO,0,NO,0,NO,0,NO,0,NO,0,NO
NCT02585765,3,3,cognition_decision_capacity|life_expectancy_advanced_illness|nutrition_malnutrition,3,BASELINE_MEASUREMENT_OR_STRATIFICATION|EXCLUSION_OR_RESTRICTION|INDETERMINATE_DIRECTION,1,YES,0,NO,1,YES,0,NO,0,NO,0,NO,0,NO,1,YES
NCT02586142,1,1,mobility_adl_function,1,INCLUSION_OR_ACCOMMODATION,0,NO,1,YES,0,NO,0,NO,0,NO,0,NO,0,NO,0,NO
NCT02587130,1,1,life_expectancy_advanced_illness,1,INCLUSION_OR_ACCOMMODATION,0,NO,1,YES,0,NO,0,NO,0,NO,0,NO,0,NO,0,NO
NCT02591537,0,0,,0,,0,NO,0,NO,0,NO,0,NO,0,NO,0,NO,0,NO,0,NO
NCT02600611,0,0,,0,,0,NO,0,NO,0,NO,0,NO,0,NO,0,NO,0,NO,0,NO
NCT02607618,0,0,,0,,0,NO,0,NO,0,NO,0,NO,0,NO,0,NO,0,NO,0,NO
NCT02609594,0,0,,0,,0,NO,0,NO,0,NO,0,NO,0,NO,0,NO,0,NO,0,NO
NCT02619409,0,0,,0,,0,NO,0,NO,0,NO,0,NO,0,NO,0,NO,0,NO,0,NO
NCT02621632,0,0,,0,,0,NO,0,NO,0,NO,0,NO,0,NO,0,NO,0,NO,0,NO
NCT02622295,0,0,,0,,0,NO,0,NO,0,NO,0,NO,0,NO,0,NO,0,NO,0,NO
NCT02626156,1,1,cognition_decision_capacity,1,EXCLUSION_OR_RESTRICTION,1,YES,0,NO,0,NO,0,NO,0,NO,0,NO,0,NO,0,NO
NCT02632695,1,1,cognition_decision_capacity,1,EXCLUSION_OR_RESTRICTION,1,YES,0,NO,0,NO,0,NO,0,NO,0,NO,0,NO,0,NO
NCT02634892,1,1,mobility_adl_function,1,INTERVENTION_OR_CARE_ADAPTATION,0,NO,0,NO,0,NO,0,NO,1,YES,0,NO,0,NO,0,NO
NCT02650440,2,2,cognition_decision_capacity|mobility_adl_function,1,EXCLUSION_OR_RESTRICTION,2,YES,0,NO,0,NO,0,NO,0,NO,0,NO,0,NO,0,NO
NCT02652169,0,0,,0,,0,NO,0,NO,0,NO,0,NO,0,NO,0,NO,0,NO,0,NO
NCT02652572,0,0,,0,,0,NO,0,NO,0,NO,0,NO,0,NO,0,NO,0,NO,0,NO
NCT02658656,1,1,mobility_adl_function,1,INCLUSION_OR_ACCOMMODATION,0,NO,1,YES,0,NO,0,NO,0,NO,0,NO,0,NO,0,NO
NCT02662127,0,0,,0,,0,NO,0,NO,0,NO,0,NO,0,NO,0,NO,0,NO,0,NO
NCT02680834,0,0,,0,,0,NO,0,NO,0,NO,0,NO,0,NO,0,NO,0,NO,0,NO
NCT02682069,0,0,,0,,0,NO,0,NO,0,NO,0,NO,0,NO,0,NO,0,NO,0,NO
NCT02685033,0,0,,0,,0,NO,0,NO,0,NO,0,NO,0,NO,0,NO,0,NO,0,NO
NCT02689310,1,1,life_expectancy_advanced_illness,1,EXCLUSION_OR_RESTRICTION,1,YES,0,NO,0,NO,0,NO,0,NO,0,NO,0,NO,0,NO
NCT02689817,1,1,mobility_adl_function,1,INTERVENTION_OR_CARE_ADAPTATION,0,NO,0,NO,0,NO,0,NO,1,YES,0,NO,0,NO,0,NO
NCT02690753,2,2,mobility_adl_function|nutrition_malnutrition,2,CONTEXTUAL_DESCRIPTION|INTERVENTION_OR_CARE_ADAPTATION,0,NO,0,NO,0,NO,0,NO,1,YES,1,YES,0,NO,0,NO
NCT02692482,0,0,,0,,0,NO,0,NO,0,NO,0,NO,0,NO,0,NO,0,NO,0,NO
NCT02694302,1,1,mobility_adl_function,1,INCLUSION_OR_ACCOMMODATION,0,NO,1,YES,0,NO,0,NO,0,NO,0,NO,0,NO,0,NO
NCT02701101,2,2,cognition_decision_capacity|mobility_adl_function,2,BASELINE_MEASUREMENT_OR_STRATIFICATION|INCLUSION_OR_ACCOMMODATION,0,NO,1,YES,1,YES,0,NO,0,NO,0,NO,0,NO,0,NO
NCT02711839,2,2,care_setting_caregiver|nutrition_malnutrition,1,CONTEXTUAL_DESCRIPTION,0,NO,0,NO,0,NO,0,NO,0,NO,2,YES,0,NO,0,NO
NCT02716519,0,0,,0,,0,NO,0,NO,0,NO,0,NO,0,NO,0,NO,0,NO,0,NO
NCT02718625,1,1,care_setting_caregiver,1,INCLUSION_OR_ACCOMMODATION,0,NO,1,YES,0,NO,0,NO,0,NO,0,NO,0,NO,0,NO
NCT02724449,0,0,,0,,0,NO,0,NO,0,NO,0,NO,0,NO,0,NO,0,NO,0,NO
NCT02728986,2,2,cognition_decision_capacity|mobility_adl_function,1,EXCLUSION_OR_RESTRICTION,2,YES,0,NO,0,NO,0,NO,0,NO,0,NO,0,NO,0,NO
NCT02729688,0,0,,0,,0,NO,0,NO,0,NO,0,NO,0,NO,0,NO,0,NO,0,NO
NCT02732548,1,1,life_expectancy_advanced_illness,1,EXCLUSION_OR_RESTRICTION,1,YES,0,NO,0,NO,0,NO,0,NO,0,NO,0,NO,0,NO
NCT02735135,0,0,,0,,0,NO,0,NO,0,NO,0,NO,0,NO,0,NO,0,NO,0,NO
NCT02735460,2,2,cognition_decision_capacity|mobility_adl_function,2,EXCLUSION_OR_RESTRICTION|INCLUSION_OR_ACCOMMODATION,1,YES,1,YES,0,NO,0,NO,0,NO,0,NO,0,NO,0,NO
NCT02742844,0,0,,0,,0,NO,0,NO,0,NO,0,NO,0,NO,0,NO,0,NO,0,NO
NCT02763904,2,2,life_expectancy_advanced_illness|nutrition_malnutrition,2,CONTEXTUAL_DESCRIPTION|EXCLUSION_OR_RESTRICTION,1,YES,0,NO,0,NO,0,NO,0,NO,1,YES,0,NO,0,NO
NCT02782689,0,0,,0,,0,NO,0,NO,0,NO,0,NO,0,NO,0,NO,0,NO,0,NO
NCT02790593,1,1,life_expectancy_advanced_illness,1,EXCLUSION_OR_RESTRICTION,1,YES,0,NO,0,NO,0,NO,0,NO,0,NO,0,NO,0,NO
NCT02798445,0,0,,0,,0,NO,0,NO,0,NO,0,NO,0,NO,0,NO,0,NO,0,NO
NCT02800915,0,0,,0,,0,NO,0,NO,0,NO,0,NO,0,NO,0,NO,0,NO,0,NO
NCT02802852,1,1,cognition_decision_capacity,1,INDETERMINATE_DIRECTION,0,NO,0,NO,0,NO,0,NO,0,NO,0,NO,0,NO,1,YES
NCT02802995,1,1,nutrition_malnutrition,1,INDETERMINATE_DIRECTION,0,NO,0,NO,0,NO,0,NO,0,NO,0,NO,0,NO,1,YES
NCT02811965,0,0,,0,,0,NO,0,NO,0,NO,0,NO,0,NO,0,NO,0,NO,0,NO
NCT02814513,1,1,mobility_adl_function,1,INTERVENTION_OR_CARE_ADAPTATION,0,NO,0,NO,0,NO,0,NO,1,YES,0,NO,0,NO,0,NO
NCT02838784,0,0,,0,,0,NO,0,NO,0,NO,0,NO,0,NO,0,NO,0,NO,0,NO
NCT02839226,1,1,nutrition_malnutrition,1,INDETERMINATE_DIRECTION,0,NO,0,NO,0,NO,0,NO,0,NO,0,NO,0,NO,1,YES
NCT02840318,4,4,care_setting_caregiver|cognition_decision_capacity|frailty_direct|life_expectancy_advanced_illness,3,CONTEXTUAL_DESCRIPTION|INCLUSION_OR_ACCOMMODATION|INTERVENTION_OR_CARE_ADAPTATION,0,NO,1,YES,0,NO,0,NO,1,YES,2,YES,0,NO,0,NO
NCT02844166,0,0,,0,,0,NO,0,NO,0,NO,0,NO,0,NO,0,NO,0,NO,0,NO
NCT02845466,1,1,nutrition_malnutrition,1,EXCLUSION_OR_RESTRICTION,1,YES,0,NO,0,NO,0,NO,0,NO,0,NO,0,NO,0,NO
NCT02852148,0,0,,0,,0,NO,0,NO,0,NO,0,NO,0,NO,0,NO,0,NO,0,NO
NCT02853149,1,1,mobility_adl_function,1,BASELINE_MEASUREMENT_OR_STRATIFICATION,0,NO,0,NO,1,YES,0,NO,0,NO,0,NO,0,NO,0,NO
NCT02859792,0,0,,0,,0,NO,0,NO,0,NO,0,NO,0,NO,0,NO,0,NO,0,NO
NCT02861560,0,0,,0,,0,NO,0,NO,0,NO,0,NO,0,NO,0,NO,0,NO,0,NO
NCT02862080,1,1,mobility_adl_function,1,EXCLUSION_OR_RESTRICTION,1,YES,0,NO,0,NO,0,NO,0,NO,0,NO,0,NO,0,NO
NCT02863263,1,1,nutrition_malnutrition,1,INCLUSION_OR_ACCOMMODATION,0,NO,1,YES,0,NO,0,NO,0,NO,0,NO,0,NO,0,NO
NCT02865343,0,0,,0,,0,NO,0,NO,0,NO,0,NO,0,NO,0,NO,0,NO,0,NO
NCT02873728,0,0,,0,,0,NO,0,NO,0,NO,0,NO,0,NO,0,NO,0,NO,0,NO
NCT02875665,0,0,,0,,0,NO,0,NO,0,NO,0,NO,0,NO,0,NO,0,NO,0,NO
NCT02876666,1,1,cognition_decision_capacity,1,EXCLUSION_OR_RESTRICTION,1,YES,0,NO,0,NO,0,NO,0,NO,0,NO,0,NO,0,NO
NCT02888899,0,0,,0,,0,NO,0,NO,0,NO,0,NO,0,NO,0,NO,0,NO,0,NO
NCT02889926,0,0,,0,,0,NO,0,NO,0,NO,0,NO,0,NO,0,NO,0,NO,0,NO
NCT02896725,0,0,,0,,0,NO,0,NO,0,NO,0,NO,0,NO,0,NO,0,NO,0,NO
NCT02904200,0,0,,0,,0,NO,0,NO,0,NO,0,NO,0,NO,0,NO,0,NO,0,NO
NCT02912858,0,0,,0,,0,NO,0,NO,0,NO,0,NO,0,NO,0,NO,0,NO,0,NO
NCT02921750,0,0,,0,,0,NO,0,NO,0,NO,0,NO,0,NO,0,NO,0,NO,0,NO
NCT02925741,2,2,frailty_direct|multimorbidity_burden,2,BASELINE_MEASUREMENT_OR_STRATIFICATION|CONTEXTUAL_DESCRIPTION,0,NO,0,NO,1,YES,0,NO,0,NO,1,YES,0,NO,0,NO
NCT02929056,0,0,,0,,0,NO,0,NO,0,NO,0,NO,0,NO,0,NO,0,NO,0,NO
NCT02930499,0,0,,0,,0,NO,0,NO,0,NO,0,NO,0,NO,0,NO,0,NO,0,NO
NCT02930590,1,1,mobility_adl_function,1,INTERVENTION_OR_CARE_ADAPTATION,0,NO,0,NO,0,NO,0,NO,1,YES,0,NO,0,NO,0,NO
NCT02936128,0,0,,0,,0,NO,0,NO,0,NO,0,NO,0,NO,0,NO,0,NO,0,NO
NCT02940587,0,0,,0,,0,NO,0,NO,0,NO,0,NO,0,NO,0,NO,0,NO,0,NO
NCT02946021,0,0,,0,,0,NO,0,NO,0,NO,0,NO,0,NO,0,NO,0,NO,0,NO
NCT02952573,1,1,life_expectancy_advanced_illness,1,INCLUSION_OR_ACCOMMODATION,0,NO,1,YES,0,NO,0,NO,0,NO,0,NO,0,NO,0,NO
NCT02952664,1,1,mobility_adl_function,1,INTERVENTION_OR_CARE_ADAPTATION,0,NO,0,NO,0,NO,0,NO,1,YES,0,NO,0,NO,0,NO
NCT02958072,0,0,,0,,0,NO,0,NO,0,NO,0,NO,0,NO,0,NO,0,NO,0,NO
NCT02960178,1,1,mobility_adl_function,1,INTERVENTION_OR_CARE_ADAPTATION,0,NO,0,NO,0,NO,0,NO,1,YES,0,NO,0,NO,0,NO
NCT02961699,0,0,,0,,0,NO,0,NO,0,NO,0,NO,0,NO,0,NO,0,NO,0,NO
NCT02962882,0,0,,0,,0,NO,0,NO,0,NO,0,NO,0,NO,0,NO,0,NO,0,NO
NCT02963649,1,1,life_expectancy_advanced_illness,1,INCLUSION_OR_ACCOMMODATION,0,NO,1,YES,0,NO,0,NO,0,NO,0,NO,0,NO,0,NO
NCT02969343,2,2,cognition_decision_capacity|mobility_adl_function,1,BASELINE_MEASUREMENT_OR_STRATIFICATION,0,NO,0,NO,2,YES,0,NO,0,NO,0,NO,0,NO,0,NO
NCT02973893,0,0,,0,,0,NO,0,NO,0,NO,0,NO,0,NO,0,NO,0,NO,0,NO
NCT02978638,0,0,,0,,0,NO,0,NO,0,NO,0,NO,0,NO,0,NO,0,NO,0,NO
NCT02983955,1,1,mobility_adl_function,1,EXCLUSION_OR_RESTRICTION,1,YES,0,NO,0,NO,0,NO,0,NO,0,NO,0,NO,0,NO
NCT02988063,1,1,nutrition_malnutrition,1,INDETERMINATE_DIRECTION,0,NO,0,NO,0,NO,0,NO,0,NO,0,NO,0,NO,1,YES
NCT02991833,1,1,mobility_adl_function,1,INCLUSION_OR_ACCOMMODATION,0,NO,1,YES,0,NO,0,NO,0,NO,0,NO,0,NO,0,NO
NCT02996331,2,2,care_setting_caregiver|mobility_adl_function,2,CONTEXTUAL_DESCRIPTION|INCLUSION_OR_ACCOMMODATION,0,NO,1,YES,0,NO,0,NO,0,NO,1,YES,0,NO,0,NO
NCT03004144,2,2,cognition_decision_capacity|mobility_adl_function,2,CONTEXTUAL_DESCRIPTION|EXCLUSION_OR_RESTRICTION,1,YES,0,NO,0,NO,0,NO,0,NO,1,YES,0,NO,0,NO
NCT03011099,1,1,mobility_adl_function,1,INDETERMINATE_DIRECTION,0,NO,0,NO,0,NO,0,NO,0,NO,0,NO,0,NO,1,YES
NCT03020446,0,0,,0,,0,NO,0,NO,0,NO,0,NO,0,NO,0,NO,0,NO,0,NO
NCT03021811,0,0,,0,,0,NO,0,NO,0,NO,0,NO,0,NO,0,NO,0,NO,0,NO
NCT03026816,0,0,,0,,0,NO,0,NO,0,NO,0,NO,0,NO,0,NO,0,NO,0,NO
NCT03036527,1,1,mobility_adl_function,1,INTERVENTION_OR_CARE_ADAPTATION,0,NO,0,NO,0,NO,0,NO,1,YES,0,NO,0,NO,0,NO
NCT03038490,1,1,life_expectancy_advanced_illness,1,INCLUSION_OR_ACCOMMODATION,0,NO,1,YES,0,NO,0,NO,0,NO,0,NO,0,NO,0,NO
NCT03041844,1,1,nutrition_malnutrition,1,CONTEXTUAL_DESCRIPTION,0,NO,0,NO,0,NO,0,NO,0,NO,1,YES,0,NO,0,NO
NCT03046810,1,1,care_setting_caregiver,1,CONTEXTUAL_DESCRIPTION,0,NO,0,NO,0,NO,0,NO,0,NO,1,YES,0,NO,0,NO
NCT03048357,0,0,,0,,0,NO,0,NO,0,NO,0,NO,0,NO,0,NO,0,NO,0,NO
NCT03057652,2,2,cognition_decision_capacity|mobility_adl_function,2,BASELINE_MEASUREMENT_OR_STRATIFICATION|INCLUSION_OR_ACCOMMODATION,0,NO,1,YES,1,YES,0,NO,0,NO,0,NO,0,NO,0,NO
NCT03077165,0,0,,0,,0,NO,0,NO,0,NO,0,NO,0,NO,0,NO,0,NO,0,NO
NCT03091439,0,0,,0,,0,NO,0,NO,0,NO,0,NO,0,NO,0,NO,0,NO,0,NO
NCT03107143,0,0,,0,,0,NO,0,NO,0,NO,0,NO,0,NO,0,NO,0,NO,0,NO
NCT03108950,2,2,cognition_decision_capacity|mobility_adl_function,2,EXCLUSION_OR_RESTRICTION|INCLUSION_OR_ACCOMMODATION,1,YES,1,YES,0,NO,0,NO,0,NO,0,NO,0,NO,0,NO
NCT03112395,0,0,,0,,0,NO,0,NO,0,NO,0,NO,0,NO,0,NO,0,NO,0,NO
NCT03114345,2,2,cognition_decision_capacity|mobility_adl_function,2,CONTEXTUAL_DESCRIPTION|EXCLUSION_OR_RESTRICTION,1,YES,0,NO,0,NO,0,NO,0,NO,1,YES,0,NO,0,NO
NCT03114800,1,1,mobility_adl_function,1,EXCLUSION_OR_RESTRICTION,1,YES,0,NO,0,NO,0,NO,0,NO,0,NO,0,NO,0,NO
NCT03117881,1,1,mobility_adl_function,1,BASELINE_MEASUREMENT_OR_STRATIFICATION,0,NO,0,NO,1,YES,0,NO,0,NO,0,NO,0,NO,0,NO
NCT03118960,1,1,mobility_adl_function,1,INTERVENTION_OR_CARE_ADAPTATION,0,NO,0,NO,0,NO,0,NO,1,YES,0,NO,0,NO,0,NO
NCT03121144,1,1,mobility_adl_function,1,INCLUSION_OR_ACCOMMODATION,0,NO,1,YES,0,NO,0,NO,0,NO,0,NO,0,NO,0,NO
NCT03125421,0,0,,0,,0,NO,0,NO,0,NO,0,NO,0,NO,0,NO,0,NO,0,NO
NCT03127904,1,1,mobility_adl_function,1,EXCLUSION_OR_RESTRICTION,1,YES,0,NO,0,NO,0,NO,0,NO,0,NO,0,NO,0,NO
NCT03135964,0,0,,0,,0,NO,0,NO,0,NO,0,NO,0,NO,0,NO,0,NO,0,NO
NCT03146845,0,0,,0,,0,NO,0,NO,0,NO,0,NO,0,NO,0,NO,0,NO,0,NO
NCT03154619,0,0,,0,,0,NO,0,NO,0,NO,0,NO,0,NO,0,NO,0,NO,0,NO
NCT03171207,1,1,mobility_adl_function,1,BASELINE_MEASUREMENT_OR_STRATIFICATION,0,NO,0,NO,1,YES,0,NO,0,NO,0,NO,0,NO,0,NO
NCT03175055,1,1,mobility_adl_function,1,EXCLUSION_OR_RESTRICTION,1,YES,0,NO,0,NO,0,NO,0,NO,0,NO,0,NO,0,NO
NCT03184792,2,2,cognition_decision_capacity|mobility_adl_function,2,EXCLUSION_OR_RESTRICTION|INCLUSION_OR_ACCOMMODATION,1,YES,1,YES,0,NO,0,NO,0,NO,0,NO,0,NO,0,NO
NCT03204851,0,0,,0,,0,NO,0,NO,0,NO,0,NO,0,NO,0,NO,0,NO,0,NO
NCT03207737,1,1,cognition_decision_capacity,1,EXCLUSION_OR_RESTRICTION,1,YES,0,NO,0,NO,0,NO,0,NO,0,NO,0,NO,0,NO
NCT03211910,0,0,,0,,0,NO,0,NO,0,NO,0,NO,0,NO,0,NO,0,NO,0,NO
NCT03215953,0,0,,0,,0,NO,0,NO,0,NO,0,NO,0,NO,0,NO,0,NO,0,NO
NCT03217838,0,0,,0,,0,NO,0,NO,0,NO,0,NO,0,NO,0,NO,0,NO,0,NO
NCT03220451,1,1,nutrition_malnutrition,1,BASELINE_MEASUREMENT_OR_STRATIFICATION,0,NO,0,NO,1,YES,0,NO,0,NO,0,NO,0,NO,0,NO
NCT03228732,0,0,,0,,0,NO,0,NO,0,NO,0,NO,0,NO,0,NO,0,NO,0,NO
NCT03229330,0,0,,0,,0,NO,0,NO,0,NO,0,NO,0,NO,0,NO,0,NO,0,NO
NCT03231150,0,0,,0,,0,NO,0,NO,0,NO,0,NO,0,NO,0,NO,0,NO,0,NO
NCT03240042,0,0,,0,,0,NO,0,NO,0,NO,0,NO,0,NO,0,NO,0,NO,0,NO
NCT03249909,0,0,,0,,0,NO,0,NO,0,NO,0,NO,0,NO,0,NO,0,NO,0,NO
NCT03250247,1,1,mobility_adl_function,1,INDETERMINATE_DIRECTION,0,NO,0,NO,0,NO,0,NO,0,NO,0,NO,0,NO,1,YES
NCT03257098,0,0,,0,,0,NO,0,NO,0,NO,0,NO,0,NO,0,NO,0,NO,0,NO
NCT03267212,0,0,,0,,0,NO,0,NO,0,NO,0,NO,0,NO,0,NO,0,NO,0,NO
NCT03275831,0,0,,0,,0,NO,0,NO,0,NO,0,NO,0,NO,0,NO,0,NO,0,NO
NCT03277131,0,0,,0,,0,NO,0,NO,0,NO,0,NO,0,NO,0,NO,0,NO,0,NO
NCT03283787,1,1,proxy_consent_pathway,1,CONSENT_OR_PROXY_SUPPORT,0,NO,0,NO,0,NO,1,YES,0,NO,0,NO,0,NO,0,NO
NCT03286140,0,0,,0,,0,NO,0,NO,0,NO,0,NO,0,NO,0,NO,0,NO,0,NO
NCT03293836,0,0,,0,,0,NO,0,NO,0,NO,0,NO,0,NO,0,NO,0,NO,0,NO
NCT03298113,1,1,proxy_consent_pathway,1,CONSENT_OR_PROXY_SUPPORT,0,NO,0,NO,0,NO,1,YES,0,NO,0,NO,0,NO,0,NO
NCT03304834,0,0,,0,,0,NO,0,NO,0,NO,0,NO,0,NO,0,NO,0,NO,0,NO
NCT03317288,1,1,mobility_adl_function,1,INCLUSION_OR_ACCOMMODATION,0,NO,1,YES,0,NO,0,NO,0,NO,0,NO,0,NO,0,NO
NCT03332160,1,1,mobility_adl_function,1,BASELINE_MEASUREMENT_OR_STRATIFICATION,0,NO,0,NO,1,YES,0,NO,0,NO,0,NO,0,NO,0,NO
NCT03345576,0,0,,0,,0,NO,0,NO,0,NO,0,NO,0,NO,0,NO,0,NO,0,NO
NCT03348098,0,0,,0,,0,NO,0,NO,0,NO,0,NO,0,NO,0,NO,0,NO,0,NO
NCT03351049,2,2,mobility_adl_function|nutrition_malnutrition,2,BASELINE_MEASUREMENT_OR_STRATIFICATION|INTERVENTION_OR_CARE_ADAPTATION,0,NO,0,NO,1,YES,0,NO,1,YES,0,NO,0,NO,0,NO
NCT03363633,0,0,,0,,0,NO,0,NO,0,NO,0,NO,0,NO,0,NO,0,NO,0,NO
NCT03369756,1,1,nutrition_malnutrition,1,INDETERMINATE_DIRECTION,0,NO,0,NO,0,NO,0,NO,0,NO,0,NO,0,NO,1,YES
NCT03372941,0,0,,0,,0,NO,0,NO,0,NO,0,NO,0,NO,0,NO,0,NO,0,NO
NCT03385005,1,1,cognition_decision_capacity,1,EXCLUSION_OR_RESTRICTION,1,YES,0,NO,0,NO,0,NO,0,NO,0,NO,0,NO,0,NO
NCT03390504,0,0,,0,,0,NO,0,NO,0,NO,0,NO,0,NO,0,NO,0,NO,0,NO
NCT03395236,2,2,life_expectancy_advanced_illness|mobility_adl_function,2,INCLUSION_OR_ACCOMMODATION|INDETERMINATE_DIRECTION,0,NO,1,YES,0,NO,0,NO,0,NO,0,NO,0,NO,1,YES
NCT03396731,0,0,,0,,0,NO,0,NO,0,NO,0,NO,0,NO,0,NO,0,NO,0,NO
NCT03404297,0,0,,0,,0,NO,0,NO,0,NO,0,NO,0,NO,0,NO,0,NO,0,NO
NCT03408639,0,0,,0,,0,NO,0,NO,0,NO,0,NO,0,NO,0,NO,0,NO,0,NO
NCT03411720,1,1,mobility_adl_function,1,INCLUSION_OR_ACCOMMODATION,0,NO,1,YES,0,NO,0,NO,0,NO,0,NO,0,NO,0,NO
NCT03412929,0,0,,0,,0,NO,0,NO,0,NO,0,NO,0,NO,0,NO,0,NO,0,NO
NCT03424551,0,0,,0,,0,NO,0,NO,0,NO,0,NO,0,NO,0,NO,0,NO,0,NO
NCT03428711,2,2,life_expectancy_advanced_illness|nutrition_malnutrition,2,EXCLUSION_OR_RESTRICTION|INCLUSION_OR_ACCOMMODATION,1,YES,1,YES,0,NO,0,NO,0,NO,0,NO,0,NO,0,NO
NCT03442777,2,2,mobility_adl_function|proxy_consent_pathway,2,CONSENT_OR_PROXY_SUPPORT|INTERVENTION_OR_CARE_ADAPTATION,0,NO,0,NO,0,NO,1,YES,1,YES,0,NO,0,NO,0,NO
NCT03445975,0,0,,0,,0,NO,0,NO,0,NO,0,NO,0,NO,0,NO,0,NO,0,NO
NCT03450616,0,0,,0,,0,NO,0,NO,0,NO,0,NO,0,NO,0,NO,0,NO,0,NO
NCT03454230,1,1,mobility_adl_function,1,INTERVENTION_OR_CARE_ADAPTATION,0,NO,0,NO,0,NO,0,NO,1,YES,0,NO,0,NO,0,NO
NCT03454698,0,0,,0,,0,NO,0,NO,0,NO,0,NO,0,NO,0,NO,0,NO,0,NO
NCT03463434,1,1,nutrition_malnutrition,1,BASELINE_MEASUREMENT_OR_STRATIFICATION,0,NO,0,NO,1,YES,0,NO,0,NO,0,NO,0,NO,0,NO
NCT03469141,1,1,mobility_adl_function,1,INCLUSION_OR_ACCOMMODATION,0,NO,1,YES,0,NO,0,NO,0,NO,0,NO,0,NO,0,NO
NCT03475641,0,0,,0,,0,NO,0,NO,0,NO,0,NO,0,NO,0,NO,0,NO,0,NO
NCT03495986,0,0,,0,,0,NO,0,NO,0,NO,0,NO,0,NO,0,NO,0,NO,0,NO
NCT03502824,1,1,nutrition_malnutrition,1,INTERVENTION_OR_CARE_ADAPTATION,0,NO,0,NO,0,NO,0,NO,1,YES,0,NO,0,NO,0,NO
NCT03509558,2,2,cognition_decision_capacity|mobility_adl_function,2,EXCLUSION_OR_RESTRICTION|INCLUSION_OR_ACCOMMODATION,1,YES,1,YES,0,NO,0,NO,0,NO,0,NO,0,NO,0,NO
NCT03513822,0,0,,0,,0,NO,0,NO,0,NO,0,NO,0,NO,0,NO,0,NO,0,NO
NCT03522714,1,1,life_expectancy_advanced_illness,1,EXCLUSION_OR_RESTRICTION,1,YES,0,NO,0,NO,0,NO,0,NO,0,NO,0,NO,0,NO
NCT03526068,0,0,,0,,0,NO,0,NO,0,NO,0,NO,0,NO,0,NO,0,NO,0,NO
NCT03526913,0,0,,0,,0,NO,0,NO,0,NO,0,NO,0,NO,0,NO,0,NO,0,NO
NCT03529578,1,1,proxy_consent_pathway,1,CONSENT_OR_PROXY_SUPPORT,0,NO,0,NO,0,NO,1,YES,0,NO,0,NO,0,NO,0,NO
NCT03534518,2,2,cognition_decision_capacity|mobility_adl_function,2,INCLUSION_OR_ACCOMMODATION|INTERVENTION_OR_CARE_ADAPTATION,0,NO,1,YES,0,NO,0,NO,1,YES,0,NO,0,NO,0,NO
NCT03544788,0,0,,0,,0,NO,0,NO,0,NO,0,NO,0,NO,0,NO,0,NO,0,NO
NCT03545867,0,0,,0,,0,NO,0,NO,0,NO,0,NO,0,NO,0,NO,0,NO,0,NO
NCT03548649,1,1,mobility_adl_function,1,INTERVENTION_OR_CARE_ADAPTATION,0,NO,0,NO,0,NO,0,NO,1,YES,0,NO,0,NO,0,NO
NCT03554642,1,1,mobility_adl_function,1,MULTIPLE_FUNCTIONS,0,NO,0,NO,0,NO,0,NO,0,NO,0,NO,1,YES,0,NO
NCT03557489,1,1,nutrition_malnutrition,1,CONTEXTUAL_DESCRIPTION,0,NO,0,NO,0,NO,0,NO,0,NO,1,YES,0,NO,0,NO
NCT03565640,0,0,,0,,0,NO,0,NO,0,NO,0,NO,0,NO,0,NO,0,NO,0,NO
NCT03576989,0,0,,0,,0,NO,0,NO,0,NO,0,NO,0,NO,0,NO,0,NO,0,NO
NCT03588130,2,2,cognition_decision_capacity|nutrition_malnutrition,1,INDETERMINATE_DIRECTION,0,NO,0,NO,0,NO,0,NO,0,NO,0,NO,0,NO,2,YES
NCT03589586,1,1,life_expectancy_advanced_illness,1,INCLUSION_OR_ACCOMMODATION,0,NO,1,YES,0,NO,0,NO,0,NO,0,NO,0,NO,0,NO
NCT03593369,1,1,life_expectancy_advanced_illness,1,EXCLUSION_OR_RESTRICTION,1,YES,0,NO,0,NO,0,NO,0,NO,0,NO,0,NO,0,NO
NCT03597750,2,2,care_setting_caregiver|mobility_adl_function,2,CONTEXTUAL_DESCRIPTION|INCLUSION_OR_ACCOMMODATION,0,NO,1,YES,0,NO,0,NO,0,NO,1,YES,0,NO,0,NO
NCT03621592,0,0,,0,,0,NO,0,NO,0,NO,0,NO,0,NO,0,NO,0,NO,0,NO
NCT03627910,1,1,nutrition_malnutrition,1,CONTEXTUAL_DESCRIPTION,0,NO,0,NO,0,NO,0,NO,0,NO,1,YES,0,NO,0,NO
NCT03628469,2,2,cognition_decision_capacity|life_expectancy_advanced_illness,1,EXCLUSION_OR_RESTRICTION,2,YES,0,NO,0,NO,0,NO,0,NO,0,NO,0,NO,0,NO
NCT03629236,0,0,,0,,0,NO,0,NO,0,NO,0,NO,0,NO,0,NO,0,NO,0,NO
NCT03630185,0,0,,0,,0,NO,0,NO,0,NO,0,NO,0,NO,0,NO,0,NO,0,NO
NCT03640689,0,0,,0,,0,NO,0,NO,0,NO,0,NO,0,NO,0,NO,0,NO,0,NO
NCT03640871,0,0,,0,,0,NO,0,NO,0,NO,0,NO,0,NO,0,NO,0,NO,0,NO
NCT03658278,2,2,cognition_decision_capacity|multimorbidity_burden,2,BASELINE_MEASUREMENT_OR_STRATIFICATION|EXCLUSION_OR_RESTRICTION,1,YES,0,NO,1,YES,0,NO,0,NO,0,NO,0,NO,0,NO
NCT03658798,1,1,mobility_adl_function,1,INCLUSION_OR_ACCOMMODATION,0,NO,1,YES,0,NO,0,NO,0,NO,0,NO,0,NO,0,NO
NCT03661294,1,1,cognition_decision_capacity,1,EXCLUSION_OR_RESTRICTION,1,YES,0,NO,0,NO,0,NO,0,NO,0,NO,0,NO,0,NO
NCT03662997,0,0,,0,,0,NO,0,NO,0,NO,0,NO,0,NO,0,NO,0,NO,0,NO
NCT03666754,0,0,,0,,0,NO,0,NO,0,NO,0,NO,0,NO,0,NO,0,NO,0,NO
NCT03667937,0,0,,0,,0,NO,0,NO,0,NO,0,NO,0,NO,0,NO,0,NO,0,NO
NCT03669302,1,1,mobility_adl_function,1,INTERVENTION_OR_CARE_ADAPTATION,0,NO,0,NO,0,NO,0,NO,1,YES,0,NO,0,NO,0,NO
NCT03670199,1,1,nutrition_malnutrition,1,CONTEXTUAL_DESCRIPTION,0,NO,0,NO,0,NO,0,NO,0,NO,1,YES,0,NO,0,NO
NCT03670225,0,0,,0,,0,NO,0,NO,0,NO,0,NO,0,NO,0,NO,0,NO,0,NO
NCT03670329,0,0,,0,,0,NO,0,NO,0,NO,0,NO,0,NO,0,NO,0,NO,0,NO
NCT03673241,1,1,cognition_decision_capacity,1,EXCLUSION_OR_RESTRICTION,1,YES,0,NO,0,NO,0,NO,0,NO,0,NO,0,NO,0,NO
NCT03676556,0,0,,0,,0,NO,0,NO,0,NO,0,NO,0,NO,0,NO,0,NO,0,NO
NCT03678636,0,0,,0,,0,NO,0,NO,0,NO,0,NO,0,NO,0,NO,0,NO,0,NO
NCT03680872,2,2,cognition_decision_capacity|life_expectancy_advanced_illness,2,EXCLUSION_OR_RESTRICTION|INDETERMINATE_DIRECTION,1,YES,0,NO,0,NO,0,NO,0,NO,0,NO,0,NO,1,YES
NCT03688841,0,0,,0,,0,NO,0,NO,0,NO,0,NO,0,NO,0,NO,0,NO,0,NO
NCT03691532,0,0,,0,,0,NO,0,NO,0,NO,0,NO,0,NO,0,NO,0,NO,0,NO
NCT03698968,1,1,life_expectancy_advanced_illness,1,INCLUSION_OR_ACCOMMODATION,0,NO,1,YES,0,NO,0,NO,0,NO,0,NO,0,NO,0,NO
NCT03699072,0,0,,0,,0,NO,0,NO,0,NO,0,NO,0,NO,0,NO,0,NO,0,NO
NCT03708835,1,1,mobility_adl_function,1,INDETERMINATE_DIRECTION,0,NO,0,NO,0,NO,0,NO,0,NO,0,NO,0,NO,1,YES
NCT03716167,0,0,,0,,0,NO,0,NO,0,NO,0,NO,0,NO,0,NO,0,NO,0,NO
NCT03723577,0,0,,0,,0,NO,0,NO,0,NO,0,NO,0,NO,0,NO,0,NO,0,NO
NCT03723603,0,0,,0,,0,NO,0,NO,0,NO,0,NO,0,NO,0,NO,0,NO,0,NO
NCT03725111,0,0,,0,,0,NO,0,NO,0,NO,0,NO,0,NO,0,NO,0,NO,0,NO
NCT03725787,2,2,care_setting_caregiver|mobility_adl_function,2,CONTEXTUAL_DESCRIPTION|INCLUSION_OR_ACCOMMODATION,0,NO,1,YES,0,NO,0,NO,0,NO,1,YES,0,NO,0,NO
NCT03725917,0,0,,0,,0,NO,0,NO,0,NO,0,NO,0,NO,0,NO,0,NO,0,NO
NCT03732365,1,1,proxy_consent_pathway,1,CONSENT_OR_PROXY_SUPPORT,0,NO,0,NO,0,NO,1,YES,0,NO,0,NO,0,NO,0,NO
NCT03736941,1,1,cognition_decision_capacity,1,INDETERMINATE_DIRECTION,0,NO,0,NO,0,NO,0,NO,0,NO,0,NO,0,NO,1,YES
NCT03752749,0,0,,0,,0,NO,0,NO,0,NO,0,NO,0,NO,0,NO,0,NO,0,NO
NCT03753581,1,1,care_setting_caregiver,1,INCLUSION_OR_ACCOMMODATION,0,NO,1,YES,0,NO,0,NO,0,NO,0,NO,0,NO,0,NO
NCT03761446,1,1,cognition_decision_capacity,1,EXCLUSION_OR_RESTRICTION,1,YES,0,NO,0,NO,0,NO,0,NO,0,NO,0,NO,0,NO
NCT03781609,1,1,mobility_adl_function,1,INCLUSION_OR_ACCOMMODATION,0,NO,1,YES,0,NO,0,NO,0,NO,0,NO,0,NO,0,NO
NCT03783819,0,0,,0,,0,NO,0,NO,0,NO,0,NO,0,NO,0,NO,0,NO,0,NO
NCT03795064,0,0,,0,,0,NO,0,NO,0,NO,0,NO,0,NO,0,NO,0,NO,0,NO
NCT03796793,1,1,life_expectancy_advanced_illness,1,EXCLUSION_OR_RESTRICTION,1,YES,0,NO,0,NO,0,NO,0,NO,0,NO,0,NO,0,NO
NCT03797378,1,1,cognition_decision_capacity,1,EXCLUSION_OR_RESTRICTION,1,YES,0,NO,0,NO,0,NO,0,NO,0,NO,0,NO,0,NO
NCT03812991,1,1,mobility_adl_function,1,EXCLUSION_OR_RESTRICTION,1,YES,0,NO,0,NO,0,NO,0,NO,0,NO,0,NO,0,NO
NCT03815240,1,1,mobility_adl_function,1,INTERVENTION_OR_CARE_ADAPTATION,0,NO,0,NO,0,NO,0,NO,1,YES,0,NO,0,NO,0,NO
NCT03818828,0,0,,0,,0,NO,0,NO,0,NO,0,NO,0,NO,0,NO,0,NO,0,NO
NCT03820947,2,2,life_expectancy_advanced_illness|mobility_adl_function,1,EXCLUSION_OR_RESTRICTION,2,YES,0,NO,0,NO,0,NO,0,NO,0,NO,0,NO,0,NO
NCT03823963,0,0,,0,,0,NO,0,NO,0,NO,0,NO,0,NO,0,NO,0,NO,0,NO
NCT03824886,2,2,care_setting_caregiver|cognition_decision_capacity,2,BASELINE_MEASUREMENT_OR_STRATIFICATION|INCLUSION_OR_ACCOMMODATION,0,NO,1,YES,1,YES,0,NO,0,NO,0,NO,0,NO,0,NO
NCT03827850,2,2,cognition_decision_capacity|proxy_consent_pathway,2,CONSENT_OR_PROXY_SUPPORT|INDETERMINATE_DIRECTION,0,NO,0,NO,0,NO,1,YES,0,NO,0,NO,0,NO,1,YES
NCT03837691,1,1,mobility_adl_function,1,INDETERMINATE_DIRECTION,0,NO,0,NO,0,NO,0,NO,0,NO,0,NO,0,NO,1,YES
NCT03840759,5,5,cognition_decision_capacity|life_expectancy_advanced_illness|mobility_adl_function|nutrition_malnutrition|polypharmacy_medication_burden,4,BASELINE_MEASUREMENT_OR_STRATIFICATION|EXCLUSION_OR_RESTRICTION|INCLUSION_OR_ACCOMMODATION|INDETERMINATE_DIRECTION,1,YES,2,YES,1,YES,0,NO,0,NO,0,NO,0,NO,1,YES
NCT03841695,2,2,cognition_decision_capacity|mobility_adl_function,2,INCLUSION_OR_ACCOMMODATION|INTERVENTION_OR_CARE_ADAPTATION,0,NO,1,YES,0,NO,0,NO,1,YES,0,NO,0,NO,0,NO
NCT03857022,0,0,,0,,0,NO,0,NO,0,NO,0,NO,0,NO,0,NO,0,NO,0,NO
NCT03864770,0,0,,0,,0,NO,0,NO,0,NO,0,NO,0,NO,0,NO,0,NO,0,NO
NCT03869138,2,2,cognition_decision_capacity|mobility_adl_function,2,BASELINE_MEASUREMENT_OR_STRATIFICATION|EXCLUSION_OR_RESTRICTION,1,YES,0,NO,1,YES,0,NO,0,NO,0,NO,0,NO,0,NO
NCT03874988,2,2,cognition_decision_capacity|mobility_adl_function,2,BASELINE_MEASUREMENT_OR_STRATIFICATION|EXCLUSION_OR_RESTRICTION,1,YES,0,NO,1,YES,0,NO,0,NO,0,NO,0,NO,0,NO
NCT03877653,0,0,,0,,0,NO,0,NO,0,NO,0,NO,0,NO,0,NO,0,NO,0,NO
NCT03881267,0,0,,0,,0,NO,0,NO,0,NO,0,NO,0,NO,0,NO,0,NO,0,NO
NCT03892746,0,0,,0,,0,NO,0,NO,0,NO,0,NO,0,NO,0,NO,0,NO,0,NO
NCT03894267,2,2,mobility_adl_function|nutrition_malnutrition,2,CONTEXTUAL_DESCRIPTION|INTERVENTION_OR_CARE_ADAPTATION,0,NO,0,NO,0,NO,0,NO,1,YES,1,YES,0,NO,0,NO
NCT03900455,0,0,,0,,0,NO,0,NO,0,NO,0,NO,0,NO,0,NO,0,NO,0,NO
NCT03903692,0,0,,0,,0,NO,0,NO,0,NO,0,NO,0,NO,0,NO,0,NO,0,NO
NCT03904602,1,1,multimorbidity_burden,1,BASELINE_MEASUREMENT_OR_STRATIFICATION,0,NO,0,NO,1,YES,0,NO,0,NO,0,NO,0,NO,0,NO
NCT03906864,3,3,care_setting_caregiver|life_expectancy_advanced_illness|mobility_adl_function,1,EXCLUSION_OR_RESTRICTION,3,YES,0,NO,0,NO,0,NO,0,NO,0,NO,0,NO,0,NO
NCT03909503,0,0,,0,,0,NO,0,NO,0,NO,0,NO,0,NO,0,NO,0,NO,0,NO
NCT03922802,2,2,mobility_adl_function|proxy_consent_pathway,2,CONSENT_OR_PROXY_SUPPORT|INTERVENTION_OR_CARE_ADAPTATION,0,NO,0,NO,0,NO,1,YES,1,YES,0,NO,0,NO,0,NO
NCT03924388,1,1,cognition_decision_capacity,1,BASELINE_MEASUREMENT_OR_STRATIFICATION,0,NO,0,NO,1,YES,0,NO,0,NO,0,NO,0,NO,0,NO
NCT03924622,1,1,mobility_adl_function,1,INTERVENTION_OR_CARE_ADAPTATION,0,NO,0,NO,0,NO,0,NO,1,YES,0,NO,0,NO,0,NO
NCT03934671,1,1,life_expectancy_advanced_illness,1,EXCLUSION_OR_RESTRICTION,1,YES,0,NO,0,NO,0,NO,0,NO,0,NO,0,NO,0,NO
NCT03935386,2,2,mobility_adl_function|nutrition_malnutrition,2,EXCLUSION_OR_RESTRICTION|INDETERMINATE_DIRECTION,1,YES,0,NO,0,NO,0,NO,0,NO,0,NO,0,NO,1,YES
NCT03940274,1,1,mobility_adl_function,1,BASELINE_MEASUREMENT_OR_STRATIFICATION,0,NO,0,NO,1,YES,0,NO,0,NO,0,NO,0,NO,0,NO
NCT03948308,0,0,,0,,0,NO,0,NO,0,NO,0,NO,0,NO,0,NO,0,NO,0,NO
NCT03954496,0,0,,0,,0,NO,0,NO,0,NO,0,NO,0,NO,0,NO,0,NO,0,NO
NCT03965169,0,0,,0,,0,NO,0,NO,0,NO,0,NO,0,NO,0,NO,0,NO,0,NO
NCT03987243,1,1,mobility_adl_function,1,INCLUSION_OR_ACCOMMODATION,0,NO,1,YES,0,NO,0,NO,0,NO,0,NO,0,NO,0,NO
NCT03991273,1,1,cognition_decision_capacity,1,EXCLUSION_OR_RESTRICTION,1,YES,0,NO,0,NO,0,NO,0,NO,0,NO,0,NO,0,NO
NCT03992690,1,1,mobility_adl_function,1,EXCLUSION_OR_RESTRICTION,1,YES,0,NO,0,NO,0,NO,0,NO,0,NO,0,NO,0,NO
NCT03995407,1,1,nutrition_malnutrition,1,CONTEXTUAL_DESCRIPTION,0,NO,0,NO,0,NO,0,NO,0,NO,1,YES,0,NO,0,NO
NCT03999515,2,2,cognition_decision_capacity|proxy_consent_pathway,2,CONSENT_OR_PROXY_SUPPORT|INDETERMINATE_DIRECTION,0,NO,0,NO,0,NO,1,YES,0,NO,0,NO,0,NO,1,YES
NCT04011137,1,1,mobility_adl_function,1,INCLUSION_OR_ACCOMMODATION,0,NO,1,YES,0,NO,0,NO,0,NO,0,NO,0,NO,0,NO
NCT04011371,0,0,,0,,0,NO,0,NO,0,NO,0,NO,0,NO,0,NO,0,NO,0,NO
NCT04018924,0,0,,0,,0,NO,0,NO,0,NO,0,NO,0,NO,0,NO,0,NO,0,NO
NCT04019340,1,1,nutrition_malnutrition,1,BASELINE_MEASUREMENT_OR_STRATIFICATION,0,NO,0,NO,1,YES,0,NO,0,NO,0,NO,0,NO,0,NO
NCT04021316,0,0,,0,,0,NO,0,NO,0,NO,0,NO,0,NO,0,NO,0,NO,0,NO
NCT04023981,1,1,mobility_adl_function,1,EXCLUSION_OR_RESTRICTION,1,YES,0,NO,0,NO,0,NO,0,NO,0,NO,0,NO,0,NO
NCT04033900,1,1,cognition_decision_capacity,1,EXCLUSION_OR_RESTRICTION,1,YES,0,NO,0,NO,0,NO,0,NO,0,NO,0,NO,0,NO
NCT04039789,1,1,care_setting_caregiver,1,EXCLUSION_OR_RESTRICTION,1,YES,0,NO,0,NO,0,NO,0,NO,0,NO,0,NO,0,NO
NCT04043715,2,2,cognition_decision_capacity|mobility_adl_function,2,EXCLUSION_OR_RESTRICTION|INCLUSION_OR_ACCOMMODATION,1,YES,1,YES,0,NO,0,NO,0,NO,0,NO,0,NO,0,NO
NCT04046120,0,0,,0,,0,NO,0,NO,0,NO,0,NO,0,NO,0,NO,0,NO,0,NO
NCT04047992,1,1,mobility_adl_function,1,INCLUSION_OR_ACCOMMODATION,0,NO,1,YES,0,NO,0,NO,0,NO,0,NO,0,NO,0,NO
NCT04057677,1,1,cognition_decision_capacity,1,EXCLUSION_OR_RESTRICTION,1,YES,0,NO,0,NO,0,NO,0,NO,0,NO,0,NO,0,NO
NCT04071782,2,2,life_expectancy_advanced_illness|mobility_adl_function,1,EXCLUSION_OR_RESTRICTION,2,YES,0,NO,0,NO,0,NO,0,NO,0,NO,0,NO,0,NO
NCT04078477,0,0,,0,,0,NO,0,NO,0,NO,0,NO,0,NO,0,NO,0,NO,0,NO
NCT04078555,1,1,nutrition_malnutrition,1,EXCLUSION_OR_RESTRICTION,1,YES,0,NO,0,NO,0,NO,0,NO,0,NO,0,NO,0,NO
NCT04094571,1,1,cognition_decision_capacity,1,INDETERMINATE_DIRECTION,0,NO,0,NO,0,NO,0,NO,0,NO,0,NO,0,NO,1,YES
NCT04101916,0,0,,0,,0,NO,0,NO,0,NO,0,NO,0,NO,0,NO,0,NO,0,NO
NCT04102735,1,1,life_expectancy_advanced_illness,1,BASELINE_MEASUREMENT_OR_STRATIFICATION,0,NO,0,NO,1,YES,0,NO,0,NO,0,NO,0,NO,0,NO
NCT04105322,0,0,,0,,0,NO,0,NO,0,NO,0,NO,0,NO,0,NO,0,NO,0,NO
NCT04116671,1,1,mobility_adl_function,1,INCLUSION_OR_ACCOMMODATION,0,NO,1,YES,0,NO,0,NO,0,NO,0,NO,0,NO,0,NO
NCT04132596,0,0,,0,,0,NO,0,NO,0,NO,0,NO,0,NO,0,NO,0,NO,0,NO
NCT04136951,0,0,,0,,0,NO,0,NO,0,NO,0,NO,0,NO,0,NO,0,NO,0,NO
NCT04137159,0,0,,0,,0,NO,0,NO,0,NO,0,NO,0,NO,0,NO,0,NO,0,NO
NCT04161274,0,0,,0,,0,NO,0,NO,0,NO,0,NO,0,NO,0,NO,0,NO,0,NO
NCT04163796,1,1,mobility_adl_function,1,INCLUSION_OR_ACCOMMODATION,0,NO,1,YES,0,NO,0,NO,0,NO,0,NO,0,NO,0,NO
NCT04165395,0,0,,0,,0,NO,0,NO,0,NO,0,NO,0,NO,0,NO,0,NO,0,NO
NCT04168450,1,1,mobility_adl_function,1,INCLUSION_OR_ACCOMMODATION,0,NO,1,YES,0,NO,0,NO,0,NO,0,NO,0,NO,0,NO
NCT04171375,0,0,,0,,0,NO,0,NO,0,NO,0,NO,0,NO,0,NO,0,NO,0,NO
NCT04176445,0,0,,0,,0,NO,0,NO,0,NO,0,NO,0,NO,0,NO,0,NO,0,NO
NCT04179123,0,0,,0,,0,NO,0,NO,0,NO,0,NO,0,NO,0,NO,0,NO,0,NO
NCT04181320,0,0,,0,,0,NO,0,NO,0,NO,0,NO,0,NO,0,NO,0,NO,0,NO
NCT04183998,0,0,,0,,0,NO,0,NO,0,NO,0,NO,0,NO,0,NO,0,NO,0,NO
NCT04185558,2,2,life_expectancy_advanced_illness|nutrition_malnutrition,2,EXCLUSION_OR_RESTRICTION|INDETERMINATE_DIRECTION,1,YES,0,NO,0,NO,0,NO,0,NO,0,NO,0,NO,1,YES
NCT04186325,0,0,,0,,0,NO,0,NO,0,NO,0,NO,0,NO,0,NO,0,NO,0,NO
NCT04198441,0,0,,0,,0,NO,0,NO,0,NO,0,NO,0,NO,0,NO,0,NO,0,NO
NCT04202900,3,3,care_setting_caregiver|cognition_decision_capacity|mobility_adl_function,2,CONTEXTUAL_DESCRIPTION|EXCLUSION_OR_RESTRICTION,1,YES,0,NO,0,NO,0,NO,0,NO,2,YES,0,NO,0,NO
NCT04203576,0,0,,0,,0,NO,0,NO,0,NO,0,NO,0,NO,0,NO,0,NO,0,NO
NCT04211311,1,1,mobility_adl_function,1,BASELINE_MEASUREMENT_OR_STRATIFICATION,0,NO,0,NO,1,YES,0,NO,0,NO,0,NO,0,NO,0,NO
NCT04219696,2,2,cognition_decision_capacity|mobility_adl_function,2,EXCLUSION_OR_RESTRICTION|INCLUSION_OR_ACCOMMODATION,1,YES,1,YES,0,NO,0,NO,0,NO,0,NO,0,NO,0,NO
NCT04240574,1,1,cognition_decision_capacity,1,EXCLUSION_OR_RESTRICTION,1,YES,0,NO,0,NO,0,NO,0,NO,0,NO,0,NO,0,NO
NCT04241250,1,1,mobility_adl_function,1,INTERVENTION_OR_CARE_ADAPTATION,0,NO,0,NO,0,NO,0,NO,1,YES,0,NO,0,NO,0,NO
NCT04243161,0,0,,0,,0,NO,0,NO,0,NO,0,NO,0,NO,0,NO,0,NO,0,NO
NCT04244201,0,0,,0,,0,NO,0,NO,0,NO,0,NO,0,NO,0,NO,0,NO,0,NO
NCT04250025,1,1,life_expectancy_advanced_illness,1,EXCLUSION_OR_RESTRICTION,1,YES,0,NO,0,NO,0,NO,0,NO,0,NO,0,NO,0,NO
NCT04251091,1,1,mobility_adl_function,1,INCLUSION_OR_ACCOMMODATION,0,NO,1,YES,0,NO,0,NO,0,NO,0,NO,0,NO,0,NO
NCT04251897,1,1,cognition_decision_capacity,1,EXCLUSION_OR_RESTRICTION,1,YES,0,NO,0,NO,0,NO,0,NO,0,NO,0,NO,0,NO
NCT04262414,1,1,mobility_adl_function,1,BASELINE_MEASUREMENT_OR_STRATIFICATION,0,NO,0,NO,1,YES,0,NO,0,NO,0,NO,0,NO,0,NO
NCT04265170,2,2,life_expectancy_advanced_illness|nutrition_malnutrition,2,BASELINE_MEASUREMENT_OR_STRATIFICATION|EXCLUSION_OR_RESTRICTION,1,YES,0,NO,1,YES,0,NO,0,NO,0,NO,0,NO,0,NO
NCT04266808,1,1,mobility_adl_function,1,INCLUSION_OR_ACCOMMODATION,0,NO,1,YES,0,NO,0,NO,0,NO,0,NO,0,NO,0,NO
NCT04278105,1,1,mobility_adl_function,1,INTERVENTION_OR_CARE_ADAPTATION,0,NO,0,NO,0,NO,0,NO,1,YES,0,NO,0,NO,0,NO
NCT04280679,0,0,,0,,0,NO,0,NO,0,NO,0,NO,0,NO,0,NO,0,NO,0,NO
NCT04281992,0,0,,0,,0,NO,0,NO,0,NO,0,NO,0,NO,0,NO,0,NO,0,NO
NCT04300205,0,0,,0,,0,NO,0,NO,0,NO,0,NO,0,NO,0,NO,0,NO,0,NO
NCT04309864,1,1,mobility_adl_function,1,INCLUSION_OR_ACCOMMODATION,0,NO,1,YES,0,NO,0,NO,0,NO,0,NO,0,NO,0,NO
NCT04310280,1,1,nutrition_malnutrition,1,EXCLUSION_OR_RESTRICTION,1,YES,0,NO,0,NO,0,NO,0,NO,0,NO,0,NO,0,NO
NCT04311229,0,0,,0,,0,NO,0,NO,0,NO,0,NO,0,NO,0,NO,0,NO,0,NO
NCT04312555,1,1,frailty_direct,1,CONTEXTUAL_DESCRIPTION,0,NO,0,NO,0,NO,0,NO,0,NO,1,YES,0,NO,0,NO
NCT04328246,0,0,,0,,0,NO,0,NO,0,NO,0,NO,0,NO,0,NO,0,NO,0,NO
NCT04335942,1,1,mobility_adl_function,1,CONTEXTUAL_DESCRIPTION,0,NO,0,NO,0,NO,0,NO,0,NO,1,YES,0,NO,0,NO
NCT04355832,0,0,,0,,0,NO,0,NO,0,NO,0,NO,0,NO,0,NO,0,NO,0,NO
NCT04359095,1,1,frailty_direct,1,INDETERMINATE_DIRECTION,0,NO,0,NO,0,NO,0,NO,0,NO,0,NO,0,NO,1,YES
NCT04369235,1,1,mobility_adl_function,1,BASELINE_MEASUREMENT_OR_STRATIFICATION,0,NO,0,NO,1,YES,0,NO,0,NO,0,NO,0,NO,0,NO
NCT04370106,1,1,nutrition_malnutrition,1,BASELINE_MEASUREMENT_OR_STRATIFICATION,0,NO,0,NO,1,YES,0,NO,0,NO,0,NO,0,NO,0,NO
NCT04383873,2,2,cognition_decision_capacity|mobility_adl_function,2,INDETERMINATE_DIRECTION|INTERVENTION_OR_CARE_ADAPTATION,0,NO,0,NO,0,NO,0,NO,1,YES,0,NO,0,NO,1,YES
NCT04386174,1,1,cognition_decision_capacity,1,EXCLUSION_OR_RESTRICTION,1,YES,0,NO,0,NO,0,NO,0,NO,0,NO,0,NO,0,NO
NCT04390087,1,1,mobility_adl_function,1,INCLUSION_OR_ACCOMMODATION,0,NO,1,YES,0,NO,0,NO,0,NO,0,NO,0,NO,0,NO
NCT04391257,0,0,,0,,0,NO,0,NO,0,NO,0,NO,0,NO,0,NO,0,NO,0,NO
NCT04397250,1,1,mobility_adl_function,1,INCLUSION_OR_ACCOMMODATION,0,NO,1,YES,0,NO,0,NO,0,NO,0,NO,0,NO,0,NO
NCT04411264,1,1,cognition_decision_capacity,1,INDETERMINATE_DIRECTION,0,NO,0,NO,0,NO,0,NO,0,NO,0,NO,0,NO,1,YES
NCT04453943,1,1,mobility_adl_function,1,CONTEXTUAL_DESCRIPTION,0,NO,0,NO,0,NO,0,NO,0,NO,1,YES,0,NO,0,NO
NCT04458324,1,1,mobility_adl_function,1,EXCLUSION_OR_RESTRICTION,1,YES,0,NO,0,NO,0,NO,0,NO,0,NO,0,NO,0,NO
NCT04461132,0,0,,0,,0,NO,0,NO,0,NO,0,NO,0,NO,0,NO,0,NO,0,NO
NCT04465825,1,1,cognition_decision_capacity,1,EXCLUSION_OR_RESTRICTION,1,YES,0,NO,0,NO,0,NO,0,NO,0,NO,0,NO,0,NO
NCT04467749,1,1,mobility_adl_function,1,INCLUSION_OR_ACCOMMODATION,0,NO,1,YES,0,NO,0,NO,0,NO,0,NO,0,NO,0,NO
NCT04472260,1,1,mobility_adl_function,1,INTERVENTION_OR_CARE_ADAPTATION,0,NO,0,NO,0,NO,0,NO,1,YES,0,NO,0,NO,0,NO
NCT04484168,0,0,,0,,0,NO,0,NO,0,NO,0,NO,0,NO,0,NO,0,NO,0,NO
NCT04496609,0,0,,0,,0,NO,0,NO,0,NO,0,NO,0,NO,0,NO,0,NO,0,NO
NCT04534192,2,2,life_expectancy_advanced_illness|mobility_adl_function,1,EXCLUSION_OR_RESTRICTION,2,YES,0,NO,0,NO,0,NO,0,NO,0,NO,0,NO,0,NO
NCT04534244,0,0,,0,,0,NO,0,NO,0,NO,0,NO,0,NO,0,NO,0,NO,0,NO
NCT04534257,2,2,life_expectancy_advanced_illness|mobility_adl_function,1,EXCLUSION_OR_RESTRICTION,2,YES,0,NO,0,NO,0,NO,0,NO,0,NO,0,NO,0,NO
NCT04550182,1,1,mobility_adl_function,1,INTERVENTION_OR_CARE_ADAPTATION,0,NO,0,NO,0,NO,0,NO,1,YES,0,NO,0,NO,0,NO
NCT04559165,0,0,,0,,0,NO,0,NO,0,NO,0,NO,0,NO,0,NO,0,NO,0,NO
NCT04577183,1,1,life_expectancy_advanced_illness,1,EXCLUSION_OR_RESTRICTION,1,YES,0,NO,0,NO,0,NO,0,NO,0,NO,0,NO,0,NO
NCT04578665,2,2,cognition_decision_capacity|mobility_adl_function,2,BASELINE_MEASUREMENT_OR_STRATIFICATION|EXCLUSION_OR_RESTRICTION,1,YES,0,NO,1,YES,0,NO,0,NO,0,NO,0,NO,0,NO
NCT04586777,1,1,mobility_adl_function,1,EXCLUSION_OR_RESTRICTION,1,YES,0,NO,0,NO,0,NO,0,NO,0,NO,0,NO,0,NO
NCT04593693,0,0,,0,,0,NO,0,NO,0,NO,0,NO,0,NO,0,NO,0,NO,0,NO
NCT04600453,4,4,cognition_decision_capacity|frailty_direct|life_expectancy_advanced_illness|mobility_adl_function,2,CONTEXTUAL_DESCRIPTION|EXCLUSION_OR_RESTRICTION,1,YES,0,NO,0,NO,0,NO,0,NO,3,YES,0,NO,0,NO
NCT04604665,1,1,mobility_adl_function,1,INTERVENTION_OR_CARE_ADAPTATION,0,NO,0,NO,0,NO,0,NO,1,YES,0,NO,0,NO,0,NO
NCT04604951,0,0,,0,,0,NO,0,NO,0,NO,0,NO,0,NO,0,NO,0,NO,0,NO
NCT04613687,1,1,mobility_adl_function,1,INDETERMINATE_DIRECTION,0,NO,0,NO,0,NO,0,NO,0,NO,0,NO,0,NO,1,YES
NCT04621825,2,2,life_expectancy_advanced_illness|mobility_adl_function,2,BASELINE_MEASUREMENT_OR_STRATIFICATION|INDETERMINATE_DIRECTION,0,NO,0,NO,1,YES,0,NO,0,NO,0,NO,0,NO,1,YES
NCT04622683,0,0,,0,,0,NO,0,NO,0,NO,0,NO,0,NO,0,NO,0,NO,0,NO
NCT04624607,1,1,mobility_adl_function,1,INTERVENTION_OR_CARE_ADAPTATION,0,NO,0,NO,0,NO,0,NO,1,YES,0,NO,0,NO,0,NO
NCT04625348,1,1,mobility_adl_function,1,INCLUSION_OR_ACCOMMODATION,0,NO,1,YES,0,NO,0,NO,0,NO,0,NO,0,NO,0,NO
NCT04634838,0,0,,0,,0,NO,0,NO,0,NO,0,NO,0,NO,0,NO,0,NO,0,NO
NCT04641793,2,2,cognition_decision_capacity|mobility_adl_function,2,EXCLUSION_OR_RESTRICTION|INCLUSION_OR_ACCOMMODATION,1,YES,1,YES,0,NO,0,NO,0,NO,0,NO,0,NO,0,NO
NCT04647240,1,1,life_expectancy_advanced_illness,1,INCLUSION_OR_ACCOMMODATION,0,NO,1,YES,0,NO,0,NO,0,NO,0,NO,0,NO,0,NO
NCT04652531,0,0,,0,,0,NO,0,NO,0,NO,0,NO,0,NO,0,NO,0,NO,0,NO
NCT04653896,0,0,,0,,0,NO,0,NO,0,NO,0,NO,0,NO,0,NO,0,NO,0,NO
NCT04667416,1,1,mobility_adl_function,1,EXCLUSION_OR_RESTRICTION,1,YES,0,NO,0,NO,0,NO,0,NO,0,NO,0,NO,0,NO
NCT04668326,1,1,mobility_adl_function,1,INCLUSION_OR_ACCOMMODATION,0,NO,1,YES,0,NO,0,NO,0,NO,0,NO,0,NO,0,NO
NCT04682925,0,0,,0,,0,NO,0,NO,0,NO,0,NO,0,NO,0,NO,0,NO,0,NO
NCT04689009,0,0,,0,,0,NO,0,NO,0,NO,0,NO,0,NO,0,NO,0,NO,0,NO
NCT04689620,0,0,,0,,0,NO,0,NO,0,NO,0,NO,0,NO,0,NO,0,NO,0,NO
NCT04690803,1,1,mobility_adl_function,1,EXCLUSION_OR_RESTRICTION,1,YES,0,NO,0,NO,0,NO,0,NO,0,NO,0,NO,0,NO
NCT04694001,1,1,mobility_adl_function,1,BASELINE_MEASUREMENT_OR_STRATIFICATION,0,NO,0,NO,1,YES,0,NO,0,NO,0,NO,0,NO,0,NO
NCT04694417,0,0,,0,,0,NO,0,NO,0,NO,0,NO,0,NO,0,NO,0,NO,0,NO
NCT04696354,0,0,,0,,0,NO,0,NO,0,NO,0,NO,0,NO,0,NO,0,NO,0,NO
NCT04703569,0,0,,0,,0,NO,0,NO,0,NO,0,NO,0,NO,0,NO,0,NO,0,NO
NCT04714749,1,1,life_expectancy_advanced_illness,1,EXCLUSION_OR_RESTRICTION,1,YES,0,NO,0,NO,0,NO,0,NO,0,NO,0,NO,0,NO
NCT04717141,1,1,cognition_decision_capacity,1,EXCLUSION_OR_RESTRICTION,1,YES,0,NO,0,NO,0,NO,0,NO,0,NO,0,NO,0,NO
NCT04726059,1,1,mobility_adl_function,1,INTERVENTION_OR_CARE_ADAPTATION,0,NO,0,NO,0,NO,0,NO,1,YES,0,NO,0,NO,0,NO
NCT04726891,2,2,cognition_decision_capacity|mobility_adl_function,2,EXCLUSION_OR_RESTRICTION|INCLUSION_OR_ACCOMMODATION,1,YES,1,YES,0,NO,0,NO,0,NO,0,NO,0,NO,0,NO
NCT04729556,0,0,,0,,0,NO,0,NO,0,NO,0,NO,0,NO,0,NO,0,NO,0,NO
NCT04737941,0,0,,0,,0,NO,0,NO,0,NO,0,NO,0,NO,0,NO,0,NO,0,NO
NCT04745806,0,0,,0,,0,NO,0,NO,0,NO,0,NO,0,NO,0,NO,0,NO,0,NO
NCT04753294,0,0,,0,,0,NO,0,NO,0,NO,0,NO,0,NO,0,NO,0,NO,0,NO
NCT04754425,0,0,,0,,0,NO,0,NO,0,NO,0,NO,0,NO,0,NO,0,NO,0,NO
NCT04755699,0,0,,0,,0,NO,0,NO,0,NO,0,NO,0,NO,0,NO,0,NO,0,NO
NCT04761679,0,0,,0,,0,NO,0,NO,0,NO,0,NO,0,NO,0,NO,0,NO,0,NO
NCT04772300,1,1,life_expectancy_advanced_illness,1,INDETERMINATE_DIRECTION,0,NO,0,NO,0,NO,0,NO,0,NO,0,NO,0,NO,1,YES
NCT04775693,1,1,mobility_adl_function,1,INTERVENTION_OR_CARE_ADAPTATION,0,NO,0,NO,0,NO,0,NO,1,YES,0,NO,0,NO,0,NO
NCT04776967,0,0,,0,,0,NO,0,NO,0,NO,0,NO,0,NO,0,NO,0,NO,0,NO
NCT04782947,1,1,mobility_adl_function,1,INTERVENTION_OR_CARE_ADAPTATION,0,NO,0,NO,0,NO,0,NO,1,YES,0,NO,0,NO,0,NO
NCT04793074,0,0,,0,,0,NO,0,NO,0,NO,0,NO,0,NO,0,NO,0,NO,0,NO
NCT04804098,0,0,,0,,0,NO,0,NO,0,NO,0,NO,0,NO,0,NO,0,NO,0,NO
NCT04807764,2,2,cognition_decision_capacity|mobility_adl_function,2,INDETERMINATE_DIRECTION|INTERVENTION_OR_CARE_ADAPTATION,0,NO,0,NO,0,NO,0,NO,1,YES,0,NO,0,NO,1,YES
NCT04815798,1,1,care_setting_caregiver,1,INCLUSION_OR_ACCOMMODATION,0,NO,1,YES,0,NO,0,NO,0,NO,0,NO,0,NO,0,NO
NCT04816968,1,1,nutrition_malnutrition,1,CONTEXTUAL_DESCRIPTION,0,NO,0,NO,0,NO,0,NO,0,NO,1,YES,0,NO,0,NO
NCT04817228,2,2,cognition_decision_capacity|nutrition_malnutrition,1,INDETERMINATE_DIRECTION,0,NO,0,NO,0,NO,0,NO,0,NO,0,NO,0,NO,2,YES
NCT04819425,0,0,,0,,0,NO,0,NO,0,NO,0,NO,0,NO,0,NO,0,NO,0,NO
NCT04819529,2,2,cognition_decision_capacity|mobility_adl_function,2,EXCLUSION_OR_RESTRICTION|INTERVENTION_OR_CARE_ADAPTATION,1,YES,0,NO,0,NO,0,NO,1,YES,0,NO,0,NO,0,NO
NCT04823078,1,1,mobility_adl_function,1,INDETERMINATE_DIRECTION,0,NO,0,NO,0,NO,0,NO,0,NO,0,NO,0,NO,1,YES
NCT04823962,1,1,cognition_decision_capacity,1,INDETERMINATE_DIRECTION,0,NO,0,NO,0,NO,0,NO,0,NO,0,NO,0,NO,1,YES
NCT04825132,5,5,care_setting_caregiver|cognition_decision_capacity|frailty_direct|life_expectancy_advanced_illness|mobility_adl_function,3,BASELINE_MEASUREMENT_OR_STRATIFICATION|CONTEXTUAL_DESCRIPTION|EXCLUSION_OR_RESTRICTION,3,YES,0,NO,1,YES,0,NO,0,NO,1,YES,0,NO,0,NO
NCT04828304,0,0,,0,,0,NO,0,NO,0,NO,0,NO,0,NO,0,NO,0,NO,0,NO
NCT04831606,2,2,life_expectancy_advanced_illness|mobility_adl_function,1,EXCLUSION_OR_RESTRICTION,2,YES,0,NO,0,NO,0,NO,0,NO,0,NO,0,NO,0,NO
NCT04847115,0,0,,0,,0,NO,0,NO,0,NO,0,NO,0,NO,0,NO,0,NO,0,NO
NCT04854057,1,1,mobility_adl_function,1,INTERVENTION_OR_CARE_ADAPTATION,0,NO,0,NO,0,NO,0,NO,1,YES,0,NO,0,NO,0,NO
NCT04855825,2,2,cognition_decision_capacity|mobility_adl_function,2,CONTEXTUAL_DESCRIPTION|INDETERMINATE_DIRECTION,0,NO,0,NO,0,NO,0,NO,0,NO,1,YES,0,NO,1,YES
NCT04860973,0,0,,0,,0,NO,0,NO,0,NO,0,NO,0,NO,0,NO,0,NO,0,NO
NCT04881565,1,1,mobility_adl_function,1,INTERVENTION_OR_CARE_ADAPTATION,0,NO,0,NO,0,NO,0,NO,1,YES,0,NO,0,NO,0,NO
NCT04883463,0,0,,0,,0,NO,0,NO,0,NO,0,NO,0,NO,0,NO,0,NO,0,NO
NCT04884737,1,1,mobility_adl_function,1,INTERVENTION_OR_CARE_ADAPTATION,0,NO,0,NO,0,NO,0,NO,1,YES,0,NO,0,NO,0,NO
NCT04890678,2,2,care_setting_caregiver|mobility_adl_function,2,CONTEXTUAL_DESCRIPTION|INCLUSION_OR_ACCOMMODATION,0,NO,1,YES,0,NO,0,NO,0,NO,1,YES,0,NO,0,NO
NCT04901013,0,0,,0,,0,NO,0,NO,0,NO,0,NO,0,NO,0,NO,0,NO,0,NO
NCT04902612,3,3,cognition_decision_capacity|life_expectancy_advanced_illness|nutrition_malnutrition,2,EXCLUSION_OR_RESTRICTION|INDETERMINATE_DIRECTION,1,YES,0,NO,0,NO,0,NO,0,NO,0,NO,0,NO,2,YES
NCT04902651,3,3,cognition_decision_capacity|life_expectancy_advanced_illness|nutrition_malnutrition,2,EXCLUSION_OR_RESTRICTION|INDETERMINATE_DIRECTION,1,YES,0,NO,0,NO,0,NO,0,NO,0,NO,0,NO,2,YES
NCT04904497,2,2,cognition_decision_capacity|mobility_adl_function,2,EXCLUSION_OR_RESTRICTION|INTERVENTION_OR_CARE_ADAPTATION,1,YES,0,NO,0,NO,0,NO,1,YES,0,NO,0,NO,0,NO
NCT04920253,0,0,,0,,0,NO,0,NO,0,NO,0,NO,0,NO,0,NO,0,NO,0,NO
NCT04922463,0,0,,0,,0,NO,0,NO,0,NO,0,NO,0,NO,0,NO,0,NO,0,NO
NCT04927702,2,2,life_expectancy_advanced_illness|proxy_consent_pathway,2,CONSENT_OR_PROXY_SUPPORT|EXCLUSION_OR_RESTRICTION,1,YES,0,NO,0,NO,1,YES,0,NO,0,NO,0,NO,0,NO
NCT04934137,2,2,care_setting_caregiver|mobility_adl_function,2,INCLUSION_OR_ACCOMMODATION|INDETERMINATE_DIRECTION,0,NO,1,YES,0,NO,0,NO,0,NO,0,NO,0,NO,1,YES
NCT04936087,2,2,cognition_decision_capacity|mobility_adl_function,2,BASELINE_MEASUREMENT_OR_STRATIFICATION|INCLUSION_OR_ACCOMMODATION,0,NO,1,YES,1,YES,0,NO,0,NO,0,NO,0,NO,0,NO
NCT04942470,0,0,,0,,0,NO,0,NO,0,NO,0,NO,0,NO,0,NO,0,NO,0,NO
NCT04944186,2,2,mobility_adl_function|nutrition_malnutrition,2,BASELINE_MEASUREMENT_OR_STRATIFICATION|INTERVENTION_OR_CARE_ADAPTATION,0,NO,0,NO,1,YES,0,NO,1,YES,0,NO,0,NO,0,NO
NCT04955106,0,0,,0,,0,NO,0,NO,0,NO,0,NO,0,NO,0,NO,0,NO,0,NO
NCT04956900,0,0,,0,,0,NO,0,NO,0,NO,0,NO,0,NO,0,NO,0,NO,0,NO
NCT04956952,0,0,,0,,0,NO,0,NO,0,NO,0,NO,0,NO,0,NO,0,NO,0,NO
NCT04960553,0,0,,0,,0,NO,0,NO,0,NO,0,NO,0,NO,0,NO,0,NO,0,NO
NCT04971161,1,1,life_expectancy_advanced_illness,1,EXCLUSION_OR_RESTRICTION,1,YES,0,NO,0,NO,0,NO,0,NO,0,NO,0,NO,0,NO
NCT04973852,1,1,mobility_adl_function,1,INCLUSION_OR_ACCOMMODATION,0,NO,1,YES,0,NO,0,NO,0,NO,0,NO,0,NO,0,NO
NCT04977284,0,0,,0,,0,NO,0,NO,0,NO,0,NO,0,NO,0,NO,0,NO,0,NO
NCT04980898,0,0,,0,,0,NO,0,NO,0,NO,0,NO,0,NO,0,NO,0,NO,0,NO
NCT04994886,0,0,,0,,0,NO,0,NO,0,NO,0,NO,0,NO,0,NO,0,NO,0,NO
NCT04996537,2,2,care_setting_caregiver|mobility_adl_function,1,CONTEXTUAL_DESCRIPTION,0,NO,0,NO,0,NO,0,NO,0,NO,2,YES,0,NO,0,NO
NCT05005052,0,0,,0,,0,NO,0,NO,0,NO,0,NO,0,NO,0,NO,0,NO,0,NO
NCT05011110,0,0,,0,,0,NO,0,NO,0,NO,0,NO,0,NO,0,NO,0,NO,0,NO
NCT05011591,0,0,,0,,0,NO,0,NO,0,NO,0,NO,0,NO,0,NO,0,NO,0,NO
NCT05030935,1,1,mobility_adl_function,1,INCLUSION_OR_ACCOMMODATION,0,NO,1,YES,0,NO,0,NO,0,NO,0,NO,0,NO,0,NO
NCT05033470,2,2,life_expectancy_advanced_illness|nutrition_malnutrition,2,BASELINE_MEASUREMENT_OR_STRATIFICATION|EXCLUSION_OR_RESTRICTION,1,YES,0,NO,1,YES,0,NO,0,NO,0,NO,0,NO,0,NO
NCT05041322,0,0,,0,,0,NO,0,NO,0,NO,0,NO,0,NO,0,NO,0,NO,0,NO
NCT05044923,1,1,cognition_decision_capacity,1,EXCLUSION_OR_RESTRICTION,1,YES,0,NO,0,NO,0,NO,0,NO,0,NO,0,NO,0,NO
NCT05045430,1,1,life_expectancy_advanced_illness,1,EXCLUSION_OR_RESTRICTION,1,YES,0,NO,0,NO,0,NO,0,NO,0,NO,0,NO,0,NO
NCT05057793,0,0,,0,,0,NO,0,NO,0,NO,0,NO,0,NO,0,NO,0,NO,0,NO
NCT05068258,0,0,,0,,0,NO,0,NO,0,NO,0,NO,0,NO,0,NO,0,NO,0,NO
NCT05071235,0,0,,0,,0,NO,0,NO,0,NO,0,NO,0,NO,0,NO,0,NO,0,NO
NCT05076578,0,0,,0,,0,NO,0,NO,0,NO,0,NO,0,NO,0,NO,0,NO,0,NO
NCT05085288,0,0,,0,,0,NO,0,NO,0,NO,0,NO,0,NO,0,NO,0,NO,0,NO
NCT05089890,0,0,,0,,0,NO,0,NO,0,NO,0,NO,0,NO,0,NO,0,NO,0,NO
NCT05107050,0,0,,0,,0,NO,0,NO,0,NO,0,NO,0,NO,0,NO,0,NO,0,NO
NCT05111093,1,1,cognition_decision_capacity,1,INDETERMINATE_DIRECTION,0,NO,0,NO,0,NO,0,NO,0,NO,0,NO,0,NO,1,YES
NCT05122325,0,0,,0,,0,NO,0,NO,0,NO,0,NO,0,NO,0,NO,0,NO,0,NO
NCT05123417,1,1,mobility_adl_function,1,CONTEXTUAL_DESCRIPTION,0,NO,0,NO,0,NO,0,NO,0,NO,1,YES,0,NO,0,NO
NCT05130658,2,2,cognition_decision_capacity|mobility_adl_function,2,BASELINE_MEASUREMENT_OR_STRATIFICATION|CONTEXTUAL_DESCRIPTION,0,NO,0,NO,1,YES,0,NO,0,NO,1,YES,0,NO,0,NO
NCT05130814,1,1,life_expectancy_advanced_illness,1,EXCLUSION_OR_RESTRICTION,1,YES,0,NO,0,NO,0,NO,0,NO,0,NO,0,NO,0,NO
NCT05132634,2,2,care_setting_caregiver|nutrition_malnutrition,2,BASELINE_MEASUREMENT_OR_STRATIFICATION|CONTEXTUAL_DESCRIPTION,0,NO,0,NO,1,YES,0,NO,0,NO,1,YES,0,NO,0,NO
NCT05142579,0,0,,0,,0,NO,0,NO,0,NO,0,NO,0,NO,0,NO,0,NO,0,NO
NCT05142878,2,2,care_setting_caregiver|mobility_adl_function,2,INCLUSION_OR_ACCOMMODATION|INDETERMINATE_DIRECTION,0,NO,1,YES,0,NO,0,NO,0,NO,0,NO,0,NO,1,YES
NCT05144646,1,1,mobility_adl_function,1,CONTEXTUAL_DESCRIPTION,0,NO,0,NO,0,NO,0,NO,0,NO,1,YES,0,NO,0,NO
NCT05149989,0,0,,0,,0,NO,0,NO,0,NO,0,NO,0,NO,0,NO,0,NO,0,NO
NCT05158764,1,1,mobility_adl_function,1,INDETERMINATE_DIRECTION,0,NO,0,NO,0,NO,0,NO,0,NO,0,NO,0,NO,1,YES
NCT05165459,0,0,,0,,0,NO,0,NO,0,NO,0,NO,0,NO,0,NO,0,NO,0,NO
NCT05169814,0,0,,0,,0,NO,0,NO,0,NO,0,NO,0,NO,0,NO,0,NO,0,NO
NCT05170984,2,2,life_expectancy_advanced_illness|mobility_adl_function,2,EXCLUSION_OR_RESTRICTION|INDETERMINATE_DIRECTION,1,YES,0,NO,0,NO,0,NO,0,NO,0,NO,0,NO,1,YES
NCT05176327,0,0,,0,,0,NO,0,NO,0,NO,0,NO,0,NO,0,NO,0,NO,0,NO
NCT05194969,0,0,,0,,0,NO,0,NO,0,NO,0,NO,0,NO,0,NO,0,NO,0,NO
NCT05198167,0,0,,0,,0,NO,0,NO,0,NO,0,NO,0,NO,0,NO,0,NO,0,NO
NCT05199077,1,1,care_setting_caregiver,1,INCLUSION_OR_ACCOMMODATION,0,NO,1,YES,0,NO,0,NO,0,NO,0,NO,0,NO,0,NO
NCT05207891,1,1,nutrition_malnutrition,1,BASELINE_MEASUREMENT_OR_STRATIFICATION,0,NO,0,NO,1,YES,0,NO,0,NO,0,NO,0,NO,0,NO
NCT05223270,0,0,,0,,0,NO,0,NO,0,NO,0,NO,0,NO,0,NO,0,NO,0,NO
NCT05239416,1,1,nutrition_malnutrition,1,EXCLUSION_OR_RESTRICTION,1,YES,0,NO,0,NO,0,NO,0,NO,0,NO,0,NO,0,NO
NCT05241704,1,1,nutrition_malnutrition,1,EXCLUSION_OR_RESTRICTION,1,YES,0,NO,0,NO,0,NO,0,NO,0,NO,0,NO,0,NO
NCT05247541,0,0,,0,,0,NO,0,NO,0,NO,0,NO,0,NO,0,NO,0,NO,0,NO
NCT05255627,0,0,,0,,0,NO,0,NO,0,NO,0,NO,0,NO,0,NO,0,NO,0,NO
NCT05255679,0,0,,0,,0,NO,0,NO,0,NO,0,NO,0,NO,0,NO,0,NO,0,NO
NCT05267951,1,1,mobility_adl_function,1,INCLUSION_OR_ACCOMMODATION,0,NO,1,YES,0,NO,0,NO,0,NO,0,NO,0,NO,0,NO
NCT05284708,1,1,cognition_decision_capacity,1,EXCLUSION_OR_RESTRICTION,1,YES,0,NO,0,NO,0,NO,0,NO,0,NO,0,NO,0,NO
NCT05285930,0,0,,0,,0,NO,0,NO,0,NO,0,NO,0,NO,0,NO,0,NO,0,NO
NCT05291169,2,2,life_expectancy_advanced_illness|nutrition_malnutrition,2,INCLUSION_OR_ACCOMMODATION|INDETERMINATE_DIRECTION,0,NO,1,YES,0,NO,0,NO,0,NO,0,NO,0,NO,1,YES
NCT05292326,0,0,,0,,0,NO,0,NO,0,NO,0,NO,0,NO,0,NO,0,NO,0,NO
NCT05303805,0,0,,0,,0,NO,0,NO,0,NO,0,NO,0,NO,0,NO,0,NO,0,NO
NCT05308862,1,1,nutrition_malnutrition,1,CONTEXTUAL_DESCRIPTION,0,NO,0,NO,0,NO,0,NO,0,NO,1,YES,0,NO,0,NO
NCT05311124,0,0,,0,,0,NO,0,NO,0,NO,0,NO,0,NO,0,NO,0,NO,0,NO
NCT05312762,0,0,,0,,0,NO,0,NO,0,NO,0,NO,0,NO,0,NO,0,NO,0,NO
NCT05317442,1,1,nutrition_malnutrition,1,INDETERMINATE_DIRECTION,0,NO,0,NO,0,NO,0,NO,0,NO,0,NO,0,NO,1,YES
NCT05319106,0,0,,0,,0,NO,0,NO,0,NO,0,NO,0,NO,0,NO,0,NO,0,NO
NCT05322525,1,1,nutrition_malnutrition,1,EXCLUSION_OR_RESTRICTION,1,YES,0,NO,0,NO,0,NO,0,NO,0,NO,0,NO,0,NO
NCT05332080,0,0,,0,,0,NO,0,NO,0,NO,0,NO,0,NO,0,NO,0,NO,0,NO
NCT05334030,2,2,cognition_decision_capacity|mobility_adl_function,2,BASELINE_MEASUREMENT_OR_STRATIFICATION|EXCLUSION_OR_RESTRICTION,1,YES,0,NO,1,YES,0,NO,0,NO,0,NO,0,NO,0,NO
NCT05339802,0,0,,0,,0,NO,0,NO,0,NO,0,NO,0,NO,0,NO,0,NO,0,NO
NCT05351827,0,0,,0,,0,NO,0,NO,0,NO,0,NO,0,NO,0,NO,0,NO,0,NO
NCT05354206,1,1,cognition_decision_capacity,1,EXCLUSION_OR_RESTRICTION,1,YES,0,NO,0,NO,0,NO,0,NO,0,NO,0,NO,0,NO
NCT05354687,0,0,,0,,0,NO,0,NO,0,NO,0,NO,0,NO,0,NO,0,NO,0,NO
NCT05357391,1,1,cognition_decision_capacity,1,EXCLUSION_OR_RESTRICTION,1,YES,0,NO,0,NO,0,NO,0,NO,0,NO,0,NO,0,NO
NCT05362422,0,0,,0,,0,NO,0,NO,0,NO,0,NO,0,NO,0,NO,0,NO,0,NO
NCT05363475,2,2,care_setting_caregiver|mobility_adl_function,2,CONTEXTUAL_DESCRIPTION|INTERVENTION_OR_CARE_ADAPTATION,0,NO,0,NO,0,NO,0,NO,1,YES,1,YES,0,NO,0,NO
NCT05364112,0,0,,0,,0,NO,0,NO,0,NO,0,NO,0,NO,0,NO,0,NO,0,NO
NCT05369520,0,0,,0,,0,NO,0,NO,0,NO,0,NO,0,NO,0,NO,0,NO,0,NO
NCT05378997,0,0,,0,,0,NO,0,NO,0,NO,0,NO,0,NO,0,NO,0,NO,0,NO
NCT05403606,1,1,mobility_adl_function,1,INCLUSION_OR_ACCOMMODATION,0,NO,1,YES,0,NO,0,NO,0,NO,0,NO,0,NO,0,NO
NCT05403762,2,2,care_setting_caregiver|cognition_decision_capacity,2,BASELINE_MEASUREMENT_OR_STRATIFICATION|CONTEXTUAL_DESCRIPTION,0,NO,0,NO,1,YES,0,NO,0,NO,1,YES,0,NO,0,NO
NCT05409976,1,1,life_expectancy_advanced_illness,1,INDETERMINATE_DIRECTION,0,NO,0,NO,0,NO,0,NO,0,NO,0,NO,0,NO,1,YES
NCT05410613,1,1,cognition_decision_capacity,1,INCLUSION_OR_ACCOMMODATION,0,NO,1,YES,0,NO,0,NO,0,NO,0,NO,0,NO,0,NO
NCT05422716,0,0,,0,,0,NO,0,NO,0,NO,0,NO,0,NO,0,NO,0,NO,0,NO
NCT05422846,0,0,,0,,0,NO,0,NO,0,NO,0,NO,0,NO,0,NO,0,NO,0,NO
NCT05423600,1,1,mobility_adl_function,1,CONTEXTUAL_DESCRIPTION,0,NO,0,NO,0,NO,0,NO,0,NO,1,YES,0,NO,0,NO
NCT05423626,2,2,cognition_decision_capacity|mobility_adl_function,2,BASELINE_MEASUREMENT_OR_STRATIFICATION|CONTEXTUAL_DESCRIPTION,0,NO,0,NO,1,YES,0,NO,0,NO,1,YES,0,NO,0,NO
NCT05433064,2,2,cognition_decision_capacity|mobility_adl_function,2,BASELINE_MEASUREMENT_OR_STRATIFICATION|EXCLUSION_OR_RESTRICTION,1,YES,0,NO,1,YES,0,NO,0,NO,0,NO,0,NO,0,NO
NCT05436340,0,0,,0,,0,NO,0,NO,0,NO,0,NO,0,NO,0,NO,0,NO,0,NO
NCT05447754,2,2,cognition_decision_capacity|mobility_adl_function,2,CONTEXTUAL_DESCRIPTION|EXCLUSION_OR_RESTRICTION,1,YES,0,NO,0,NO,0,NO,0,NO,1,YES,0,NO,0,NO
NCT05449743,0,0,,0,,0,NO,0,NO,0,NO,0,NO,0,NO,0,NO,0,NO,0,NO
NCT05456594,2,2,cognition_decision_capacity|mobility_adl_function,1,INDETERMINATE_DIRECTION,0,NO,0,NO,0,NO,0,NO,0,NO,0,NO,0,NO,2,YES
NCT05457907,0,0,,0,,0,NO,0,NO,0,NO,0,NO,0,NO,0,NO,0,NO,0,NO
NCT05458947,0,0,,0,,0,NO,0,NO,0,NO,0,NO,0,NO,0,NO,0,NO,0,NO
NCT05459207,0,0,,0,,0,NO,0,NO,0,NO,0,NO,0,NO,0,NO,0,NO,0,NO
NCT05462912,0,0,,0,,0,NO,0,NO,0,NO,0,NO,0,NO,0,NO,0,NO,0,NO
NCT05467215,1,1,cognition_decision_capacity,1,EXCLUSION_OR_RESTRICTION,1,YES,0,NO,0,NO,0,NO,0,NO,0,NO,0,NO,0,NO
NCT05471180,1,1,cognition_decision_capacity,1,CONTEXTUAL_DESCRIPTION,0,NO,0,NO,0,NO,0,NO,0,NO,1,YES,0,NO,0,NO
NCT05472584,1,1,cognition_decision_capacity,1,EXCLUSION_OR_RESTRICTION,1,YES,0,NO,0,NO,0,NO,0,NO,0,NO,0,NO,0,NO
NCT05485051,0,0,,0,,0,NO,0,NO,0,NO,0,NO,0,NO,0,NO,0,NO,0,NO
NCT05487482,1,1,care_setting_caregiver,1,CONTEXTUAL_DESCRIPTION,0,NO,0,NO,0,NO,0,NO,0,NO,1,YES,0,NO,0,NO
NCT05487898,2,2,cognition_decision_capacity|mobility_adl_function,1,CONTEXTUAL_DESCRIPTION,0,NO,0,NO,0,NO,0,NO,0,NO,2,YES,0,NO,0,NO
NCT05489588,1,1,life_expectancy_advanced_illness,1,INDETERMINATE_DIRECTION,0,NO,0,NO,0,NO,0,NO,0,NO,0,NO,0,NO,1,YES
NCT05491837,1,1,cognition_decision_capacity,1,EXCLUSION_OR_RESTRICTION,1,YES,0,NO,0,NO,0,NO,0,NO,0,NO,0,NO,0,NO
NCT05492097,1,1,mobility_adl_function,1,CONTEXTUAL_DESCRIPTION,0,NO,0,NO,0,NO,0,NO,0,NO,1,YES,0,NO,0,NO
NCT05493943,0,0,,0,,0,NO,0,NO,0,NO,0,NO,0,NO,0,NO,0,NO,0,NO
NCT05494450,0,0,,0,,0,NO,0,NO,0,NO,0,NO,0,NO,0,NO,0,NO,0,NO
NCT05496296,0,0,,0,,0,NO,0,NO,0,NO,0,NO,0,NO,0,NO,0,NO,0,NO
NCT05504980,1,1,mobility_adl_function,1,INCLUSION_OR_ACCOMMODATION,0,NO,1,YES,0,NO,0,NO,0,NO,0,NO,0,NO,0,NO
NCT05513508,2,2,frailty_direct|nutrition_malnutrition,1,BASELINE_MEASUREMENT_OR_STRATIFICATION,0,NO,0,NO,2,YES,0,NO,0,NO,0,NO,0,NO,0,NO
NCT05515484,0,0,,0,,0,NO,0,NO,0,NO,0,NO,0,NO,0,NO,0,NO,0,NO
NCT05522920,0,0,,0,,0,NO,0,NO,0,NO,0,NO,0,NO,0,NO,0,NO,0,NO
NCT05541198,1,1,mobility_adl_function,1,INTERVENTION_OR_CARE_ADAPTATION,0,NO,0,NO,0,NO,0,NO,1,YES,0,NO,0,NO,0,NO
NCT05542589,1,1,life_expectancy_advanced_illness,1,EXCLUSION_OR_RESTRICTION,1,YES,0,NO,0,NO,0,NO,0,NO,0,NO,0,NO,0,NO
NCT05546684,0,0,,0,,0,NO,0,NO,0,NO,0,NO,0,NO,0,NO,0,NO,0,NO
NCT05547191,0,0,,0,,0,NO,0,NO,0,NO,0,NO,0,NO,0,NO,0,NO,0,NO
NCT05547295,0,0,,0,,0,NO,0,NO,0,NO,0,NO,0,NO,0,NO,0,NO,0,NO
NCT05549609,0,0,,0,,0,NO,0,NO,0,NO,0,NO,0,NO,0,NO,0,NO,0,NO
NCT05549830,1,1,mobility_adl_function,1,INTERVENTION_OR_CARE_ADAPTATION,0,NO,0,NO,0,NO,0,NO,1,YES,0,NO,0,NO,0,NO
NCT05550311,0,0,,0,,0,NO,0,NO,0,NO,0,NO,0,NO,0,NO,0,NO,0,NO
NCT05550987,1,1,mobility_adl_function,1,INDETERMINATE_DIRECTION,0,NO,0,NO,0,NO,0,NO,0,NO,0,NO,0,NO,1,YES
NCT05552599,0,0,,0,,0,NO,0,NO,0,NO,0,NO,0,NO,0,NO,0,NO,0,NO
NCT05563402,1,1,mobility_adl_function,1,EXCLUSION_OR_RESTRICTION,1,YES,0,NO,0,NO,0,NO,0,NO,0,NO,0,NO,0,NO
NCT05570877,0,0,,0,,0,NO,0,NO,0,NO,0,NO,0,NO,0,NO,0,NO,0,NO
NCT05575869,1,1,mobility_adl_function,1,INTERVENTION_OR_CARE_ADAPTATION,0,NO,0,NO,0,NO,0,NO,1,YES,0,NO,0,NO,0,NO
NCT05578638,0,0,,0,,0,NO,0,NO,0,NO,0,NO,0,NO,0,NO,0,NO,0,NO
NCT05586646,0,0,,0,,0,NO,0,NO,0,NO,0,NO,0,NO,0,NO,0,NO,0,NO
NCT05588583,0,0,,0,,0,NO,0,NO,0,NO,0,NO,0,NO,0,NO,0,NO,0,NO
NCT05589402,0,0,,0,,0,NO,0,NO,0,NO,0,NO,0,NO,0,NO,0,NO,0,NO
NCT05589415,0,0,,0,,0,NO,0,NO,0,NO,0,NO,0,NO,0,NO,0,NO,0,NO
NCT05590065,1,1,mobility_adl_function,1,INTERVENTION_OR_CARE_ADAPTATION,0,NO,0,NO,0,NO,0,NO,1,YES,0,NO,0,NO,0,NO
NCT05597176,0,0,,0,,0,NO,0,NO,0,NO,0,NO,0,NO,0,NO,0,NO,0,NO
NCT05598398,0,0,,0,,0,NO,0,NO,0,NO,0,NO,0,NO,0,NO,0,NO,0,NO
NCT05604352,0,0,,0,,0,NO,0,NO,0,NO,0,NO,0,NO,0,NO,0,NO,0,NO
NCT05607979,0,0,,0,,0,NO,0,NO,0,NO,0,NO,0,NO,0,NO,0,NO,0,NO
NCT05608317,0,0,,0,,0,NO,0,NO,0,NO,0,NO,0,NO,0,NO,0,NO,0,NO
NCT05610241,0,0,,0,,0,NO,0,NO,0,NO,0,NO,0,NO,0,NO,0,NO,0,NO
NCT05618509,1,1,cognition_decision_capacity,1,EXCLUSION_OR_RESTRICTION,1,YES,0,NO,0,NO,0,NO,0,NO,0,NO,0,NO,0,NO
NCT05619003,0,0,,0,,0,NO,0,NO,0,NO,0,NO,0,NO,0,NO,0,NO,0,NO
NCT05619237,2,2,care_setting_caregiver|life_expectancy_advanced_illness,2,CONTEXTUAL_DESCRIPTION|EXCLUSION_OR_RESTRICTION,1,YES,0,NO,0,NO,0,NO,0,NO,1,YES,0,NO,0,NO
NCT05632250,1,1,mobility_adl_function,1,BASELINE_MEASUREMENT_OR_STRATIFICATION,0,NO,0,NO,1,YES,0,NO,0,NO,0,NO,0,NO,0,NO
NCT05633277,1,1,proxy_consent_pathway,1,CONSENT_OR_PROXY_SUPPORT,0,NO,0,NO,0,NO,1,YES,0,NO,0,NO,0,NO,0,NO
NCT05635851,0,0,,0,,0,NO,0,NO,0,NO,0,NO,0,NO,0,NO,0,NO,0,NO
NCT05643313,1,1,mobility_adl_function,1,INTERVENTION_OR_CARE_ADAPTATION,0,NO,0,NO,0,NO,0,NO,1,YES,0,NO,0,NO,0,NO
NCT05649332,0,0,,0,,0,NO,0,NO,0,NO,0,NO,0,NO,0,NO,0,NO,0,NO
NCT05653089,1,1,mobility_adl_function,1,INCLUSION_OR_ACCOMMODATION,0,NO,1,YES,0,NO,0,NO,0,NO,0,NO,0,NO,0,NO
NCT05659394,0,0,,0,,0,NO,0,NO,0,NO,0,NO,0,NO,0,NO,0,NO,0,NO
NCT05661214,0,0,,0,,0,NO,0,NO,0,NO,0,NO,0,NO,0,NO,0,NO,0,NO
NCT05667831,1,1,care_setting_caregiver,1,INDETERMINATE_DIRECTION,0,NO,0,NO,0,NO,0,NO,0,NO,0,NO,0,NO,1,YES
NCT05685628,0,0,,0,,0,NO,0,NO,0,NO,0,NO,0,NO,0,NO,0,NO,0,NO
NCT05690685,1,1,life_expectancy_advanced_illness,1,INDETERMINATE_DIRECTION,0,NO,0,NO,0,NO,0,NO,0,NO,0,NO,0,NO,1,YES
NCT05699122,1,1,cognition_decision_capacity,1,BASELINE_MEASUREMENT_OR_STRATIFICATION,0,NO,0,NO,1,YES,0,NO,0,NO,0,NO,0,NO,0,NO
NCT05705908,1,1,cognition_decision_capacity,1,INCLUSION_OR_ACCOMMODATION,0,NO,1,YES,0,NO,0,NO,0,NO,0,NO,0,NO,0,NO
NCT05707169,0,0,,0,,0,NO,0,NO,0,NO,0,NO,0,NO,0,NO,0,NO,0,NO
NCT05708274,0,0,,0,,0,NO,0,NO,0,NO,0,NO,0,NO,0,NO,0,NO,0,NO
NCT05710094,0,0,,0,,0,NO,0,NO,0,NO,0,NO,0,NO,0,NO,0,NO,0,NO
NCT05710653,0,0,,0,,0,NO,0,NO,0,NO,0,NO,0,NO,0,NO,0,NO,0,NO
NCT05739149,0,0,,0,,0,NO,0,NO,0,NO,0,NO,0,NO,0,NO,0,NO,0,NO
NCT05743283,0,0,,0,,0,NO,0,NO,0,NO,0,NO,0,NO,0,NO,0,NO,0,NO
NCT05745155,2,2,cognition_decision_capacity|mobility_adl_function,1,EXCLUSION_OR_RESTRICTION,2,YES,0,NO,0,NO,0,NO,0,NO,0,NO,0,NO,0,NO
NCT05762341,0,0,,0,,0,NO,0,NO,0,NO,0,NO,0,NO,0,NO,0,NO,0,NO
NCT05772507,0,0,,0,,0,NO,0,NO,0,NO,0,NO,0,NO,0,NO,0,NO,0,NO
NCT05779852,0,0,,0,,0,NO,0,NO,0,NO,0,NO,0,NO,0,NO,0,NO,0,NO
NCT05782855,5,5,cognition_decision_capacity|frailty_direct|life_expectancy_advanced_illness|mobility_adl_function|multimorbidity_burden,3,BASELINE_MEASUREMENT_OR_STRATIFICATION|CONTEXTUAL_DESCRIPTION|EXCLUSION_OR_RESTRICTION,2,YES,0,NO,2,YES,0,NO,0,NO,1,YES,0,NO,0,NO
NCT05786612,0,0,,0,,0,NO,0,NO,0,NO,0,NO,0,NO,0,NO,0,NO,0,NO
NCT05797688,0,0,,0,,0,NO,0,NO,0,NO,0,NO,0,NO,0,NO,0,NO,0,NO
NCT05798169,3,3,cognition_decision_capacity|life_expectancy_advanced_illness|mobility_adl_function,2,CONTEXTUAL_DESCRIPTION|EXCLUSION_OR_RESTRICTION,2,YES,0,NO,0,NO,0,NO,0,NO,1,YES,0,NO,0,NO
NCT05801536,1,1,mobility_adl_function,1,INCLUSION_OR_ACCOMMODATION,0,NO,1,YES,0,NO,0,NO,0,NO,0,NO,0,NO,0,NO
NCT05805137,0,0,,0,,0,NO,0,NO,0,NO,0,NO,0,NO,0,NO,0,NO,0,NO
NCT05822297,0,0,,0,,0,NO,0,NO,0,NO,0,NO,0,NO,0,NO,0,NO,0,NO
NCT05852236,0,0,,0,,0,NO,0,NO,0,NO,0,NO,0,NO,0,NO,0,NO,0,NO
NCT05863754,1,1,mobility_adl_function,1,BASELINE_MEASUREMENT_OR_STRATIFICATION,0,NO,0,NO,1,YES,0,NO,0,NO,0,NO,0,NO,0,NO
NCT05873257,0,0,,0,,0,NO,0,NO,0,NO,0,NO,0,NO,0,NO,0,NO,0,NO
NCT05874284,0,0,,0,,0,NO,0,NO,0,NO,0,NO,0,NO,0,NO,0,NO,0,NO
NCT05877378,1,1,nutrition_malnutrition,1,INDETERMINATE_DIRECTION,0,NO,0,NO,0,NO,0,NO,0,NO,0,NO,0,NO,1,YES
NCT05887752,0,0,,0,,0,NO,0,NO,0,NO,0,NO,0,NO,0,NO,0,NO,0,NO
NCT05892341,1,1,nutrition_malnutrition,1,INDETERMINATE_DIRECTION,0,NO,0,NO,0,NO,0,NO,0,NO,0,NO,0,NO,1,YES
NCT05894096,1,1,cognition_decision_capacity,1,INDETERMINATE_DIRECTION,0,NO,0,NO,0,NO,0,NO,0,NO,0,NO,0,NO,1,YES
NCT05894291,0,0,,0,,0,NO,0,NO,0,NO,0,NO,0,NO,0,NO,0,NO,0,NO
NCT05899140,0,0,,0,,0,NO,0,NO,0,NO,0,NO,0,NO,0,NO,0,NO,0,NO
NCT05902182,0,0,,0,,0,NO,0,NO,0,NO,0,NO,0,NO,0,NO,0,NO,0,NO
NCT05912712,0,0,,0,,0,NO,0,NO,0,NO,0,NO,0,NO,0,NO,0,NO,0,NO
NCT05915169,0,0,,0,,0,NO,0,NO,0,NO,0,NO,0,NO,0,NO,0,NO,0,NO
NCT05921292,2,2,life_expectancy_advanced_illness|mobility_adl_function,2,BASELINE_MEASUREMENT_OR_STRATIFICATION|INDETERMINATE_DIRECTION,0,NO,0,NO,1,YES,0,NO,0,NO,0,NO,0,NO,1,YES
NCT05923749,0,0,,0,,0,NO,0,NO,0,NO,0,NO,0,NO,0,NO,0,NO,0,NO
NCT05926843,0,0,,0,,0,NO,0,NO,0,NO,0,NO,0,NO,0,NO,0,NO,0,NO
NCT05939973,1,1,mobility_adl_function,1,INDETERMINATE_DIRECTION,0,NO,0,NO,0,NO,0,NO,0,NO,0,NO,0,NO,1,YES
NCT05940636,1,1,mobility_adl_function,1,BASELINE_MEASUREMENT_OR_STRATIFICATION,0,NO,0,NO,1,YES,0,NO,0,NO,0,NO,0,NO,0,NO
NCT05941819,1,1,cognition_decision_capacity,1,INDETERMINATE_DIRECTION,0,NO,0,NO,0,NO,0,NO,0,NO,0,NO,0,NO,1,YES
NCT05948306,0,0,,0,,0,NO,0,NO,0,NO,0,NO,0,NO,0,NO,0,NO,0,NO
NCT05957588,0,0,,0,,0,NO,0,NO,0,NO,0,NO,0,NO,0,NO,0,NO,0,NO
NCT05957757,0,0,,0,,0,NO,0,NO,0,NO,0,NO,0,NO,0,NO,0,NO,0,NO
NCT05960578,0,0,,0,,0,NO,0,NO,0,NO,0,NO,0,NO,0,NO,0,NO,0,NO
NCT05962931,0,0,,0,,0,NO,0,NO,0,NO,0,NO,0,NO,0,NO,0,NO,0,NO
NCT05966896,0,0,,0,,0,NO,0,NO,0,NO,0,NO,0,NO,0,NO,0,NO,0,NO
NCT05974982,1,1,care_setting_caregiver,1,CONTEXTUAL_DESCRIPTION,0,NO,0,NO,0,NO,0,NO,0,NO,1,YES,0,NO,0,NO
NCT05979402,1,1,life_expectancy_advanced_illness,1,CONTEXTUAL_DESCRIPTION,0,NO,0,NO,0,NO,0,NO,0,NO,1,YES,0,NO,0,NO
NCT06003686,1,1,cognition_decision_capacity,1,EXCLUSION_OR_RESTRICTION,1,YES,0,NO,0,NO,0,NO,0,NO,0,NO,0,NO,0,NO
NCT06003712,0,0,,0,,0,NO,0,NO,0,NO,0,NO,0,NO,0,NO,0,NO,0,NO
NCT06007235,0,0,,0,,0,NO,0,NO,0,NO,0,NO,0,NO,0,NO,0,NO,0,NO
NCT06011876,0,0,,0,,0,NO,0,NO,0,NO,0,NO,0,NO,0,NO,0,NO,0,NO
NCT06013046,1,1,mobility_adl_function,1,INCLUSION_OR_ACCOMMODATION,0,NO,1,YES,0,NO,0,NO,0,NO,0,NO,0,NO,0,NO
NCT06015139,0,0,,0,,0,NO,0,NO,0,NO,0,NO,0,NO,0,NO,0,NO,0,NO
NCT06019949,0,0,,0,,0,NO,0,NO,0,NO,0,NO,0,NO,0,NO,0,NO,0,NO
NCT06025370,0,0,,0,,0,NO,0,NO,0,NO,0,NO,0,NO,0,NO,0,NO,0,NO
NCT06027502,1,1,mobility_adl_function,1,CONTEXTUAL_DESCRIPTION,0,NO,0,NO,0,NO,0,NO,0,NO,1,YES,0,NO,0,NO
NCT06031714,0,0,,0,,0,NO,0,NO,0,NO,0,NO,0,NO,0,NO,0,NO,0,NO
NCT06040749,1,1,mobility_adl_function,1,INCLUSION_OR_ACCOMMODATION,0,NO,1,YES,0,NO,0,NO,0,NO,0,NO,0,NO,0,NO
NCT06060470,2,2,cognition_decision_capacity|mobility_adl_function,2,BASELINE_MEASUREMENT_OR_STRATIFICATION|EXCLUSION_OR_RESTRICTION,1,YES,0,NO,1,YES,0,NO,0,NO,0,NO,0,NO,0,NO
NCT06061796,1,1,mobility_adl_function,1,INTERVENTION_OR_CARE_ADAPTATION,0,NO,0,NO,0,NO,0,NO,1,YES,0,NO,0,NO,0,NO
NCT06071039,0,0,,0,,0,NO,0,NO,0,NO,0,NO,0,NO,0,NO,0,NO,0,NO
NCT06078488,2,2,life_expectancy_advanced_illness|nutrition_malnutrition,2,CONTEXTUAL_DESCRIPTION|EXCLUSION_OR_RESTRICTION,1,YES,0,NO,0,NO,0,NO,0,NO,1,YES,0,NO,0,NO
NCT06083935,0,0,,0,,0,NO,0,NO,0,NO,0,NO,0,NO,0,NO,0,NO,0,NO
NCT06089408,0,0,,0,,0,NO,0,NO,0,NO,0,NO,0,NO,0,NO,0,NO,0,NO
NCT06101199,0,0,,0,,0,NO,0,NO,0,NO,0,NO,0,NO,0,NO,0,NO,0,NO
NCT06107010,1,1,mobility_adl_function,1,CONTEXTUAL_DESCRIPTION,0,NO,0,NO,0,NO,0,NO,0,NO,1,YES,0,NO,0,NO
NCT06108999,1,1,nutrition_malnutrition,1,EXCLUSION_OR_RESTRICTION,1,YES,0,NO,0,NO,0,NO,0,NO,0,NO,0,NO,0,NO
NCT06111183,1,1,care_setting_caregiver,1,INDETERMINATE_DIRECTION,0,NO,0,NO,0,NO,0,NO,0,NO,0,NO,0,NO,1,YES
NCT06116123,2,2,mobility_adl_function|proxy_consent_pathway,2,CONSENT_OR_PROXY_SUPPORT|CONTEXTUAL_DESCRIPTION,0,NO,0,NO,0,NO,1,YES,0,NO,1,YES,0,NO,0,NO
NCT06127524,1,1,care_setting_caregiver,1,INCLUSION_OR_ACCOMMODATION,0,NO,1,YES,0,NO,0,NO,0,NO,0,NO,0,NO,0,NO
NCT06128005,3,3,cognition_decision_capacity|life_expectancy_advanced_illness|mobility_adl_function,2,BASELINE_MEASUREMENT_OR_STRATIFICATION|EXCLUSION_OR_RESTRICTION,2,YES,0,NO,1,YES,0,NO,0,NO,0,NO,0,NO,0,NO
NCT06135246,0,0,,0,,0,NO,0,NO,0,NO,0,NO,0,NO,0,NO,0,NO,0,NO
NCT06140355,1,1,cognition_decision_capacity,1,EXCLUSION_OR_RESTRICTION,1,YES,0,NO,0,NO,0,NO,0,NO,0,NO,0,NO,0,NO
NCT06140706,1,1,mobility_adl_function,1,BASELINE_MEASUREMENT_OR_STRATIFICATION,0,NO,0,NO,1,YES,0,NO,0,NO,0,NO,0,NO,0,NO
NCT06142123,1,1,mobility_adl_function,1,CONTEXTUAL_DESCRIPTION,0,NO,0,NO,0,NO,0,NO,0,NO,1,YES,0,NO,0,NO
NCT06150326,1,1,life_expectancy_advanced_illness,1,EXCLUSION_OR_RESTRICTION,1,YES,0,NO,0,NO,0,NO,0,NO,0,NO,0,NO,0,NO
NCT06151769,3,3,care_setting_caregiver|mobility_adl_function|nutrition_malnutrition,2,CONTEXTUAL_DESCRIPTION|INCLUSION_OR_ACCOMMODATION,0,NO,1,YES,0,NO,0,NO,0,NO,2,YES,0,NO,0,NO
NCT06153589,0,0,,0,,0,NO,0,NO,0,NO,0,NO,0,NO,0,NO,0,NO,0,NO
NCT06161480,2,2,cognition_decision_capacity|proxy_consent_pathway,2,CONSENT_OR_PROXY_SUPPORT|EXCLUSION_OR_RESTRICTION,1,YES,0,NO,0,NO,1,YES,0,NO,0,NO,0,NO,0,NO
NCT06163352,2,2,mobility_adl_function|nutrition_malnutrition,2,CONTEXTUAL_DESCRIPTION|INTERVENTION_OR_CARE_ADAPTATION,0,NO,0,NO,0,NO,0,NO,1,YES,1,YES,0,NO,0,NO
NCT06185465,0,0,,0,,0,NO,0,NO,0,NO,0,NO,0,NO,0,NO,0,NO,0,NO
NCT06187506,0,0,,0,,0,NO,0,NO,0,NO,0,NO,0,NO,0,NO,0,NO,0,NO
NCT06197399,0,0,,0,,0,NO,0,NO,0,NO,0,NO,0,NO,0,NO,0,NO,0,NO
NCT06210399,1,1,cognition_decision_capacity,1,BASELINE_MEASUREMENT_OR_STRATIFICATION,0,NO,0,NO,1,YES,0,NO,0,NO,0,NO,0,NO,0,NO
NCT06213012,1,1,mobility_adl_function,1,EXCLUSION_OR_RESTRICTION,1,YES,0,NO,0,NO,0,NO,0,NO,0,NO,0,NO,0,NO
NCT06225245,1,1,mobility_adl_function,1,BASELINE_MEASUREMENT_OR_STRATIFICATION,0,NO,0,NO,1,YES,0,NO,0,NO,0,NO,0,NO,0,NO
NCT06235463,1,1,cognition_decision_capacity,1,INDETERMINATE_DIRECTION,0,NO,0,NO,0,NO,0,NO,0,NO,0,NO,0,NO,1,YES
NCT06236750,0,0,,0,,0,NO,0,NO,0,NO,0,NO,0,NO,0,NO,0,NO,0,NO
NCT06243328,0,0,,0,,0,NO,0,NO,0,NO,0,NO,0,NO,0,NO,0,NO,0,NO
NCT06255288,1,1,cognition_decision_capacity,1,EXCLUSION_OR_RESTRICTION,1,YES,0,NO,0,NO,0,NO,0,NO,0,NO,0,NO,0,NO
NCT06270264,0,0,,0,,0,NO,0,NO,0,NO,0,NO,0,NO,0,NO,0,NO,0,NO
NCT06274021,0,0,,0,,0,NO,0,NO,0,NO,0,NO,0,NO,0,NO,0,NO,0,NO
NCT06280053,0,0,,0,,0,NO,0,NO,0,NO,0,NO,0,NO,0,NO,0,NO,0,NO
NCT06283979,1,1,nutrition_malnutrition,1,EXCLUSION_OR_RESTRICTION,1,YES,0,NO,0,NO,0,NO,0,NO,0,NO,0,NO,0,NO
NCT06294327,2,2,care_setting_caregiver|mobility_adl_function,2,CONTEXTUAL_DESCRIPTION|INTERVENTION_OR_CARE_ADAPTATION,0,NO,0,NO,0,NO,0,NO,1,YES,1,YES,0,NO,0,NO
NCT06296771,1,1,mobility_adl_function,1,INTERVENTION_OR_CARE_ADAPTATION,0,NO,0,NO,0,NO,0,NO,1,YES,0,NO,0,NO,0,NO
NCT06300762,0,0,,0,,0,NO,0,NO,0,NO,0,NO,0,NO,0,NO,0,NO,0,NO
NCT06302582,0,0,,0,,0,NO,0,NO,0,NO,0,NO,0,NO,0,NO,0,NO,0,NO
NCT06308211,1,1,mobility_adl_function,1,CONTEXTUAL_DESCRIPTION,0,NO,0,NO,0,NO,0,NO,0,NO,1,YES,0,NO,0,NO
NCT06313515,0,0,,0,,0,NO,0,NO,0,NO,0,NO,0,NO,0,NO,0,NO,0,NO
NCT06316726,0,0,,0,,0,NO,0,NO,0,NO,0,NO,0,NO,0,NO,0,NO,0,NO
NCT06327113,0,0,,0,,0,NO,0,NO,0,NO,0,NO,0,NO,0,NO,0,NO,0,NO
NCT06329934,1,1,cognition_decision_capacity,1,INDETERMINATE_DIRECTION,0,NO,0,NO,0,NO,0,NO,0,NO,0,NO,0,NO,1,YES
NCT06330493,1,1,life_expectancy_advanced_illness,1,INDETERMINATE_DIRECTION,0,NO,0,NO,0,NO,0,NO,0,NO,0,NO,0,NO,1,YES
NCT06330506,1,1,mobility_adl_function,1,EXCLUSION_OR_RESTRICTION,1,YES,0,NO,0,NO,0,NO,0,NO,0,NO,0,NO,0,NO
NCT06346119,0,0,,0,,0,NO,0,NO,0,NO,0,NO,0,NO,0,NO,0,NO,0,NO
NCT06350695,0,0,,0,,0,NO,0,NO,0,NO,0,NO,0,NO,0,NO,0,NO,0,NO
NCT06353763,0,0,,0,,0,NO,0,NO,0,NO,0,NO,0,NO,0,NO,0,NO,0,NO
NCT06354231,0,0,,0,,0,NO,0,NO,0,NO,0,NO,0,NO,0,NO,0,NO,0,NO
NCT06362135,1,1,mobility_adl_function,1,INDETERMINATE_DIRECTION,0,NO,0,NO,0,NO,0,NO,0,NO,0,NO,0,NO,1,YES
NCT06367179,0,0,,0,,0,NO,0,NO,0,NO,0,NO,0,NO,0,NO,0,NO,0,NO
NCT06369688,2,2,cognition_decision_capacity|mobility_adl_function,2,EXCLUSION_OR_RESTRICTION|INTERVENTION_OR_CARE_ADAPTATION,1,YES,0,NO,0,NO,0,NO,1,YES,0,NO,0,NO,0,NO
NCT06374563,0,0,,0,,0,NO,0,NO,0,NO,0,NO,0,NO,0,NO,0,NO,0,NO
NCT06379711,0,0,,0,,0,NO,0,NO,0,NO,0,NO,0,NO,0,NO,0,NO,0,NO
NCT06406855,2,2,cognition_decision_capacity|mobility_adl_function,2,BASELINE_MEASUREMENT_OR_STRATIFICATION|EXCLUSION_OR_RESTRICTION,1,YES,0,NO,1,YES,0,NO,0,NO,0,NO,0,NO,0,NO
NCT06410001,0,0,,0,,0,NO,0,NO,0,NO,0,NO,0,NO,0,NO,0,NO,0,NO
NCT06410833,0,0,,0,,0,NO,0,NO,0,NO,0,NO,0,NO,0,NO,0,NO,0,NO
NCT06416878,0,0,,0,,0,NO,0,NO,0,NO,0,NO,0,NO,0,NO,0,NO,0,NO
NCT06420245,1,1,life_expectancy_advanced_illness,1,EXCLUSION_OR_RESTRICTION,1,YES,0,NO,0,NO,0,NO,0,NO,0,NO,0,NO,0,NO
NCT06421454,1,1,life_expectancy_advanced_illness,1,EXCLUSION_OR_RESTRICTION,1,YES,0,NO,0,NO,0,NO,0,NO,0,NO,0,NO,0,NO
NCT06435143,0,0,,0,,0,NO,0,NO,0,NO,0,NO,0,NO,0,NO,0,NO,0,NO
NCT06440538,0,0,,0,,0,NO,0,NO,0,NO,0,NO,0,NO,0,NO,0,NO,0,NO
NCT06442657,1,1,mobility_adl_function,1,BASELINE_MEASUREMENT_OR_STRATIFICATION,0,NO,0,NO,1,YES,0,NO,0,NO,0,NO,0,NO,0,NO
NCT06453187,2,2,life_expectancy_advanced_illness|nutrition_malnutrition,2,BASELINE_MEASUREMENT_OR_STRATIFICATION|EXCLUSION_OR_RESTRICTION,1,YES,0,NO,1,YES,0,NO,0,NO,0,NO,0,NO,0,NO
NCT06455137,2,2,cognition_decision_capacity|mobility_adl_function,2,BASELINE_MEASUREMENT_OR_STRATIFICATION|EXCLUSION_OR_RESTRICTION,1,YES,0,NO,1,YES,0,NO,0,NO,0,NO,0,NO,0,NO
NCT06465290,2,2,cognition_decision_capacity|mobility_adl_function,2,BASELINE_MEASUREMENT_OR_STRATIFICATION|EXCLUSION_OR_RESTRICTION,1,YES,0,NO,1,YES,0,NO,0,NO,0,NO,0,NO,0,NO
NCT06489028,1,1,life_expectancy_advanced_illness,1,EXCLUSION_OR_RESTRICTION,1,YES,0,NO,0,NO,0,NO,0,NO,0,NO,0,NO,0,NO
NCT06494020,0,0,,0,,0,NO,0,NO,0,NO,0,NO,0,NO,0,NO,0,NO,0,NO
NCT06494059,2,2,cognition_decision_capacity|mobility_adl_function,1,EXCLUSION_OR_RESTRICTION,2,YES,0,NO,0,NO,0,NO,0,NO,0,NO,0,NO,0,NO
NCT06499506,0,0,,0,,0,NO,0,NO,0,NO,0,NO,0,NO,0,NO,0,NO,0,NO
NCT06503406,1,1,proxy_consent_pathway,1,CONSENT_OR_PROXY_SUPPORT,0,NO,0,NO,0,NO,1,YES,0,NO,0,NO,0,NO,0,NO
NCT06509399,0,0,,0,,0,NO,0,NO,0,NO,0,NO,0,NO,0,NO,0,NO,0,NO
NCT06510777,0,0,,0,,0,NO,0,NO,0,NO,0,NO,0,NO,0,NO,0,NO,0,NO
NCT06513936,1,1,mobility_adl_function,1,INTERVENTION_OR_CARE_ADAPTATION,0,NO,0,NO,0,NO,0,NO,1,YES,0,NO,0,NO,0,NO
NCT06515093,2,2,life_expectancy_advanced_illness|proxy_consent_pathway,2,CONSENT_OR_PROXY_SUPPORT|EXCLUSION_OR_RESTRICTION,1,YES,0,NO,0,NO,1,YES,0,NO,0,NO,0,NO,0,NO
NCT06522529,2,2,care_setting_caregiver|mobility_adl_function,1,BASELINE_MEASUREMENT_OR_STRATIFICATION,0,NO,0,NO,2,YES,0,NO,0,NO,0,NO,0,NO,0,NO
NCT06527716,0,0,,0,,0,NO,0,NO,0,NO,0,NO,0,NO,0,NO,0,NO,0,NO
NCT06528873,0,0,,0,,0,NO,0,NO,0,NO,0,NO,0,NO,0,NO,0,NO,0,NO
NCT06529094,3,3,care_setting_caregiver|cognition_decision_capacity|mobility_adl_function,3,BASELINE_MEASUREMENT_OR_STRATIFICATION|CONTEXTUAL_DESCRIPTION|EXCLUSION_OR_RESTRICTION,1,YES,0,NO,1,YES,0,NO,0,NO,1,YES,0,NO,0,NO
NCT06533436,1,1,mobility_adl_function,1,INTERVENTION_OR_CARE_ADAPTATION,0,NO,0,NO,0,NO,0,NO,1,YES,0,NO,0,NO,0,NO
NCT06538974,1,1,mobility_adl_function,1,CONTEXTUAL_DESCRIPTION,0,NO,0,NO,0,NO,0,NO,0,NO,1,YES,0,NO,0,NO
NCT06540859,0,0,,0,,0,NO,0,NO,0,NO,0,NO,0,NO,0,NO,0,NO,0,NO
NCT06541197,1,1,cognition_decision_capacity,1,EXCLUSION_OR_RESTRICTION,1,YES,0,NO,0,NO,0,NO,0,NO,0,NO,0,NO,0,NO
NCT06544564,1,1,proxy_consent_pathway,1,CONSENT_OR_PROXY_SUPPORT,0,NO,0,NO,0,NO,1,YES,0,NO,0,NO,0,NO,0,NO
NCT06559657,0,0,,0,,0,NO,0,NO,0,NO,0,NO,0,NO,0,NO,0,NO,0,NO
NCT06560502,1,1,life_expectancy_advanced_illness,1,EXCLUSION_OR_RESTRICTION,1,YES,0,NO,0,NO,0,NO,0,NO,0,NO,0,NO,0,NO
NCT06562296,2,2,life_expectancy_advanced_illness|nutrition_malnutrition,2,BASELINE_MEASUREMENT_OR_STRATIFICATION|EXCLUSION_OR_RESTRICTION,1,YES,0,NO,1,YES,0,NO,0,NO,0,NO,0,NO,0,NO
NCT06563830,0,0,,0,,0,NO,0,NO,0,NO,0,NO,0,NO,0,NO,0,NO,0,NO
NCT06564090,1,1,mobility_adl_function,1,INTERVENTION_OR_CARE_ADAPTATION,0,NO,0,NO,0,NO,0,NO,1,YES,0,NO,0,NO,0,NO
NCT06564480,2,2,cognition_decision_capacity|mobility_adl_function,2,BASELINE_MEASUREMENT_OR_STRATIFICATION|EXCLUSION_OR_RESTRICTION,1,YES,0,NO,1,YES,0,NO,0,NO,0,NO,0,NO,0,NO
NCT06565949,1,1,life_expectancy_advanced_illness,1,INCLUSION_OR_ACCOMMODATION,0,NO,1,YES,0,NO,0,NO,0,NO,0,NO,0,NO,0,NO
NCT06568627,2,2,cognition_decision_capacity|nutrition_malnutrition,1,INDETERMINATE_DIRECTION,0,NO,0,NO,0,NO,0,NO,0,NO,0,NO,0,NO,2,YES
NCT06583538,1,1,mobility_adl_function,1,EXCLUSION_OR_RESTRICTION,1,YES,0,NO,0,NO,0,NO,0,NO,0,NO,0,NO,0,NO
NCT06587841,0,0,,0,,0,NO,0,NO,0,NO,0,NO,0,NO,0,NO,0,NO,0,NO
NCT06588010,0,0,,0,,0,NO,0,NO,0,NO,0,NO,0,NO,0,NO,0,NO,0,NO
NCT06603961,0,0,,0,,0,NO,0,NO,0,NO,0,NO,0,NO,0,NO,0,NO,0,NO
NCT06606210,2,2,life_expectancy_advanced_illness|nutrition_malnutrition,2,BASELINE_MEASUREMENT_OR_STRATIFICATION|EXCLUSION_OR_RESTRICTION,1,YES,0,NO,1,YES,0,NO,0,NO,0,NO,0,NO,0,NO
NCT06608121,1,1,cognition_decision_capacity,1,EXCLUSION_OR_RESTRICTION,1,YES,0,NO,0,NO,0,NO,0,NO,0,NO,0,NO,0,NO
NCT06608303,0,0,,0,,0,NO,0,NO,0,NO,0,NO,0,NO,0,NO,0,NO,0,NO
NCT06611748,1,1,mobility_adl_function,1,BASELINE_MEASUREMENT_OR_STRATIFICATION,0,NO,0,NO,1,YES,0,NO,0,NO,0,NO,0,NO,0,NO
NCT06612996,0,0,,0,,0,NO,0,NO,0,NO,0,NO,0,NO,0,NO,0,NO,0,NO
NCT06615947,1,1,mobility_adl_function,1,EXCLUSION_OR_RESTRICTION,1,YES,0,NO,0,NO,0,NO,0,NO,0,NO,0,NO,0,NO
NCT06621966,0,0,,0,,0,NO,0,NO,0,NO,0,NO,0,NO,0,NO,0,NO,0,NO
NCT06624540,0,0,,0,,0,NO,0,NO,0,NO,0,NO,0,NO,0,NO,0,NO,0,NO
NCT06625385,1,1,proxy_consent_pathway,1,CONSENT_OR_PROXY_SUPPORT,0,NO,0,NO,0,NO,1,YES,0,NO,0,NO,0,NO,0,NO
NCT06629506,0,0,,0,,0,NO,0,NO,0,NO,0,NO,0,NO,0,NO,0,NO,0,NO
NCT06634095,1,1,care_setting_caregiver,1,CONTEXTUAL_DESCRIPTION,0,NO,0,NO,0,NO,0,NO,0,NO,1,YES,0,NO,0,NO
NCT06640985,0,0,,0,,0,NO,0,NO,0,NO,0,NO,0,NO,0,NO,0,NO,0,NO
NCT06642051,0,0,,0,,0,NO,0,NO,0,NO,0,NO,0,NO,0,NO,0,NO,0,NO
NCT06644235,1,1,cognition_decision_capacity,1,INCLUSION_OR_ACCOMMODATION,0,NO,1,YES,0,NO,0,NO,0,NO,0,NO,0,NO,0,NO
NCT06650982,0,0,,0,,0,NO,0,NO,0,NO,0,NO,0,NO,0,NO,0,NO,0,NO
NCT06652360,0,0,,0,,0,NO,0,NO,0,NO,0,NO,0,NO,0,NO,0,NO,0,NO
NCT06667570,0,0,,0,,0,NO,0,NO,0,NO,0,NO,0,NO,0,NO,0,NO,0,NO
NCT06672458,1,1,cognition_decision_capacity,1,EXCLUSION_OR_RESTRICTION,1,YES,0,NO,0,NO,0,NO,0,NO,0,NO,0,NO,0,NO
NCT06674980,2,2,life_expectancy_advanced_illness|nutrition_malnutrition,2,BASELINE_MEASUREMENT_OR_STRATIFICATION|EXCLUSION_OR_RESTRICTION,1,YES,0,NO,1,YES,0,NO,0,NO,0,NO,0,NO,0,NO
NCT06675760,0,0,,0,,0,NO,0,NO,0,NO,0,NO,0,NO,0,NO,0,NO,0,NO
NCT06681194,0,0,,0,,0,NO,0,NO,0,NO,0,NO,0,NO,0,NO,0,NO,0,NO
NCT06690177,2,2,cognition_decision_capacity|nutrition_malnutrition,2,EXCLUSION_OR_RESTRICTION|INDETERMINATE_DIRECTION,1,YES,0,NO,0,NO,0,NO,0,NO,0,NO,0,NO,1,YES
NCT06691165,0,0,,0,,0,NO,0,NO,0,NO,0,NO,0,NO,0,NO,0,NO,0,NO
NCT06693570,2,2,life_expectancy_advanced_illness|nutrition_malnutrition,2,BASELINE_MEASUREMENT_OR_STRATIFICATION|EXCLUSION_OR_RESTRICTION,1,YES,0,NO,1,YES,0,NO,0,NO,0,NO,0,NO,0,NO
NCT06700551,1,1,cognition_decision_capacity,1,INCLUSION_OR_ACCOMMODATION,0,NO,1,YES,0,NO,0,NO,0,NO,0,NO,0,NO,0,NO
NCT06705790,0,0,,0,,0,NO,0,NO,0,NO,0,NO,0,NO,0,NO,0,NO,0,NO
NCT06707090,0,0,,0,,0,NO,0,NO,0,NO,0,NO,0,NO,0,NO,0,NO,0,NO
NCT06707103,0,0,,0,,0,NO,0,NO,0,NO,0,NO,0,NO,0,NO,0,NO,0,NO
NCT06718777,0,0,,0,,0,NO,0,NO,0,NO,0,NO,0,NO,0,NO,0,NO,0,NO
NCT06725797,1,1,life_expectancy_advanced_illness,1,CONTEXTUAL_DESCRIPTION,0,NO,0,NO,0,NO,0,NO,0,NO,1,YES,0,NO,0,NO
NCT06726486,2,2,multimorbidity_burden|nutrition_malnutrition,2,CONTEXTUAL_DESCRIPTION|INCLUSION_OR_ACCOMMODATION,0,NO,1,YES,0,NO,0,NO,0,NO,1,YES,0,NO,0,NO
NCT06743607,1,1,mobility_adl_function,1,BASELINE_MEASUREMENT_OR_STRATIFICATION,0,NO,0,NO,1,YES,0,NO,0,NO,0,NO,0,NO,0,NO
NCT06754735,0,0,,0,,0,NO,0,NO,0,NO,0,NO,0,NO,0,NO,0,NO,0,NO
NCT06756386,1,1,cognition_decision_capacity,1,EXCLUSION_OR_RESTRICTION,1,YES,0,NO,0,NO,0,NO,0,NO,0,NO,0,NO,0,NO
NCT06758674,2,2,mobility_adl_function|nutrition_malnutrition,2,CONTEXTUAL_DESCRIPTION|INCLUSION_OR_ACCOMMODATION,0,NO,1,YES,0,NO,0,NO,0,NO,1,YES,0,NO,0,NO
NCT06764095,0,0,,0,,0,NO,0,NO,0,NO,0,NO,0,NO,0,NO,0,NO,0,NO
NCT06764953,1,1,life_expectancy_advanced_illness,1,EXCLUSION_OR_RESTRICTION,1,YES,0,NO,0,NO,0,NO,0,NO,0,NO,0,NO,0,NO
NCT06766903,0,0,,0,,0,NO,0,NO,0,NO,0,NO,0,NO,0,NO,0,NO,0,NO
NCT06770686,0,0,,0,,0,NO,0,NO,0,NO,0,NO,0,NO,0,NO,0,NO,0,NO
NCT06773286,0,0,,0,,0,NO,0,NO,0,NO,0,NO,0,NO,0,NO,0,NO,0,NO
NCT06775171,1,1,mobility_adl_function,1,CONTEXTUAL_DESCRIPTION,0,NO,0,NO,0,NO,0,NO,0,NO,1,YES,0,NO,0,NO
NCT06777576,2,2,cognition_decision_capacity|mobility_adl_function,2,EXCLUSION_OR_RESTRICTION|INTERVENTION_OR_CARE_ADAPTATION,1,YES,0,NO,0,NO,0,NO,1,YES,0,NO,0,NO,0,NO
NCT06780371,0,0,,0,,0,NO,0,NO,0,NO,0,NO,0,NO,0,NO,0,NO,0,NO
NCT06790277,1,1,life_expectancy_advanced_illness,1,INCLUSION_OR_ACCOMMODATION,0,NO,1,YES,0,NO,0,NO,0,NO,0,NO,0,NO,0,NO
NCT06791044,0,0,,0,,0,NO,0,NO,0,NO,0,NO,0,NO,0,NO,0,NO,0,NO
NCT06801431,0,0,,0,,0,NO,0,NO,0,NO,0,NO,0,NO,0,NO,0,NO,0,NO
NCT06811909,0,0,,0,,0,NO,0,NO,0,NO,0,NO,0,NO,0,NO,0,NO,0,NO
NCT06812520,1,1,cognition_decision_capacity,1,EXCLUSION_OR_RESTRICTION,1,YES,0,NO,0,NO,0,NO,0,NO,0,NO,0,NO,0,NO
NCT06814015,2,2,cognition_decision_capacity|mobility_adl_function,2,EXCLUSION_OR_RESTRICTION|INTERVENTION_OR_CARE_ADAPTATION,1,YES,0,NO,0,NO,0,NO,1,YES,0,NO,0,NO,0,NO
NCT06819800,0,0,,0,,0,NO,0,NO,0,NO,0,NO,0,NO,0,NO,0,NO,0,NO
NCT06819943,1,1,mobility_adl_function,1,INTERVENTION_OR_CARE_ADAPTATION,0,NO,0,NO,0,NO,0,NO,1,YES,0,NO,0,NO,0,NO
NCT06826339,2,2,life_expectancy_advanced_illness|nutrition_malnutrition,2,BASELINE_MEASUREMENT_OR_STRATIFICATION|EXCLUSION_OR_RESTRICTION,1,YES,0,NO,1,YES,0,NO,0,NO,0,NO,0,NO,0,NO
NCT06827925,1,1,care_setting_caregiver,1,CONTEXTUAL_DESCRIPTION,0,NO,0,NO,0,NO,0,NO,0,NO,1,YES,0,NO,0,NO
NCT06831760,1,1,life_expectancy_advanced_illness,1,EXCLUSION_OR_RESTRICTION,1,YES,0,NO,0,NO,0,NO,0,NO,0,NO,0,NO,0,NO
NCT06832345,1,1,mobility_adl_function,1,CONTEXTUAL_DESCRIPTION,0,NO,0,NO,0,NO,0,NO,0,NO,1,YES,0,NO,0,NO
NCT06834555,0,0,,0,,0,NO,0,NO,0,NO,0,NO,0,NO,0,NO,0,NO,0,NO
NCT06838390,0,0,,0,,0,NO,0,NO,0,NO,0,NO,0,NO,0,NO,0,NO,0,NO
NCT06838637,0,0,,0,,0,NO,0,NO,0,NO,0,NO,0,NO,0,NO,0,NO,0,NO
NCT06841198,0,0,,0,,0,NO,0,NO,0,NO,0,NO,0,NO,0,NO,0,NO,0,NO
NCT06844617,1,1,mobility_adl_function,1,INTERVENTION_OR_CARE_ADAPTATION,0,NO,0,NO,0,NO,0,NO,1,YES,0,NO,0,NO,0,NO
NCT06845904,1,1,cognition_decision_capacity,1,INCLUSION_OR_ACCOMMODATION,0,NO,1,YES,0,NO,0,NO,0,NO,0,NO,0,NO,0,NO
NCT06847295,2,2,life_expectancy_advanced_illness|mobility_adl_function,2,EXCLUSION_OR_RESTRICTION|INTERVENTION_OR_CARE_ADAPTATION,1,YES,0,NO,0,NO,0,NO,1,YES,0,NO,0,NO,0,NO
NCT06848049,2,2,care_setting_caregiver|mobility_adl_function,1,CONTEXTUAL_DESCRIPTION,0,NO,0,NO,0,NO,0,NO,0,NO,2,YES,0,NO,0,NO
NCT06848660,3,3,frailty_direct|mobility_adl_function|nutrition_malnutrition,1,CONTEXTUAL_DESCRIPTION,0,NO,0,NO,0,NO,0,NO,0,NO,3,YES,0,NO,0,NO
NCT06849024,0,0,,0,,0,NO,0,NO,0,NO,0,NO,0,NO,0,NO,0,NO,0,NO
NCT06853210,2,2,care_setting_caregiver|life_expectancy_advanced_illness,2,CONTEXTUAL_DESCRIPTION|EXCLUSION_OR_RESTRICTION,1,YES,0,NO,0,NO,0,NO,0,NO,1,YES,0,NO,0,NO
NCT06871254,0,0,,0,,0,NO,0,NO,0,NO,0,NO,0,NO,0,NO,0,NO,0,NO
NCT06899282,0,0,,0,,0,NO,0,NO,0,NO,0,NO,0,NO,0,NO,0,NO,0,NO
NCT06906536,0,0,,0,,0,NO,0,NO,0,NO,0,NO,0,NO,0,NO,0,NO,0,NO
NCT06918548,2,2,life_expectancy_advanced_illness|nutrition_malnutrition,2,BASELINE_MEASUREMENT_OR_STRATIFICATION|EXCLUSION_OR_RESTRICTION,1,YES,0,NO,1,YES,0,NO,0,NO,0,NO,0,NO,0,NO
NCT06921551,2,2,cognition_decision_capacity|mobility_adl_function,2,EXCLUSION_OR_RESTRICTION|INDETERMINATE_DIRECTION,1,YES,0,NO,0,NO,0,NO,0,NO,0,NO,0,NO,1,YES
NCT06927479,3,3,cognition_decision_capacity|life_expectancy_advanced_illness|nutrition_malnutrition,2,BASELINE_MEASUREMENT_OR_STRATIFICATION|EXCLUSION_OR_RESTRICTION,2,YES,0,NO,1,YES,0,NO,0,NO,0,NO,0,NO,0,NO
NCT06930716,1,1,proxy_consent_pathway,1,CONSENT_OR_PROXY_SUPPORT,0,NO,0,NO,0,NO,1,YES,0,NO,0,NO,0,NO,0,NO
NCT06930768,1,1,life_expectancy_advanced_illness,1,EXCLUSION_OR_RESTRICTION,1,YES,0,NO,0,NO,0,NO,0,NO,0,NO,0,NO,0,NO
NCT06936228,3,3,life_expectancy_advanced_illness|mobility_adl_function|multimorbidity_burden,2,BASELINE_MEASUREMENT_OR_STRATIFICATION|INCLUSION_OR_ACCOMMODATION,0,NO,1,YES,2,YES,0,NO,0,NO,0,NO,0,NO,0,NO
NCT06939673,0,0,,0,,0,NO,0,NO,0,NO,0,NO,0,NO,0,NO,0,NO,0,NO
NCT06944431,0,0,,0,,0,NO,0,NO,0,NO,0,NO,0,NO,0,NO,0,NO,0,NO
NCT06945926,2,2,cognition_decision_capacity|proxy_consent_pathway,2,BASELINE_MEASUREMENT_OR_STRATIFICATION|CONSENT_OR_PROXY_SUPPORT,0,NO,0,NO,1,YES,1,YES,0,NO,0,NO,0,NO,0,NO
NCT06954857,0,0,,0,,0,NO,0,NO,0,NO,0,NO,0,NO,0,NO,0,NO,0,NO
NCT06964048,1,1,nutrition_malnutrition,1,INCLUSION_OR_ACCOMMODATION,0,NO,1,YES,0,NO,0,NO,0,NO,0,NO,0,NO,0,NO
NCT06965127,1,1,mobility_adl_function,1,EXCLUSION_OR_RESTRICTION,1,YES,0,NO,0,NO,0,NO,0,NO,0,NO,0,NO,0,NO
NCT06967116,0,0,,0,,0,NO,0,NO,0,NO,0,NO,0,NO,0,NO,0,NO,0,NO
NCT06974552,1,1,mobility_adl_function,1,INTERVENTION_OR_CARE_ADAPTATION,0,NO,0,NO,0,NO,0,NO,1,YES,0,NO,0,NO,0,NO
NCT06978283,0,0,,0,,0,NO,0,NO,0,NO,0,NO,0,NO,0,NO,0,NO,0,NO
NCT06981962,0,0,,0,,0,NO,0,NO,0,NO,0,NO,0,NO,0,NO,0,NO,0,NO
NCT06999265,0,0,,0,,0,NO,0,NO,0,NO,0,NO,0,NO,0,NO,0,NO,0,NO
NCT06999590,2,2,life_expectancy_advanced_illness|nutrition_malnutrition,2,BASELINE_MEASUREMENT_OR_STRATIFICATION|EXCLUSION_OR_RESTRICTION,1,YES,0,NO,1,YES,0,NO,0,NO,0,NO,0,NO,0,NO
NCT07002151,1,1,cognition_decision_capacity,1,CONTEXTUAL_DESCRIPTION,0,NO,0,NO,0,NO,0,NO,0,NO,1,YES,0,NO,0,NO
NCT07002437,0,0,,0,,0,NO,0,NO,0,NO,0,NO,0,NO,0,NO,0,NO,0,NO
NCT07013877,0,0,,0,,0,NO,0,NO,0,NO,0,NO,0,NO,0,NO,0,NO,0,NO
NCT07023185,0,0,,0,,0,NO,0,NO,0,NO,0,NO,0,NO,0,NO,0,NO,0,NO
NCT07023770,1,1,mobility_adl_function,1,CONTEXTUAL_DESCRIPTION,0,NO,0,NO,0,NO,0,NO,0,NO,1,YES,0,NO,0,NO
NCT07025629,0,0,,0,,0,NO,0,NO,0,NO,0,NO,0,NO,0,NO,0,NO,0,NO
NCT07027358,1,1,life_expectancy_advanced_illness,1,EXCLUSION_OR_RESTRICTION,1,YES,0,NO,0,NO,0,NO,0,NO,0,NO,0,NO,0,NO
NCT07028892,0,0,,0,,0,NO,0,NO,0,NO,0,NO,0,NO,0,NO,0,NO,0,NO
NCT07029594,0,0,,0,,0,NO,0,NO,0,NO,0,NO,0,NO,0,NO,0,NO,0,NO
NCT07031180,1,1,cognition_decision_capacity,1,EXCLUSION_OR_RESTRICTION,1,YES,0,NO,0,NO,0,NO,0,NO,0,NO,0,NO,0,NO
NCT07036107,1,1,mobility_adl_function,1,EXCLUSION_OR_RESTRICTION,1,YES,0,NO,0,NO,0,NO,0,NO,0,NO,0,NO,0,NO
NCT07044739,0,0,,0,,0,NO,0,NO,0,NO,0,NO,0,NO,0,NO,0,NO,0,NO
NCT07046767,0,0,,0,,0,NO,0,NO,0,NO,0,NO,0,NO,0,NO,0,NO,0,NO
NCT07048054,1,1,nutrition_malnutrition,1,EXCLUSION_OR_RESTRICTION,1,YES,0,NO,0,NO,0,NO,0,NO,0,NO,0,NO,0,NO
NCT07054424,2,2,cognition_decision_capacity|mobility_adl_function,2,BASELINE_MEASUREMENT_OR_STRATIFICATION|EXCLUSION_OR_RESTRICTION,1,YES,0,NO,1,YES,0,NO,0,NO,0,NO,0,NO,0,NO
NCT07061613,1,1,life_expectancy_advanced_illness,1,INDETERMINATE_DIRECTION,0,NO,0,NO,0,NO,0,NO,0,NO,0,NO,0,NO,1,YES
NCT07074743,3,3,care_setting_caregiver|mobility_adl_function|nutrition_malnutrition,2,EXCLUSION_OR_RESTRICTION|INTERVENTION_OR_CARE_ADAPTATION,1,YES,0,NO,0,NO,0,NO,2,YES,0,NO,0,NO,0,NO
NCT07089602,2,2,life_expectancy_advanced_illness|nutrition_malnutrition,2,BASELINE_MEASUREMENT_OR_STRATIFICATION|EXCLUSION_OR_RESTRICTION,1,YES,0,NO,1,YES,0,NO,0,NO,0,NO,0,NO,0,NO
NCT07093437,0,0,,0,,0,NO,0,NO,0,NO,0,NO,0,NO,0,NO,0,NO,0,NO
NCT07096830,0,0,,0,,0,NO,0,NO,0,NO,0,NO,0,NO,0,NO,0,NO,0,NO
NCT07099911,0,0,,0,,0,NO,0,NO,0,NO,0,NO,0,NO,0,NO,0,NO,0,NO
NCT07109804,2,2,cognition_decision_capacity|mobility_adl_function,1,EXCLUSION_OR_RESTRICTION,2,YES,0,NO,0,NO,0,NO,0,NO,0,NO,0,NO,0,NO
NCT07114003,2,2,life_expectancy_advanced_illness|nutrition_malnutrition,1,CONTEXTUAL_DESCRIPTION,0,NO,0,NO,0,NO,0,NO,0,NO,2,YES,0,NO,0,NO
NCT07123285,0,0,,0,,0,NO,0,NO,0,NO,0,NO,0,NO,0,NO,0,NO,0,NO
NCT07126886,2,2,life_expectancy_advanced_illness|nutrition_malnutrition,2,BASELINE_MEASUREMENT_OR_STRATIFICATION|EXCLUSION_OR_RESTRICTION,1,YES,0,NO,1,YES,0,NO,0,NO,0,NO,0,NO,0,NO
NCT07132320,0,0,,0,,0,NO,0,NO,0,NO,0,NO,0,NO,0,NO,0,NO,0,NO
NCT07135583,0,0,,0,,0,NO,0,NO,0,NO,0,NO,0,NO,0,NO,0,NO,0,NO
NCT07141134,1,1,mobility_adl_function,1,INTERVENTION_OR_CARE_ADAPTATION,0,NO,0,NO,0,NO,0,NO,1,YES,0,NO,0,NO,0,NO
NCT07141342,1,1,mobility_adl_function,1,INCLUSION_OR_ACCOMMODATION,0,NO,1,YES,0,NO,0,NO,0,NO,0,NO,0,NO,0,NO
NCT07147296,0,0,,0,,0,NO,0,NO,0,NO,0,NO,0,NO,0,NO,0,NO,0,NO
NCT07152717,0,0,,0,,0,NO,0,NO,0,NO,0,NO,0,NO,0,NO,0,NO,0,NO
NCT07158658,1,1,life_expectancy_advanced_illness,1,EXCLUSION_OR_RESTRICTION,1,YES,0,NO,0,NO,0,NO,0,NO,0,NO,0,NO,0,NO
NCT07163195,1,1,cognition_decision_capacity,1,EXCLUSION_OR_RESTRICTION,1,YES,0,NO,0,NO,0,NO,0,NO,0,NO,0,NO,0,NO
NCT07170969,1,1,cognition_decision_capacity,1,EXCLUSION_OR_RESTRICTION,1,YES,0,NO,0,NO,0,NO,0,NO,0,NO,0,NO,0,NO
NCT07171138,0,0,,0,,0,NO,0,NO,0,NO,0,NO,0,NO,0,NO,0,NO,0,NO
NCT07172893,1,1,life_expectancy_advanced_illness,1,INDETERMINATE_DIRECTION,0,NO,0,NO,0,NO,0,NO,0,NO,0,NO,0,NO,1,YES
NCT07193849,0,0,,0,,0,NO,0,NO,0,NO,0,NO,0,NO,0,NO,0,NO,0,NO
NCT07203937,2,2,cognition_decision_capacity|mobility_adl_function,2,INTERVENTION_OR_CARE_ADAPTATION|MULTIPLE_FUNCTIONS,0,NO,0,NO,0,NO,0,NO,1,YES,0,NO,1,YES,0,NO
NCT07204184,2,2,cognition_decision_capacity|mobility_adl_function,2,INDETERMINATE_DIRECTION|INTERVENTION_OR_CARE_ADAPTATION,0,NO,0,NO,0,NO,0,NO,1,YES,0,NO,0,NO,1,YES
NCT07211243,0,0,,0,,0,NO,0,NO,0,NO,0,NO,0,NO,0,NO,0,NO,0,NO
NCT07212608,1,1,mobility_adl_function,1,INCLUSION_OR_ACCOMMODATION,0,NO,1,YES,0,NO,0,NO,0,NO,0,NO,0,NO,0,NO
NCT07213739,1,1,mobility_adl_function,1,INTERVENTION_OR_CARE_ADAPTATION,0,NO,0,NO,0,NO,0,NO,1,YES,0,NO,0,NO,0,NO
NCT07218107,1,1,mobility_adl_function,1,INCLUSION_OR_ACCOMMODATION,0,NO,1,YES,0,NO,0,NO,0,NO,0,NO,0,NO,0,NO
NCT07219329,1,1,cognition_decision_capacity,1,EXCLUSION_OR_RESTRICTION,1,YES,0,NO,0,NO,0,NO,0,NO,0,NO,0,NO,0,NO
NCT07220733,1,1,cognition_decision_capacity,1,CONTEXTUAL_DESCRIPTION,0,NO,0,NO,0,NO,0,NO,0,NO,1,YES,0,NO,0,NO
NCT07222033,2,2,cognition_decision_capacity|mobility_adl_function,2,EXCLUSION_OR_RESTRICTION|INTERVENTION_OR_CARE_ADAPTATION,1,YES,0,NO,0,NO,0,NO,1,YES,0,NO,0,NO,0,NO
NCT07223892,1,1,life_expectancy_advanced_illness,1,EXCLUSION_OR_RESTRICTION,1,YES,0,NO,0,NO,0,NO,0,NO,0,NO,0,NO,0,NO
NCT07227181,0,0,,0,,0,NO,0,NO,0,NO,0,NO,0,NO,0,NO,0,NO,0,NO
NCT07230340,2,2,life_expectancy_advanced_illness|nutrition_malnutrition,2,BASELINE_MEASUREMENT_OR_STRATIFICATION|EXCLUSION_OR_RESTRICTION,1,YES,0,NO,1,YES,0,NO,0,NO,0,NO,0,NO,0,NO
NCT07240649,0,0,,0,,0,NO,0,NO,0,NO,0,NO,0,NO,0,NO,0,NO,0,NO
NCT07251426,0,0,,0,,0,NO,0,NO,0,NO,0,NO,0,NO,0,NO,0,NO,0,NO
NCT07255937,0,0,,0,,0,NO,0,NO,0,NO,0,NO,0,NO,0,NO,0,NO,0,NO
NCT07268482,0,0,,0,,0,NO,0,NO,0,NO,0,NO,0,NO,0,NO,0,NO,0,NO
NCT07281638,4,4,care_setting_caregiver|cognition_decision_capacity|mobility_adl_function|proxy_consent_pathway,3,BASELINE_MEASUREMENT_OR_STRATIFICATION|CONSENT_OR_PROXY_SUPPORT|CONTEXTUAL_DESCRIPTION,0,NO,0,NO,2,YES,1,YES,0,NO,1,YES,0,NO,0,NO
NCT07287254,0,0,,0,,0,NO,0,NO,0,NO,0,NO,0,NO,0,NO,0,NO,0,NO
NCT07299799,0,0,,0,,0,NO,0,NO,0,NO,0,NO,0,NO,0,NO,0,NO,0,NO
NCT07307885,0,0,,0,,0,NO,0,NO,0,NO,0,NO,0,NO,0,NO,0,NO,0,NO
NCT07310160,1,1,mobility_adl_function,1,INTERVENTION_OR_CARE_ADAPTATION,0,NO,0,NO,0,NO,0,NO,1,YES,0,NO,0,NO,0,NO
NCT07312513,1,1,cognition_decision_capacity,1,EXCLUSION_OR_RESTRICTION,1,YES,0,NO,0,NO,0,NO,0,NO,0,NO,0,NO,0,NO
NCT07313046,2,2,mobility_adl_function|nutrition_malnutrition,1,CONTEXTUAL_DESCRIPTION,0,NO,0,NO,0,NO,0,NO,0,NO,2,YES,0,NO,0,NO
